theme,nom_event,adresse,ville,cp,dep,adresse_complete,date_d,date_f,url_event,url_image,age,prix,keyword,desc
Marchés,Marché de la semaine,La Halle (près du stade de football) rue de la mairie 01630 Challex,CHALLEX,01630,01,La Halle (près du stade de football) rue de la mairie 01630 Challex 01630 CHALLEX,2026-07-21,2026-07-21,,,,,,
Marchés,Marché alimentaire et vestimentaire mercredi de chaque semaine,place du Champ de Mars et place Jules Ferry,AMBERIEU-EN-BUGEY,01500,01,place du Champ de Mars et place Jules Ferry 01500 AMBERIEU-EN-BUGEY,2026-07-22,2026-07-22,,,,,,
Marchés,Foirail de la Chambière,Foirail de la Chambière 200 rue de Montbéliarde Foirail 01000 Saint-Denis-lès-Bourg,SAINT-DENIS-LES-BOURG,01000,01,Foirail de la Chambière 200 rue de Montbéliarde Foirail 01000 Saint-Denis-lès-Bourg 01000 SAINT-DENIS-LES-BOURG,2026-07-21,2026-07-21,,,,,,
Marchés,Marché du mercredi matin,"Centre-ville, marché couvert et champ de foire 1000 Bourg-en-Bresse",BOURG-EN-BRESSE,01000,01,"Centre-ville, marché couvert et champ de foire 1000 Bourg-en-Bresse 01000 BOURG-EN-BRESSE",2026-07-22,2026-07-22,,,,,,
Marchés,Marché Hebdomadaire mercredi de chaque semaine,Place Marcel Bonnet,AMBERIEUX-EN-DOMBES,01330,01,Place Marcel Bonnet 01330 AMBERIEUX-EN-DOMBES,2026-07-22,2026-07-22,,,,,,
Marchés,Marché hebdomadaire le mercredi matin,Place lieutenant Giraud 01800 Meximieux,MEXIMIEUX,01800,01,Place lieutenant Giraud 01800 Meximieux 01800 MEXIMIEUX,2026-07-22,2026-07-22,,,,,,
Marchés de Producteurs,MARCHÉ MESSIMY SUR SAÔNE,Sous la Halle 01480 Messimy sur Saône,MESSIMY-SUR-SAONE,01480,01,Sous la Halle 01480 Messimy sur Saône 01480 MESSIMY-SUR-SAONE,2026-07-23,2026-07-23,,,,,,
Marchés,Marché hebdomadaire,Place de la Mairie 01370 Meillonnas,MEILLONNAS,01370,01,Place de la Mairie 01370 Meillonnas 01370 MEILLONNAS,2026-07-22,2026-07-22,,,,,,
Marchés,Marché tous les mercredis matins,parking Clertan,CHATILLON-EN-MICHAILLE,01200,01,parking Clertan 01200 CHATILLON-EN-MICHAILLE,2026-07-22,2026-07-22,,,,,,
Marchés,marché hebdomadaire,place du marché à Miribel,MIRIBEL,01700,01,place du marché à Miribel 01700 MIRIBEL,2026-07-23,2026-07-23,,,,,,
Marchés,Marché Hebdomadaire jeudi de chaque semaine,place Brillat Savarin,CHAMPAGNE-EN-VALROMEY,01260,01,place Brillat Savarin 01260 CHAMPAGNE-EN-VALROMEY,2026-07-23,2026-07-23,,,,,,
Marchés,Marché tous les jeudis matins,place Carnot,BELLEGARDE-SUR-VALSERINE,01200,01,place Carnot 01200 BELLEGARDE-SUR-VALSERINE,2026-07-23,2026-07-23,,,,,,
Marchés,Marché hebdomadaire,Marché hebdomadaire Place de la mairie place et préau à côté de la salle des fêtes (derrière l'Eglise) 1480 Villeneuve,VILLENEUVE,01480,01,Marché hebdomadaire Place de la mairie place et préau à côté de la salle des fêtes (derrière l'Eglise) 1480 Villeneuve 01480 VILLENEUVE,2026-07-23,2026-07-23,,,,,,
Marchés,Le marché du dimanche,,MONTMERLE-SUR-SAONE,01090,01, 01090 MONTMERLE-SUR-SAONE,2026-07-23,2026-07-23,,,,,,
Marchés,Marché mixte,place du Marché,VONNAS,01540,01,place du Marché 01540 VONNAS,2026-07-23,2026-07-23,,,,,,
Marchés,Marché alimentaire vendredi de chaque semaine,"quartier gare, devant la gare sncf",AMBERIEU-EN-BUGEY,01500,01,"quartier gare, devant la gare sncf 01500 AMBERIEU-EN-BUGEY",2026-07-24,2026-07-24,,,,,,
Marchés,Marché jeudi matin,,OYONNAX,01100,01, 01100 OYONNAX,2026-07-23,2026-07-23,,,,,,
Marchés bio,Marché Bio vendredi de chaque semaine,place du village,AMBERIEU-EN-BUGEY,01500,01,place du village 01500 AMBERIEU-EN-BUGEY,2026-07-24,2026-07-24,,,,,,
Marchés de Producteurs,Marché de producteurs du vendredi,"Parking du Mas Roux 40 Rue du Midi, 01700 Beynost",BEYNOST,01700,01,"Parking du Mas Roux 40 Rue du Midi, 01700 Beynost 01700 BEYNOST",2026-07-24,2026-07-24,,,,,,
Marchés,Marché Hebdomadaire vendredi de chaque semaine,place de la Mairie,ARBENT,01100,01,place de la Mairie 01100 ARBENT,2026-07-24,2026-07-24,,,,,,
Marchés,Marché tous les vendredis matins,place de la Stèle,ARTEMARE,01510,01,place de la Stèle 01510 ARTEMARE,2026-07-24,2026-07-24,,,,,,
Marchés,Marché Hebdomadaire vendredi de chaque semaine,parking de la salle polyvalente,AMBRONAY,01500,01,parking de la salle polyvalente 01500 AMBRONAY,2026-07-24,2026-07-24,,,,,,
Marchés,Marché Hebdomadaire vendredi de chaque semaine,place Freihalden,ARS-SUR-FORMANS,01480,01,place Freihalden 01480 ARS-SUR-FORMANS,2026-07-24,2026-07-24,,,,,,
Marchés,Marché Hebdomadaire vendredi de chaque semaine,place Allombert,CERDON,01450,01,place Allombert 01450 CERDON,2026-07-24,2026-07-24,,,,,,
Marchés,Marché hebdomadaire vendredi,centre,CHALAMONT,01320,01,centre 01320 CHALAMONT,2026-07-24,2026-07-24,,,,,,
Marchés,Corveissiat fait son marché,Place Charles Blétel,CORVEISSIAT,01250,01,Place Charles Blétel 01250 CORVEISSIAT,2026-07-24,2026-07-24,,,,,,
Marchés,Marché,Esplanade de la Mairie 01120 Dagneux,DAGNEUX,01120,01,Esplanade de la Mairie 01120 Dagneux 01120 DAGNEUX,2026-07-24,2026-07-24,,,,,,
Marchés,Marché hebdomadaire,,CESSY,01170,01, 01170 CESSY,2026-07-24,2026-07-24,,,,,,
Marchés,Marché hebdomadaire VENDREDI MATIN,Place Merlino,FAREINS,01480,01,Place Merlino 01480 FAREINS,2026-07-24,2026-07-24,,,,,,
Annonces cyclistes et cyclosportives,NOCTURNE SAINT TRIVIER DE COURTES,SAINT TRIVIER DE COURTES,SAINT-TRIVIER-DE-COURTES,01560,01,SAINT TRIVIER DE COURTES 01560 SAINT-TRIVIER-DE-COURTES,2026-07-24,2026-07-24,,,,,,
Manifestations Automobiles,Courses de Stock Car à Anglefort,Anglefort,ANGLEFORT,01350,01,Anglefort 01350 ANGLEFORT,2026-07-25,2026-07-25,,,,,,
Fêtes médiévales,Son et lumières La révolte du phénix,,TREVOUX,01600,01, 01600 TREVOUX,2026-07-24,2026-07-26,,,,,,
Fêtes locales,Fête Patronale,Village 01100 Bellignat,BELLIGNAT,01100,01,Village 01100 Bellignat 01100 BELLIGNAT,2026-07-25,2026-07-25,,,,,,
Fêtes foraines,Vogue,Place du marché,MEZERIAT,01660,01,Place du marché 01660 MEZERIAT,2026-07-25,2026-07-25,,,,,,
Marchés,Marché du samedi matin,Marché couvert + Champ de Foire 1000 Bourg-en-Bresse,BOURG-EN-BRESSE,01000,01,Marché couvert + Champ de Foire 1000 Bourg-en-Bresse 01000 BOURG-EN-BRESSE,2026-07-25,2026-07-25,,,,,,
Marchés,Déballage les vendredis matin,place de la Liberté,LAGNIEU,01150,01,place de la Liberté 01150 LAGNIEU,2026-07-24,2026-07-24,,,,,,
Marchés,marché hebdomadaire,Place du Jura Versonnex,VERSONNEX,01210,01,Place du Jura Versonnex 01210 VERSONNEX,2026-07-24,2026-07-24,,,,,,
Marchés,Marché alimentaire samedi de chaque semaine,place du Champ de Mars,AMBERIEU-EN-BUGEY,01500,01,place du Champ de Mars 01500 AMBERIEU-EN-BUGEY,2026-07-25,2026-07-25,,,,,,
Marchés,Marché Hebdomadaire,Place des halles,CHATILLON-SUR-CHALARONNE,01400,01,Place des halles 01400 CHATILLON-SUR-CHALARONNE,2026-07-25,2026-07-25,,,,,,
Marchés,Foire & marchés de Belley,"centre-ville, 01300 Belley, Ain, Auvergne-Rhône-Alpes",BELLEY,01300,01,"centre-ville, 01300 Belley, Ain, Auvergne-Rhône-Alpes 01300 BELLEY",2026-07-25,2026-07-25,,,,,,
Marchés,Le Marché,rue des Terreaux et rue Ernest Zégut Gex - 01170,GEX,01170,01,rue des Terreaux et rue Ernest Zégut Gex - 01170 01170 GEX,2026-07-25,2026-07-25,,,,,,
Marchés,Marché Hebdomadaire samedi de chaque semaine,Place du village – route de Lyon,CIVRIEUX,01390,01,Place du village – route de Lyon 01390 CIVRIEUX,2026-07-25,2026-07-25,,,,,,
Brocantes,BROC'ATTRAPE-TOUT Samedi,QUARTIER DE LA BAUDINIERE SAINT BENOIT,SAINT-BENOIT,01300,01,QUARTIER DE LA BAUDINIERE SAINT BENOIT 01300 SAINT-BENOIT,2026-07-25,2026-07-25,,,,,,
Festivals,Festival de musique,,MONTMERLE-SUR-SAONE,01090,01, 01090 MONTMERLE-SUR-SAONE,2026-07-25,2026-07-25,,,,,,
Marchés,MARCHÉ FORAIN HEBDOMADAIRE,Saint-Denis-lès-Bourg,SAINT-DENIS-LES-BOURG,01000,01,Saint-Denis-lès-Bourg 01000 SAINT-DENIS-LES-BOURG,2026-07-25,2026-07-25,,,,,,
Marchés,Le marché forain,"Place de la Terrasse 01600 Trévoux, Ain, Auvergne-Rhône-Alpes",TREVOUX,01600,01,"Place de la Terrasse 01600 Trévoux, Ain, Auvergne-Rhône-Alpes 01600 TREVOUX",2026-07-25,2026-07-25,,,,,,
Marchés,Marché samedi matin,,OYONNAX,01100,01, 01100 OYONNAX,2026-07-25,2026-07-25,,,,,,
Marchés,Marché des Vennes,Rue principale 1000 Bourg-en-Bresse,BOURG-EN-BRESSE,01000,01,Rue principale 1000 Bourg-en-Bresse 01000 BOURG-EN-BRESSE,2026-07-26,2026-07-26,,,,,,
Vide-greniers,Brocante - vide grenier de Belley,parking de l'Intégral à Belley,BELLEY,01300,01,parking de l'Intégral à Belley 01300 BELLEY,2026-07-26,2026-07-26,,,,,,
Marchés,Marché tous les dimanches matins à La Valbonne,La Valbonne,BELIGNEUX,01360,01,La Valbonne 01360 BELIGNEUX,2026-07-26,2026-07-26,,,,,,
Marchés aux puces,Marché aux puces,Moulin de charix bordure de la national 1084 face a la station avia du garage Peugeot à Charix,CHARIX,01130,01,Moulin de charix bordure de la national 1084 face a la station avia du garage Peugeot à Charix 01130 CHARIX,2026-07-26,2026-07-26,,,,,,
Marchés,Marché Hauteville-Lompnes,Place du Dr Rougy à Hauteville-Lompnes,HAUTEVILLE-LOMPNES,01110,01,Place du Dr Rougy à Hauteville-Lompnes 01110 HAUTEVILLE-LOMPNES,2026-07-26,2026-07-26,,,,,,
Brocantes,BROC'ATTRAPE-TOUT Dimanche,QUARTIER DE LA BAUDINIERE SAINT BENOIT,SAINT-BENOIT,01300,01,QUARTIER DE LA BAUDINIERE SAINT BENOIT 01300 SAINT-BENOIT,2026-07-26,2026-07-26,,,,,,
Marchés,Marché hebdomadaire du dimanche,"Parking du Mas Roux 40 Rue du Midi, 01700 Beynost",BEYNOST,01700,01,"Parking du Mas Roux 40 Rue du Midi, 01700 Beynost 01700 BEYNOST",2026-07-26,2026-07-26,,,,,,
Marchés de Producteurs,Petit marché de producteurs de St Etienne du Bois,Petit marché de producteurs de St Etienne du Bois Place de la Halle 1370 Saint-Étienne-du-Bois,SAINT-ETIENNE-DU-BOIS,01370,01,Petit marché de producteurs de St Etienne du Bois Place de la Halle 1370 Saint-Étienne-du-Bois 01370 SAINT-ETIENNE-DU-BOIS,2026-07-26,2026-07-26,,,,,,
Messes,Messe dominicale,"place de blonay 01800 MEXIMIEUX, France",MEXIMIEUX,01800,01,"place de blonay 01800 MEXIMIEUX, France 01800 MEXIMIEUX",2026-07-26,2026-07-26,,,,,,
Marchés,Le marché du jeudi,,MONTMERLE-SUR-SAONE,01090,01, 01090 MONTMERLE-SUR-SAONE,2026-07-26,2026-07-26,,,,,,
Marchés de Producteurs,MARCHÉ DE PRODUCTEURS LOCAUX,place de la République Saint-Laurent-sur-Saône,SAINT-LAURENT-SUR-SAONE,01620,01,place de la République Saint-Laurent-sur-Saône 01620 SAINT-LAURENT-SUR-SAONE,2026-07-26,2026-07-26,,,,,,
Festivals,Nomade reggae festival - pass 4 jours,,ANGLEFORT,01350,01, 01350 ANGLEFORT,2026-07-30,2026-07-30,,,,,,
Marchés,marché,Grande rue Saint-Trivier-de-Courtes,SAINT-TRIVIER-DE-COURTES,01560,01,Grande rue Saint-Trivier-de-Courtes 01560 SAINT-TRIVIER-DE-COURTES,2026-07-26,2026-07-26,,,,,,
Festivals,Nomade reggae festival - 1 jour,,ANGLEFORT,01350,01, 01350 ANGLEFORT,2026-07-30,2026-07-30,,,,,,
Vide-greniers,Vide greniers du 1er mai,SAINT-SORLIN-EN-BUGEY,SAINT-SORLIN-EN-BUGEY,01150,01,SAINT-SORLIN-EN-BUGEY 01150 SAINT-SORLIN-EN-BUGEY,2026-08-01,2026-08-01,,,,,,
Brocantes,"Brocante, antiquité, collection, foire au livre, cd et vinyle","Espace Perdtemps (vers l'église, derrière la poste)",DIVONNE-LES-BAINS,01220,01,"Espace Perdtemps (vers l'église, derrière la poste) 01220 DIVONNE-LES-BAINS",2026-08-02,2026-08-02,,,,,,
Fêtes médiévales,LES MEDIEVALES,,VILLEBOIS,01150,01, 01150 VILLEBOIS,2026-07-31,2026-08-09,,,,,,
Marchés,Le marché de Sainte -Croix,"sous la halle 01120 Sainte-Croix, Ain, Auvergne-Rhône-Alpes",SAINTE-CROIX,01120,01,"sous la halle 01120 Sainte-Croix, Ain, Auvergne-Rhône-Alpes 01120 SAINTE-CROIX",2026-08-02,2026-08-02,,,,,,
Manifestations Automobiles,RV Mensuel autos anciennes BRENS,Parking du Café de Brens 01300,BRENS,01300,01,Parking du Café de Brens 01300 01300 BRENS,2026-08-02,2026-08-02,,,,,,
Brocantes,Broc'en Bresse,Halle du champ de foire,BOURG-EN-BRESSE,01000,01,Halle du champ de foire 01000 BOURG-EN-BRESSE,2026-08-03,2026-08-03,,,,,,
Manifestations Automobiles,Rendez vous belles anciennes,Treffort,TREFFORT-CUISIAT,01370,01,Treffort 01370 TREFFORT-CUISIAT,2026-08-03,2026-08-03,,,,,,
Bourses,Bourse numismatique et cartophile,Salle de l'Harmonie 31 route de Vouvray Bellegarde-sur-Valserine,BELLEGARDE-SUR-VALSERINE,01200,01,Salle de l'Harmonie 31 route de Vouvray Bellegarde-sur-Valserine 01200 BELLEGARDE-SUR-VALSERINE,2026-08-03,2026-08-03,,,,,,
Vide-greniers,Vide greniers annuel,stade de la Varna en face des étangs,CURCIAT-DONGALON,01560,01,stade de la Varna en face des étangs 01560 CURCIAT-DONGALON,2026-08-02,2026-08-02,,,,,,
Brocantes,Marché aux livres – CD – DVD – BD – Revues,Place Carriat,BOURG-EN-BRESSE,01000,01,Place Carriat 01000 BOURG-EN-BRESSE,2026-08-02,2026-08-02,,,,,,
Marchés de créateurs,Marché de la création,Allée de la Passerelle,TREVOUX,01600,01,Allée de la Passerelle 01600 TREVOUX,2026-08-03,2026-08-03,,,,,,
Foires,Foire mensuelle,,OYONNAX,01100,01, 01100 OYONNAX,2026-08-04,2026-08-04,,,,,,
Vide-greniers,"vide-greniers mensuel, antiquités, collections,bouquins.","chemin de chenouche, monter encore 200 m après l'églised'Izieu au coeur du village",IZIEU,01300,01,"chemin de chenouche, monter encore 200 m après l'églised'Izieu au coeur du village 01300 IZIEU",2026-08-03,2026-08-03,,,,,,
Foires,Foire Bressane à l'Ancienne,Coligny,COLIGNY,01270,01,Coligny 01270 COLIGNY,2026-08-04,2026-08-04,,,,,,
Fêtes locales,Feu d'artifice et fête patronale,01570 Feillens,FEILLENS,01570,01,01570 Feillens 01570 FEILLENS,2026-08-15,2026-08-15,,,,,,
Fêtes locales,Fête de l'assomption,,CHALAMONT,01320,01, 01320 CHALAMONT,2026-08-15,2026-08-15,,,,,,
Marchés aux puces,Puces de Roissiat 15 Aout,Hameau de Roissiat 01370 Courmangoux,COURMANGOUX,01370,01,Hameau de Roissiat 01370 Courmangoux 01370 COURMANGOUX,2026-08-15,2026-08-15,,,,,,
Vide-greniers,Vide-greniers et marché aux puces,,LAVOURS,01350,01, 01350 LAVOURS,2026-08-15,2026-08-15,,,,,,
Feux d'artifice,Feu d'artifice,Reyssouze,REYSSOUZE,01190,01,Reyssouze 01190 REYSSOUZE,2026-08-14,2026-08-14,,,,,,
Feux d'artifice,Feu d'artifice 15 aout,Cormoz,CORMOZ,01560,01,Cormoz 01560 CORMOZ,2026-08-15,2026-08-15,,,,,,
Fêtes locales,Vogue du 15 août à Lhuis,Village 01680,LHUIS,01680,01,Village 01680 01680 LHUIS,2026-08-15,2026-08-15,,,,,,
Vide-greniers,VIDE GRENIER &amp; MARCHÉ DE PRODUCTEURS,Esplanade d'en haut - Lélex,LELEX,01410,01,Esplanade d'en haut - Lélex 01410 LELEX,2026-08-15,2026-08-15,,,,,,
Feux d'artifice,Feu d'artifice 15 aout,Priay,PRIAY,01160,01,Priay 01160 PRIAY,2026-08-15,2026-08-15,,,,,,
Feux d'artifice,Feu d'artifice 15 aout,Rignieux-le-Franc,RIGNIEUX-LE-FRANC,01800,01,Rignieux-le-Franc 01800 RIGNIEUX-LE-FRANC,2026-08-15,2026-08-15,,,,,,
Feux d'artifice,Fête patronale vogue,Outriaz,OUTRIAZ,01430,01,Outriaz 01430 OUTRIAZ,2026-08-15,2026-08-15,,,,,,
Feux d'artifice,Feu d'artifice 15 aout,Treffort-Cuisiat,TREFFORT-CUISIAT,01370,01,Treffort-Cuisiat 01370 TREFFORT-CUISIAT,2026-08-15,2026-08-15,,,,,,
Vide-greniers,Vide-greniers,70 Route de chalon,SAINT-TRIVIER-DE-COURTES,01560,01,70 Route de chalon 01560 SAINT-TRIVIER-DE-COURTES,2026-08-15,2026-08-15,,,,,,
Fêtes locales,Fête Patronale : repas moules frites,Place de la Mairie,SAINT-JULIEN-SUR-REYSSOUZE,01560,01,Place de la Mairie 01560 SAINT-JULIEN-SUR-REYSSOUZE,2026-08-15,2026-08-15,,,,,,
Messes,Fête du 15 aout Assomption,Notre-Dame de l'Assomption 1110 Thezillieu,THEZILLIEU,01110,01,Notre-Dame de l'Assomption 1110 Thezillieu 01110 THEZILLIEU,2026-08-15,2026-08-15,,,,,,
"Randonnées, Trail ou Running","COURSE PÉDESTRE ""LA MIOU""",Centre du village - Treffort-Cuisiat,TREFFORT-CUISIAT,01370,01,Centre du village - Treffort-Cuisiat 01370 TREFFORT-CUISIAT,2026-08-15,2026-08-15,,,,,,
Concerts,CALOGERO,,VILLARS-LES-DOMBES,01330,01, 01330 VILLARS-LES-DOMBES,2026-08-29,2026-08-29,,,,,,
Fêtes locales,Fete communale,Villeneuve,VILLENEUVE,01480,01,Villeneuve 01480 VILLENEUVE,2026-08-16,2026-08-16,,,,,,
Vide-greniers,BOURSE MILITARIA,,BOURG-EN-BRESSE,01000,01, 01000 BOURG-EN-BRESSE,2026-08-16,2026-08-16,,,,,,
Feux d'artifice,Feu d'Artifice de Val-Revermont,Treffort - Cuisiat 01370 Val-Revermont,TREFFORT-CUISIAT,01370,01,Treffort - Cuisiat 01370 Val-Revermont 01370 TREFFORT-CUISIAT,2026-08-15,2026-08-15,,,,,,
Brocantes,Vide grenier Ars en Fête,,ARS-SUR-FORMANS,01480,01, 01480 ARS-SUR-FORMANS,2026-08-30,2026-08-30,,,,,,
Concerts,HELENA,,VILLARS-LES-DOMBES,01330,01, 01330 VILLARS-LES-DOMBES,2026-08-30,2026-08-30,,,,,,
Bals Danses,Bal folk,"Salle des fêtes, Belley (01) Place des Terreaux<br /><br />Salle des fêtes, 01300 Belley, France",BELLEY,01300,01,"Salle des fêtes, Belley (01) Place des Terreaux<br /><br />Salle des fêtes, 01300 Belley, France 01300 BELLEY",2026-08-29,2026-08-29,,,,,,
Brocantes,Broc Land Geek Bourg-en-Bresse 2026,,BOURG-EN-BRESSE,01000,01, 01000 BOURG-EN-BRESSE,2026-08-23,2026-08-23,,,,,,
Festivals,Les ogres de barback & la rue ketanou,,VILLARS-LES-DOMBES,01330,01, 01330 VILLARS-LES-DOMBES,2026-08-31,2026-08-31,,,,,,
Festivals,Helena,,VILLARS-LES-DOMBES,01330,01, 01330 VILLARS-LES-DOMBES,2026-08-30,2026-08-30,,,,,,
Festivals,Jeanne cherhal - bertrand belin,,VILLARS-LES-DOMBES,01330,01, 01330 VILLARS-LES-DOMBES,2026-09-01,2026-09-01,,,,,,
Concerts,JEANNE CHERHAL - BERTRAND BELIN,,VILLARS-LES-DOMBES,01330,01, 01330 VILLARS-LES-DOMBES,2026-09-01,2026-09-01,,,,,,
Concerts,JULIEN CLERC,,VILLARS-LES-DOMBES,01330,01, 01330 VILLARS-LES-DOMBES,2026-09-02,2026-09-02,,,,,,
Concerts,LES OGRES DE BARBACK &amp; LA RUE KETANOU,,VILLARS-LES-DOMBES,01330,01, 01330 VILLARS-LES-DOMBES,2026-08-31,2026-08-31,,,,,,
Concerts,Julien clerc,,VILLARS-LES-DOMBES,01330,01, 01330 VILLARS-LES-DOMBES,2026-09-02,2026-09-02,,,,,,
Concerts,SUPERBUS,,VILLARS-LES-DOMBES,01330,01, 01330 VILLARS-LES-DOMBES,2026-09-04,2026-09-04,,,,,,
Concerts,Superbus,,VILLARS-LES-DOMBES,01330,01, 01330 VILLARS-LES-DOMBES,2026-09-04,2026-09-04,,,,,,
Festivals,Benjamin biolay,,VILLARS-LES-DOMBES,01330,01, 01330 VILLARS-LES-DOMBES,2026-09-03,2026-09-03,,,,,,
Concerts,BENJAMIN BIOLAY,,VILLARS-LES-DOMBES,01330,01, 01330 VILLARS-LES-DOMBES,2026-09-03,2026-09-03,,,,,,
Foires,Foire aux Chevaux,,MONTMERLE-SUR-SAONE,01090,01, 01090 MONTMERLE-SUR-SAONE,2026-09-05,2026-09-05,,,,,,
"Randonnées, Trail ou Running",O'xyrace Cross Triathlon de Val-Revermont,O'xyrace Cross Triathlon de Val-Revermont Base de loisirs de la Grange du Pin Cuisiat 1370 Val-Revermont,TREFFORT-CUISIAT,01370,01,O'xyrace Cross Triathlon de Val-Revermont Base de loisirs de la Grange du Pin Cuisiat 1370 Val-Revermont 01370 TREFFORT-CUISIAT,2026-09-05,2026-09-05,,,,,,
Concerts,MATMATAH &amp; THE FUZZY BRASS FOUR,,VILLARS-LES-DOMBES,01330,01, 01330 VILLARS-LES-DOMBES,2026-09-05,2026-09-05,,,,,,
Concerts,Matmatah & the fuzzy brass four,,VILLARS-LES-DOMBES,01330,01, 01330 VILLARS-LES-DOMBES,2026-09-05,2026-09-05,,,,,,
Brocantes,Brocante de la classe 73,bas port de Trévoux,TREVOUX,01600,01,bas port de Trévoux 01600 TREVOUX,2026-09-06,2026-09-06,,,,,,
Concerts,MATT POKORA,,VILLARS-LES-DOMBES,01330,01, 01330 VILLARS-LES-DOMBES,2026-09-06,2026-09-06,,,,,,
"Randonnées, Trail ou Running",Montée de la Combe au noir,01100 BELLIGNAT,BELLIGNAT,01100,01,01100 BELLIGNAT 01100 BELLIGNAT,2026-09-06,2026-09-06,,,,,,
Vide-greniers,Farfouille,POLLIAT,POLLIAT,01310,01,POLLIAT 01310 POLLIAT,2026-09-06,2026-09-06,,,,,,
Concerts,Matt pokora,,VILLARS-LES-DOMBES,01330,01, 01330 VILLARS-LES-DOMBES,2026-09-06,2026-09-06,,,,,,
Fêtes locales,Fete Notre-Dame,Villeneuve,VILLENEUVE,01480,01,Villeneuve 01480 VILLENEUVE,2026-09-06,2026-09-06,,,,,,
Concerts,CLAUDIO CAPEO,,VILLARS-LES-DOMBES,01330,01, 01330 VILLARS-LES-DOMBES,2026-09-11,2026-09-11,,,,,,
Concerts,FEU! CHATTERTON,,VILLARS-LES-DOMBES,01330,01, 01330 VILLARS-LES-DOMBES,2026-09-09,2026-09-09,,,,,,
Festivals,Imany,,VILLARS-LES-DOMBES,01330,01, 01330 VILLARS-LES-DOMBES,2026-09-08,2026-09-08,,,,,,
Festivals,Claudio capeo,,VILLARS-LES-DOMBES,01330,01, 01330 VILLARS-LES-DOMBES,2026-09-11,2026-09-11,,,,,,
Festivals,Feu! chatterton,,VILLARS-LES-DOMBES,01330,01, 01330 VILLARS-LES-DOMBES,2026-09-09,2026-09-09,,,,,,
Concerts,IMANY,,VILLARS-LES-DOMBES,01330,01, 01330 VILLARS-LES-DOMBES,2026-09-08,2026-09-08,,,,,,
Marchés de Producteurs,Le marché aux plantes rares,jardin municipal du clos Janin Châtillon-sur-Chalaronne - 01400,CHATILLON-SUR-CHALARONNE,01400,01,jardin municipal du clos Janin Châtillon-sur-Chalaronne - 01400 01400 CHATILLON-SUR-CHALARONNE,2026-09-12,2026-09-12,,,,,,
Concerts,BEN MAZUE,,VILLARS-LES-DOMBES,01330,01, 01330 VILLARS-LES-DOMBES,2026-09-12,2026-09-12,,,,,,
Festivals,Ben mazue,,VILLARS-LES-DOMBES,01330,01, 01330 VILLARS-LES-DOMBES,2026-09-12,2026-09-12,,,,,,
Concerts,STEPHAN EICHER,,VILLARS-LES-DOMBES,01330,01, 01330 VILLARS-LES-DOMBES,2026-09-13,2026-09-13,,,,,,
Festivals,Stephan eicher,,VILLARS-LES-DOMBES,01330,01, 01330 VILLARS-LES-DOMBES,2026-09-13,2026-09-13,,,,,,
Journées du patrimoine,Visite commentée du Moulin Neuf,"Moulin neuf 148, chemin de la rivière, 01480 Messimy-sur-Saône",MESSIMY-SUR-SAONE,01480,01,"Moulin neuf 148, chemin de la rivière, 01480 Messimy-sur-Saône 01480 MESSIMY-SUR-SAONE",2026-09-19,2026-09-19,,,,,,
Vide-greniers,FARFOUILLE DU PLATEAU,avenue J.Jaures et avenue A.Baudin,BOURG-EN-BRESSE,01000,01,avenue J.Jaures et avenue A.Baudin 01000 BOURG-EN-BRESSE,2026-09-13,2026-09-13,,,,,,
Fêtes locales,Fête de l'eau,Parc de l'Oyonnalithe Impasse du Moulin Carré 1100 Oyonnax,OYONNAX,01100,01,Parc de l'Oyonnalithe Impasse du Moulin Carré 1100 Oyonnax 01100 OYONNAX,2026-09-13,2026-09-13,,,,,,
Brocantes,Brocante vide grenier à Sainte-Euphémie 01,,SAINTE-EUPHEMIE,01600,01, 01600 SAINTE-EUPHEMIE,2026-09-20,2026-09-20,,,,,,
Marchés de potiers,MARCHÉ DES POTIERS,Grand'Rue &amp; Place de la Comédie 01210 Ferney-Voltaire,FERNEY-VOLTAIRE,01210,01,Grand'Rue &amp; Place de la Comédie 01210 Ferney-Voltaire 01210 FERNEY-VOLTAIRE,2026-09-19,2026-09-19,,,,,,
Festivals,Festival Tôt ou T'Arts - Week-end EVENEMENT,,GEX,01170,01, 01170 GEX,2026-09-19,2026-09-20,,,,,,
Fêtes locales,Fête Patronale,Attignat,ATTIGNAT,01340,01,Attignat 01340 ATTIGNAT,2026-09-26,2026-09-26,,,,,,
Journées du patrimoine,Manoir de Malmont,"Malmont, Curciat-Dongalon (01) 115 route de Malmont 01560 Curciat-Dongalon",CURCIAT-DONGALON,01560,01,"Malmont, Curciat-Dongalon (01) 115 route de Malmont 01560 Curciat-Dongalon 01560 CURCIAT-DONGALON",2026-09-19,2026-09-20,,,,,,
Concerts,"Mania, the abba tribute",,BOURG-EN-BRESSE,01000,01, 01000 BOURG-EN-BRESSE,2026-09-26,2026-09-26,,,,,,
Théatres,Elles pardonnent mais n'oublient jamais,,BOURG-EN-BRESSE,01000,01, 01000 BOURG-EN-BRESSE,2026-09-26,2026-09-26,,,,,,
Brocantes,"Bourse, brocante, vide-greniers",Centre ville 01480 Messimy sur Saône,MESSIMY-SUR-SAONE,01480,01,Centre ville 01480 Messimy sur Saône 01480 MESSIMY-SUR-SAONE,2026-09-27,2026-09-27,,,,,,
Vide-greniers,vide-grenier,,COLLONGES,01550,01, 01550 COLLONGES,2026-09-27,2026-09-27,,,,,,
Humour et one (wo)man show,Jeanfi janssens,,AMBERIEU-EN-BUGEY,01500,01, 01500 AMBERIEU-EN-BUGEY,2026-10-02,2026-10-02,,,,,,
Festivals,ZAC EN SCENE / ARKANGE - TERRENOIRE,,DAGNEUX,01120,01, 01120 DAGNEUX,2026-10-02,2026-10-02,,,,,,
Salons,Salon bien être,,THOISSEY,01140,01, 01140 THOISSEY,2026-09-27,2026-09-27,,,,,,
Festivals,ZAC EN SCENE / SHUBIAO QUARTET,,DAGNEUX,01120,01, 01120 DAGNEUX,2026-10-01,2026-10-01,,,,,,
Fêtes locales,Fête du Vincuit,58 Rte de Chalon,SAINT-TRIVIER-DE-COURTES,01560,01,58 Rte de Chalon 01560 SAINT-TRIVIER-DE-COURTES,2026-10-04,2026-10-04,,,,,,
Concerts,Generation celine,,BOURG-EN-BRESSE,01000,01, 01000 BOURG-EN-BRESSE,2026-10-08,2026-10-08,,,,,,
Fêtes locales,Fête du Boudin,Espace Duchêne 01570 Manziat,MANZIAT,01570,01,Espace Duchêne 01570 Manziat 01570 MANZIAT,2026-10-03,2026-10-03,,,,,,
Festivals,ZAC EN SCÈNE / PASS 2 JOURS VENDREDI - SAMEDI,,DAGNEUX,01120,01, 01120 DAGNEUX,2026-10-02,2026-10-02,,,,,,
Humour et one (wo)man show,Meryem benoua,,AMBERIEU-EN-BUGEY,01500,01, 01500 AMBERIEU-EN-BUGEY,2026-10-10,2026-10-10,,,,,,
Festivals,ZAC EN SCENE / CAMILLE YEMBE - ZÉLIE,,DAGNEUX,01120,01, 01120 DAGNEUX,2026-10-03,2026-10-03,,,,,,
Foires,Foire d’automne,01110 Hauteville-Lompnes,HAUTEVILLE-LOMPNES,01110,01,01110 Hauteville-Lompnes 01110 HAUTEVILLE-LOMPNES,2026-10-05,2026-10-05,,,,,,
Annonces cyclistes et cyclosportives,PRIX DU BOUDIN,MANZIAT,MANZIAT,01570,01,MANZIAT 01570 MANZIAT,2026-10-04,2026-10-04,,,,,,
Foires,Foire d'automne,Châtillon centre,CHATILLON-EN-MICHAILLE,01200,01,Châtillon centre 01200 CHATILLON-EN-MICHAILLE,2026-10-04,2026-10-04,,,,,,
Concerts,Grease le concert,,JASSANS-RIOTTIER,01480,01, 01480 JASSANS-RIOTTIER,2026-10-10,2026-10-10,,,,,,
Concerts,"Grease, le concert",,JASSANS-RIOTTIER,01480,01, 01480 JASSANS-RIOTTIER,2026-10-10,2026-10-10,,,,,,
Festivals,Hashtag Festival,ainterexpo,BOURG-EN-BRESSE,01000,01,ainterexpo 01000 BOURG-EN-BRESSE,2026-10-17,2026-10-18,,,,,,
Foires,Foire de la saint martin,Thoissey 01140 France,THOISSEY,01140,01,Thoissey 01140 France 01140 THOISSEY,2026-11-01,2026-11-01,,,,,,
Concerts,Chimene badi,,SAINT-VULBAS,01150,01, 01150 SAINT-VULBAS,2026-10-30,2026-10-30,,,,,,
Concerts,Marine,,BOURG-EN-BRESSE,01000,01, 01000 BOURG-EN-BRESSE,2026-11-07,2026-11-07,,,,,,
Concerts,Brel ! le spectacle,,BELLEY,01300,01, 01300 BELLEY,2026-10-18,2026-10-18,,,,,,
Théatres,Comment draguer apres 50 ans,,BOURG-EN-BRESSE,01000,01, 01000 BOURG-EN-BRESSE,2026-11-07,2026-11-07,,,,,,
Danse,Casse-noisette - ballet et orchestre,,BOURG-EN-BRESSE,01000,01, 01000 BOURG-EN-BRESSE,2026-11-11,2026-11-11,,,,,,
Concerts,La musique du roi lion en concert,,BOURG-EN-BRESSE,01000,01, 01000 BOURG-EN-BRESSE,2026-11-04,2026-11-04,,,,,,
Concerts,The magical music of harry potter,,BOURG-EN-BRESSE,01000,01, 01000 BOURG-EN-BRESSE,2026-11-04,2026-11-04,,,,,,
Parc,Parc des oiseaux - entree 1 jour,,VILLARS-LES-DOMBES,01330,01, 01330 VILLARS-LES-DOMBES,2026-11-11,2026-11-11,,,,,,
Parc,Parc des oiseaux - pass saison,,VILLARS-LES-DOMBES,01330,01, 01330 VILLARS-LES-DOMBES,2026-11-11,2026-11-11,,,,,,
Humour et one (wo)man show,Chantal ladesou,,BELLEY,01300,01, 01300 BELLEY,2026-11-21,2026-11-21,,,,,,
Théatres,Le diner de cons,,SAINT-VULBAS,01150,01, 01150 SAINT-VULBAS,2026-11-14,2026-11-14,,,,,,
Brocantes,Traditionnelle brocante du 11 novembre,Autour du Stade de Chalamont,CHALAMONT,01320,01,Autour du Stade de Chalamont 01320 CHALAMONT,2026-11-11,2026-11-11,,,,,,
Spectacles,CHANTAL LADESOU,,BELLEY,01300,01, 01300 BELLEY,2026-11-21,2026-11-21,,,,,,
Concerts,Sam sauvage,,BELLEY,01300,01, 01300 BELLEY,2026-11-18,2026-11-18,,,,,,
Humour et one (wo)man show,Romuald maufras,,BOURG-EN-BRESSE,01000,01, 01000 BOURG-EN-BRESSE,2026-11-20,2026-11-20,,,,,,
Humour et one (wo)man show,D'jal,,BOURG-EN-BRESSE,01000,01, 01000 BOURG-EN-BRESSE,2026-11-20,2026-11-20,,,,,,
Théatres,"Ma femme, la tienne, la notre",,BOURG-EN-BRESSE,01000,01, 01000 BOURG-EN-BRESSE,2026-11-20,2026-11-20,,,,,,
Marchés de Noël,Marché de Noël solidaire – Laiz,chemin des sablonnettes,LAIZ,01290,01,chemin des sablonnettes 01290 LAIZ,2026-11-29,2026-11-29,,,,,,
Théatres,Les parents viennent de mars,,BOURG-EN-BRESSE,01000,01, 01000 BOURG-EN-BRESSE,2026-12-12,2026-12-12,,,,,,
Marchés de Noël,&#127877; Marché de Noël,Centre ville 01480 Messimy sur Saône,MESSIMY-SUR-SAONE,01480,01,Centre ville 01480 Messimy sur Saône 01480 MESSIMY-SUR-SAONE,2026-12-03,2026-12-03,,,,,,
Concerts,Laurent voulzy,,BELLEY,01300,01, 01300 BELLEY,2026-12-11,2026-12-11,,,,,,
Marchés de Noël,Marché de noël,Hauteville-Lompnes Place du Dr Rougy Salle des fêtes et Boulodrome 1110 Plateau d'Hauteville,HAUTEVILLE-LOMPNES,01110,01,Hauteville-Lompnes Place du Dr Rougy Salle des fêtes et Boulodrome 1110 Plateau d'Hauteville 01110 HAUTEVILLE-LOMPNES,2026-12-06,2026-12-06,,,,,,
Marchés de Noël,Exposition vente de Noël,Maison de quartier Place Lacharme 01570 Feillens,FEILLENS,01570,01,Maison de quartier Place Lacharme 01570 Feillens 01570 FEILLENS,2026-12-06,2026-12-06,,,,,,
Concerts,LAURENT VOULZY en concert,,BELLEY,01300,01, 01300 BELLEY,2026-12-11,2026-12-11,,,,,,
Marchés de Noël,Marché de Noël,Salle des Fêtes et Grande Rue 01560 Saint-Trivier-de-Courtes,SAINT-TRIVIER-DE-COURTES,01560,01,Salle des Fêtes et Grande Rue 01560 Saint-Trivier-de-Courtes 01560 SAINT-TRIVIER-DE-COURTES,2026-12-12,2026-12-12,,,,,,
Concerts,Benabar,,BELLEY,01300,01, 01300 BELLEY,2026-11-28,2026-11-28,,,,,,
Marchés de Noël,Marché de Noël,cité médiévale 01800 Pérouges,PEROUGES,01800,01,cité médiévale 01800 Pérouges 01800 PEROUGES,2026-12-12,2026-12-12,,,,,,
Messes,Messe de la veille de Noël,"Saint Martin 1410 Champfromier 01, Ain, Auvergne-Rhône-Alpes",CHAMPFROMIER,01410,01,"Saint Martin 1410 Champfromier 01, Ain, Auvergne-Rhône-Alpes 01410 CHAMPFROMIER",2026-12-24,2026-12-24,,,,,,
Messes,Messe de Noël,"Saints Pierre et Paul 1500 Douvres 01, Ain, Auvergne-Rhône-Alpes",DOUVRES,01500,01,"Saints Pierre et Paul 1500 Douvres 01, Ain, Auvergne-Rhône-Alpes 01500 DOUVRES",2026-12-25,2026-12-25,,,,,,
Messes,Lhuis Notre-Dame de l'Assomption Messe de Noel,Notre-Dame de l'Assomption 01680 Lhuis,LHUIS,01680,01,Notre-Dame de l'Assomption 01680 Lhuis 01680 LHUIS,2026-12-24,2026-12-24,,,,,,
Messes,Seyssel Eglise Saint-François-deSales Messe de Noel,Eglise Saint-François-deSales 01420 Seyssel,SEYSSEL,01420,01,Eglise Saint-François-deSales 01420 Seyssel 01420 SEYSSEL,2026-12-25,2026-12-25,,,,,,
Messes,Montmerle-sur-Saone Saint Nicolas Messe de Noel,Saint Nicolas 01090 Montmerle-sur-Saône,MONTMERLE-SUR-SAONE,01090,01,Saint Nicolas 01090 Montmerle-sur-Saône 01090 MONTMERLE-SUR-SAONE,2026-12-24,2026-12-24,,,,,,
Parc,Wow safari thoiry,,THOIRY,01710,01, 01710 THOIRY,2026-12-31,2026-12-31,,,,,,
Feux d'artifice,feu d'artifice du 31 décembre,Village Collioure,COLLONGES,01550,01,Village Collioure 01550 COLLONGES,2026-12-31,2026-12-31,,,,,,
Festivals,Crazy new year 2026,,BOURG-EN-BRESSE,01000,01, 01000 BOURG-EN-BRESSE,2026-12-31,2026-12-31,,,,,,
Feux d'artifice,Feu d'artifice Fete Nationale 14 juillet,Nurieux-Volognat,NURIEUX-VOLOGNAT,01460,01,Nurieux-Volognat 01460 NURIEUX-VOLOGNAT,2027-01-01,2027-01-01,,,,,,
Jeux-sports,Descente de la Saône,base nautique Adrien Hardy Saint-Laurent-sur-Saône - 01620,SAINT-LAURENT-SUR-SAONE,01620,01,base nautique Adrien Hardy Saint-Laurent-sur-Saône - 01620 01620 SAINT-LAURENT-SUR-SAONE,2027-01-01,2027-01-01,,,,,,
Humour et one (wo)man show,Tom baldetti,,AMBERIEU-EN-BUGEY,01500,01, 01500 AMBERIEU-EN-BUGEY,2027-01-09,2027-01-09,,,,,,
Feux d'artifice,Feu d'artifice Fete Nationale 14 juillet,Illiat,ILLIAT,01140,01,Illiat 01140 ILLIAT,2027-01-01,2027-01-01,,,,,,
Concerts,"Les annees 80, la tournee",,BOURG-EN-BRESSE,01000,01, 01000 BOURG-EN-BRESSE,2027-01-16,2027-01-16,,,,,,
Fêtes locales,Fete Patronale,Villeneuve,VILLENEUVE,01480,01,Villeneuve 01480 VILLENEUVE,2027-01-17,2027-01-17,,,,,,
Humour et one (wo)man show,Le paname comedy club en tournee,,BOURG-EN-BRESSE,01000,01, 01000 BOURG-EN-BRESSE,2027-01-07,2027-01-07,,,,,,
Concerts,Il etait une fois... ennio morricone,,BOURG-EN-BRESSE,01000,01, 01000 BOURG-EN-BRESSE,2027-01-14,2027-01-14,,,,,,
Danse,Les quatre saisons - ballet,,BOURG-EN-BRESSE,01000,01, 01000 BOURG-EN-BRESSE,2027-01-26,2027-01-26,,,,,,
Humour et one (wo)man show,Les hommes viennent de mars,,BELLEY,01300,01, 01300 BELLEY,2027-02-05,2027-02-05,,,,,,
Concerts,"Garou ""solo""",,BELLEY,01300,01, 01300 BELLEY,2027-02-09,2027-02-09,,,,,,
Théatres,Le gang des chieuses,,BOURG-EN-BRESSE,01000,01, 01000 BOURG-EN-BRESSE,2027-02-12,2027-02-12,,,,,,
Fêtes locales,&#128055; La Fête du Cochon,Marché couvert (Champ de foire) Avenue Maginot 01000 Bourg-en-Bresse,BOURG-EN-BRESSE,01000,01,Marché couvert (Champ de foire) Avenue Maginot 01000 Bourg-en-Bresse 01000 BOURG-EN-BRESSE,2027-02-07,2027-02-07,,,,,,
Concerts,GAROU,,BELLEY,01300,01, 01300 BELLEY,2027-02-09,2027-02-09,,,,,,
"Randonnées, Trail ou Running",Basket' Night,Feillens,FEILLENS,01570,01,Feillens 01570 FEILLENS,2027-03-19,2027-03-19,,,,,,
Foires,Foire Expo du Haut Bugey d’Oyonnax,Valexpo - Oyonnax,OYONNAX,01100,01,Valexpo - Oyonnax 01100 OYONNAX,2027-03-06,2027-03-06,,,,,,
Spectacle et comedie musicale,Celtic legends,,BOURG-EN-BRESSE,01000,01, 01000 BOURG-EN-BRESSE,2027-03-04,2027-03-04,,,,,,
Spectacle et comedie musicale,K-pop shadow slayers,,BELLEY,01300,01, 01300 BELLEY,2027-02-27,2027-02-27,,,,,,
Carnavals,Carnaval,,COLLONGES,01550,01, 01550 COLLONGES,2027-03-26,2027-03-26,,,,,,
Fêtes locales,Fête des Bordes,01400 Neuville-les-Dames,NEUVILLE-LES-DAMES,01400,01,01400 Neuville-les-Dames 01400 NEUVILLE-LES-DAMES,2027-02-13,2027-02-13,,,,,,
Salons,salon du bien-être,,COLLONGES,01550,01, 01550 COLLONGES,2027-03-27,2027-03-27,,,,,,
"Randonnées, Trail ou Running",COURSE BASKET' NIGHT,gymnase scolaire Replonges - 01620,REPLONGES,01620,01,gymnase scolaire Replonges - 01620 01620 REPLONGES,2027-03-19,2027-03-19,,,,,,
Vide-greniers,Vide-grenier de Printemps,"Marché couvert, 01000 Bourg-en-Bresse",BOURG-EN-BRESSE,01000,01,"Marché couvert, 01000 Bourg-en-Bresse 01000 BOURG-EN-BRESSE",2027-03-28,2027-03-28,,,,,,
Lotos Quines et Rifles,LOTO de l' A S G P V,Salle des fêtes Zone Industrielle,LAIZ,01290,01,Salle des fêtes Zone Industrielle 01290 LAIZ,2027-03-29,2027-03-29,,,,,,
Vide-greniers,Grande Farfouille de Printemps,"Espace Salvert, en extérieur (313 chemin des Baudières - 01340 ATTIGNAT)",ATTIGNAT,01340,01,"Espace Salvert, en extérieur (313 chemin des Baudières - 01340 ATTIGNAT) 01340 ATTIGNAT",2027-03-29,2027-03-29,,,,,,
Foires,Foire de Printemps,01110 Hauteville-Lompnes,HAUTEVILLE-LOMPNES,01110,01,01110 Hauteville-Lompnes 01110 HAUTEVILLE-LOMPNES,2027-04-15,2027-04-15,,,,,,
Concerts,Gauvain sers,,BELLEY,01300,01, 01300 BELLEY,2027-04-02,2027-04-02,,,,,,
Humour et one (wo)man show,Laurent gerra,,BOURG-EN-BRESSE,01000,01, 01000 BOURG-EN-BRESSE,2027-04-28,2027-04-28,,,,,,
Marchés de potiers,MARCHÉ DES POTIERS,Marché couvert rue Maginot,BOURG-EN-BRESSE,01000,01,Marché couvert rue Maginot 01000 BOURG-EN-BRESSE,2027-03-29,2027-03-29,,,,,,
Bourses,Exposition Bourse d'Echanges VH Anciens à Drom,Meillonnas,MEILLONNAS,01370,01,Meillonnas 01370 MEILLONNAS,2027-04-26,2027-04-26,,,,,,
Théatres,L'art du couple,,BOURG-EN-BRESSE,01000,01, 01000 BOURG-EN-BRESSE,2027-04-30,2027-04-30,,,,,,
Fêtes locales,La Vogue,place de la Liberté,LAGNIEU,01150,01,place de la Liberté 01150 LAGNIEU,2027-05-01,2027-05-01,,,,,,
Fêtes locales,Fête du village,salle polyvalente,CHALAMONT,01320,01,salle polyvalente 01320 CHALAMONT,2027-05-01,2027-05-01,,,,,,
Marchés de créateurs,Marché Artisanal et Gourmand du 1er mai,route de la cité,PEROUGES,01800,01,route de la cité 01800 PEROUGES,2027-05-01,2027-05-01,,,,,,
Vide-greniers,Vide-greniers et marché aux puces,,MONTAGNIEU,01470,01, 01470 MONTAGNIEU,2027-05-01,2027-05-01,,,,,,
Vide-greniers,Vide-Dressing,Salle polyvalente gymnase,FEILLENS,01570,01,Salle polyvalente gymnase 01570 FEILLENS,2027-05-01,2027-05-01,,,,,,
Vide-greniers,FARFOUILLE,Route du plan d'eau,BLYES,01150,01,Route du plan d'eau 01150 BLYES,2027-05-14,2027-05-14,,,,,,
Carnavals,Carnaval vénitien,,PEROUGES,01800,01, 01800 PEROUGES,2027-05-03,2027-05-03,,,,,,
Foires,Foire aux plantes de Pérouges,Promenade des Terreaux,PEROUGES,01800,01,Promenade des Terreaux 01800 PEROUGES,2027-05-03,2027-05-03,,,,,,
Foires,Foire annuelle,01110 Hauteville-Lompnes,HAUTEVILLE-LOMPNES,01110,01,01110 Hauteville-Lompnes 01110 HAUTEVILLE-LOMPNES,2027-06-05,2027-06-05,,,,,,
Marchés de potiers,Marché de potiers,Meillonnas Place du Château 01370 Meillonnas,MEILLONNAS,01370,01,Meillonnas Place du Château 01370 Meillonnas 01370 MEILLONNAS,2027-05-23,2027-05-23,,,,,,
Sorties Moto,Exposition motos anciennes et vide-greniers,Zone des murets Terrain de foot 01250 Corveissiat,CORVEISSIAT,01250,01,Zone des murets Terrain de foot 01250 Corveissiat 01250 CORVEISSIAT,2027-06-14,2027-06-14,,,,,,
Fêtes médiévales,Fête et Marché médiéval,Pérouges,PEROUGES,01800,01,Pérouges 01800 PEROUGES,2027-06-13,2027-06-13,,,,,,
Fêtes locales,Fête du village,Centre village route des burgondes/stade de foot 01410 Champfromier,CHAMPFROMIER,01410,01,Centre village route des burgondes/stade de foot 01410 Champfromier 01410 CHAMPFROMIER,2027-07-04,2027-07-04,,,,,,
Festivals,"FESTIVAL POP ROCK, LA TRILLE EN VRILLE",12 IMPASSE DE TALEAUD 01420 Corbonod,CORBONOD,01420,01,12 IMPASSE DE TALEAUD 01420 Corbonod 01420 CORBONOD,2027-07-06,2027-07-06,,,,,,
Fêtes locales,La fête de l'andouillette,stade de la Varna en face des étangs,CURCIAT-DONGALON,01560,01,stade de la Varna en face des étangs 01560 CURCIAT-DONGALON,2027-07-04,2027-07-04,,,,,,
Manifestations Automobiles,Montée Historique des Esses,Treffort,TREFFORT-CUISIAT,01370,01,Treffort 01370 TREFFORT-CUISIAT,2027-07-05,2027-07-05,,,,,,
Sorties Moto,Motocross Régional à Feillens,Feillens,FEILLENS,01570,01,Feillens 01570 FEILLENS,2027-07-12,2027-07-12,,,,,,
Salons,fête des associations,Centre ville 01480 Messimy sur Saône,MESSIMY-SUR-SAONE,01480,01,Centre ville 01480 Messimy sur Saône 01480 MESSIMY-SUR-SAONE,2027-07-05,2027-07-05,,,,,,
Fêtes locales,vogue,Village MARSONNAS,MARSONNAS,01340,01,Village MARSONNAS 01340 MARSONNAS,2027-07-04,2027-07-04,,,,,,
Feux d'artifice,Feu d'artifice Fete Nationale 14 juillet,Ambérieu-en-Bugey,AMBERIEU-EN-BUGEY,01500,01,Ambérieu-en-Bugey 01500 AMBERIEU-EN-BUGEY,2027-07-13,2027-07-13,,,,,,
Feux d'artifice,Feu d'artifice Fete Nationale 14 juillet,Anglefort,ANGLEFORT,01350,01,Anglefort 01350 ANGLEFORT,2027-07-13,2027-07-13,,,,,,
Feux d'artifice,Feu d'artifice Fete Nationale 14 juillet,Aranc,ARANC,01110,01,Aranc 01110 ARANC,2027-07-13,2027-07-13,,,,,,
Feux d'artifice,Feu d'artifice Fete Nationale 14 juillet,Arbent,ARBENT,01100,01,Arbent 01100 ARBENT,2027-07-13,2027-07-13,,,,,,
Feux d'artifice,Feu d'artifice Fete Nationale 14 juillet,Bellegarde-sur-Valserine,BELLEGARDE-SUR-VALSERINE,01200,01,Bellegarde-sur-Valserine 01200 BELLEGARDE-SUR-VALSERINE,2027-07-13,2027-07-13,,,,,,
Feux d'artifice,Feu d'artifice Fete Nationale 14 juillet,Beynost,BEYNOST,01700,01,Beynost 01700 BEYNOST,2027-07-13,2027-07-13,,,,,,
Feux d'artifice,Feu d'artifice Fete Nationale 14 juillet,Belley,BELLEY,01300,01,Belley 01300 BELLEY,2027-07-13,2027-07-13,,,,,,
Fêtes locales,Bal du 13 juillet,BOLOZON,BOLOZON,01450,01,BOLOZON 01450 BOLOZON,2027-07-13,2027-07-13,,,,,,
Feux d'artifice,13 Feu d'artificeau Prieuré,,BLYES,01150,01, 01150 BLYES,2027-07-13,2027-07-13,,,,,,
Feux d'artifice,13 Juillet Feu d’artifice,,LA BOISSE,01120,01, 01120 LA BOISSE,2027-07-13,2027-07-13,,,,,,
Feux d'artifice,feu d’artifice et bal populaire,,CHALAMONT,01320,01, 01320 CHALAMONT,2027-07-13,2027-07-13,,,,,,
Feux d'artifice,Feu d'artifice Fete Nationale 14 juillet,Chalamont,CHALAMONT,01320,01,Chalamont 01320 CHALAMONT,2027-07-13,2027-07-13,,,,,,
Feux d'artifice,Feu d'artifice Fete Nationale 14 juillet,Bourg-en-Bresse,BOURG-EN-BRESSE,01000,01,Bourg-en-Bresse 01000 BOURG-EN-BRESSE,2027-07-13,2027-07-13,,,,,,
Feux d'artifice,Feu d'artifice Fete Nationale 14 juillet,Champagne-en-Valromey,CHAMPAGNE-EN-VALROMEY,01260,01,Champagne-en-Valromey 01260 CHAMPAGNE-EN-VALROMEY,2027-07-13,2027-07-13,,,,,,
Feux d'artifice,Feu d'artifice et Bal des Pompiers,Hyppodrome Avenue Charles de Gaulle 01400 Châtillon-sur-Chalaronne,CHATILLON-SUR-CHALARONNE,01400,01,Hyppodrome Avenue Charles de Gaulle 01400 Châtillon-sur-Chalaronne 01400 CHATILLON-SUR-CHALARONNE,2027-07-13,2027-07-13,,,,,,
Feux d'artifice,Feu d'artifice Fete Nationale 14 juillet,Gex,GEX,01170,01,Gex 01170 GEX,2027-07-13,2027-07-13,,,,,,
Feux d'artifice,Feu d'artifice,place des Mariniers 01360 Loyettes,LOYETTES,01360,01,place des Mariniers 01360 Loyettes 01360 LOYETTES,2027-07-13,2027-07-13,,,,,,
Feux d'artifice,Feu d'artifice Fete Nationale 14 juillet,Jujurieux,JUJURIEUX,01640,01,Jujurieux 01640 JUJURIEUX,2027-07-13,2027-07-13,,,,,,
Feux d'artifice,Feu d'artifice Fete Nationale 14 juillet,Meximieux,MEXIMIEUX,01800,01,Meximieux 01800 MEXIMIEUX,2027-07-13,2027-07-13,,,,,,
Feux d'artifice,Feu d'artifice Fete Nationale 14 juillet,Prévessin-Moëns,PREVESSIN-MOENS,01280,01,Prévessin-Moëns 01280 PREVESSIN-MOENS,2027-07-13,2027-07-13,,,,,,
Feux d'artifice,Feu d'artifice Fete Nationale 14 juillet,Poncin,PONCIN,01450,01,Poncin 01450 PONCIN,2027-07-13,2027-07-13,,,,,,
Feux d'artifice,Feu d'artifice Fete Nationale 14 juillet,Montluel,MONTLUEL,01120,01,Montluel 01120 MONTLUEL,2027-07-13,2027-07-13,,,,,,
Feux d'artifice,Feu d'artifice Fete Nationale 14 juillet,Trévoux,TREVOUX,01600,01,Trévoux 01600 TREVOUX,2027-07-13,2027-07-13,,,,,,
Feux d'artifice,Feu d'artifice Fete Nationale 14 juillet,Saint-Genis-Pouilly,SAINT-GENIS-POUILLY,01630,01,Saint-Genis-Pouilly 01630 SAINT-GENIS-POUILLY,2027-07-13,2027-07-13,,,,,,
Feux d'artifice,Feu d'artifice Fete Nationale 14 juillet,Vonnas,VONNAS,01540,01,Vonnas 01540 VONNAS,2027-07-13,2027-07-13,,,,,,
Feux d'artifice,Feu d'artifice Fete Nationale 14 juillet,Pont-de-Vaux,PONT-DE-VAUX,01190,01,Pont-de-Vaux 01190 PONT-DE-VAUX,2027-07-13,2027-07-13,,,,,,
Feux d'artifice,Feu d'artifice Fete Nationale 14 juillet,Artemare,ARTEMARE,01510,01,Artemare 01510 ARTEMARE,2027-07-14,2027-07-14,,,,,,
Feux d'artifice,Feu d'artifice Fete Nationale 14 juillet,Divonne-les-Bains,DIVONNE-LES-BAINS,01220,01,Divonne-les-Bains 01220 DIVONNE-LES-BAINS,2027-07-14,2027-07-14,,,,,,
Feux d'artifice,Feux d’artifice et Fête nationale du 14 juillet,Fareins&nbsp;,FAREINS,01480,01,Fareins&nbsp; 01480 FAREINS,2027-07-14,2027-07-14,,,,,,
Bals Danses,Guinguette du 14 Juillet,promenade du Bastion Bourg-en-Bresse - 01000,BOURG-EN-BRESSE,01000,01,promenade du Bastion Bourg-en-Bresse - 01000 01000 BOURG-EN-BRESSE,2027-07-14,2027-07-14,,,,,,
Feux d'artifice,Feu d'artifice Fete Nationale 14 juillet,Collonges,COLLONGES,01550,01,Collonges 01550 COLLONGES,2027-07-14,2027-07-14,,,,,,
Feux d'artifice,Feu d'artifice Fete Nationale 14 juillet,Ferney-Voltaire,FERNEY-VOLTAIRE,01210,01,Ferney-Voltaire 01210 FERNEY-VOLTAIRE,2027-07-14,2027-07-14,,,,,,
Feux d'artifice,Feu d'artifice Fete Nationale 14 juillet,Montrevel-en-Bresse,MONTREVEL-EN-BRESSE,01340,01,Montrevel-en-Bresse 01340 MONTREVEL-EN-BRESSE,2027-07-14,2027-07-14,,,,,,
Feux d'artifice,Feu d'artifice Fete Nationale 14 juillet,Montmerle-sur-Saône,MONTMERLE-SUR-SAONE,01090,01,Montmerle-sur-Saône 01090 MONTMERLE-SUR-SAONE,2027-07-14,2027-07-14,,,,,,
Feux d'artifice,Feu d'artifice Fete Nationale 14 juillet,Sault-Brénaz,SAULT-BRENAZ,01150,01,Sault-Brénaz 01150 SAULT-BRENAZ,2027-07-14,2027-07-14,,,,,,
Feux d'artifice,Feu d'artifice Fete Nationale 14 juillet,Seyssel,SEYSSEL,01420,01,Seyssel 01420 SEYSSEL,2027-07-14,2027-07-14,,,,,,
Loisirs et tourisme,Monastere royal de brou,,BOURG-EN-BRESSE,01000,01, 01000 BOURG-EN-BRESSE,2027-12-31,2027-12-31,,,,,,
Loisirs et tourisme,Chateau de voltaire a ferney,,FERNEY-VOLTAIRE,01210,01, 01210 FERNEY-VOLTAIRE,2027-12-31,2027-12-31,,,,,,
Concerts,Goldmen - concert best of goldman,,BOURG-EN-BRESSE,01000,01, 01000 BOURG-EN-BRESSE,2028-11-17,2028-11-17,,,,,,
Food Truck commerces ambulants,Pokoloa Food Truck,CENTRE Place de la République - FÈRE-EN-TARDENOIS,FERE-EN-TARDENOIS,02130,02,CENTRE Place de la République - FÈRE-EN-TARDENOIS 02130 FERE-EN-TARDENOIS,2026-07-21,2026-07-21,,,,,,
Marchés,Marché couvert Mercredi,Marché couvert rue du marché 02200 Soissons Centre,SOISSONS,02200,02,Marché couvert rue du marché 02200 Soissons Centre 02200 SOISSONS,2026-07-22,2026-07-22,,,,,,
Marchés,marché hebdomadaire,Place de la Demi-Lune La Capelle - 02260,LA CAPELLE,02260,02,Place de la Demi-Lune La Capelle - 02260 02260 LA CAPELLE,2026-07-24,2026-07-24,,,,,,
Marchés,Marché hebdomadaire,marché couvert Villers-Cotterêts - 02600,VILLERS-COTTERETS,02600,02,marché couvert Villers-Cotterêts - 02600 02600 VILLERS-COTTERETS,2026-07-23,2026-07-23,,,,,,
Marchés,MARCHÉ HEBDOMADAIRE,Hôtel de Ville Laon - 02000,LAON,02000,02,Hôtel de Ville Laon - 02000 02000 LAON,2026-07-21,2026-07-21,,,,,,
Marchés,LE MARCHÉ HEBDOMADAIRE,Village Braine,BRAINE,02220,02,Village Braine 02220 BRAINE,2026-07-24,2026-07-24,,,,,,
Marchés,Marché de Sissonne mercredi,Rue Aristide Briand 02150 Sissonne,SISSONNE,02150,02,Rue Aristide Briand 02150 Sissonne 02150 SISSONNE,2026-07-22,2026-07-22,,,,,,
Marchés,Marché,place Rochechouart Anizy-le-Château - 02320,ANIZY-LE-CHATEAU,02320,02,place Rochechouart Anizy-le-Château - 02320 02320 ANIZY-LE-CHATEAU,2026-07-24,2026-07-24,,,,,,
Marchés,Marchés hebdomadaires et campagnard,Centre ville 02290 Vic-sur-Aisne,VIC-SUR-AISNE,02290,02,Centre ville 02290 Vic-sur-Aisne 02290 VIC-SUR-AISNE,2026-07-22,2026-07-22,,,,,,
Marchés,Marché Gasiaquois,Parking de la Mairie,GAUCHY,02430,02,Parking de la Mairie 02430 GAUCHY,2026-07-24,2026-07-24,,,,,,
Marchés de créateurs,Marché artisanal - Les Jeudis de l'Été aux Champs-Élysées à Saint-Quentin,Rue de Baudreuil 02100 Saint-Quentin,SAINT-QUENTIN,02100,02,Rue de Baudreuil 02100 Saint-Quentin 02100 SAINT-QUENTIN,2026-07-23,2026-07-23,,,,,,
Marchés,Marché de Saint-Erme,Devant la boulangerie Joffrin 02820 Saint-Erme-Outre-et-Ramecourt,SAINT-ERME-OUTRE-ET-RAMECOURT,02820,02,Devant la boulangerie Joffrin 02820 Saint-Erme-Outre-et-Ramecourt 02820 SAINT-ERME-OUTRE-ET-RAMECOURT,2026-07-24,2026-07-24,,,,,,
Marchés,Marché couvert du samedi,marché couvert rue du marché 02200 Soissons Centre,SOISSONS,02200,02,marché couvert rue du marché 02200 Soissons Centre 02200 SOISSONS,2026-07-25,2026-07-25,,,,,,
Marchés de Producteurs,Drive fermier Laon - 02000 (Aisne),Drive fermier Laon - 02000 (Aisne) 8 rue de Buffon 2000 Laon,LAON,02000,02,Drive fermier Laon - 02000 (Aisne) 8 rue de Buffon 2000 Laon 02000 LAON,2026-07-24,2026-07-24,,,,,,
Marchés,Marché de Sissonne mensuel,Rue Aristide Briand 02150 Sissonne,SISSONNE,02150,02,Rue Aristide Briand 02150 Sissonne 02150 SISSONNE,2026-07-24,2026-07-24,,,,,,
Fêtes locales,Ducasse,VERSIGNY,VERSIGNY,02800,02,VERSIGNY 02800 VERSIGNY,2026-07-25,2026-07-25,,,,,,
Brocantes,BROCANTE GROUGIS,GROUGIS,GROUGIS,02110,02,GROUGIS 02110 GROUGIS,2026-07-26,2026-07-26,,,,,,
Marchés,MARCHE HEBDOMADAIRE,Place d’Armes 02120 Guise,GUISE,02120,02,Place d’Armes 02120 Guise 02120 GUISE,2026-07-25,2026-07-25,,,,,,
Brocantes,Brocante,02300 Bichancourt,BICHANCOURT,02300,02,02300 Bichancourt 02300 BICHANCOURT,2026-07-26,2026-07-26,,,,,,
Fêtes locales,Ducasse,OHIS,OHIS,02500,02,OHIS 02500 OHIS,2026-07-25,2026-07-25,,,,,,
Marchés,marché traditionnel,02140 Vervins,VERVINS,02140,02,02140 Vervins 02140 VERVINS,2026-07-25,2026-07-25,,,,,,
Vide-greniers,Vide-greniers à Eppes,02840 Eppes,EPPES,02840,02,02840 Eppes 02840 EPPES,2026-07-26,2026-07-26,,,,,,
Marchés de Producteurs,Maraich' du Grand Radde,Maraich' du Grand Radde place de la mairie 2130 Bucilly,BUCILLY,02500,02,Maraich' du Grand Radde place de la mairie 2130 Bucilly 02500 BUCILLY,2026-07-25,2026-07-25,,,,,,
Marchés,Marché hebdomadaire,Place du Tivoli Crouy - 02880,CROUY,02880,02,Place du Tivoli Crouy - 02880 02880 CROUY,2026-07-26,2026-07-26,,,,,,
Marchés de Producteurs,Marché fermier,Holnon - 02760,HOLNON,02760,02,Holnon - 02760 02760 HOLNON,2026-07-26,2026-07-26,,,,,,
Marchés de Producteurs,marché des producteurs,Place Adalbert Brun TROSLY-LOIRE,TROSLY-LOIRE,02300,02,Place Adalbert Brun TROSLY-LOIRE 02300 TROSLY-LOIRE,2026-07-26,2026-07-26,,,,,,
Marchés de Producteurs,MARCHÉ DE L'ABBAYE,Rue du Chamiteau SAINT-MICHEL,SAINT-MICHEL,02830,02,Rue du Chamiteau SAINT-MICHEL 02830 SAINT-MICHEL,2026-07-26,2026-07-26,,,,,,
Marchés,Marché de Neufchâtel-sur-Aisne,Place du village,NEUFCHATEL-SUR-AISNE,02190,02,Place du village 02190 NEUFCHATEL-SUR-AISNE,2026-07-26,2026-07-26,,,,,,
Marchés,Marché fermier d'Holnon,Marché fermier d'Holnon 2760 Holnon,HOLNON,02760,02,Marché fermier d'Holnon 2760 Holnon 02760 HOLNON,2026-07-26,2026-07-26,,,,,,
Marchés de Producteurs,MARCHÉ CAMPAGNARD,halles du village Marigny-en-Orxois - 02810,MARIGNY-EN-ORXOIS,02810,02,halles du village Marigny-en-Orxois - 02810 02810 MARIGNY-EN-ORXOIS,2026-07-26,2026-07-26,,,,,,
Sorties,Les Du'celtiques,02120 Guise,GUISE,02120,02,02120 Guise 02120 GUISE,2026-08-01,2026-08-01,,,,,,
Fêtes locales,Ducasse,GANDELU,GANDELU,02810,02,GANDELU 02810 GANDELU,2026-08-01,2026-08-01,,,,,,
Marchés de Producteurs,MARCHÉ DES PRODUITS DU TERROIR,cloître de l'abbaye Saint-Martin de Laon,LAON,02000,02,cloître de l'abbaye Saint-Martin de Laon 02000 LAON,2026-08-01,2026-08-01,,,,,,
Fêtes locales,Ducasse,HARCIGNY,HARCIGNY,02140,02,HARCIGNY 02140 HARCIGNY,2026-08-01,2026-08-01,,,,,,
Fêtes,FÊTE DU VILLAGE COMITÉ DES FÊTES DE RAMECOURT,,SAINT-ERME-OUTRE-ET-RAMECOURT,02820,02, 02820 SAINT-ERME-OUTRE-ET-RAMECOURT,2026-08-01,2026-08-01,,,,,,
Fêtes locales,Ducasse,IVIERS,IVIERS,02360,02,IVIERS 02360 IVIERS,2026-08-01,2026-08-01,,,,,,
Marchés de Producteurs,Marché Fermier - Vermand,Marché Fermier - Vermand 2490 Vermand,VERMAND,02490,02,Marché Fermier - Vermand 2490 Vermand 02490 VERMAND,2026-08-01,2026-08-01,,,,,,
Marchés,Montaigu dans l'Aisne marché campagnard,Sur la place de l'église,MONTAIGU,02820,02,Sur la place de l'église 02820 MONTAIGU,2026-08-01,2026-08-01,,,,,,
Fêtes locales,Ducasse,MONTIGNY-EN-ARROUAISE,MONTIGNY-EN-ARROUAISE,02110,02,MONTIGNY-EN-ARROUAISE 02110 MONTIGNY-EN-ARROUAISE,2026-08-01,2026-08-01,,,,,,
Marchés de Producteurs,MARCHÉ ARTISANAL ET FERMIER,Place du Général de Gaulle LE NOUVION-EN-THIERACHE,LE NOUVION-EN-THIERACHE,02170,02,Place du Général de Gaulle LE NOUVION-EN-THIERACHE 02170 LE NOUVION-EN-THIERACHE,2026-08-01,2026-08-01,,,,,,
Marchés,marché mensuel,02140 Vervins,VERVINS,02140,02,02140 Vervins 02140 VERVINS,2026-08-01,2026-08-01,,,,,,
Fêtes locales,Ducasse,VILLENEUVE-SAINT-GERMAIN,VILLENEUVE-SAINT-GERMAIN,02200,02,VILLENEUVE-SAINT-GERMAIN 02200 VILLENEUVE-SAINT-GERMAIN,2026-08-01,2026-08-01,,,,,,
Marchés,Marché de Courtrizy-Et-Fussigny mensuel,COURTRIZY-ET-FUSSIGNY Place du village,COURTRIZY-ET-FUSSIGNY,02820,02,COURTRIZY-ET-FUSSIGNY Place du village 02820 COURTRIZY-ET-FUSSIGNY,2026-08-02,2026-08-02,,,,,,
Marchés bio,"Marché Bio, local et artisanal","Cour de l'école,9 Rue de la Libération 02580 ETREAUPONT FRANCE",ETREAUPONT,02580,02,"Cour de l'école,9 Rue de la Libération 02580 ETREAUPONT FRANCE 02580 ETREAUPONT",2026-08-02,2026-08-02,,,,,,
Brocantes,Brocante à Louâtre,02600 Louâtre,LOUATRE,02600,02,02600 Louâtre 02600 LOUATRE,2026-08-02,2026-08-02,,,,,,
Marchés,Marché des producteurs locaux à Nogent l'Artaud,Marché des producteurs locaux à Nogent l'Artaud Place du Marché 2310 Nogent-l'Artaud,NOGENT-L'ARTAUD,02310,02,Marché des producteurs locaux à Nogent l'Artaud Place du Marché 2310 Nogent-l'Artaud 02310 NOGENT-L'ARTAUD,2026-08-02,2026-08-02,,,,,,
Marchés,Marché des Fanes de Carottes,02580 Étréaupont,ETREAUPONT,02580,02,02580 Étréaupont 02580 ETREAUPONT,2026-08-02,2026-08-02,,,,,,
Marchés de Producteurs,MARCHÉ FERMIER DE PRODUCTEURS,PARFONDEVAL,PARFONDEVAL,02360,02,PARFONDEVAL 02360 PARFONDEVAL,2026-08-02,2026-08-02,,,,,,
Foires,Foire aux greniers,Place du Général de Gaulle 02170 Le Nouvion-en-Thiérache,LE NOUVION-EN-THIERACHE,02170,02,Place du Général de Gaulle 02170 Le Nouvion-en-Thiérache 02170 LE NOUVION-EN-THIERACHE,2026-08-02,2026-08-02,,,,,,
Marchés bio,Marché bio de l'Omois,Ferme de la Genevroye,ROCOURT-SAINT-MARTIN,02210,02,Ferme de la Genevroye 02210 ROCOURT-SAINT-MARTIN,2026-08-02,2026-08-02,,,,,,
Marchés de Producteurs,No Piot Marché,No Piot Marché Square Jean Zay 2500 Hirson,HIRSON,02500,02,No Piot Marché Square Jean Zay 2500 Hirson 02500 HIRSON,2026-08-03,2026-08-03,,,,,,
Marchés,Marché communal,02300 Trosly-Loire,TROSLY-LOIRE,02300,02,02300 Trosly-Loire 02300 TROSLY-LOIRE,2026-08-03,2026-08-03,,,,,,
Marchés de Producteurs,Marché paysan,Place de la Mairie Coucy-le-Château-Auffrique - 02380,COUCY-LE-CHATEAU-AUFFRIQUE,02380,02,Place de la Mairie Coucy-le-Château-Auffrique - 02380 02380 COUCY-LE-CHATEAU-AUFFRIQUE,2026-08-03,2026-08-03,,,,,,
Marchés de Producteurs,MARCHÉ CAMPAGNARD DE LA BOULOY,Le bouloy Viels-Maisons - 02540,VIELS-MAISONS,02540,02,Le bouloy Viels-Maisons - 02540 02540 VIELS-MAISONS,2026-08-03,2026-08-03,,,,,,
Manifestations Automobiles,Le rencard de Gar'Âge,19 Avenue de Noue 02600 VILLERS-COTTERÊTS,VILLERS-COTTERETS,02600,02,19 Avenue de Noue 02600 VILLERS-COTTERÊTS 02600 VILLERS-COTTERETS,2026-08-03,2026-08-03,,,,,,
Foires,FOIRE MENSUELLE,Place Lesur 02120 Guise,GUISE,02120,02,Place Lesur 02120 Guise 02120 GUISE,2026-08-06,2026-08-06,,,,,,
Marchés de Producteurs,Marché Producteurs &amp; Artisans Locaux d'Essômes-sur-Marne (02400),Place Saint Ferréol,ESSOMES-SUR-MARNE,02400,02,Place Saint Ferréol 02400 ESSOMES-SUR-MARNE,2026-08-06,2026-08-06,,,,,,
Fêtes locales,LA FÊTE DU CHÊNE-BOURDON,LANDOUZY-LA-VILLE,LANDOUZY-LA-VILLE,02140,02,LANDOUZY-LA-VILLE 02140 LANDOUZY-LA-VILLE,2026-08-14,2026-08-14,,,,,,
Fêtes locales,Ducasse,SAINT-PAUL-AUX-BOIS,SAINT-PAUL-AUX-BOIS,02300,02,SAINT-PAUL-AUX-BOIS 02300 SAINT-PAUL-AUX-BOIS,2026-08-08,2026-08-08,,,,,,
Vide-greniers,braderie à la communauté d’Emmaüs,,BERRY-AU-BAC,02190,02, 02190 BERRY-AU-BAC,2026-08-15,2026-08-15,,,,,,
Brocantes,Brocante de Bosmont-sur-Serre,Brocante de Bosmont-sur-Serre 2250 Bosmont-sur-Serre,BOSMONT-SUR-SERRE,02250,02,Brocante de Bosmont-sur-Serre 2250 Bosmont-sur-Serre 02250 BOSMONT-SUR-SERRE,2026-08-15,2026-08-15,,,,,,
Brocantes,Brocante,Brocante 2140 Landouzy-la-Ville,LANDOUZY-LA-VILLE,02140,02,Brocante 2140 Landouzy-la-Ville 02140 LANDOUZY-LA-VILLE,2026-08-15,2026-08-15,,,,,,
Fêtes locales,Ducasse,CHAPELLE-SUR-CHEZY,LA CHAPELLE-SUR-CHEZY,02570,02,CHAPELLE-SUR-CHEZY 02570 LA CHAPELLE-SUR-CHEZY,2026-08-15,2026-08-15,,,,,,
Brocantes,Brocante de la Chaussée,Rue du Port Chauny - 02300,CHAUNY,02300,02,Rue du Port Chauny - 02300 02300 CHAUNY,2026-08-15,2026-08-15,,,,,,
Brocantes,Brocante de Chatillon-les-Sons,Brocante de Châtillon-les-Sons 2270 Châtillon-lès-Sons,CHATILLON-LES-SONS,02270,02,Brocante de Châtillon-les-Sons 2270 Châtillon-lès-Sons 02270 CHATILLON-LES-SONS,2026-08-15,2026-08-15,,,,,,
Brocantes,BROCANTE DU 15 AOUT,Centre-ville 02120 Guise,GUISE,02120,02,Centre-ville 02120 Guise 02120 GUISE,2026-08-15,2026-08-15,,,,,,
Vide-greniers,Brocante Vide-greniers,CERSEUIL,CERSEUIL,02220,02,CERSEUIL 02220 CERSEUIL,2026-08-15,2026-08-15,,,,,,
Brocantes,grande brocante,,LAUNOY,02210,02, 02210 LAUNOY,2026-08-15,2026-08-15,,,,,,
Vide-greniers,Vide-greniers et marché aux puces,stade de football,CHERY-CHARTREUVE,02220,02,stade de football 02220 CHERY-CHARTREUVE,2026-08-15,2026-08-15,,,,,,
Messes,Cérémonie religieuse commémorative,Cérémonie religieuse commémorative 2100 Saint-Quentin,SAINT-QUENTIN,02100,02,Cérémonie religieuse commémorative 2100 Saint-Quentin 02100 SAINT-QUENTIN,2026-08-15,2026-08-15,,,,,,
Brocantes,brocante,,SERAUCOURT-LE-GRAND,02790,02, 02790 SERAUCOURT-LE-GRAND,2026-08-15,2026-08-15,,,,,,
Fêtes locales,Ducasse,LE VERGUIER,LE VERGUIER,02490,02,LE VERGUIER 02490 LE VERGUIER,2026-08-15,2026-08-15,,,,,,
Brocantes,brocante,esplanade du mail,SOISSONS,02200,02,esplanade du mail 02200 SOISSONS,2026-08-15,2026-08-15,,,,,,
Brocantes,brocante,Rue et place de la gare,POUILLY-SUR-SERRE,02270,02,Rue et place de la gare 02270 POUILLY-SUR-SERRE,2026-08-15,2026-08-15,,,,,,
Annonces cyclistes et cyclosportives,Course cycliste à Moy-de-l'Aisne,Centre ville 02610 Moÿ-de-l'Aisne,MOY-DE-L'AISNE,02610,02,Centre ville 02610 Moÿ-de-l'Aisne 02610 MOY-DE-L'AISNE,2026-08-16,2026-08-16,,,,,,
Vide-greniers,Vide-greniers et marché aux puces,centre du village,LE VERGUIER,02490,02,centre du village 02490 LE VERGUIER,2026-08-15,2026-08-15,,,,,,
Brocantes,Brocante,Brocante Rue d'en bas 02500 Luzoir,LUZOIR,02500,02,Brocante Rue d'en bas 02500 Luzoir 02500 LUZOIR,2026-08-15,2026-08-15,,,,,,
Brocantes,Broc'Tout à Ressons-le-Long,stade municipal 02290 Ressons-le-Long,RESSONS-LE-LONG,02290,02,stade municipal 02290 Ressons-le-Long 02290 RESSONS-LE-LONG,2026-08-16,2026-08-16,,,,,,
Fêtes locales,Ducasse,MOY-DE-L'AISNE,MOY-DE-L'AISNE,02610,02,MOY-DE-L'AISNE 02610 MOY-DE-L'AISNE,2026-08-29,2026-08-29,,,,,,
Fêtes locales,fête de l’Artichaut,Centre du village CHIVY-LÈS-ÉTOUVELLES (02000),CHIVY-LES-ETOUVELLES,02000,02,Centre du village CHIVY-LÈS-ÉTOUVELLES (02000) 02000 CHIVY-LES-ETOUVELLES,2026-08-30,2026-08-30,,,,,,
Fêtes locales,FÊTES COMMUNALES,Village Braye en Laonnois,BRAYE-EN-LAONNOIS,02000,02,Village Braye en Laonnois 02000 BRAYE-EN-LAONNOIS,2026-08-30,2026-08-30,,,,,,
Fêtes locales,Fête du Bois,02000 Urcel,URCEL,02000,02,02000 Urcel 02000 URCEL,2026-08-28,2026-08-28,,,,,,
Fêtes locales,Ducasse,LE NOUVION-EN-THIERACHE,LE NOUVION-EN-THIERACHE,02170,02,LE NOUVION-EN-THIERACHE 02170 LE NOUVION-EN-THIERACHE,2026-08-29,2026-08-29,,,,,,
Brocantes,brocante comité d’animation fontainois,à la salle des fêtes et sur le parking salle des fêtes 02140 Fontaine-lès-Vervins,FONTAINE-LES-VERVINS,02140,02,à la salle des fêtes et sur le parking salle des fêtes 02140 Fontaine-lès-Vervins 02140 FONTAINE-LES-VERVINS,2026-08-30,2026-08-30,,,,,,
Fêtes locales,Ducasse,ITANCOURT,ITANCOURT,02240,02,ITANCOURT 02240 ITANCOURT,2026-09-05,2026-09-05,,,,,,
Fêtes locales,Ducasse,MONCEAU-LE-WAAST,MONCEAU-LE-WAAST,02840,02,MONCEAU-LE-WAAST 02840 MONCEAU-LE-WAAST,2026-09-05,2026-09-05,,,,,,
Fêtes locales,Ducasse,MARLE SUR SERRE,MARLE,02250,02,MARLE SUR SERRE 02250 MARLE,2026-09-05,2026-09-05,,,,,,
Foires,FOIRE AUX FROMAGES &#129472;,centre ville,LA CAPELLE,02260,02,centre ville 02260 LA CAPELLE,2026-09-05,2026-09-05,,,,,,
Bals Danses,Bal dansant avec l'Orchestre Nicolas DAVID,,GRISOLLES,02210,02, 02210 GRISOLLES,2026-09-10,2026-09-10,,,,,,
Vide-greniers,BROCANTE COMITÉ DES FÊTES DE RAMECOURT,,SAINT-ERME-OUTRE-ET-RAMECOURT,02820,02, 02820 SAINT-ERME-OUTRE-ET-RAMECOURT,2026-09-06,2026-09-06,,,,,,
Fêtes locales,Ducasse,BERNY-RIVIERE,BERNY-RIVIERE,02290,02,BERNY-RIVIERE 02290 BERNY-RIVIERE,2026-09-12,2026-09-12,,,,,,
Fêtes locales,Ducasse,CROUY,CROUY,02880,02,CROUY 02880 CROUY,2026-09-12,2026-09-12,,,,,,
Brocantes,Brocante à Dammard,DAMMARD,DAMMARD,02470,02,DAMMARD 02470 DAMMARD,2026-09-13,2026-09-13,,,,,,
Sorties,Rando Trail de la Montagne Couronnée à Laon,Rando Trail de la Montagne Couronnée à Laon Rue Marcel Levindrey 2000 Laon,LAON,02000,02,Rando Trail de la Montagne Couronnée à Laon Rue Marcel Levindrey 2000 Laon 02000 LAON,2026-09-13,2026-09-13,,,,,,
Bourses,BOURSE AUX OISEAUX,Place du 29 Août 1944 Bucy-le-Long Aisne Hauts-de-France,BUCY-LE-LONG,02880,02,Place du 29 Août 1944 Bucy-le-Long Aisne Hauts-de-France 02880 BUCY-LE-LONG,2026-09-14,2026-09-14,,,,,,
Brocantes,BROCANTE CDF DE POMMIERS,02200 Pommiers,POMMIERS,02200,02,02200 Pommiers 02200 POMMIERS,2026-09-13,2026-09-13,,,,,,
Concours de Belote et de Coinchée,CONCOURS DEE BELOTE,PLACE CHARLES DE GAULLE,PINON,02320,02,PLACE CHARLES DE GAULLE 02320 PINON,2026-09-19,2026-09-19,,,,,,
Concours de Belote et de Coinchée,CONCOURS DE BELOTE,SALLE DES FETES,PINON,02320,02,SALLE DES FETES 02320 PINON,2026-09-19,2026-09-19,,,,,,
Fêtes locales,Ducasse,MONCEAU-LE-NEUF-ET-FAUCOUZY,MONCEAU-LE-NEUF-ET-FAUCOUZY,02270,02,MONCEAU-LE-NEUF-ET-FAUCOUZY 02270 MONCEAU-LE-NEUF-ET-FAUCOUZY,2026-09-19,2026-09-19,,,,,,
Fêtes locales,Ducasse,PAVANT,PAVANT,02310,02,PAVANT 02310 PAVANT,2026-09-19,2026-09-19,,,,,,
Fêtes locales,Ducasse,BARISIS,BARISIS,02700,02,BARISIS 02700 BARISIS,2026-09-20,2026-09-20,,,,,,
Foires,foire à l'oignon,place du champ palandier,ATHIES-SOUS-LAON,02840,02,place du champ palandier 02840 ATHIES-SOUS-LAON,2026-09-20,2026-09-20,,,,,,
Bourses,Bourse aux livres et collections,salle polyvalente - 02140 Vervins,VERVINS,02140,02,salle polyvalente - 02140 Vervins 02140 VERVINS,2026-09-27,2026-09-27,,,,,,
Fêtes locales,La fête du haricot,Soissons,SOISSONS,02200,02,Soissons 02200 SOISSONS,2026-09-26,2026-09-26,,,,,,
Concerts,Romuald & ses musiciens,,CHAUNY,02300,02, 02300 CHAUNY,2026-09-26,2026-09-26,,,,,,
Fêtes locales,Ducasse,SAINS-RICHAUMONT,SAINS-RICHAUMONT,02120,02,SAINS-RICHAUMONT 02120 SAINS-RICHAUMONT,2026-09-26,2026-09-26,,,,,,
Foires,&#127822; foire aux pommes,Village Neuilly Saint Front,NEUILLY-SAINT-FRONT,02470,02,Village Neuilly Saint Front 02470 NEUILLY-SAINT-FRONT,2026-10-03,2026-10-03,,,,,,
Concerts,Bertrand belin,,SAINT-QUENTIN,02100,02, 02100 SAINT-QUENTIN,2026-10-03,2026-10-03,,,,,,
Bourses,bourses aux minéraux fossiles et pierres précieuses Soissons,Soissons,SOISSONS,02200,02,Soissons 02200 SOISSONS,2026-10-03,2026-10-03,,,,,,
Fêtes locales,fête de la St Denis,LE NOUVION-EN-THIERACHE,LE NOUVION-EN-THIERACHE,02170,02,LE NOUVION-EN-THIERACHE 02170 LE NOUVION-EN-THIERACHE,2026-10-10,2026-10-10,,,,,,
Fêtes médiévales,La Fête de la sorcière,"Château de Coucy Rue du Château, 02380 Coucy-le-Château-Auffrique",COUCY-LE-CHATEAU-AUFFRIQUE,02380,02,"Château de Coucy Rue du Château, 02380 Coucy-le-Château-Auffrique 02380 COUCY-LE-CHATEAU-AUFFRIQUE",,,,,,,,
Théatres,Elles pardonnent mais n'oublient,,CHAUNY,02300,02, 02300 CHAUNY,2026-10-16,2026-10-16,,,,,,
Foires,Foire d'Automne,Centre ville Aubenton,AUBENTON,02500,02,Centre ville Aubenton 02500 AUBENTON,2026-10-18,2026-10-18,,,,,,
Bals Danses,Bal dansant avec l'Orchestre Alex LORENZO,,GRISOLLES,02210,02, 02210 GRISOLLES,2026-10-15,2026-10-15,,,,,,
Fêtes locales,&#127822; FÊTE DE LA POMME À CRÉPY,Village Rues de la commune Crepy,CREPY,02870,02,Village Rues de la commune Crepy 02870 CREPY,2026-10-11,2026-10-11,,,,,,
Evènements,Vaux-Essomes relais de la voie sacrée,Vaux-Essomes,ESSOMES-SUR-MARNE,02400,02,Vaux-Essomes 02400 ESSOMES-SUR-MARNE,2026-10-30,2026-10-30,,,,,,
Concerts,Julien lieb,,SAINT-QUENTIN,02100,02, 02100 SAINT-QUENTIN,2026-10-17,2026-10-17,,,,,,
Fêtes locales,Ducasse,IRON,IRON,02510,02,IRON 02510 IRON,2026-10-10,2026-10-10,,,,,,
Evènements,Chateau-Thierry relais de la voie sacrée,Château-Thierry,CHATEAU-THIERRY,02400,02,Château-Thierry 02400 CHATEAU-THIERRY,2026-10-31,2026-10-31,,,,,,
Evènements,Montreuil-aux-Lions relais de la voie sacrée,Montreuil-aux-Lions,MONTREUIL-AUX-LIONS,02310,02,Montreuil-aux-Lions 02310 MONTREUIL-AUX-LIONS,2026-10-30,2026-10-30,,,,,,
Bourses,"Foire paperasse, collections, expo","Salle des fêtes, place Charles de Gaulle",PINON,02320,02,"Salle des fêtes, place Charles de Gaulle 02320 PINON",2026-11-01,2026-11-01,,,,,,
Humour et one (wo)man show,Gil alma nouveau spectacle en rodage,,SAINT-MARD,02220,02, 02220 SAINT-MARD,2026-11-14,2026-11-14,,,,,,
Evènements,Moulins relais de la voie sacrée,Moulins,MOULINS,02160,02,Moulins 02160 MOULINS,2026-10-31,2026-10-31,,,,,,
Foires,foire d’automne,02186 Chézy-sur-Marne,CHEZY-SUR-MARNE,02186,02,02186 Chézy-sur-Marne 02186 CHEZY-SUR-MARNE,2026-11-08,2026-11-08,,,,,,
Bals Danses,Bal dansant avec l'Orchestre Jean-Pierre LAURENS,,GRISOLLES,02210,02, 02210 GRISOLLES,2026-11-12,2026-11-12,,,,,,
Parc,Guiguitte en folie - entree 1 jour,,FILAIN,02000,02, 02000 FILAIN,2026-11-01,2026-11-01,,,,,,
Salons,4EME BOURSE MILITARIA,FOYER BORIS VIAN (PRES DU STADE),PINON,02320,02,FOYER BORIS VIAN (PRES DU STADE) 02320 PINON,2026-10-31,2026-10-31,,,,,,
Salons,BOURSE AUX JOUETS ET PUERICULTURE,FOYER BORIS VIAN (PRES DU STADE),PINON,02320,02,FOYER BORIS VIAN (PRES DU STADE) 02320 PINON,2026-11-11,2026-11-11,,,,,,
Humour et one (wo)man show,Fabrice eboue,,SAINT-QUENTIN,02100,02, 02100 SAINT-QUENTIN,2026-11-20,2026-11-20,,,,,,
Bourses,Bourse Multicollections Hobby's Club,Salle de Verdun 3.Bd de Verdun 02100 Saint-quentin,SAINT-QUENTIN,02100,02,Salle de Verdun 3.Bd de Verdun 02100 Saint-quentin 02100 SAINT-QUENTIN,2026-11-22,2026-11-22,,,,,,
Spectacle et comedie musicale,Grease is the word,,SAINT-QUENTIN,02100,02, 02100 SAINT-QUENTIN,2026-11-27,2026-11-27,,,,,,
Concerts,The official blues brothers revue,,SAINT-QUENTIN,02100,02, 02100 SAINT-QUENTIN,2026-11-22,2026-11-22,,,,,,
Bals Danses,Bal dansant avec l'Orchestre Aldo FELICIANO,,GRISOLLES,02210,02, 02210 GRISOLLES,2026-12-03,2026-12-03,,,,,,
Foires,Foire aux oignons,Village Nogent-l'Artaud - 02310,NOGENT-L'ARTAUD,02310,02,Village Nogent-l'Artaud - 02310 02310 NOGENT-L'ARTAUD,2026-11-29,2026-11-29,,,,,,
Foires,Foire de la sainte Catherine,HIRSON,HIRSON,02500,02,HIRSON 02500 HIRSON,2026-11-28,2026-11-28,,,,,,
Marchés de Noël,CONDÉ VILLAGE DE NOËL,Centre Bourg,CONDE-EN-BRIE,02330,02,Centre Bourg 02330 CONDE-EN-BRIE,2026-12-05,2026-12-05,,,,,,
Marchés de Noël,Marché de Noël des artistes et des artisans d'art,Village Chauny - 02300,CHAUNY,02300,02,Village Chauny - 02300 02300 CHAUNY,2026-12-12,2026-12-12,,,,,,
Messes,Messe de Noël,Anizy le château,ANIZY-LE-CHATEAU,02320,02,Anizy le château 02320 ANIZY-LE-CHATEAU,2026-12-24,2026-12-24,,,,,,
Messes,Chauny Saint Martin Messe de Noel,Saint Martin 02300 Chauny,CHAUNY,02300,02,Saint Martin 02300 Chauny 02300 CHAUNY,2026-12-24,2026-12-24,,,,,,
Théatres,Les parents viennent de mars,,CHAUNY,02300,02, 02300 CHAUNY,2027-02-13,2027-02-13,,,,,,
Théatres,Secret(s) medical,,SAINT-QUENTIN,02100,02, 02100 SAINT-QUENTIN,2027-01-16,2027-01-16,,,,,,
Messes,Messe de Noël,"Eglise 2140 Plomion 02, Aisne, Hauts-de-France",PLOMION,02140,02,"Eglise 2140 Plomion 02, Aisne, Hauts-de-France 02140 PLOMION",2026-12-25,2026-12-25,,,,,,
Bourses,Bourse Multicollection du HOBBY'S CLUB,Salle de Verdun 3 boulevard de VERDUN,SAINT-QUENTIN,02100,02,Salle de Verdun 3 boulevard de VERDUN 02100 SAINT-QUENTIN,2027-02-28,2027-02-28,,,,,,
Brocantes,la traditionnelle brocante de Viels-Maisons,Viels Maisons,VIELS-MAISONS,02540,02,Viels Maisons 02540 VIELS-MAISONS,2027-03-14,2027-03-14,,,,,,
Concerts,WITH U2 DAY,,CHAUNY,02300,02, 02300 CHAUNY,2027-01-17,2027-01-17,,,,,,
Messes,Guignicourt Eglise Messe de Noel,Eglise 02190 Guignicourt,GUIGNICOURT,02190,02,Eglise 02190 Guignicourt 02190 GUIGNICOURT,2026-12-24,2026-12-24,,,,,,
Concerts,With u2 day,,CHAUNY,02300,02, 02300 CHAUNY,2027-01-17,2027-01-17,,,,,,
Humour et one (wo)man show,Arnaud tsamere,,SAINT-QUENTIN,02100,02, 02100 SAINT-QUENTIN,2027-03-19,2027-03-19,,,,,,
Bourses,LES VINYLIZIKS,gymnase Gilbert Roux rue Henri Barbusse 02100 Saint Quentin,SAINT-QUENTIN,02100,02,gymnase Gilbert Roux rue Henri Barbusse 02100 Saint Quentin 02100 SAINT-QUENTIN,2027-03-28,2027-03-28,,,,,,
Vide-greniers,Foire de pâques,Village Rozoy-sur-Serre,ROZOY-SUR-SERRE,02360,02,Village Rozoy-sur-Serre 02360 ROZOY-SUR-SERRE,2027-03-28,2027-03-28,,,,,,
Brocantes,brocante du printemps,Vlllage Seraucourt-le-Grand - 02790,SERAUCOURT-LE-GRAND,02790,02,Vlllage Seraucourt-le-Grand - 02790 02790 SERAUCOURT-LE-GRAND,2027-03-28,2027-03-28,,,,,,
Evènements,ANIZY LE CHATEAU Messe du jeudi saint,Anizy le château 2320 ANIZY LE CHATEAU,ANIZY-LE-CHATEAU,02320,02,Anizy le château 2320 ANIZY LE CHATEAU 02320 ANIZY-LE-CHATEAU,2027-03-25,2027-03-25,,,,,,
Humour et one (wo)man show,Paul de saint sernin,,SAINT-QUENTIN,02100,02, 02100 SAINT-QUENTIN,2027-04-04,2027-04-04,,,,,,
Humour et one (wo)man show,Blandine lehout,,SAINT-QUENTIN,02100,02, 02100 SAINT-QUENTIN,2027-04-04,2027-04-04,,,,,,
Humour et one (wo)man show,Booder,,SAINT-QUENTIN,02100,02, 02100 SAINT-QUENTIN,2027-04-10,2027-04-10,,,,,,
Brocantes,Brocante annuelle,village,MERCIN-ET-VAUX,02200,02,village 02200 MERCIN-ET-VAUX,2027-04-26,2027-04-26,,,,,,
Sorties Moto,Motocross National à Plomion,"Circuit la Comtesse 02140 Plomion, France",PLOMION,02140,02,"Circuit la Comtesse 02140 Plomion, France 02140 PLOMION",2027-04-04,2027-04-04,,,,,,
Fêtes médiévales,Les Seigneuriales de Coucy,"Les Seigneuriales de Coucy, Rue du Parc l'Hermitte 2380 Coucy-le-Château-Auffrique",COUCY-LE-CHATEAU-AUFFRIQUE,02380,02,"Les Seigneuriales de Coucy, Rue du Parc l'Hermitte 2380 Coucy-le-Château-Auffrique 02380 COUCY-LE-CHATEAU-AUFFRIQUE",2027-04-25,2027-04-25,,,,,,
Brocantes,Fête à Leuze,LEUZE Village,LEUZE,02500,02,LEUZE Village 02500 LEUZE,2027-04-26,2027-04-26,,,,,,
Vide-greniers,Vide-greniers et marché aux puces,,BEAUMONT-EN-BEINE,02300,02, 02300 BEAUMONT-EN-BEINE,2027-05-01,2027-05-01,,,,,,
Brocantes,Brocante,,CONDREN,02700,02, 02700 CONDREN,2027-05-01,2027-05-01,,,,,,
Fêtes locales,FÊTE DU TRAVAIL AU FAMILISTÈRE,Familistère Place du Familistère 02120 Guise 02260 Guise,GUISE,02120,02,Familistère Place du Familistère 02120 Guise 02260 Guise 02120 GUISE,2027-05-01,2027-05-01,,,,,,
Brocantes,fête du commerce et de l’artisanat,Village Pasly - 02200,PASLY,02200,02,Village Pasly - 02200 02200 PASLY,2027-05-01,2027-05-01,,,,,,
Brocantes,Le 1er mai brocante annuelle,Place Jean Valjean | Faverolles,FAVEROLLES,02600,02,Place Jean Valjean | Faverolles 02600 FAVEROLLES,2027-05-01,2027-05-01,,,,,,
Brocantes,Brocante,parc du donjon Septmonts - 02200,SEPTMONTS,02200,02,parc du donjon Septmonts - 02200 02200 SEPTMONTS,2027-05-01,2027-05-01,,,,,,
Fêtes locales,Fête du hameau de Richaumont,SAINS-RICHAUMONT,SAINS-RICHAUMONT,02120,02,SAINS-RICHAUMONT 02120 SAINS-RICHAUMONT,2027-05-14,2027-05-14,,,,,,
Brocantes,Brocante de la fête du village,BUCILLY foyer communal,BUCILLY,02500,02,BUCILLY foyer communal 02500 BUCILLY,2027-05-03,2027-05-03,,,,,,
Marchés de Producteurs,Marché aux Fleurs,Saint-Quentin - 02100,SAINT-QUENTIN,02100,02,Saint-Quentin - 02100 02100 SAINT-QUENTIN,2027-05-10,2027-05-10,,,,,,
Fêtes locales,DUCASSE,MENNEVRET,MENNEVRET,02630,02,MENNEVRET 02630 MENNEVRET,2027-05-09,2027-05-09,,,,,,
Manifestations Automobiles,Course de caisses à savon,St Quentin (02),SAINT-QUENTIN,02100,02,St Quentin (02) 02100 SAINT-QUENTIN,2027-05-03,2027-05-03,,,,,,
"Randonnées, Trail ou Running",Les Foulées de Leclerc Chambry,,CHAMBRY,02000,02, 02000 CHAMBRY,2027-05-10,2027-05-10,,,,,,
Fêtes locales,Ducasse,FESMY-LE-SART,FESMY-LE-SART,02450,02,FESMY-LE-SART 02450 FESMY-LE-SART,2027-05-14,2027-05-14,,,,,,
Fêtes locales,Fête du Muguet de Fère-en-Tardenois,Centre ville de Fère-en-Tardenois,FERE-EN-TARDENOIS,02130,02,Centre ville de Fère-en-Tardenois 02130 FERE-EN-TARDENOIS,2027-05-09,2027-05-09,,,,,,
Brocantes,Grande brocante,Mairie et ses alentours 02610 Moÿ-de-l'Aisne,MOY-DE-L'AISNE,02610,02,Mairie et ses alentours 02610 Moÿ-de-l'Aisne 02610 MOY-DE-L'AISNE,2027-05-17,2027-05-17,,,,,,
Fêtes locales,FÊTES RABELAIS,Village Chauny - 02300,CHAUNY,02300,02,Village Chauny - 02300 02300 CHAUNY,2027-05-16,2027-05-16,,,,,,
Messes,Pentecôte horaire de la messe,"Eglise 2190 La Malmaison 02, Aisne, Hauts-de-France",LA MALMAISON,02190,02,"Eglise 2190 La Malmaison 02, Aisne, Hauts-de-France 02190 LA MALMAISON",2027-05-24,2027-05-24,,,,,,
Manifestations Automobiles,Véhicules Anciens Circuit Historique de Laon et de l Aisne,Laon,LAON,02000,02,Laon 02000 LAON,2027-05-25,2027-05-25,,,,,,
Théatres,Les femmes ont toujours raison,,CHAUNY,02300,02, 02300 CHAUNY,2027-05-22,2027-05-22,,,,,,
Fêtes locales,fête patronale de la Pentecôte,Village Pinon - 02320,PINON,02320,02,Village Pinon - 02320 02320 PINON,2027-05-25,2027-05-25,,,,,,
Marchés de potiers,Soissons Marché des Potiers,Place du Cloître,SOISSONS,02200,02,Place du Cloître 02200 SOISSONS,2027-06-06,2027-06-06,,,,,,
Fêtes locales,Ducasse,JUSSY,JUSSY,02480,02,JUSSY 02480 JUSSY,2027-05-30,2027-05-30,,,,,,
Messes,Pentecôte horaire de la messe,"Mons en Laonnois 2000 Mons-en-Laonnois 02, Aisne, Hauts-de-France",MONS-EN-LAONNOIS,02000,02,"Mons en Laonnois 2000 Mons-en-Laonnois 02, Aisne, Hauts-de-France 02000 MONS-EN-LAONNOIS",2027-05-24,2027-05-24,,,,,,
Fêtes locales,Ducasse,LONGPONT,LONGPONT,02600,02,LONGPONT 02600 LONGPONT,2027-06-13,2027-06-13,,,,,,
Fêtes locales,Ducasse,FLUQUIERES,FLUQUIERES,02590,02,FLUQUIERES 02590 FLUQUIERES,2027-06-13,2027-06-13,,,,,,
Fêtes locales,Ducasse,GRUGIES,GRUGIES,02680,02,GRUGIES 02680 GRUGIES,2027-06-13,2027-06-13,,,,,,
Evènements VTT,VétifleTTe,Hippodrome International de La Capelle,LA CAPELLE,02260,02,Hippodrome International de La Capelle 02260 LA CAPELLE,2027-06-14,2027-06-14,,,,,,
Fêtes locales,Ducasse,VIERZY,VIERZY,02210,02,VIERZY 02210 VIERZY,2027-06-20,2027-06-20,,,,,,
Fêtes locales,Ducasse,DAMMARD,DAMMARD,02470,02,DAMMARD 02470 DAMMARD,2027-06-20,2027-06-20,,,,,,
Fêtes locales,Ducasse,ORIGNY-EN-THIERACHE,ORIGNY-EN-THIERACHE,02550,02,ORIGNY-EN-THIERACHE 02550 ORIGNY-EN-THIERACHE,2027-06-20,2027-06-20,,,,,,
Brocantes,Brocante,place et rues du village,GIZY,02350,02,place et rues du village 02350 GIZY,2027-06-21,2027-06-21,,,,,,
Vide-greniers,fête de l´asperge,village,GIZY,02350,02,village 02350 GIZY,2027-06-21,2027-06-21,,,,,,
Fêtes locales,Ducasse,BELLICOURT,BELLICOURT,02420,02,BELLICOURT 02420 BELLICOURT,2027-06-20,2027-06-20,,,,,,
Fêtes locales,Fêtes Jean de La Fontaine,FabLab 53 rue Paul Doucet 02400 CHATEAU THIERRY,CHATEAU-THIERRY,02400,02,FabLab 53 rue Paul Doucet 02400 CHATEAU THIERRY 02400 CHATEAU-THIERRY,2027-06-27,2027-06-27,,,,,,
Brocantes,Brocante,Rue Drouot 02800 La Fère,LA FERE,02800,02,Rue Drouot 02800 La Fère 02800 LA FERE,2027-07-05,2027-07-05,,,,,,
Fêtes locales,Fête des spéléos à Coyolles (Aisne),Ancienne Halte SNCF de Boursonne-Coyolles (Aisne) 02600 Coyolles,COYOLLES,02600,02,Ancienne Halte SNCF de Boursonne-Coyolles (Aisne) 02600 Coyolles 02600 COYOLLES,2027-07-05,2027-07-05,,,,,,
Feux d'artifice,Les feux d'artifice Fête du 14 juillet,Anizy-le-Grand,ANIZY-LE-CHATEAU,02320,02,Anizy-le-Grand 02320 ANIZY-LE-CHATEAU,2027-07-13,2027-07-13,,,,,,
Fêtes locales,FETE DU HAUT,SAINS-RICHAUMONT,SAINS-RICHAUMONT,02120,02,SAINS-RICHAUMONT 02120 SAINS-RICHAUMONT,2027-07-11,2027-07-11,,,,,,
Feux d'artifice,feu artifice,Athies-sous-Laon,ATHIES-SOUS-LAON,02840,02,Athies-sous-Laon 02840 ATHIES-SOUS-LAON,2027-07-13,2027-07-13,,,,,,
Feux d'artifice,feu artifice,Beaurieux,BEAURIEUX,02160,02,Beaurieux 02160 BEAURIEUX,2027-07-13,2027-07-13,,,,,,
Feux d'artifice,Les feux d'artifice Fête du 14 juillet,Bézu-Saint-Germain,BEZU-SAINT-GERMAIN,02400,02,Bézu-Saint-Germain 02400 BEZU-SAINT-GERMAIN,2027-07-13,2027-07-13,,,,,,
Feux d'artifice,Les feux d'artifice Fête du 14 juillet,Barisis-aux-Bois,BARISIS,02700,02,Barisis-aux-Bois 02700 BARISIS,2027-07-13,2027-07-13,,,,,,
Feux d'artifice,Les feux d'artifice Fête du 14 juillet,Bohain-en-Vermandois,BOHAIN-EN-VERMANDOIS,02110,02,Bohain-en-Vermandois 02110 BOHAIN-EN-VERMANDOIS,2027-07-13,2027-07-13,,,,,,
Feux d'artifice,Les feux d'artifice Fête du 14 juillet,Corbeny,CORBENY,02820,02,Corbeny 02820 CORBENY,2027-07-13,2027-07-13,,,,,,
Feux d'artifice,Feu d'artifice : 13 juillet,,CHEZY-SUR-MARNE,02570,02, 02570 CHEZY-SUR-MARNE,2027-07-13,2027-07-13,,,,,,
Feux d'artifice,Les feux d'artifice Fête du 14 juillet,Fontaine-lès-Vervins,FONTAINE-LES-VERVINS,02140,02,Fontaine-lès-Vervins 02140 FONTAINE-LES-VERVINS,2027-07-13,2027-07-13,,,,,,
Feux d'artifice,Les feux d'artifice Fête du 14 juillet,Courmelles,COURMELLES,02200,02,Courmelles 02200 COURMELLES,2027-07-13,2027-07-13,,,,,,
Feux d'artifice,Les feux d'artifice Fête du 14 juillet,Chauny,CHAUNY,02300,02,Chauny 02300 CHAUNY,2027-07-13,2027-07-13,,,,,,
Feux d'artifice,Les feux d'artifice Fête du 14 juillet,Fère-en-Tardenois,FERE-EN-TARDENOIS,02130,02,Fère-en-Tardenois 02130 FERE-EN-TARDENOIS,2027-07-13,2027-07-13,,,,,,
Feux d'artifice,Les feux d'artifice Fête du 14 juillet,Gauchy,GAUCHY,02430,02,Gauchy 02430 GAUCHY,2027-07-13,2027-07-13,,,,,,
Feux d'artifice,Les feux d'artifice Fête du 14 juillet,Fresnoy-le-Grand,FRESNOY-LE-GRAND,02230,02,Fresnoy-le-Grand 02230 FRESNOY-LE-GRAND,2027-07-13,2027-07-13,,,,,,
Feux d'artifice,Les feux d'artifice Fête du 14 juillet,Condé-en-Brie,CONDE-EN-BRIE,02330,02,Condé-en-Brie 02330 CONDE-EN-BRIE,2027-07-13,2027-07-13,,,,,,
Feux d'artifice,Les feux d'artifice Fête du 14 juillet,Gandelu,GANDELU,02810,02,Gandelu 02810 GANDELU,2027-07-13,2027-07-13,,,,,,
Feux d'artifice,Les feux d'artifice Fête du 14 juillet,Itancourt,ITANCOURT,02240,02,Itancourt 02240 ITANCOURT,2027-07-13,2027-07-13,,,,,,
Feux d'artifice,Les feux d'artifice Fête du 14 juillet,Guise,GUISE,02120,02,Guise 02120 GUISE,2027-07-13,2027-07-13,,,,,,
Feux d'artifice,Les feux d'artifice Fête du 14 juillet,Liesse-Notre-Dame,LIESSE-NOTRE-DAME,02350,02,Liesse-Notre-Dame 02350 LIESSE-NOTRE-DAME,2027-07-13,2027-07-13,,,,,,
Feux d'artifice,feu artifice,Guignicourt,GUIGNICOURT,02190,02,Guignicourt 02190 GUIGNICOURT,2027-07-13,2027-07-13,,,,,,
Feux d'artifice,feu artifice,Marchais,MARCHAIS,02350,02,Marchais 02350 MARCHAIS,2027-07-13,2027-07-13,,,,,,
Feux d'artifice,Les feux d'artifice Fête du 14 juillet,Le Nouvion-en-Thiérache,LE NOUVION-EN-THIERACHE,02170,02,Le Nouvion-en-Thiérache 02170 LE NOUVION-EN-THIERACHE,2027-07-13,2027-07-13,,,,,,
Feux d'artifice,Les feux d'artifice Fête du 14 juillet,Marle,MARLE,02250,02,Marle 02250 MARLE,2027-07-13,2027-07-13,,,,,,
Feux d'artifice,Un beau feu d'artifice,,SAINT-ERME-OUTRE-ET-RAMECOURT,02820,02, 02820 SAINT-ERME-OUTRE-ET-RAMECOURT,2027-07-13,2027-07-13,,,,,,
Feux d'artifice,Les feux d'artifice Fête du 14 juillet,Saint-Simon,SAINT-SIMON,02640,02,Saint-Simon 02640 SAINT-SIMON,2027-07-13,2027-07-13,,,,,,
Feux d'artifice,feu artifice,Tergnier,TERGNIER,02700,02,Tergnier 02700 TERGNIER,2027-07-13,2027-07-13,,,,,,
Feux d'artifice,feu artifice,Sissonne,SISSONNE,02150,02,Sissonne 02150 SISSONNE,2027-07-13,2027-07-13,,,,,,
Feux d'artifice,Les feux d'artifice Fête du 14 juillet,Vailly-sur-Aisne,VAILLY-SUR-AISNE,02370,02,Vailly-sur-Aisne 02370 VAILLY-SUR-AISNE,2027-07-13,2027-07-13,,,,,,
Feux d'artifice,Les feux d'artifice Fête du 14 juillet,Vermand,VERMAND,02490,02,Vermand 02490 VERMAND,2027-07-13,2027-07-13,,,,,,
Feux d'artifice,Les feux d'artifice Fête du 14 juillet,Villers-Cotterêts,VILLERS-COTTERETS,02600,02,Villers-Cotterêts 02600 VILLERS-COTTERETS,2027-07-13,2027-07-13,,,,,,
Vide-greniers,vide-greniers,,BELLICOURT,02420,02, 02420 BELLICOURT,2027-07-14,2027-07-14,,,,,,
Vide-greniers,vide-greniers,,COEUVRES-ET-VALSERY,02600,02, 02600 COEUVRES-ET-VALSERY,2027-07-14,2027-07-14,,,,,,
Vide-greniers,vide-greniers,stade municipal,BARENTON-BUGNY,02000,02,stade municipal 02000 BARENTON-BUGNY,2027-07-14,2027-07-14,,,,,,
Vide-greniers,vide-greniers,,MARLE,02250,02, 02250 MARLE,2027-07-14,2027-07-14,,,,,,
Feux d'artifice,Les feux d'artifice Fête du 14 juillet,Braine,BRAINE,02220,02,Braine 02220 BRAINE,2027-07-14,2027-07-14,,,,,,
Vide-greniers,vide-greniers,,BERGUES-SUR-SAMBRE,02450,02, 02450 BERGUES-SUR-SAMBRE,2027-07-14,2027-07-14,,,,,,
Vide-greniers,Vide-greniers et marché aux puces,,MOLINCHART,02000,02, 02000 MOLINCHART,2027-07-14,2027-07-14,,,,,,
Feux d'artifice,Feu d'artifice,bord de marne Jaulgonne - 02850,JAULGONNE,02850,02,bord de marne Jaulgonne - 02850 02850 JAULGONNE,2027-07-14,2027-07-14,,,,,,
Feux d'artifice,Les feux d'artifice Fête du 14 juillet,Laon,LAON,02000,02,Laon 02000 LAON,2027-07-14,2027-07-14,,,,,,
Vide-greniers,vide-greniers,,NANTEUIL-NOTRE-DAME,02210,02, 02210 NANTEUIL-NOTRE-DAME,2027-07-14,2027-07-14,,,,,,
Vide-greniers,vide-greniers,,LE NOUVION-EN-THIERACHE,02170,02, 02170 LE NOUVION-EN-THIERACHE,2027-07-14,2027-07-14,,,,,,
Fêtes locales,14 juillet - Fête à Moy-de-l'Aisne,Village 02610 Moÿ-de-l'Aisne,MOY-DE-L'AISNE,02610,02,Village 02610 Moÿ-de-l'Aisne 02610 MOY-DE-L'AISNE,2027-07-14,2027-07-14,,,,,,
Vide-greniers,vide-greniers,,ORIGNY-EN-THIERACHE,02550,02, 02550 ORIGNY-EN-THIERACHE,2027-07-14,2027-07-14,,,,,,
Fêtes locales,Fête nationale,Place Sohier 02140 Vervins,VERVINS,02140,02,Place Sohier 02140 Vervins 02140 VERVINS,2027-07-14,2027-07-14,,,,,,
Vide-greniers,vide-greniers,,NEUILLY-SAINT-FRONT,02470,02, 02470 NEUILLY-SAINT-FRONT,2027-07-14,2027-07-14,,,,,,
Feux d'artifice,FÊTE DU 14 JUILLET À POMMIERS,02200 Pommiers,POMMIERS,02200,02,02200 Pommiers 02200 POMMIERS,2027-07-14,2027-07-14,,,,,,
Loisirs et tourisme,Cite de la langue française,,VILLERS-COTTERETS,02600,02, 02600 VILLERS-COTTERETS,2027-12-31,2027-12-31,,,,,,
Marchés,&#129365; Marché hebdomadaire,Le Donjon place de la République,LE DONJON,03130,03,Le Donjon place de la République 03130 LE DONJON,2026-07-21,2026-07-21,,,,,,
Marchés,marché mardi,Pré Salé Bellerive-sur-Allier - 03700,BELLERIVE-SUR-ALLIER,03700,03,Pré Salé Bellerive-sur-Allier - 03700 03700 BELLERIVE-SUR-ALLIER,2026-07-21,2026-07-21,,,,,,
Visites Portes Ouvertes,Visites guidées de la Ville,LAPALISSE,LAPALISSE,03120,03,LAPALISSE 03120 LAPALISSE,2026-07-21,2026-07-21,,,,,,
Marchés,Marché de Taxat-Senat,"Place de l'église, 03140 Taxat-Senat",TAXAT-SENAT,03140,03,"Place de l'église, 03140 Taxat-Senat 03140 TAXAT-SENAT",2026-07-21,2026-07-21,,,,,,
Marchés,Marché hebdomadaire,Bourg place Jean Thomas de Trévol,TREVOL,03460,03,Bourg place Jean Thomas de Trévol 03460 TREVOL,2026-07-21,2026-07-21,,,,,,
Marchés,Grand Marché,Grand Marché Place Pierre Victor Léger 3200 Vichy,VICHY,03200,03,Grand Marché Place Pierre Victor Léger 3200 Vichy 03200 VICHY,2026-07-21,2026-07-21,,,,,,
Marchés,Marché mardi,COURS LAFAYETTE Cusset - 03300,CUSSET,03300,03,COURS LAFAYETTE Cusset - 03300 03300 CUSSET,2026-07-21,2026-07-21,,,,,,
Marchés nocturnes,marché hebdomadaire nocturne,COURS LAFAYETTECusset - 03300,CUSSET,03300,03,COURS LAFAYETTECusset - 03300 03300 CUSSET,2026-07-21,2026-07-21,,,,,,
Marchés,Jour de marché : mardi matin,place du marché,COSNE-D'ALLIER,03430,03,place du marché 03430 COSNE-D'ALLIER,2026-07-21,2026-07-21,,,,,,
Marchés,Marché du mercredi,"Le Mazier, Bourbon L'Archambault 19 rue de la république 03160 Bourbon L'Archambault",BOURBON-L'ARCHAMBAULT,03160,03,"Le Mazier, Bourbon L'Archambault 19 rue de la république 03160 Bourbon L'Archambault 03160 BOURBON-L'ARCHAMBAULT",2026-07-22,2026-07-22,,,,,,
Marchés,Le mardi c'est marché,AINAY-LE-CHÂTEAU PLACE DU FAUBOURG,AINAY-LE-CHATEAU,03360,03,AINAY-LE-CHÂTEAU PLACE DU FAUBOURG 03360 AINAY-LE-CHATEAU,2026-07-21,2026-07-21,,,,,,
Marchés de Producteurs,Marchés de producteurs,local dédié à la Lande 03320 Couleuvre,COULEUVRE,03320,03,local dédié à la Lande 03320 Couleuvre 03320 COULEUVRE,2026-07-22,2026-07-22,,,,,,
Fêtes médiévales,Les Médiévales de Billy,Les Médiévales de Billy 5 Rue du Château Forteresse de Billy 3260 Billy,BILLY,03260,03,Les Médiévales de Billy 5 Rue du Château Forteresse de Billy 3260 Billy 03260 BILLY,2026-07-22,2026-07-22,,,,,,
Marchés,MARCHÉ LOCAL,Place Leclerc Lapalisse,LAPALISSE,03120,03,Place Leclerc Lapalisse 03120 LAPALISSE,2026-07-23,2026-07-23,,,,,,
Marchés,Marché hebdomadaire,"PLACE DE L’HÔTEL DE VILLE 03350 Cérilly, Allier, Auvergne-Rhône-Alpes, France",CERILLY,03350,03,"PLACE DE L’HÔTEL DE VILLE 03350 Cérilly, Allier, Auvergne-Rhône-Alpes, France 03350 CERILLY",2026-07-23,2026-07-23,,,,,,
Marchés,Marché hebdomadaire,Place Louis Ganne Buxières-les-Mines - 03440,BUXIERES-LES-MINES,03440,03,Place Louis Ganne Buxières-les-Mines - 03440 03440 BUXIERES-LES-MINES,2026-07-22,2026-07-22,,,,,,
Marchés,Jour de marché,PLACE JULES FERRY,YZEURE,03400,03,PLACE JULES FERRY 03400 YZEURE,2026-07-22,2026-07-22,,,,,,
Marchés,Jours de marché,"place Pasteur 03800 Gannat, Allier, Auvergne-Rhône-Alpes",GANNAT,03800,03,"place Pasteur 03800 Gannat, Allier, Auvergne-Rhône-Alpes 03800 GANNAT",2026-07-22,2026-07-22,,,,,,
Marchés de Producteurs,Marché de producteurs,Huriel,HURIEL,03380,03,Huriel 03380 HURIEL,2026-07-24,2026-07-24,,,,,,
Marchés,MARCHÉ DU VILLAGE,centre bourg,ETROUSSAT,03140,03,centre bourg 03140 ETROUSSAT,2026-07-23,2026-07-23,,,,,,
Marchés de Producteurs,marché de producteurs,,DESERTINES,03630,03, 03630 DESERTINES,2026-07-24,2026-07-24,,,,,,
Marchés,Marché hebdomadaire,PLACE DU CHAMP DE FOIRE,LE MONTET,03240,03,PLACE DU CHAMP DE FOIRE 03240 LE MONTET,2026-07-23,2026-07-23,,,,,,
Marchés,Marché Hebdomadaire,,DOMERAT,03410,03, 03410 DOMERAT,2026-07-24,2026-07-24,,,,,,
Marchés,Marché hebdomadaire,HALLE DU MARCHÉ ESPLANADE DU JUMELAGE,AVERMES,03000,03,HALLE DU MARCHÉ ESPLANADE DU JUMELAGE 03000 AVERMES,2026-07-25,2026-07-25,,,,,,
Marchés,MARCHÉ LOCAL,Place de la Libération 03260 Saint-Germain-des-Fossés,SAINT-GERMAIN-DES-FOSSES,03260,03,Place de la Libération 03260 Saint-Germain-des-Fossés 03260 SAINT-GERMAIN-DES-FOSSES,2026-07-24,2026-07-24,,,,,,
Marchés,Le marché hebdomadaire du vendredi matin,centre ville,COMMENTRY,03600,03,centre ville 03600 COMMENTRY,2026-07-24,2026-07-24,,,,,,
Fêtes locales,Fête de la Sainte Anne,Le Bourg 3230 La Chapelle-aux-Chasses,LA CHAPELLE-AUX-CHASSES,03230,03,Le Bourg 3230 La Chapelle-aux-Chasses 03230 LA CHAPELLE-AUX-CHASSES,2026-07-25,2026-07-25,,,,,,
Fêtes locales,FÊTE DES CHAVANS,Embraud 03320 Château-sur-Allier,CHATEAU-SUR-ALLIER,03320,03,Embraud 03320 Château-sur-Allier 03320 CHATEAU-SUR-ALLIER,2026-07-25,2026-07-25,,,,,,
Marchés,marché samedi,Pré Salé Bellerive-sur-Allier - 03700,BELLERIVE-SUR-ALLIER,03700,03,Pré Salé Bellerive-sur-Allier - 03700 03700 BELLERIVE-SUR-ALLIER,2026-07-25,2026-07-25,,,,,,
Marchés,Marché hebdomadaire,03290 dompierre sur besbre,DOMPIERRE-SUR-BESBRE,03290,03,03290 dompierre sur besbre 03290 DOMPIERRE-SUR-BESBRE,2026-07-25,2026-07-25,,,,,,
Marchés,Samedi venez au marché,"marché couvert, Cours de la République 03800 Gannat, Allier, Auvergne-Rhône-Alpes",GANNAT,03800,03,"marché couvert, Cours de la République 03800 Gannat, Allier, Auvergne-Rhône-Alpes 03800 GANNAT",2026-07-25,2026-07-25,,,,,,
Bals Danses,Dansez à Saint-Palais (03),Saint-Palais&nbsp;(03),SAINT-PALAIS,03370,03,Saint-Palais&nbsp;(03) 03370 SAINT-PALAIS,2026-07-26,2026-07-26,,,,,,
Vide-greniers,Vide-greniers,Bourg,FERRIERES-SUR-SICHON,03250,03,Bourg 03250 FERRIERES-SUR-SICHON,2026-07-26,2026-07-26,,,,,,
Feux d'artifice,Spectacle Pyrotechnique,Tronget,TRONGET,03240,03,Tronget 03240 TRONGET,2026-07-26,2026-07-26,,,,,,
Fêtes locales,TRONGET EN FÊTE,Plan d'eau Plan d'eau de Tronget 03240 Tronget,TRONGET,03240,03,Plan d'eau Plan d'eau de Tronget 03240 Tronget 03240 TRONGET,2026-07-25,2026-07-25,,,,,,
Marchés de créateurs,Marché d'antan,Village 03420 Arpheuilles-Saint-Priest,ARPHEUILLES-SAINT-PRIEST,03420,03,Village 03420 Arpheuilles-Saint-Priest 03420 ARPHEUILLES-SAINT-PRIEST,2026-07-26,2026-07-26,,,,,,
Fêtes locales,JOURNÉE DES ARTISTES ET ARTISANS,Charroux - 03140,CHARROUX,03140,03,Charroux - 03140 03140 CHARROUX,2026-08-02,2026-08-02,,,,,,
Fêtes locales,Fête patronale,Salle des fêtes Lily 3120 Saint-Christophe,SAINT-CHRISTOPHE,03120,03,Salle des fêtes Lily 3120 Saint-Christophe 03120 SAINT-CHRISTOPHE,2026-07-25,2026-07-25,,,,,,
Vide-greniers,Vide-greniers,,COSNE-D'ALLIER,03430,03, 03430 COSNE-D'ALLIER,2026-08-02,2026-08-02,,,,,,
Marchés aux puces,Les puces Montluçonnaises,Les Berges du Cher Quai Rouget de L'Isle 3100 Montluçon,MONTLUCON,03100,03,Les Berges du Cher Quai Rouget de L'Isle 3100 Montluçon 03100 MONTLUCON,2026-08-02,2026-08-02,,,,,,
Messes,Horaire messe,Village Molinet - 03510,MOLINET,03510,03,Village Molinet - 03510 03510 MOLINET,2026-08-02,2026-08-02,,,,,,
Vide-greniers,Vide-greniers brocante,"Maison des Jeunes, Bourg",DEUX-CHAISES,03240,03,"Maison des Jeunes, Bourg 03240 DEUX-CHAISES",2026-08-02,2026-08-02,,,,,,
Brocantes,marché aux puces,Quai Rouget de L'Isle 03100 Montluçon,MONTLUCON,03100,03,Quai Rouget de L'Isle 03100 Montluçon 03100 MONTLUCON,2026-08-02,2026-08-02,,,,,,
Foires,Foire mensuelle,"place Pasteur et marché au marché couvert 03800 Gannat, Allier, Auvergne-Rhône-Alpes",GANNAT,03800,03,"place Pasteur et marché au marché couvert 03800 Gannat, Allier, Auvergne-Rhône-Alpes 03800 GANNAT",2026-08-02,2026-08-02,,,,,,
Foires,Foire mensuelle,3290 Dompierre-sur-Besbre,DOMPIERRE-SUR-BESBRE,03290,03,3290 Dompierre-sur-Besbre 03290 DOMPIERRE-SUR-BESBRE,2026-08-02,2026-08-02,,,,,,
Manifestations Automobiles,Rassemblement mensuel véhicules américains,Domerat (03) - Parking de l’Aérodrome de Montluçon-Domérat à Villars,DOMERAT,03410,03,Domerat (03) - Parking de l’Aérodrome de Montluçon-Domérat à Villars 03410 DOMERAT,2026-08-03,2026-08-03,,,,,,
Fêtes locales,Fête Patronale,Saint ETIENNE-DE VICQ,SAINT-ETIENNE-DE-VICQ,03300,03,Saint ETIENNE-DE VICQ 03300 SAINT-ETIENNE-DE-VICQ,2026-08-02,2026-08-02,,,,,,
Bourses,Mini Bourse Mensuelle,Salle Jean Monnier 30 rue du Champ-feuillet SAINT POURCAIN SUR SIOULE,SAINT-POURCAIN-SUR-SIOULE,03500,03,Salle Jean Monnier 30 rue du Champ-feuillet SAINT POURCAIN SUR SIOULE 03500 SAINT-POURCAIN-SUR-SIOULE,2026-08-02,2026-08-02,,,,,,
Marchés,Foire mensuelle,place aux Foires,LE MAYET-DE-MONTAGNE,03250,03,place aux Foires 03250 LE MAYET-DE-MONTAGNE,2026-08-04,2026-08-04,,,,,,
Vide-greniers,Vide-greniers,Bourg,CHAZEMAIS,03370,03,Bourg 03370 CHAZEMAIS,2026-08-03,2026-08-03,,,,,,
Foires,Foire traditionnelle,place du marché,COSNE-D'ALLIER,03430,03,place du marché 03430 COSNE-D'ALLIER,2026-08-05,2026-08-05,,,,,,
Vide-greniers,Braderie-brocante,Places et rues du bourg,CERILLY,03350,03,Places et rues du bourg 03350 CERILLY,2026-08-08,2026-08-08,,,,,,
Vide-greniers,Vide-greniers brocante,Bourg,BEAUNE-D'ALLIER,03390,03,Bourg 03390 BEAUNE-D'ALLIER,2026-08-09,2026-08-09,,,,,,
Bals Danses,Soirée Guinguette,Plan d'eau 3470 Pierrefitte-sur-Loire,PIERREFITTE-SUR-LOIRE,03470,03,Plan d'eau 3470 Pierrefitte-sur-Loire 03470 PIERREFITTE-SUR-LOIRE,2026-08-08,2026-08-08,,,,,,
Vide-greniers,Brocante de la St. Laurent,"Place, terrain de sport",CHATEL-DE-NEUVRE,03500,03,"Place, terrain de sport 03500 CHATEL-DE-NEUVRE",2026-08-09,2026-08-09,,,,,,
Marchés de Producteurs,Marché du terroir,Le Bourg 03160 Saint-Léopardin-d'Augy,SAINT-LEOPARDIN-D'AUGY,03160,03,Le Bourg 03160 Saint-Léopardin-d'Augy 03160 SAINT-LEOPARDIN-D'AUGY,2026-08-05,2026-08-05,,,,,,
Vide-greniers,Vide greniers brocante,Centre Ville,VALLON-EN-SULLY,03190,03,Centre Ville 03190 VALLON-EN-SULLY,2026-08-09,2026-08-09,,,,,,
Vide-greniers,Vide greniers brocante,Esplanade Salle des Fêtes,NOYANT-D'ALLIER,03210,03,Esplanade Salle des Fêtes 03210 NOYANT-D'ALLIER,2026-08-09,2026-08-09,,,,,,
Foires,Foire aux béliers,place du marché,COSNE-D'ALLIER,03430,03,place du marché 03430 COSNE-D'ALLIER,2026-08-11,2026-08-11,,,,,,
Vide-greniers,Vide-greniers,Centre ville,COMMENTRY,03600,03,Centre ville 03600 COMMENTRY,2026-08-15,2026-08-15,,,,,,
Vide-greniers,Vide-greniers 15 août,Place du village,AGONGES,03210,03,Place du village 03210 AGONGES,2026-08-15,2026-08-15,,,,,,
Brocantes,"Brocante, fête foraine et Feu d'artifice","Brocante, fête foraine et Feu d'artifice Étang de Saint-Bonnet-Tronçais 3360 Saint-Bonnet-Tronçais",SAINT-BONNET-TRONCAIS,03360,03,"Brocante, fête foraine et Feu d'artifice Étang de Saint-Bonnet-Tronçais 3360 Saint-Bonnet-Tronçais 03360 SAINT-BONNET-TRONCAIS",2026-08-15,2026-08-15,,,,,,
Vide-greniers,Brocante 15 août,Place de la Source intermittente,BELLERIVE-SUR-ALLIER,03700,03,Place de la Source intermittente 03700 BELLERIVE-SUR-ALLIER,2026-08-15,2026-08-15,,,,,,
Fêtes locales,FETE DU COU DE L'OIE 15 AOUT ARFEUILLES,champ de foire - 03120 Arfeuilles,ARFEUILLES,03120,03,champ de foire - 03120 Arfeuilles 03120 ARFEUILLES,2026-08-15,2026-08-15,,,,,,
Fêtes locales,Fête du 15 août,Fête du 15 août Salle des fêtes 3260 Marcenat,MARCENAT,03260,03,Fête du 15 août Salle des fêtes 3260 Marcenat 03260 MARCENAT,2026-08-15,2026-08-15,,,,,,
Vide-greniers,Vide-greniers 15 aout,Bourg,VIEURE,03430,03,Bourg 03430 VIEURE,2026-08-15,2026-08-15,,,,,,
Vide-greniers,Vide greniers brocante,Bourg,LE THEIL,03240,03,Bourg 03240 LE THEIL,2026-08-15,2026-08-15,,,,,,
Fêtes locales,fête patronale du 15 août,Le Veurdre,LE VEURDRE,03320,03,Le Veurdre 03320 LE VEURDRE,2026-08-15,2026-08-15,,,,,,
Vide-greniers,Vide-greniers,Champ de Foire,LE VEURDRE,03320,03,Champ de Foire 03320 LE VEURDRE,2026-08-15,2026-08-15,,,,,,
Vide-greniers,Vide-greniers,ancien camping,MEAULNE,03360,03,ancien camping 03360 MEAULNE,2026-08-15,2026-08-15,,,,,,
Feux d'artifice,Feu D'artifice 15 aout,esplanade du lac d'Allier vichy,VICHY,03200,03,esplanade du lac d'Allier vichy 03200 VICHY,2026-08-15,2026-08-15,,,,,,
Vide-greniers,Vide greniers brocante,"Bourg, Parc du Plessis",LE DONJON,03130,03,"Bourg, Parc du Plessis 03130 LE DONJON",2026-08-15,2026-08-15,,,,,,
Vide-greniers,Vide greniers brocante 15 aout,Bourg,VENAS,03190,03,Bourg 03190 VENAS,2026-08-15,2026-08-15,,,,,,
Vide-greniers,Vide-greniers brocante,l’étang de Moulins,SAINT-GERAND-DE-VAUX,03340,03,l’étang de Moulins 03340 SAINT-GERAND-DE-VAUX,2026-08-16,2026-08-16,,,,,,
Vide-greniers,Vide-greniers,Bourg,HERISSON,03190,03,Bourg 03190 HERISSON,2026-08-16,2026-08-16,,,,,,
Fêtes locales,LA FOIRE AUX PANIERS aout LE-MAYET-DE-MONTAGNE,Place de l'église Le Mayet-de-Montagne - 03250,LE MAYET-DE-MONTAGNE,03250,03,Place de l'église Le Mayet-de-Montagne - 03250 03250 LE MAYET-DE-MONTAGNE,2026-08-16,2026-08-16,,,,,,
Fêtes locales,La Fête du Vijon,Cœur de ville,COMMENTRY,03600,03,Cœur de ville 03600 COMMENTRY,2026-08-21,2026-08-24,,,,,,
Vide-greniers,Brocante de la Foire de Talenne,,COULANGES,03470,03, 03470 COULANGES,2026-08-29,2026-08-29,,,,,,
Festivals,Vide greniers,Bourg 3310 Saint-Genest,SAINT-GENEST,03310,03,Bourg 3310 Saint-Genest 03310 SAINT-GENEST,2026-08-23,2026-08-23,,,,,,
Foires,FOIRE AUX ÂNES,Village,BRAIZE,03360,03,Village 03360 BRAIZE,2026-08-30,2026-08-30,,,,,,
Vide-greniers,"Brocante, Fête aux ânes",La Cornille,BRAIZE,03360,03,La Cornille 03360 BRAIZE,2026-08-30,2026-08-30,,,,,,
Fêtes locales,Fête Patronale,Le bourg 3360 Meaulne-Vitray,MEAULNE,03360,03,Le bourg 3360 Meaulne-Vitray 03360 MEAULNE,2026-08-22,2026-08-22,,,,,,
Foires,Foire de Talenne,COULANGES,COULANGES,03470,03,COULANGES 03470 COULANGES,2026-08-29,2026-08-29,,,,,,
Fêtes locales,Bacchus en Fête,Bacchus en Fête Centre Bourg - Parking centre Albert Poncet 3410 Domérat,DOMERAT,03410,03,Bacchus en Fête Centre Bourg - Parking centre Albert Poncet 3410 Domérat 03410 DOMERAT,2026-09-05,2026-09-05,,,,,,
Vide-greniers,Vide-greniers brocante,Bourg,AUTRY-ISSARDS,03210,03,Bourg 03210 AUTRY-ISSARDS,2026-09-06,2026-09-06,,,,,,
Vide-greniers,Vide-greniers brocante,Parc du Château de Panloup,YZEURE,03400,03,Parc du Château de Panloup 03400 YZEURE,2026-08-30,2026-08-30,,,,,,
Fêtes locales,Fête Patronale,Centre du village,MARCILLAT-EN-COMBRAILLE,03420,03,Centre du village 03420 MARCILLAT-EN-COMBRAILLE,2026-09-05,2026-09-05,,,,,,
Vide-greniers,Vide greniers brocante,Bourg,BILLY,03260,03,Bourg 03260 BILLY,2026-09-06,2026-09-06,,,,,,
Annonces cyclistes et cyclosportives,CLASSIC JEAN PATRICK DUBUISSON,DESERTINES,DESERTINES,03630,03,DESERTINES 03630 DESERTINES,2026-09-06,2018-09-16,,,,,,
Vide-greniers,Brocante de la fête patronale,Village Molinet - 03510,MOLINET,03510,03,Village Molinet - 03510 03510 MOLINET,2026-09-12,2026-09-12,,,,,,
Fêtes locales,fête patronale,Village Molinet - 03510,MOLINET,03510,03,Village Molinet - 03510 03510 MOLINET,2026-09-12,2026-09-12,,,,,,
Brocantes,"Brocante, marché artisanal",Bourg,AUROUER,03460,03,Bourg 03460 AUROUER,2026-09-13,2026-09-13,,,,,,
Vide-greniers,Vide-greniers brocante,Place de la Gare,DIOU,03290,03,Place de la Gare 03290 DIOU,2026-09-06,2026-09-06,,,,,,
Théatres,Coup de bluff au cabaret,,BOURBON-L'ARCHAMBAULT,03160,03, 03160 BOURBON-L'ARCHAMBAULT,2026-09-12,2026-09-12,,,,,,
Fêtes locales,Fête Patronale,LAPALISSE,LAPALISSE,03120,03,LAPALISSE 03120 LAPALISSE,2026-09-12,2026-09-12,,,,,,
Concerts,Putain de Renaud,Centre Athanor - Salle Omega Rue Pablo Picasso 3100 MONTLUÇON,MONTLUCON,03100,03,Centre Athanor - Salle Omega Rue Pablo Picasso 3100 MONTLUÇON 03100 MONTLUCON,2026-09-12,2027-12-18,,,,,,
Vide-greniers,Vide-greniers,Place de l'Église,MARCENAT,03260,03,Place de l'Église 03260 MARCENAT,2026-09-13,2026-09-13,,,,,,
Brocantes,Brocante,Place de l'église 3260 Marcenat,MARCENAT,03260,03,Place de l'église 3260 Marcenat 03260 MARCENAT,2026-09-13,2026-09-13,,,,,,
Vide-greniers,Vide-greniers,Bourg,TOULON-SUR-ALLIER,03400,03,Bourg 03400 TOULON-SUR-ALLIER,2026-09-13,2026-09-13,,,,,,
Vide-greniers,Vide greniers brocante,Hameau de la Dure,SAINT-VICTOR,03410,03,Hameau de la Dure 03410 SAINT-VICTOR,2026-09-13,2026-09-13,,,,,,
Annonces cyclistes et cyclosportives,GRAND PRIX DE VARENNES SUR ALLIER,VARENNES SUR ALLIER,VARENNES-SUR-ALLIER,03150,03,VARENNES SUR ALLIER 03150 VARENNES-SUR-ALLIER,2026-09-19,2026-09-19,,,,,,
Vide-greniers,Vide-greniers brocante,Parking Pré Bercy 3,AVERMES,03000,03,Parking Pré Bercy 3 03000 AVERMES,2026-09-20,2026-09-20,,,,,,
Journées du patrimoine,Visite du chateau d'Avrilly,Château d'Avrilly Château d'Avrilly 03460 Trévol,TREVOL,03460,03,Château d'Avrilly Château d'Avrilly 03460 Trévol 03460 TREVOL,2026-09-19,2026-09-19,,,,,,
Fêtes locales,Fête patronale/Foire d'automne,Fête patronale/Foire d'automne Marché couvert 3150 Varennes-sur-Allier,VARENNES-SUR-ALLIER,03150,03,Fête patronale/Foire d'automne Marché couvert 3150 Varennes-sur-Allier 03150 VARENNES-SUR-ALLIER,2026-09-19,2026-09-19,,,,,,
Vide-greniers,"Brocante, fête du pain",Site Antoine Labaye,MAGNET,03260,03,Site Antoine Labaye 03260 MAGNET,2026-09-13,2026-09-13,,,,,,
Vide-greniers,Vide greniers brocante,Bourg,SAINT-LOUP,03150,03,Bourg 03150 SAINT-LOUP,2026-09-13,2026-09-13,,,,,,
Brocantes,Vide grenier - fête / faîtes le quartier,,VICHY,03200,03, 03200 VICHY,2026-09-20,2026-09-20,,,,,,
Parc,Le pal,,DOMPIERRE-SUR-BESBRE,03290,03, 03290 DOMPIERRE-SUR-BESBRE,2026-09-27,2026-09-27,,,,,,
Spectacles,Ouverture saison culturelle,Espace Monzière 1 rue de la Croix des barres,BELLERIVE-SUR-ALLIER,03700,03,Espace Monzière 1 rue de la Croix des barres 03700 BELLERIVE-SUR-ALLIER,2026-09-26,2026-09-26,,,,,,
Fêtes locales,Fête de la Saint Maurice,Bourg,CHAMBLET,03170,03,Bourg 03170 CHAMBLET,2026-09-26,2026-09-26,,,,,,
Concerts,MANU LANVIN,,MONTLUCON,03100,03, 03100 MONTLUCON,2026-09-26,2026-09-26,,,,,,
Fêtes locales,FÊTE PATRONALE,Village Buxières-les-Mines,BUXIERES-LES-MINES,03440,03,Village Buxières-les-Mines 03440 BUXIERES-LES-MINES,2026-09-26,2026-09-26,,,,,,
Vide-greniers,Vide-greniers,Bourg,BUXIERES-LES-MINES,03440,03,Bourg 03440 BUXIERES-LES-MINES,2026-09-27,2026-09-27,,,,,,
Vide-greniers,Brocante de la St. Maurice,Bourg,CHAMBLET,03170,03,Bourg 03170 CHAMBLET,2026-09-27,2026-09-27,,,,,,
Concerts,Julien clerc,,MONTLUCON,03100,03, 03100 MONTLUCON,2026-09-27,2026-09-27,,,,,,
Foires,&#129472;Foire aux fromages,Marmignolles,DESERTINES,03630,03,Marmignolles 03630 DESERTINES,2026-10-11,2026-10-11,,,,,,
Vide-greniers,Vide-greniers,Bourg,BUSSET,03270,03,Bourg 03270 BUSSET,2026-10-11,2026-10-11,,,,,,
Théatres,Sortez-moi de la,,MONTLUCON,03100,03, 03100 MONTLUCON,2026-10-03,2026-10-03,,,,,,
Concerts,Hubert felix thiefaine,,MONTLUCON,03100,03, 03100 MONTLUCON,2026-10-10,2026-10-10,,,,,,
Foires,FOIRE DES SAVEURS D'AUTOMNE,place du Champ de Foire,LAPALISSE,03120,03,place du Champ de Foire 03120 LAPALISSE,2026-10-11,2026-10-11,,,,,,
Vide-greniers,"Brocante, foire aux fromages",Marmignolles,DESERTINES,03630,03,Marmignolles 03630 DESERTINES,2026-10-11,2026-10-11,,,,,,
Concerts,JULIEN CLERC,,MONTLUCON,03100,03, 03100 MONTLUCON,2026-09-27,2026-09-27,,,,,,
Vide-greniers,Vide-greniers brocante,Bourg,SERBANNES,03110,03,Bourg 03110 SERBANNES,2026-09-27,2026-09-27,,,,,,
Manifestations Automobiles,Embouteillage N7,Saint CHRISTOPHE,SAINT-CHRISTOPHE,03120,03,Saint CHRISTOPHE 03120 SAINT-CHRISTOPHE,2026-10-10,2026-10-11,,,,,,
Vide-greniers,Vide-greniers,Bourg,JALIGNY-SUR-BESBRE,03220,03,Bourg 03220 JALIGNY-SUR-BESBRE,2026-10-18,2026-10-18,,,,,,
Foires,&#127822; Foire au boudin et aux pommes,le bourg,DIOU,03290,03,le bourg 03290 DIOU,2026-11-01,2026-11-01,,,,,,
Concerts,BEN L'ONCLE SOUL,,MONTLUCON,03100,03, 03100 MONTLUCON,2026-10-16,2026-10-16,,,,,,
Concerts,Lynda lemay & jean-felix lalanne,,MONTLUCON,03100,03, 03100 MONTLUCON,2026-11-04,2026-11-04,,,,,,
Bourses,Bourse d'échanges Ferroviaire,2 rue Chantoiseau Maison des Cheminots 3100 Montluçon,MONTLUCON,03100,03,2 rue Chantoiseau Maison des Cheminots 3100 Montluçon 03100 MONTLUCON,2026-11-01,2026-11-01,,,,,,
Concerts,Sniper,,MONTLUCON,03100,03, 03100 MONTLUCON,2026-11-06,2026-11-06,,,,,,
Vide-greniers,Vide greniers brocante,"Bd. Jean Bignon, Parc Bignon, Espace R. Chapot",BOURBON-L'ARCHAMBAULT,03160,03,"Bd. Jean Bignon, Parc Bignon, Espace R. Chapot 03160 BOURBON-L'ARCHAMBAULT",2026-10-25,2026-10-25,,,,,,
"Randonnées, Trail ou Running",Marche des châtaignes,ISSERPENT,ISSERPENT,03120,03,ISSERPENT 03120 ISSERPENT,2026-10-25,2026-10-25,,,,,,
Fêtes locales,FÊTE DE LA SOUPE,"Le bourg , Charroux",CHARROUX,03140,03,"Le bourg , Charroux 03140 CHARROUX",2026-11-07,2026-11-07,,,,,,
Concerts,LYNDA LEMAY &amp; JEAN-FELIX LALANNE,,MONTLUCON,03100,03, 03100 MONTLUCON,2026-11-04,2026-11-04,,,,,,
Concerts,La team goldman,,MONTLUCON,03100,03, 03100 MONTLUCON,2026-11-07,2026-11-07,,,,,,
Concerts,LA P'TITE FUMEE,,MONTLUCON,03100,03, 03100 MONTLUCON,2026-11-07,2026-11-07,,,,,,
Concerts,La p'tite fumee,,MONTLUCON,03100,03, 03100 MONTLUCON,2026-11-07,2026-11-07,,,,,,
Spectacles,DANSE AVEC LES STARS,,MONTLUCON,03100,03, 03100 MONTLUCON,2026-11-15,2026-11-15,,,,,,
Concerts,ZAC HARMON + KINGSTON LIVINGSTON + LADY ADRENA,,MONTLUCON,03100,03, 03100 MONTLUCON,2026-11-14,2026-11-14,,,,,,
Spectacle et comedie musicale,Danse avec les stars,,MONTLUCON,03100,03, 03100 MONTLUCON,2026-11-15,2026-11-15,,,,,,
Foires,Foire aux bovins,place du marché,COSNE-D'ALLIER,03430,03,place du marché 03430 COSNE-D'ALLIER,2026-11-10,2026-11-10,,,,,,
Concerts,Gauvain sers,,MONTLUCON,03100,03, 03100 MONTLUCON,2026-11-14,2026-11-14,,,,,,
Spectacle et comedie musicale,Prestation danse avec les stars,,MONTLUCON,03100,03, 03100 MONTLUCON,2026-11-15,2026-11-15,,,,,,
Spectacles,LA TEAM GOLDMAN,,MONTLUCON,03100,03, 03100 MONTLUCON,2026-11-07,2026-11-07,,,,,,
Salons,Salon du Livre Ancien et d'occasion,Espace Saint Marc,SOUVIGNY,03210,03,Espace Saint Marc 03210 SOUVIGNY,2026-11-21,2026-11-21,,,,,,
Vide-greniers,Foire à tout,"03350 Cérilly parc des expositions, rue de la Croix-Blanche",CERILLY,03350,03,"03350 Cérilly parc des expositions, rue de la Croix-Blanche 03350 CERILLY",2026-11-21,2026-11-22,,,,,,
Spectacles,ONE NIGHT OF QUEEN,,MONTLUCON,03100,03, 03100 MONTLUCON,2026-11-27,2026-11-27,,,,,,
Concerts,One night of queen,,MONTLUCON,03100,03, 03100 MONTLUCON,2026-11-27,2026-11-27,,,,,,
Marchés de Noël,Marché de Noel,marché couvert,VARENNES-SUR-ALLIER,03150,03,marché couvert 03150 VARENNES-SUR-ALLIER,2026-11-28,2026-11-28,,,,,,
Fêtes locales,Lancement de la ficelle,village Saint-Pourçain-sur-Sioule - 03500,SAINT-POURCAIN-SUR-SIOULE,03500,03,village Saint-Pourçain-sur-Sioule - 03500 03500 SAINT-POURCAIN-SUR-SIOULE,2026-12-05,2026-12-05,,,,,,
Marchés de Noël,Marché de Noel,Salle polyvalente,PIERREFITTE-SUR-LOIRE,03470,03,Salle polyvalente 03470 PIERREFITTE-SUR-LOIRE,2026-11-28,2026-11-28,,,,,,
Concerts,Hiba tawaji invite ibrahim maalouf,,MONTLUCON,03100,03, 03100 MONTLUCON,2026-12-05,2026-12-05,,,,,,
Concerts,DE MICHEL BERGER A FRANCE GALL - TRIBUTE,,MONTLUCON,03100,03, 03100 MONTLUCON,2026-12-13,2026-12-13,,,,,,
Théatres,"Les parents viennent de mars ,",,MONTLUCON,03100,03, 03100 MONTLUCON,2026-12-05,2026-12-05,,,,,,
Humour et one (wo)man show,Chantal ladesou,,MONTLUCON,03100,03, 03100 MONTLUCON,2026-12-18,2026-12-18,,,,,,
Fêtes locales,FOIRE AUX DINDES JALIGNY-SUR-BESBRE,village JALIGNY-SUR-BESBRE,JALIGNY-SUR-BESBRE,03220,03,village JALIGNY-SUR-BESBRE 03220 JALIGNY-SUR-BESBRE,2026-12-16,2026-12-16,,,,,,
Spectacles,GUS ILLUSIONNISTE,,MONTLUCON,03100,03, 03100 MONTLUCON,2027-01-08,2027-01-08,,,,,,
Marchés de Noël,Marché de Noël,Centre ville Charroux,CHARROUX,03140,03,Centre ville Charroux 03140 CHARROUX,2026-12-19,2026-12-19,,,,,,
"Randonnées, Trail ou Running",Corrida de Noel,place Bacchus 03 - Domerat - Allier - France,DOMERAT,03410,03,place Bacchus 03 - Domerat - Allier - France 03410 DOMERAT,2026-12-20,2026-12-20,,,,,,
Spectacles,SERGIO CORTES,,MONTLUCON,03100,03, 03100 MONTLUCON,2027-01-15,2027-01-15,,,,,,
Concerts,Sergio cortes,,MONTLUCON,03100,03, 03100 MONTLUCON,2027-01-15,2027-01-15,,,,,,
Spectacles,CHANTAL LADESOU,,MONTLUCON,03100,03, 03100 MONTLUCON,2026-12-18,2026-12-18,,,,,,
Spectacles,FESTIVAL MONDIAL DE LA MAGIE,,MONTLUCON,03100,03, 03100 MONTLUCON,2027-02-28,2027-02-28,,,,,,
Bourses,salon Multicollection,67 bd Gambetta,LURCY-LEVIS,03320,03,67 bd Gambetta 03320 LURCY-LEVIS,2027-01-17,2027-01-17,,,,,,
Lotos Quines et Rifles,LOTO RIFLES,PLACE DE LA LIBERTE Marché couvert,LURCY-LEVIS,03320,03,PLACE DE LA LIBERTE Marché couvert 03320 LURCY-LEVIS,2027-02-13,2027-02-13,,,,,,
Théatres,Le diner de cons,,MONTLUCON,03100,03, 03100 MONTLUCON,2027-02-12,2027-02-12,,,,,,
Foires,Foire d'embouche,LE BOUCHAUD,LE BOUCHAUD,03130,03,LE BOUCHAUD 03130 LE BOUCHAUD,2027-02-20,2027-02-20,,,,,,
Théatres,"Ma femme, la tienne, la nôtre",,MONTLUCON,03100,03, 03100 MONTLUCON,2027-01-29,2027-01-29,,,,,,
Humour et one (wo)man show,Bernard mabille,,MONTLUCON,03100,03, 03100 MONTLUCON,2027-01-22,2027-01-22,,,,,,
Salons,salon Atout-papier et multi collections,"centre Albert-Poncet, 335, boulevard Victor-Hugo Domérat",DOMERAT,03410,03,"centre Albert-Poncet, 335, boulevard Victor-Hugo Domérat 03410 DOMERAT",2027-02-13,2027-02-13,,,,,,
Humour et one (wo)man show,Michele laroque et kad merad,,MONTLUCON,03100,03, 03100 MONTLUCON,2027-01-16,2027-01-16,,,,,,
Festivals,Festival mondial de la magie,,MONTLUCON,03100,03, 03100 MONTLUCON,2027-02-28,2027-02-28,,,,,,
Bourses,bourse echange miniatures automobiles trains et jouets anciens,salle Islea,AVERMES,03000,03,salle Islea 03000 AVERMES,2027-03-07,2027-03-07,,,,,,
Spectacle et comedie musicale,Celtic legends,,MONTLUCON,03100,03, 03100 MONTLUCON,2027-03-19,2027-03-19,,,,,,
Spectacles,CELTIC LEGENDS,,MONTLUCON,03100,03, 03100 MONTLUCON,2027-03-19,2027-03-19,,,,,,
Théatres,Elles pardonnent mais n'oublient jamais,,MONTLUCON,03100,03, 03100 MONTLUCON,2027-03-19,2027-03-19,,,,,,
Vide-greniers,Brocante de Printemps,Bourg,SAINT-GERAND-DE-VAUX,03340,03,Bourg 03340 SAINT-GERAND-DE-VAUX,2027-03-28,2027-03-28,,,,,,
Vide-greniers,Brocante des Rameaux,"Marché couvert, Rue de la Liberté, Route de Jaligny, St. Léon, Sorbier, Liernolles",SAINT-LEON,03220,03,"Marché couvert, Rue de la Liberté, Route de Jaligny, St. Léon, Sorbier, Liernolles 03220 SAINT-LEON",2027-03-21,2027-03-21,,,,,,
Vide-greniers,Vide-greniers,Bourg,CHARROUX,03140,03,Bourg 03140 CHARROUX,2027-04-26,2027-04-26,,,,,,
Vide-greniers,Vide-greniers,Bourg,CHEVAGNES,03230,03,Bourg 03230 CHEVAGNES,2027-04-04,2027-04-04,,,,,,
Vide-greniers,Brocante de Pâques,"Bourg, terrain de sport",CHATEL-DE-NEUVRE,03500,03,"Bourg, terrain de sport 03500 CHATEL-DE-NEUVRE",2027-03-28,2027-03-28,,,,,,
Chasses au trésor,Chasse aux Oeufs,Plan d'Eau des Sézeaux (Amphithéatre),LURCY-LEVIS,03320,03,Plan d'Eau des Sézeaux (Amphithéatre) 03320 LURCY-LEVIS,2027-03-29,2027-03-29,,,,,,
Spectacles,LE LAC DES CYGNES,,MONTLUCON,03100,03, 03100 MONTLUCON,2027-04-29,2027-04-29,,,,,,
Vide-greniers,Vide greniers brocante Les Amis des Darcins,Place Gouttebel,CUSSET,03300,03,Place Gouttebel 03300 CUSSET,2027-04-26,2027-04-26,,,,,,
Concours de pétanque et de boules,concours de pétanque du 1 er mai,"03340 Bessay-sur-Allier, Allier, Auvergne-Rhône-Alpes",BESSAY-SUR-ALLIER,03340,03,"03340 Bessay-sur-Allier, Allier, Auvergne-Rhône-Alpes 03340 BESSAY-SUR-ALLIER",2027-05-01,2027-05-01,,,,,,
Vide-greniers,Vide greniers brocante,Parking Salle polyvalente,MONTBEUGNY,03340,03,Parking Salle polyvalente 03340 MONTBEUGNY,2027-05-01,2027-05-01,,,,,,
Vide-greniers,brocante Vide-greniers et marché aux puces,,TAXAT-SENAT,03140,03, 03140 TAXAT-SENAT,2027-05-01,2027-05-01,,,,,,
Vide-greniers,Vide-greniers,"Bourg, Rue principale",BAGNEUX,03460,03,"Bourg, Rue principale 03460 BAGNEUX",2027-05-01,2027-05-01,,,,,,
Brocantes,Promenade Vide-maison,Dans la commune,PIERREFITTE-SUR-LOIRE,03470,03,Dans la commune 03470 PIERREFITTE-SUR-LOIRE,2027-05-01,2027-05-01,,,,,,
Vide-greniers,Vide-greniers 1er mai,Bourg + berges du canal,VAUX,03190,03,Bourg + berges du canal 03190 VAUX,2027-05-01,2027-05-01,,,,,,
Vide-greniers,Vide-greniers,La Roche Meillard,MEILLARD,03500,03,La Roche Meillard 03500 MEILLARD,2027-05-03,2027-05-03,,,,,,
Vide-greniers,Vide-greniers 1er mai,Stade,ETROUSSAT,03140,03,Stade 03140 ETROUSSAT,2027-05-01,2027-05-01,,,,,,
Vide-greniers,Vide-greniers,Stade Mauregard,VARENNES-SUR-ALLIER,03150,03,Stade Mauregard 03150 VARENNES-SUR-ALLIER,2027-05-01,2027-05-01,,,,,,
Brocantes,Brocante,Saint ETIENNE-DE VICQ,SAINT-ETIENNE-DE-VICQ,03300,03,Saint ETIENNE-DE VICQ 03300 SAINT-ETIENNE-DE-VICQ,2027-05-03,2027-05-03,,,,,,
Vide-greniers,Vide-greniers,Bourg,COULANDON,03000,03,Bourg 03000 COULANDON,2027-05-08,2027-05-08,,,,,,
"Randonnées, Trail ou Running",La randonnée du Muguet solidaire,Place de l'Église,SERBANNES,03110,03,Place de l'Église 03110 SERBANNES,2027-05-03,2027-05-03,,,,,,
Vide-greniers,Vide greniers jeudi de l'Ascension,"Rues, Terrain de pétanque",BESSAY-SUR-ALLIER,03340,03,"Rues, Terrain de pétanque 03340 BESSAY-SUR-ALLIER",2027-05-14,2027-05-14,,,,,,
Manifestations Automobiles,Rétromobile en Boudeville à Dompierre sur Besbre,Dompierre-sur-Besbre,DOMPIERRE-SUR-BESBRE,03290,03,Dompierre-sur-Besbre 03290 DOMPIERRE-SUR-BESBRE,2027-05-14,2027-05-14,,,,,,
Fêtes locales,Fête de la rivière Allier,village,CHATEAU-SUR-ALLIER,03320,03,village 03320 CHATEAU-SUR-ALLIER,2027-05-14,2027-05-14,,,,,,
Fêtes,Fête de l'Ascension,Centre village,HURIEL,03380,03,Centre village 03380 HURIEL,2027-05-14,2027-05-14,,,,,,
Vide-greniers,Vide-greniers brocante,"Camping municipal, Allée des Soupirs",VALLON-EN-SULLY,03190,03,"Camping municipal, Allée des Soupirs 03190 VALLON-EN-SULLY",2027-05-08,2027-05-08,,,,,,
Vide-greniers,Vide greniers brocante Ascension,Bourg,BUSSET,03270,03,Bourg 03270 BUSSET,2027-05-14,2027-05-14,,,,,,
Vide-greniers,Brocante de l’Ascension,Bourg,SAINT-BONNET-DE-ROCHEFORT,03800,03,Bourg 03800 SAINT-BONNET-DE-ROCHEFORT,2027-05-14,2027-05-14,,,,,,
Vide-greniers,Ascension brocante du CGOS,Espace du Levrault,SAINT-GERMAIN-DES-FOSSES,03260,03,Espace du Levrault 03260 SAINT-GERMAIN-DES-FOSSES,2027-05-14,2027-05-14,,,,,,
Vide-greniers,Brocante de printemps,Parking de M. Bricolage,CHARMEIL,03110,03,Parking de M. Bricolage 03110 CHARMEIL,2027-05-17,2027-05-17,,,,,,
Vide-greniers,Vide-greniers,Plan d'eau,CHAPEAU,03340,03,Plan d'eau 03340 CHAPEAU,2027-05-24,2027-05-24,,,,,,
Vide-greniers,Vide greniers brocante,Bourg,SAINT-PRIEST-EN-MURAT,03390,03,Bourg 03390 SAINT-PRIEST-EN-MURAT,2027-05-24,2027-05-24,,,,,,
Vide-greniers,Vide-greniers,Esplanade Maréchal de La Palice,LAPALISSE,03120,03,Esplanade Maréchal de La Palice 03120 LAPALISSE,2027-05-24,2027-05-24,,,,,,
Vide-greniers,Vide-Greniers,Vide-Greniers/Broc./Bourse collections Rues du Village Neuilly-le-Réal,NEUILLY-LE-REAL,03340,03,Vide-Greniers/Broc./Bourse collections Rues du Village Neuilly-le-Réal 03340 NEUILLY-LE-REAL,2027-05-25,2027-05-25,,,,,,
Vide-greniers,Grande brocante Vichy & Rotary Club de Vichy,"Quartier du Vieux Vichy: Bd Kennedy, Rue Sévigné, Rue de la Laure",VICHY,03200,03,"Quartier du Vieux Vichy: Bd Kennedy, Rue Sévigné, Rue de la Laure 03200 VICHY",2027-05-31,2027-05-31,,,,,,
Vide-greniers,Vide greniers Pentecôte,Bourg,RONGERES,03150,03,Bourg 03150 RONGERES,2027-05-25,2027-05-25,,,,,,
Fêtes locales,Fête des escargots,stade de Nizerolles,NIZEROLLES,03250,03,stade de Nizerolles 03250 NIZEROLLES,2027-06-06,2027-06-06,,,,,,
Fêtes locales,Fête de village,"Bourg, Place de la salle des fêtes",RONGERES,03150,03,"Bourg, Place de la salle des fêtes 03150 RONGERES",2027-05-25,2027-05-25,,,,,,
Fêtes locales,Ducasse,CHARMES,CHARMES,03800,03,CHARMES 03800 CHARMES,2027-06-06,2027-06-06,,,,,,
Manifestations Automobiles,Rassemblement Bourse d Echanges VH Anciens à Chantelle,Chantelle,CHANTELLE,03140,03,Chantelle 03140 CHANTELLE,2027-06-07,2027-06-07,,,,,,
Vide-greniers,Vide-greniers Les Amis du Quartier de la Motte,Quartier de la Motte,CUSSET,03300,03,Quartier de la Motte 03300 CUSSET,2027-06-21,2027-06-21,,,,,,
Vide-greniers,Vide greniers brocante COS,Parking couvert de Carrefour,CUSSET,03300,03,Parking couvert de Carrefour 03300 CUSSET,2027-06-07,2027-06-07,,,,,,
"Randonnées, Trail ou Running",Randomelette,SAINT-PRIEST-EN-MURAT,SAINT-PRIEST-EN-MURAT,03390,03,SAINT-PRIEST-EN-MURAT 03390 SAINT-PRIEST-EN-MURAT,2027-06-21,2027-06-21,,,,,,
Fêtes locales,Feux de la Saint Jean,village Arfeuilles - 03120,ARFEUILLES,03120,03,village Arfeuilles - 03120 03120 ARFEUILLES,2027-06-27,2027-06-27,,,,,,
Marchés de potiers,marché de potiers de Neuvy,Le bourg,NEUVY,03000,03,Le bourg 03000 NEUVY,2027-06-13,2027-06-13,,,,,,
Vide-greniers,Vide greniers brocante,Bourg,MONTORD,03500,03,Bourg 03500 MONTORD,2027-06-21,2027-06-21,,,,,,
Fêtes locales,La fête de la rivière Allier,Moulins - 03000,MOULINS,03000,03,Moulins - 03000 03000 MOULINS,2027-06-27,2027-06-27,,,,,,
Concours de pétanque et de boules,ENDURO PÉTANQUE,CÉRILLY,CERILLY,03350,03,CÉRILLY 03350 CERILLY,2027-06-27,2027-06-27,,,,,,
Fêtes locales,FETE DU BOEUF EN JUIN,complexe Gustave Piot,CHAMBLET,03170,03,complexe Gustave Piot 03170 CHAMBLET,2027-06-28,2027-06-28,,,,,,
Fêtes locales,La fête patronale,Village,BESSAY-SUR-ALLIER,03340,03,Village 03340 BESSAY-SUR-ALLIER,2027-07-04,2027-07-04,,,,,,
Fêtes locales,BELLERIVE EN FÊTE,Place de la Source Intermittente 03700 Bellerive-sur-allier,BELLERIVE-SUR-ALLIER,03700,03,Place de la Source Intermittente 03700 Bellerive-sur-allier 03700 BELLERIVE-SUR-ALLIER,2027-06-27,2027-06-27,,,,,,
Vide-greniers,Vide-greniers,Bourg,MURAT,03390,03,Bourg 03390 MURAT,2027-06-28,2027-06-28,,,,,,
Vide-greniers,Vide-greniers,Place de la Mairie,BIOZAT,03800,03,Place de la Mairie 03800 BIOZAT,2027-07-05,2027-07-05,,,,,,
Vide-greniers,Vide-greniers,Rue du Bourg,MOLLES,03300,03,Rue du Bourg 03300 MOLLES,2027-06-28,2027-06-28,,,,,,
Brocantes,Brocante et vide-greniers,Rue des Rues 3290 Dompierre-sur-Besbre,DOMPIERRE-SUR-BESBRE,03290,03,Rue des Rues 3290 Dompierre-sur-Besbre 03290 DOMPIERRE-SUR-BESBRE,2027-07-05,2027-07-05,,,,,,
Vide-greniers,Vide greniers brocante,Bourg,LE BREUIL,03120,03,Bourg 03120 LE BREUIL,2027-07-05,2027-07-05,,,,,,
Brocantes,Foire aux antiquités et marché du terroir,haut du bourg Le Mayet-de-Montagne - 03250,LE MAYET-DE-MONTAGNE,03250,03,haut du bourg Le Mayet-de-Montagne - 03250 03250 LE MAYET-DE-MONTAGNE,2027-07-06,2027-07-06,,,,,,
Brocantes,Brocante,LAPALISSE,LAPALISSE,03120,03,LAPALISSE 03120 LAPALISSE,2027-07-12,2027-07-12,,,,,,
Feux d'artifice,Festivités et Feu d'artifice,LAPALISSE,LAPALISSE,03120,03,LAPALISSE 03120 LAPALISSE,2027-07-13,2027-07-13,,,,,,
Brocantes,Brocante,Brocante Place du Champ-de-Foire Ainay-le-Château,AINAY-LE-CHATEAU,03360,03,Brocante Place du Champ-de-Foire Ainay-le-Château 03360 AINAY-LE-CHATEAU,2027-07-14,2027-07-14,,,,,,
Vide-greniers,"Marché aux puces, fête du pain",Bourg,ARRONNES,03250,03,Bourg 03250 ARRONNES,2027-07-14,2027-07-14,,,,,,
Fêtes locales,FETE DU PAIN 14 juillet,église Saint-Léger Arronnes - 03250,ARRONNES,03250,03,église Saint-Léger Arronnes - 03250 03250 ARRONNES,2027-07-14,2027-07-14,,,,,,
Feux d'artifice,Feu d'artifice du 14 juillet,Feu d'artifice du 14 juillet - reporté au 7 août Rue du Stade Stade 3350 Cérilly,CERILLY,03350,03,Feu d'artifice du 14 juillet - reporté au 7 août Rue du Stade Stade 3350 Cérilly 03350 CERILLY,2027-07-14,2027-07-14,,,,,,
Bals Danses,Bal des pompiers en plein air,Rue du Souvenir Français 3120 Lapalisse,LAPALISSE,03120,03,Rue du Souvenir Français 3120 Lapalisse 03120 LAPALISSE,2027-07-13,2027-07-13,,,,,,
Feux d'artifice,Feu d'artifice du 14 juillet,3360 Ainay-le-Château,AINAY-LE-CHATEAU,03360,03,3360 Ainay-le-Château 03360 AINAY-LE-CHATEAU,2027-07-14,2027-07-14,,,,,,
Fêtes locales,"NÉRIS, FÊTE DE LA BELLE EPOQUE",Bourg,NERIS-LES-BAINS,03310,03,Bourg 03310 NERIS-LES-BAINS,2027-07-14,2027-07-14,,,,,,
Vide-greniers,Vide greniers brocante,Bourg,ECHASSIERES,03330,03,Bourg 03330 ECHASSIERES,2027-07-14,2027-07-14,,,,,,
Feux d'artifice,feu d’artifice en juillet,03460 Trévol,TREVOL,03460,03,03460 Trévol 03460 TREVOL,2027-07-18,2027-07-18,,,,,,
Salons,SALON DU LIVRE ANCIEN VICHY,"Grand Marche, place Pierre-Victor LEGER 03200 Vichy",VICHY,03200,03,"Grand Marche, place Pierre-Victor LEGER 03200 Vichy 03200 VICHY",2027-07-18,2027-07-18,,,,,,
Vide-greniers,Vide greniers brocante,Rue des Aubrelles,BEAULON,03230,03,Rue des Aubrelles 03230 BEAULON,2027-07-19,2027-07-19,,,,,,
Marchés bio,Aiglun Marché bio,04510 Aiglun,AIGLUN,04510,04,04510 Aiglun 04510 AIGLUN,2026-07-21,2026-07-21,,,,,,
Marchés,Annot Marché hebdomadaire,04240 Annot,ANNOT,04240,04,04240 Annot 04240 ANNOT,2026-07-21,2026-07-21,,,,,,
Marchés en Provence,Marché provençal Mardi,Ancienne Auberge Fleurie,COLMARS,04370,04,Ancienne Auberge Fleurie 04370 COLMARS,2026-07-21,2026-07-21,,,,,,
Marchés,Esparron-de-Verdon Marché hebdomadaire,04800 Esparron-de-Verdon,ESPARRON-DE-VERDON,04800,04,04800 Esparron-de-Verdon 04800 ESPARRON-DE-VERDON,2026-07-21,2026-07-21,,,,,,
Marchés,Oraison Marché hebdomadaire du mardi,04700 Oraison,ORAISON,04700,04,04700 Oraison 04700 ORAISON,2026-07-21,2026-07-21,,,,,,
Marchés nocturnes,Nocturne des commerces,CENTRE VILLAGE,CASTELLANE,04120,04,CENTRE VILLAGE 04120 CASTELLANE,2026-07-21,2026-07-21,,,,,,
Marchés,Marché à Seyne les Alpes,Marché à Seyne les Alpes Place d'Armes 4205 Seyne,SEYNE,04140,04,Marché à Seyne les Alpes Place d'Armes 4205 Seyne 04140 SEYNE,2026-07-21,2026-07-21,,,,,,
Marchés,Marché de Sainte Croix du Verdon,Marché de Sainte Croix du Verdon Parking Bellevue 4176 Sainte-Croix-du-Verdon,SAINTE-CROIX-DU-VERDON,04500,04,Marché de Sainte Croix du Verdon Parking Bellevue 4176 Sainte-Croix-du-Verdon 04500 SAINTE-CROIX-DU-VERDON,2026-07-21,2026-07-21,,,,,,
Concerts,Mercredis Musicaux,Place Marcel Sauvaire,CASTELLANE,04120,04,Place Marcel Sauvaire 04120 CASTELLANE,2026-07-22,2026-07-22,,,,,,
Marchés,Marchés hebdomadaires,Marchés hebdomadaires Place de la République 4018 Banon,BANON,04150,04,Marchés hebdomadaires Place de la République 4018 Banon 04150 BANON,2026-07-21,2026-07-21,,,,,,
Marchés,Sainte-Croix-du-Verdon Marché de Sainte Croix du Verdon,Parking Bellevue 04500 Sainte-Croix-du-Verdon,SAINTE-CROIX-DU-VERDON,04500,04,Parking Bellevue 04500 Sainte-Croix-du-Verdon 04500 SAINTE-CROIX-DU-VERDON,2026-07-21,2026-07-21,,,,,,
Marchés,La Foux d’Allos Marché en station,04260 La Foux d’Allos,ALLOS,04260,04,04260 La Foux d’Allos 04260 ALLOS,2026-07-22,2026-07-22,,,,,,
Marchés en Provence,Digne-les-Bains Marché provençal mercredi,Place Général de Gaulle Boulevard Gassendi (de juin à septembre) 04000 Digne-les-Bains,DIGNE-LES-BAINS,04000,04,Place Général de Gaulle Boulevard Gassendi (de juin à septembre) 04000 Digne-les-Bains 04000 DIGNE-LES-BAINS,2026-07-22,2026-07-22,,,,,,
Marchés,Barcelonnette Marché hebdomadaire mercredi,04400 Barcelonnette,BARCELONNETTE,04400,04,04400 Barcelonnette 04400 BARCELONNETTE,2026-07-22,2026-07-22,,,,,,
Bals Danses,Rétro Musette,"Les Grands Pins, chemin de Babaou, 04800 Gréoux-les-Bains",GREOUX-LES-BAINS,04800,04,"Les Grands Pins, chemin de Babaou, 04800 Gréoux-les-Bains 04800 GREOUX-LES-BAINS",2026-07-22,2026-07-22,,,,,,
Marchés en Provence,Castellane marché provençal mercredi,Place Marcel Sauvaire 04120 Castellane,CASTELLANE,04120,04,Place Marcel Sauvaire 04120 Castellane 04120 CASTELLANE,2026-07-22,2026-07-22,,,,,,
Marchés en Provence,Jour de marché le mercredi,allée Louis Gardiol,RIEZ,04500,04,allée Louis Gardiol 04500 RIEZ,2026-07-22,2026-07-22,,,,,,
Marchés,Marché hebdomadaire du mercredi,Marché hebdomadaire du mercredi Dans le village 4178 Saint-Étienne-les-Orgues,SAINT-ETIENNE-LES-ORGUES,04230,04,Marché hebdomadaire du mercredi Dans le village 4178 Saint-Étienne-les-Orgues 04230 SAINT-ETIENNE-LES-ORGUES,2026-07-22,2026-07-22,,,,,,
Marchés en Provence,Sisteron Marché provençal mercredi,Place de l'Horloge 04200 Sisteron,SISTERON,04200,04,Place de l'Horloge 04200 Sisteron 04200 SISTERON,2026-07-22,2026-07-22,,,,,,
Marchés nocturnes,Moustiers-Sainte-Marie Marché Nocturne,04360 Moustiers-Sainte-Marie,MOUSTIERS-SAINTE-MARIE,04360,04,04360 Moustiers-Sainte-Marie 04360 MOUSTIERS-SAINTE-MARIE,2026-07-22,2026-07-22,,,,,,
Marchés,Manosque Marché vert,04100 Manosque,MANOSQUE,04100,04,04100 Manosque 04100 MANOSQUE,2026-07-22,2026-07-22,,,,,,
Marchés,Marché traditionnel,Marché traditionnel Esplanade Max Trouche 4197 Sainte-Tulle,SAINTE-TULLE,04220,04,Marché traditionnel Esplanade Max Trouche 4197 Sainte-Tulle 04220 SAINTE-TULLE,2026-07-22,2026-07-22,,,,,,
Marchés,Allos Marché du village,04260 Allos,ALLOS,04260,04,04260 Allos 04260 ALLOS,2026-07-23,2026-07-23,,,,,,
Marchés,Céreste Marché de Céreste,Place du Général De Gaulle 04280 Céreste,CERESTE,04280,04,Place du Général De Gaulle 04280 Céreste 04280 CERESTE,2026-07-23,2026-07-23,,,,,,
Marchés,Petit marché traditionnel,Marché traditionnel Avenue Segond 4230 Valensole,VALENSOLE,04210,04,Marché traditionnel Avenue Segond 4230 Valensole 04210 VALENSOLE,2026-07-22,2026-07-22,,,,,,
Bals Danses,Les salons d’Agatino en été,VOLX,VOLX,04130,04,VOLX 04130 VOLX,2026-07-22,2026-07-22,,,,,,
Marchés bio,Marché bio et paysan,Place du Bourguet FORCALQUIER,FORCALQUIER,04300,04,Place du Bourguet FORCALQUIER 04300 FORCALQUIER,2026-07-23,2026-07-23,,,,,,
Marchés,Gréoux-les-Bains Marché hebdomadaire,04800 Gréoux-les-Bains,GREOUX-LES-BAINS,04800,04,04800 Gréoux-les-Bains 04800 GREOUX-LES-BAINS,2026-07-23,2026-07-23,,,,,,
Marchés bio,Marché Bio à Château-Arnoux,Place de la Résistance,CHATEAU-ARNOUX-SAINT-AUBAN,04160,04,Place de la Résistance 04160 CHATEAU-ARNOUX-SAINT-AUBAN,2026-07-23,2026-07-23,,,,,,
Marchés,Marché de Céreste,Marché de Céreste Place du Général De Gaulle 4045 Céreste,CERESTE,04280,04,Marché de Céreste Place du Général De Gaulle 4045 Céreste 04280 CERESTE,2026-07-23,2026-07-23,,,,,,
Marchés,Marché de Malijai,Marché de Malijai 4108 Malijai,MALIJAI,04350,04,Marché de Malijai 4108 Malijai 04350 MALIJAI,2026-07-23,2026-07-23,,,,,,
Visites Portes Ouvertes,Visite d'Usine Perlamande,185 chemin du thuve,ORAISON,04700,04,185 chemin du thuve 04700 ORAISON,2026-07-23,2026-07-23,,,,,,
Marchés bio,Marché bio,Marché bio Place Sainte Agathe 4034 La Brillanne,LA BRILLANNE,04700,04,Marché bio Place Sainte Agathe 4034 La Brillanne 04700 LA BRILLANNE,2026-07-24,2026-07-24,,,,,,
Marchés,Marché hebdomadaire,Marché hebdomadaire Place René Char 4208 Simiane-la-Rotonde,SIMIANE-LA-ROTONDE,04150,04,Marché hebdomadaire Place René Char 4208 Simiane-la-Rotonde 04150 SIMIANE-LA-ROTONDE,2026-07-23,2026-07-23,,,,,,
Marchés d'été,Allemagne-en-Provence Marché Estival,04500 Allemagne-en-Provence,ALLEMAGNE-EN-PROVENCE,04500,04,04500 Allemagne-en-Provence 04500 ALLEMAGNE-EN-PROVENCE,2026-07-24,2026-07-24,,,,,,
Marchés de Producteurs,Marché de producteurs,Place de l'Horloge,SISTERON,04200,04,Place de l'Horloge 04200 SISTERON,2026-07-23,2026-07-23,,,,,,
Marchés,La Motte-du-Caire Marché de la Motte du Caire,04250 La Motte-du-Caire,LA MOTTE-DU-CAIRE,04250,04,04250 La Motte-du-Caire 04250 LA MOTTE-DU-CAIRE,2026-07-23,2026-07-23,,,,,,
Marchés,Entrevaux Marché hebdomadaire,04320 Entrevaux,ENTREVAUX,04320,04,04320 Entrevaux 04320 ENTREVAUX,2026-07-24,2026-07-24,,,,,,
Marchés,marché hebdomadaire,Place de l'église La Mure-Argens - 04170,LA MURE-ARGENS,04170,04,Place de l'église La Mure-Argens - 04170 04170 LA MURE-ARGENS,2026-07-23,2026-07-23,,,,,,
Marchés en Provence,Colmars Marché provençal,Ancienne Auberge Fleurie 04370 Colmars,COLMARS,04370,04,Ancienne Auberge Fleurie 04370 Colmars 04370 COLMARS,2026-07-24,2026-07-24,,,,,,
Marchés,Marché des Mées,Marché des Mées Place de la République 4116 Les Mées,LES MEES,04190,04,Marché des Mées Place de la République 4116 Les Mées 04190 LES MEES,2026-07-24,2026-07-24,,,,,,
Marchés,Marché hebdomadaire du vendredi,Marché hebdomadaire du vendredi 4104 Limans,LIMANS,04300,04,Marché hebdomadaire du vendredi 4104 Limans 04300 LIMANS,2026-07-24,2026-07-24,,,,,,
Marchés,Marché de Mézel,Marché de Mézel 4121 Mézel,MEZEL,04270,04,Marché de Mézel 4121 Mézel 04270 MEZEL,2026-07-24,2026-07-24,,,,,,
Marchés en Provence,Marché provençal,Marché provençal Place de la Mairie 4135 Moustiers-Sainte-Marie,MOUSTIERS-SAINTE-MARIE,04360,04,Marché provençal Place de la Mairie 4135 Moustiers-Sainte-Marie 04360 MOUSTIERS-SAINTE-MARIE,2026-07-24,2026-07-24,,,,,,
Marchés,Marché de l'Escale,Marché de l'Escale Place du Bourguet 4079 L'Escale,L'ESCALE,04160,04,Marché de l'Escale Place du Bourguet 4079 L'Escale 04160 L'ESCALE,2026-07-24,2026-07-24,,,,,,
Marchés,Marché de Peyruis,Marché de Peyruis Boulevard des Poilus 4149 Peyruis,PEYRUIS,04310,04,Marché de Peyruis Boulevard des Poilus 4149 Peyruis 04310 PEYRUIS,2026-07-24,2026-07-24,,,,,,
Marchés,Le p'tit marché de Saint Vincent sur Jabron,Le p'tit marché de Saint Vincent sur Jabron Le Village Place du village 4199 Saint-Vincent-sur-Jabron,SAINT-VINCENT-SUR-JABRON,04200,04,Le p'tit marché de Saint Vincent sur Jabron Le Village Place du village 4199 Saint-Vincent-sur-Jabron 04200 SAINT-VINCENT-SUR-JABRON,2026-07-24,2026-07-24,,,,,,
Marchés,Marché de Volonne,Marché de Volonne Place Charles de Gaulle 4244 Volonne,VOLONNE,04290,04,Marché de Volonne Place Charles de Gaulle 4244 Volonne 04290 VOLONNE,2026-07-24,2026-07-24,,,,,,
Marchés,Manosque Marché hebdomadaire,04100 Manosque,MANOSQUE,04100,04,04100 Manosque 04100 MANOSQUE,2026-07-25,2026-07-25,,,,,,
Marchés en Provence,Castellane marché provençal samedi,Place Marcel Sauvaire 04120 Castellane,CASTELLANE,04120,04,Place Marcel Sauvaire 04120 Castellane 04120 CASTELLANE,2026-07-25,2026-07-25,,,,,,
Marchés,Barcelonnette Marché de l'Ubaye samedi,04400 Barcelonnette,BARCELONNETTE,04400,04,04400 Barcelonnette 04400 BARCELONNETTE,2026-07-25,2026-07-25,,,,,,
Marchés,Marché hebdomadaire du samedi,Marché hebdomadaire du samedi Place du village 4065 Cruis,CRUIS,04230,04,Marché hebdomadaire du samedi Place du village 4065 Cruis 04230 CRUIS,2026-07-25,2026-07-25,,,,,,
Marchés en Provence,Digne-les-Bains Marché provençal samedi,Place Général de Gaulle Boulevard Gassendi (de juin à septembre) 04000 Digne-les-Bains,DIGNE-LES-BAINS,04000,04,Place Général de Gaulle Boulevard Gassendi (de juin à septembre) 04000 Digne-les-Bains 04000 DIGNE-LES-BAINS,2026-07-25,2026-07-25,,,,,,
Marchés de Producteurs,Marché de producteurs,centre ville Oraison - 04700,ORAISON,04700,04,centre ville Oraison - 04700 04700 ORAISON,2026-07-25,2026-07-25,,,,,,
Marchés d'été,Jausiers Marché hebdomadaire,04850 Jausiers,JAUSIERS,04850,04,04850 Jausiers 04850 JAUSIERS,2026-07-26,2026-07-26,,,,,,
Marchés,Valensole Marché hebdomadaire,Avenue segond 04210 Valensole,VALENSOLE,04210,04,Avenue segond 04210 Valensole 04210 VALENSOLE,2026-07-25,2026-07-25,,,,,,
Fêtes locales,Fête de la lavande,Place de la république,BANON,04150,04,Place de la république 04150 BANON,2026-07-26,2026-07-26,,,,,,
Concerts,Carillon,Carillon de Notre Dame de Provence de Forcalquier,FORCALQUIER,04300,04,Carillon de Notre Dame de Provence de Forcalquier 04300 FORCALQUIER,2026-07-26,2026-07-26,,,,,,
Marchés en Provence,Chateau-Arnoux-Saint-Auban Marché provençal,Place Pechiney 04160 Château-Arnoux-Saint-Auban,CHATEAU-ARNOUX-SAINT-AUBAN,04160,04,Place Pechiney 04160 Château-Arnoux-Saint-Auban 04160 CHATEAU-ARNOUX-SAINT-AUBAN,2026-07-26,2026-07-26,,,,,,
Marchés,Marché hebdomadaire,Marché hebdomadaire Place Marcel Pastorelli ou dans les rues du village selon la saison 4173 Saint-André-les-Alpes,SAINT-ANDRE-LES-ALPES,04170,04,Marché hebdomadaire Place Marcel Pastorelli ou dans les rues du village selon la saison 4173 Saint-André-les-Alpes 04170 SAINT-ANDRE-LES-ALPES,2026-07-25,2026-07-25,,,,,,
Marchés en Provence,Sisteron Marché provençal du samedi,Place de l'Horloge 04200 Sisteron,SISTERON,04200,04,Place de l'Horloge 04200 Sisteron 04200 SISTERON,2026-07-25,2026-07-25,,,,,,
Brocantes,brocantes du dimanche,rue Guilhempierre Manosque - 04100,MANOSQUE,04100,04,rue Guilhempierre Manosque - 04100 04100 MANOSQUE,2026-07-26,2026-07-26,,,,,,
Marchés,Marché à Montclar,Marché à Montclar Station de Montclar 4126 Montclar,MONTCLAR,04140,04,Marché à Montclar Station de Montclar 4126 Montclar 04140 MONTCLAR,2026-07-26,2026-07-26,,,,,,
Marchés en Provence,Jour de marché le samedi,allée Louis Gardiol,RIEZ,04500,04,allée Louis Gardiol 04500 RIEZ,2026-07-25,2026-07-25,,,,,,
Marchés d'été,Marché Paysan du Verdon et aux Saveurs des Alpes du Sud,,MOUSTIERS-SAINTE-MARIE,04360,04, 04360 MOUSTIERS-SAINTE-MARIE,2026-07-26,2026-07-26,,,,,,
Marchés,Pierrevert Marché vert,cœur du village 04860 Pierrevert,PIERREVERT,04860,04,cœur du village 04860 Pierrevert 04860 PIERREVERT,2026-07-26,2026-07-26,,,,,,
Marchés,Marché du dimanche,Marché du dimanche Place de la Mairie 4206 Sigonce,SIGONCE,04300,04,Marché du dimanche Place de la Mairie 4206 Sigonce 04300 SIGONCE,2026-07-26,2026-07-26,,,,,,
Fêtes,Corso de la Lavande,,DIGNE-LES-BAINS,04000,04, 04000 DIGNE-LES-BAINS,2026-08-01,2026-08-01,,,,,,
Bals Danses,Les salons d’Agatino,VOLX,VOLX,04130,04,VOLX 04130 VOLX,2026-07-26,2026-07-26,,,,,,
Marchés de Producteurs,Marché estival - Tous les dimanches de 8h30à 12h30,Place de l'Eglise,SAINT-PAUL-SUR-UBAYE,04530,04,Place de l'Eglise 04530 SAINT-PAUL-SUR-UBAYE,2026-07-26,2026-07-26,,,,,,
Expositions,PÔLE EXPO,,SAINT-MARTIN-DE-BROMES,04800,04, 04800 SAINT-MARTIN-DE-BROMES,2026-07-31,2026-08-16,,,,,,
Fêtes locales,FÊTE VOTIVE AUX OMERGUES,04200 Les Omergues,LES OMERGUES,04200,04,04200 Les Omergues 04200 LES OMERGUES,2026-08-01,2026-08-01,,,,,,
Marchés,Grand marché hebdomadaire,Grand marché hebdomadaire Place de la Libération 4160 Reillanne,REILLANNE,04110,04,Grand marché hebdomadaire Place de la Libération 4160 Reillanne 04110 REILLANNE,2026-07-26,2026-07-26,,,,,,
Fêtes locales,Fete communale et patronale,Niozelles,NIOZELLES,04300,04,Niozelles 04300 NIOZELLES,2026-08-02,2026-08-02,,,,,,
Messes,Pèlerinage 2 août,Notre-Dame-des-Anges Lurs,LURS,04700,04,Notre-Dame-des-Anges Lurs 04700 LURS,2026-08-02,2026-08-02,,,,,,
Evènements,FARMDAY by JA04,,LA BREOLE,04340,04, 04340 LA BREOLE,2026-08-02,2026-08-02,,,,,,
Annonces cyclistes et cyclosportives,Les 3 Cols,,BARCELONNETTE,04400,04, 04400 BARCELONNETTE,2026-08-02,2026-08-02,,,,,,
Fêtes locales,Fete Votive,Reillanne,REILLANNE,04110,04,Reillanne 04110 REILLANNE,2026-08-02,2026-08-02,,,,,,
Manifestations Automobiles,Rendez-vous mensuel,Place du Bourguet,FORCALQUIER,04300,04,Place du Bourguet 04300 FORCALQUIER,2026-08-03,2026-08-03,,,,,,
Fêtes locales,Fête du blé,Centre village,RIEZ,04500,04,Centre village 04500 RIEZ,2026-08-02,2026-08-02,,,,,,
Fêtes locales,fête des moissons,"Revest du Bion,&nbsp;Rues et places du village",REVEST-DU-BION,04150,04,"Revest du Bion,&nbsp;Rues et places du village 04150 REVEST-DU-BION",2026-08-02,2026-08-02,,,,,,
Marchés,Marché hebdomadaire du samedi,Marché hebdomadaire du samedi Mairie 4151 Pierrerue,PIERRERUE,04300,04,Marché hebdomadaire du samedi Mairie 4151 Pierrerue 04300 PIERRERUE,2026-08-02,2026-08-02,,,,,,
Vide-greniers,Vide-greniers Allos,04260 Allos,ALLOS,04260,04,04260 Allos 04260 ALLOS,2026-08-07,2026-08-07,,,,,,
Marchés de potiers,Jausiers Marché potier,04850 Jausiers,JAUSIERS,04850,04,04850 Jausiers 04850 JAUSIERS,2026-08-04,2026-08-04,,,,,,
Fêtes locales,Fête du lac d'Allos,,ALLOS,04260,04, 04260 ALLOS,2026-08-05,2026-08-05,,,,,,
Fêtes locales,Fête votive,Fête votive Sur la place du village Place la république 4018 Banon,BANON,04150,04,Fête votive Sur la place du village Place la république 4018 Banon 04150 BANON,2026-08-15,2026-08-15,,,,,,
Fêtes médiévales,Fête Médiévale,Coeur de village Colmars les Alpes,COLMARS,04370,04,Coeur de village Colmars les Alpes 04370 COLMARS,2026-08-08,2026-08-08,,,,,,
Feux d'artifice,Commémoration de l'Incendie du 8 Août 1672,Ancienne Auberge Fleurie,COLMARS,04370,04,Ancienne Auberge Fleurie 04370 COLMARS,2026-08-08,2026-08-08,,,,,,
Foires,La Foire agricole,Village Ongles - 04230,ONGLES,04230,04,Village Ongles - 04230 04230 ONGLES,2026-08-09,2026-08-09,,,,,,
Brocantes,Brocante Vide-greniers Allemagne-en-Provence,Place Verdun 04500 Allemagne-en-Provence,ALLEMAGNE-EN-PROVENCE,04500,04,Place Verdun 04500 Allemagne-en-Provence 04500 ALLEMAGNE-EN-PROVENCE,2026-08-10,2026-08-10,,,,,,
Fêtes locales,Fêtes Latino-Mexicaines,Village Barcelonnette - 04400,BARCELONNETTE,04400,04,Village Barcelonnette - 04400 04400 BARCELONNETTE,2026-08-15,2026-08-15,,,,,,
Feux d'artifice,Fête du 15 Août,Céreste,CERESTE,04280,04,Céreste 04280 CERESTE,2026-08-15,2026-08-15,,,,,,
Fêtes,Fête Patronale d'Allos,,ALLOS,04260,04, 04260 ALLOS,2026-08-15,2026-08-15,,,,,,
Feux d'artifice,Feu d’artifice et spectacle,,CERESTE,04280,04, 04280 CERESTE,2026-08-15,2026-08-15,,,,,,
Bals Danses,APRÈS-MIDI ESPRIT GUINGUETTE,Restaurant l'Itinéraire du Réal Le Riou des Mioux 05110 Curbans,CURBANS,05110,04,Restaurant l'Itinéraire du Réal Le Riou des Mioux 05110 Curbans 05110 CURBANS,2026-08-07,2026-08-07,,,,,,
Vide-greniers,Vide-greniers et marché aux puces,,CERESTE,04280,04, 04280 CERESTE,2026-08-15,2026-08-15,,,,,,
Brocantes,Brocante,,MANOSQUE,04100,04, 04100 MANOSQUE,2026-08-15,2026-08-15,,,,,,
Fêtes locales,FÊTE PATRONALE,04170 La Mure-Argens,LA MURE-ARGENS,04170,04,04170 La Mure-Argens 04170 LA MURE-ARGENS,2026-08-15,2026-08-15,,,,,,
Fêtes locales,Fête votive du 15 août,Centre village,RIEZ,04500,04,Centre village 04500 RIEZ,2026-08-15,2026-08-15,,,,,,
Fêtes locales,Fête de Selonnet - Fête des Moissons,,SELONNET,04460,04, 04460 SELONNET,2026-08-15,2026-08-15,,,,,,
Fêtes locales,Fete votive,La-Brillanne,LA BRILLANNE,04700,04,La-Brillanne 04700 LA BRILLANNE,2026-08-30,2026-08-30,,,,,,
Evènements,Pèlerinage chapelle Notre-Dame-des-Oeufs,Notre-Dame des Œufs,GREOUX-LES-BAINS,04800,04,Notre-Dame des Œufs 04800 GREOUX-LES-BAINS,2026-09-05,2026-09-05,,,,,,
Fêtes locales,Fete votive,Saint Martin les Eaux,SAINT-MARTIN-LES-EAUX,04870,04,Saint Martin les Eaux 04870 SAINT-MARTIN-LES-EAUX,2026-08-30,2026-08-30,,,,,,
Vide-greniers,Vide greniers,Vide greniers Place Maxime Javelly 04500 Riez,RIEZ,04500,04,Vide greniers Place Maxime Javelly 04500 Riez 04500 RIEZ,2026-09-06,2026-09-26,,,,,,
Fêtes locales,Fête des saucisses,,SAINTE-TULLE,04220,04, 04220 SAINTE-TULLE,2026-09-06,2026-09-06,,,,,,
Fêtes locales,Fete communale,Revest des Brousses,REVEST-DES-BROUSSES,04150,04,Revest des Brousses 04150 REVEST-DES-BROUSSES,2026-09-06,2026-09-06,,,,,,
Salons,Forum des associations,Village Castellane - 04120,CASTELLANE,04120,04,Village Castellane - 04120 04120 CASTELLANE,2026-09-12,2026-09-12,,,,,,
Jeux-sports,Bol d'or - enceinte generale,,LE CASTELLET,04700,04, 04700 LE CASTELLET,2026-09-20,2026-09-20,,,,,,
Marchés de potiers,Marché Potier de Manosque,romenade Aubert Millot,MANOSQUE,04100,04,romenade Aubert Millot 04100 MANOSQUE,2026-08-21,2026-08-21,,,,,,
Journées du patrimoine,Journées du Patrimoine,Maison Nature &amp; Patrimoines Castellane - 04120,CASTELLANE,04120,04,Maison Nature &amp; Patrimoines Castellane - 04120 04120 CASTELLANE,2026-09-19,2026-09-19,,,,,,
Salons,MOUSTIERS A LA PAGE,Place de l'Eglise 04360 Moustiers-Sainte-Marie,MOUSTIERS-SAINTE-MARIE,04360,04,Place de l'Eglise 04360 Moustiers-Sainte-Marie 04360 MOUSTIERS-SAINTE-MARIE,2026-09-20,2026-09-20,,,,,,
Jeux-sports,Bol d'or - enceinte generale dimanche,,LE CASTELLET,04700,04, 04700 LE CASTELLET,2026-09-20,2026-09-20,,,,,,
Sorties,La rando du fromage (VTT) &#129472;,04150 Banon,BANON,04150,04,04150 Banon 04150 BANON,2026-09-27,2026-09-27,,,,,,
Concerts,Calogero,,DIGNE-LES-BAINS,04000,04, 04000 DIGNE-LES-BAINS,2026-10-03,2026-10-03,,,,,,
Sorties,Week end Piémontais Fête de la Chataîgne à Cervasca,04170 Thorame-Haute,THORAME-HAUTE,04170,04,04170 Thorame-Haute 04170 THORAME-HAUTE,2026-10-10,2026-10-10,,,,,,
Foires,Foire de la Saint Michel,,BARCELONNETTE,04400,04, 04400 BARCELONNETTE,2026-09-26,2026-09-26,,,,,,
Foires,Foire Agicole de la Saint Michel,04320 Entrevaux,ENTREVAUX,04320,04,04320 Entrevaux 04320 ENTREVAUX,2026-09-26,2026-09-26,,,,,,
"Randonnées, Trail ou Running",Fête de la randonnée,Collège Maria Borrely 04000 Digne-les-Bains,DIGNE-LES-BAINS,04000,04,Collège Maria Borrely 04000 Digne-les-Bains 04000 DIGNE-LES-BAINS,2026-10-03,2026-10-03,,,,,,
Fêtes locales,Fete de l'amande,Fête de l'amande Places du centre ville 4143 Oraison,ORAISON,04700,04,Fête de l'amande Places du centre ville 4143 Oraison 04700 ORAISON,2026-10-11,2026-10-11,,,,,,
Foires,Foire Agricole d'Octobre,04140 Seyne,SEYNE,04140,04,04140 Seyne 04140 SEYNE,2026-10-10,2026-10-10,,,,,,
Bourses,Foire aux Skis,,COLMARS,04370,04, 04370 COLMARS,2026-11-07,2026-11-07,,,,,,
Fêtes locales,Fête de la châtaigne,Revest du Bion,REVEST-DU-BION,04150,04,Revest du Bion 04150 REVEST-DU-BION,2026-10-25,2026-10-25,,,,,,
Foires,Foire aux santons,Centre de congrès l'Etoile,GREOUX-LES-BAINS,04800,04,Centre de congrès l'Etoile 04800 GREOUX-LES-BAINS,2026-10-23,2026-10-23,,,,,,
Théatres,Le gang des chieuses,,DIGNE-LES-BAINS,04000,04, 04000 DIGNE-LES-BAINS,2026-09-30,2026-09-30,,,,,,
Marchés de Producteurs,Jour de marché aux truffes,allée Louis Gardiol,RIEZ,04500,04,allée Louis Gardiol 04500 RIEZ,2026-11-04,2026-11-04,,,,,,
Marchés de Producteurs,Truffes à&nbsp;Montagnac-Montpezat,Village,MONTAGNAC-MONTPEZAT,04500,04,Village 04500 MONTAGNAC-MONTPEZAT,2026-11-15,2026-11-15,,,,,,
Marchés de Noël,Foire aux santons,salle polyvalente,CHAMPTERCIER,04660,04,salle polyvalente 04660 CHAMPTERCIER,2026-12-06,2026-12-06,,,,,,
Cirques,Le cirque patin'air,,DIGNE-LES-BAINS,04000,04, 04000 DIGNE-LES-BAINS,2026-12-01,2026-12-01,,,,,,
Messes,Castellane Paroisse (Sacré Coeur) Messe de Noel,Paroisse (Sacré Coeur) 04120 Castellane,CASTELLANE,04120,04,Paroisse (Sacré Coeur) 04120 Castellane 04120 CASTELLANE,2026-12-24,2026-12-24,,,,,,
Fêtes locales,Fete communale,Gréoux-les-Bains,GREOUX-LES-BAINS,04800,04,Gréoux-les-Bains 04800 GREOUX-LES-BAINS,2027-01-17,2027-01-17,,,,,,
Concerts,Gauvain sers,,DIGNE-LES-BAINS,04000,04, 04000 DIGNE-LES-BAINS,2027-03-12,2027-03-12,,,,,,
Fêtes,Fête de la châtaigne,,LE FUGERET,04240,04, 04240 LE FUGERET,2026-11-07,2026-11-07,,,,,,
Fêtes locales,Fête du Pétardier,Centre village Castellane - 04120,CASTELLANE,04120,04,Centre village Castellane - 04120 04120 CASTELLANE,2027-01-31,2027-01-31,,,,,,
Foires,foire des rameaux,centre,MANOSQUE,04100,04,centre 04100 MANOSQUE,2027-03-20,2027-03-20,,,,,,
Fêtes locales,Fete patronale,Simiane-la-Rotonde,SIMIANE-LA-ROTONDE,04150,04,Simiane-la-Rotonde 04150 SIMIANE-LA-ROTONDE,2027-04-26,2027-04-26,,,,,,
Fêtes locales,Fete Patronale,Montjustin,MONTJUSTIN,04110,04,Montjustin 04110 MONTJUSTIN,2027-03-29,2027-03-29,,,,,,
Fêtes locales,Allemagne en Fête,Allemagne-en-Provence - 04550,ALLEMAGNE-EN-PROVENCE,04550,04,Allemagne-en-Provence - 04550 04550 ALLEMAGNE-EN-PROVENCE,2027-04-25,2027-04-25,,,,,,
Fêtes locales,Fête patronale,Volx,VOLX,04130,04,Volx 04130 VOLX,2027-04-26,2027-04-26,,,,,,
Vide-greniers,Vide-greniers et marché aux puces,,DIGNE-LES-BAINS,04000,04, 04000 DIGNE-LES-BAINS,2027-05-01,2027-05-01,,,,,,
Foires,Foire de Printemps,,GREOUX-LES-BAINS,04800,04, 04800 GREOUX-LES-BAINS,2027-05-01,2027-05-01,,,,,,
Vide-greniers,VIDE GRENIER,zone saint christophe,DIGNE-LES-BAINS,04000,04,zone saint christophe 04000 DIGNE-LES-BAINS,2027-05-01,2027-05-01,,,,,,
Vide-greniers,Vide grenier 1ER MAI,"Centre village 04360 Moustiers-Sainte-Marie, Alpes-de-Haute-Provence, Provence-",MOUSTIERS-SAINTE-MARIE,04360,04,"Centre village 04360 Moustiers-Sainte-Marie, Alpes-de-Haute-Provence, Provence- 04360 MOUSTIERS-SAINTE-MARIE",2027-05-01,2027-05-01,,,,,,
Fêtes locales,Fête communale,Pierrevert,PIERREVERT,04860,04,Pierrevert 04860 PIERREVERT,2027-05-01,2027-05-01,,,,,,
Fêtes locales,Fete patronale,Sainte-Croix-à-Lauze,SAINTE-CROIX-A-LAUZE,04110,04,Sainte-Croix-à-Lauze 04110 SAINTE-CROIX-A-LAUZE,2027-05-02,2027-05-02,,,,,,
Foires,foire de la Saint-Pancrace,centre ville,MANOSQUE,04100,04,centre ville 04100 MANOSQUE,2027-05-09,2027-05-09,,,,,,
Messes,Rogation provençale Chapelle Saint Marc,,FORCALQUIER,04300,04, 04300 FORCALQUIER,2027-05-12,2027-05-12,,,,,,
Fêtes locales,LA FETE DU FROMAGE À BANON &#129472;,Place de la République,BANON,04150,04,Place de la République 04150 BANON,2027-05-17,2027-05-17,,,,,,
Fêtes locales,Fete patronale,Dauphin,DAUPHIN,04300,04,Dauphin 04300 DAUPHIN,2027-05-03,2027-05-03,,,,,,
Messes,Rogation provençale Cathédrale,,FORCALQUIER,04300,04, 04300 FORCALQUIER,2027-05-11,2027-05-11,,,,,,
Fêtes locales,fête de la Saint Fortunat à Annot,coeur de village Annot - 04240,ANNOT,04240,04,coeur de village Annot - 04240 04240 ANNOT,2027-05-25,2027-05-25,,,,,,
Messes,Rogation provençale Chapelle Saint Pancrace,,FORCALQUIER,04300,04, 04300 FORCALQUIER,2027-05-13,2027-05-13,,,,,,
Messes,Rogation provençale Ascension,,FORCALQUIER,04300,04, 04300 FORCALQUIER,2027-05-14,2027-05-14,,,,,,
Fêtes locales,Rendez-vous aux Jardins,Jardins de la Tour Castellane - 04120,CASTELLANE,04120,04,Jardins de la Tour Castellane - 04120 04120 CASTELLANE,2027-06-06,2027-06-06,,,,,,
Fêtes locales,Fête de la transhumance,Place Marcel Sauvaire,CASTELLANE,04120,04,Place Marcel Sauvaire 04120 CASTELLANE,,,,,,,,
Messes,Pèlerinage Pentecôte,Notre-Dame-des-Anges Lurs,LURS,04700,04,Notre-Dame-des-Anges Lurs 04700 LURS,2027-05-25,2027-05-25,,,,,,
Fêtes locales,Fête votive de Pentecôte,Centre village,RIEZ,04500,04,Centre village 04500 RIEZ,2027-05-25,2027-05-25,,,,,,
Visites Portes Ouvertes,Journées de l'Archéologie,Centre Castellane,CASTELLANE,04120,04,Centre Castellane 04120 CASTELLANE,2027-06-20,2027-06-20,,,,,,
Concerts,FÊTE DE LA MUSIQUE,Place de l'Eglise 04360 Moustiers-Sainte-Marie,MOUSTIERS-SAINTE-MARIE,04360,04,Place de l'Eglise 04360 Moustiers-Sainte-Marie 04360 MOUSTIERS-SAINTE-MARIE,2027-06-21,2027-06-21,,,,,,
Fêtes locales,Fete communale,Saint Michel l'Observatoire,SAINT-MICHEL-L'OBSERVATOIRE,04870,04,Saint Michel l'Observatoire 04870 SAINT-MICHEL-L'OBSERVATOIRE,2027-06-21,2027-06-21,,,,,,
Fêtes locales,Fete communale & Foire,Valensole,VALENSOLE,04210,04,Valensole 04210 VALENSOLE,2027-06-21,2027-06-21,,,,,,
Fêtes locales,Fête de la Transhumance,Allée Louis Gardiol,RIEZ,04500,04,Allée Louis Gardiol 04500 RIEZ,2027-06-28,2027-06-28,,,,,,
Fêtes locales,Fête de la Montagne,Village Castellane - 04120,CASTELLANE,04120,04,Village Castellane - 04120 04120 CASTELLANE,2027-06-27,2027-06-27,,,,,,
Fêtes locales,Fete Patronale,Saint Michel l'Observatoire,SAINT-MICHEL-L'OBSERVATOIRE,04870,04,Saint Michel l'Observatoire 04870 SAINT-MICHEL-L'OBSERVATOIRE,2027-06-28,2027-06-28,,,,,,
Annonces cyclistes et cyclosportives,Défi des fondus,,BARCELONNETTE,04400,04, 04400 BARCELONNETTE,2027-06-27,2027-06-27,,,,,,
Fêtes locales,Fête de l'hippodrome,Font de Durance Sud,ORAISON,04700,04,Font de Durance Sud 04700 ORAISON,2027-07-05,2027-07-05,,,,,,
Fêtes locales,Fête patronale,Village Lambruisse - 04170,LAMBRUISSE,04170,04,Village Lambruisse - 04170 04170 LAMBRUISSE,2027-07-04,2027-07-04,,,,,,
Feux d'artifice,Feu d’artifice et bal,Thoard - 04380,THOARD,04380,04,Thoard - 04380 04380 THOARD,2027-07-13,2027-07-13,,,,,,
Fêtes locales,Fete patronale,Sainte-Tulle,SAINTE-TULLE,04220,04,Sainte-Tulle 04220 SAINTE-TULLE,2027-06-18,2027-06-18,,,,,,
Fêtes locales,Fete patronale,Gréoux-les-Bains,GREOUX-LES-BAINS,04800,04,Gréoux-les-Bains 04800 GREOUX-LES-BAINS,2027-07-05,2027-07-05,,,,,,
Feux d'artifice,Fête Nationale,Val d'Allos le Village Allos - 04260,ALLOS,04260,04,Val d'Allos le Village Allos - 04260 04260 ALLOS,2027-07-13,2027-07-13,,,,,,
Fêtes locales,Fête de Montclar,Station de Montclar,MONTCLAR,04140,04,Station de Montclar 04140 MONTCLAR,2027-07-13,2027-07-13,,,,,,
Feux d'artifice,FEU D'ARTIFICE,Chapelle St-Jean 04360 Moustiers-Sainte-Marie,MOUSTIERS-SAINTE-MARIE,04360,04,Chapelle St-Jean 04360 Moustiers-Sainte-Marie 04360 MOUSTIERS-SAINTE-MARIE,2027-07-13,2027-07-13,,,,,,
Foires,Foire à l'Herboristerie et aux métiers d'Art,Centre Village,SAINT-ETIENNE-LES-ORGUES,04230,04,Centre Village 04230 SAINT-ETIENNE-LES-ORGUES,2027-07-14,2027-07-14,,,,,,
Fêtes,Fête Nationale,Place Marcel Sauvaire,CASTELLANE,04120,04,Place Marcel Sauvaire 04120 CASTELLANE,2027-07-14,2027-07-14,,,,,,
Feux d'artifice,Feux d'artifice,La Citadelle - 04200 Sisteron,SISTERON,04200,04,La Citadelle - 04200 Sisteron 04200 SISTERON,2027-07-14,2027-07-14,,,,,,
Feux d'artifice,Feux d'artifice au lac des Buissonnades,,ORAISON,04700,04, 04700 ORAISON,2027-07-14,2027-07-14,,,,,,
Fêtes,FOIRE L'HERBORISTERIE,04230 ST ETIENNE LES ORGUES,FORCALQUIER,04230,04,04230 ST ETIENNE LES ORGUES 04230 FORCALQUIER,2027-07-14,2027-07-14,,,,,,
Feux d'artifice,Fête Nationale du 14 juillet,Ancienne Auberge Fleurie,COLMARS,04370,04,Ancienne Auberge Fleurie 04370 COLMARS,2027-07-14,2027-07-14,,,,,,
Marchés de potiers,Marché potier,Village Forcalquier - 04300,FORCALQUIER,04300,04,Village Forcalquier - 04300 04300 FORCALQUIER,2027-07-18,2027-07-18,,,,,,
Fêtes,Fête votive,,CERESTE,04280,04, 04280 CERESTE,2027-07-18,2027-07-18,,,,,,
Fêtes locales,Fête de la Lavande,cœur de village Valensole - 04210,VALENSOLE,04210,04,cœur de village Valensole - 04210 04210 VALENSOLE,2027-07-19,2027-07-19,,,,,,
Fêtes locales,Fete communale,Corbières,CORBIERES,04220,04,Corbières 04220 CORBIERES,2027-07-19,2027-07-19,,,,,,
Fêtes locales,Fete Patronale à Lincel,Saint Michel l'Observatoire,SAINT-MICHEL-L'OBSERVATOIRE,04870,04,Saint Michel l'Observatoire 04870 SAINT-MICHEL-L'OBSERVATOIRE,2027-07-19,2027-07-19,,,,,,
Fêtes locales,Fete communale,Dauphin,DAUPHIN,04300,04,Dauphin 04300 DAUPHIN,2027-07-19,2027-07-19,,,,,,
Concerts,L'Épine Marché concert,05700 L'Épine,L'EPINE,05700,05,05700 L'Épine 05700 L'EPINE,2026-07-21,2026-07-21,,,,,,
Marchés nocturnes,PONT DU FOSSÉ Marché de producteurs,,SAINT-JEAN-SAINT-NICOLAS,05260,05, 05260 SAINT-JEAN-SAINT-NICOLAS,2026-07-21,2026-07-21,,,,,,
Marchés,Vars Marché,05560 Vars,VARS,05560,05,05560 Vars 05560 VARS,2026-07-21,2026-07-21,,,,,,
Marchés,Abriès Marché,05460 Abriès,ABRIES,05460,05,05460 Abriès 05460 ABRIES,2026-07-22,2026-07-22,,,,,,
Marchés,Jours de marché,Place Barthelon - Centre ville 05200 Embrun,EMBRUN,05200,05,Place Barthelon - Centre ville 05200 Embrun 05200 EMBRUN,2026-07-22,2026-07-22,,,,,,
Marchés,Marché hebdomadaire,,RIBIERS,05300,05, 05300 RIBIERS,2026-07-21,2026-07-21,,,,,,
Marchés,Saint-Firmin Marché,05800 Saint-Firmin,SAINT-FIRMIN,05800,05,05800 Saint-Firmin 05800 SAINT-FIRMIN,2026-07-21,2026-07-21,,,,,,
Marchés,Marché,Marché Place du Temple 5077 Molines-en-Queyras,MOLINES-EN-QUEYRAS,05350,05,Marché Place du Temple 5077 Molines-en-Queyras 05350 MOLINES-EN-QUEYRAS,2026-07-21,2026-07-21,,,,,,
Marchés,Marché hebdomadaire,Parking du Transalpin En face de l’Office de Tourisme 05100 Montgenèvre,MONTGENEVRE,05100,05,Parking du Transalpin En face de l’Office de Tourisme 05100 Montgenèvre 05100 MONTGENEVRE,2026-07-22,2026-07-22,,,,,,
Marchés,Gap Marché hebdomadaire mercredi,05000 Gap,GAP,05000,05,05000 Gap 05000 GAP,2026-07-22,2026-07-22,,,,,,
Marchés d'été,Marché de La Joue du Loup,Place des Argousiers La Joue du Loup 05250 LA JOUE DU LOUP,SAINT-ETIENNE-EN-DEVOLUY,05250,05,Place des Argousiers La Joue du Loup 05250 LA JOUE DU LOUP 05250 SAINT-ETIENNE-EN-DEVOLUY,2026-07-21,2026-07-21,,,,,,
Marchés,Marché en saison,Sous la halle 05470 Aiguilles,AIGUILLES,05470,05,Sous la halle 05470 Aiguilles 05470 AIGUILLES,2026-07-23,2026-07-23,,,,,,
Marchés en Provence,Laragne-Montéglin Grand marché provençal du jeudi matin,05300 Laragne-Montéglin,LARAGNE-MONTEGLIN,05300,05,05300 Laragne-Montéglin 05300 LARAGNE-MONTEGLIN,2026-07-23,2026-07-23,,,,,,
Marchés,Abriès Marché aux saveurs,05460 Abriès,ABRIES,05460,05,05460 Abriès 05460 ABRIES,2026-07-23,2026-07-23,,,,,,
Messes,Fête de Sainte Brigitte au Collet,"Fête de Sainte Brigitte au Collet, 05250 Le Dévoluy Le Dévoluy",SAINT-ETIENNE-EN-DEVOLUY,05250,05,"Fête de Sainte Brigitte au Collet, 05250 Le Dévoluy Le Dévoluy 05250 SAINT-ETIENNE-EN-DEVOLUY",2026-07-22,2026-07-22,,,,,,
Marchés d'été,Saint-Bonnet-en-Champsaur Marché estival,05500 Saint-Bonnet-en-Champsaur,SAINT-BONNET-EN-CHAMPSAUR,05500,05,05500 Saint-Bonnet-en-Champsaur 05500 SAINT-BONNET-EN-CHAMPSAUR,2026-07-23,2026-07-23,,,,,,
Marchés,Rosans Le marché du Téron,le vieux village 05150 Rosans,ROSANS,05150,05,le vieux village 05150 Rosans 05150 ROSANS,2026-07-23,2026-07-23,,,,,,
Marchés en Provence,Marché Provençal du Jeudi,Place de la République Rue Jean Jaurès Rue Berthelot,VEYNES,05400,05,Place de la République Rue Jean Jaurès Rue Berthelot 05400 VEYNES,2026-07-23,2026-07-23,,,,,,
Marchés,Ceillac Marché,05600 Ceillac,CEILLAC,05600,05,05600 Ceillac 05600 CEILLAC,2026-07-23,2026-07-23,,,,,,
Marchés,Marché hebdomadaire,Marché hebdomadaire Place du Marché Orcières Merlette 5096 Orcières,ORCIERES,05170,05,Marché hebdomadaire Place du Marché Orcières Merlette 5096 Orcières 05170 ORCIERES,2026-07-23,2026-07-23,,,,,,
Marchés de Producteurs,Drive fermier Parking du COSEC Gap,Drive fermier Parking du COSEC Gap Avenue de Traunstein Parking 5000 Gap,GAP,05000,05,Drive fermier Parking du COSEC Gap Avenue de Traunstein Parking 5000 Gap 05000 GAP,2026-07-23,2026-07-23,,,,,,
Marchés nocturnes,Embrun Nocturne des commerçants,05200 Embrun,EMBRUN,05200,05,05200 Embrun 05200 EMBRUN,2026-07-24,2026-07-24,,,,,,
Marchés,VENDREDI LE MARCHÉ RÉGULIER,AVENUE CHARLES DE GAULLE (À CÔTÉ DE LA MAIRIE),L'ARGENTIERE-LA-BESSEE,05120,05,AVENUE CHARLES DE GAULLE (À CÔTÉ DE LA MAIRIE) 05120 L'ARGENTIERE-LA-BESSEE,2026-07-24,2026-07-24,,,,,,
Marchés nocturnes,CHORGES Marché de producteurs,,CHORGES,05230,05, 05230 CHORGES,2026-07-24,2026-07-24,,,,,,
Marchés,Le Monêtier-les-Bains Marché hebdomadaire du Monêtier,Place du Marché 05220 Le Monêtier-les-Bains,LE MONETIER-LES-BAINS,05220,05,Place du Marché 05220 Le Monêtier-les-Bains 05220 LE MONETIER-LES-BAINS,2026-07-24,2026-07-24,,,,,,
Marchés d'été,Garde-Colombe Marché,Place de la Mairie Lagrand 05300 Garde-Colombe,EYGUIANS,05300,05,Place de la Mairie Lagrand 05300 Garde-Colombe 05300 EYGUIANS,2026-07-24,2026-07-24,,,,,,
Marchés,Gap Marché hebdomadaire vendredi,05000 Gap,GAP,05000,05,05000 Gap 05000 GAP,2026-07-24,2026-07-24,,,,,,
Marchés nocturnes,Marché nocturne,,RIBIERS,05300,05, 05300 RIBIERS,2026-07-24,2026-07-24,,,,,,
Sorties,Les Estivales Ribieroises,Place de la Fontaine Ribiers 05300 Val Buëch-Méouge,RIBIERS,05300,05,Place de la Fontaine Ribiers 05300 Val Buëch-Méouge 05300 RIBIERS,2026-07-24,2026-07-24,,,,,,
Marchés de Producteurs,Drive fermier Parking du Crédit Agricole TOKORO GAP,Drive fermier Parking du Crédit Agricole TOKORO GAP 84 Avenue d'Embrun 5000 Gap,GAP,05000,05,Drive fermier Parking du Crédit Agricole TOKORO GAP 84 Avenue d'Embrun 5000 Gap 05000 GAP,2026-07-24,2026-07-24,,,,,,
Marchés,Saint-Jean-Saint-Nicolas Marché,Pont du Fossé 05260 Saint-Jean-Saint-Nicolas,SAINT-JEAN-SAINT-NICOLAS,05260,05,Pont du Fossé 05260 Saint-Jean-Saint-Nicolas 05260 SAINT-JEAN-SAINT-NICOLAS,2026-07-24,2026-07-24,,,,,,
Marchés de Producteurs,DRIVE FERMIER,"Rond-point de l'aérodrome Face à Univers Auto, direction optique Binocle 05130 TALLARD",TALLARD,05130,05,"Rond-point de l'aérodrome Face à Univers Auto, direction optique Binocle 05130 TALLARD 05130 TALLARD",2026-07-25,2026-07-25,,,,,,
Marchés d'été,Marché estival,Marché estival Centre-ville 5017 La Bâtie-Neuve,LA BATIE-NEUVE,05230,05,Marché estival Centre-ville 5017 La Bâtie-Neuve 05230 LA BATIE-NEUVE,2026-07-25,2026-07-25,,,,,,
Marchés,Marché hebdomadaire de Saint Etienne en Dévoluy,centre village,SAINT-ETIENNE-EN-DEVOLUY,05250,05,centre village 05250 SAINT-ETIENNE-EN-DEVOLUY,2026-07-24,2026-07-24,,,,,,
Marchés de Producteurs,Drive fermier Point retrait La Roche-des-Arnauds,Drive fermier Point retrait La Roche-des-Arnauds 300 Route de Veynes Parking du chalet Point Info 5400 La Roche-des-Arnauds,LA ROCHE-DES-ARNAUDS,05400,05,Drive fermier Point retrait La Roche-des-Arnauds 300 Route de Veynes Parking du chalet Point Info 5400 La Roche-des-Arnauds 05400 LA ROCHE-DES-ARNAUDS,2026-07-25,2026-07-25,,,,,,
Marchés,Marché bihebdomadaire d'Embrun,Marché bihebdomadaire d'Embrun Place Barthelon - Centre ville 5046 Embrun,EMBRUN,05200,05,Marché bihebdomadaire d'Embrun Place Barthelon - Centre ville 5046 Embrun 05200 EMBRUN,2026-07-25,2026-07-25,,,,,,
Marchés de Producteurs,Drive fermier Point retrait aire de covoiturage de Baratier,Drive fermier Point retrait aire de covoiturage de Baratier Aire de covoiturage 5200 Baratier,BARATIER,05200,05,Drive fermier Point retrait aire de covoiturage de Baratier Aire de covoiturage 5200 Baratier 05200 BARATIER,2026-07-25,2026-07-25,,,,,,
Marchés,Serres Le marché de Serres,place du Lac 05700 Serres,SERRES,05700,05,place du Lac 05700 Serres 05700 SERRES,2026-07-25,2026-07-25,,,,,,
Marchés de Producteurs,Drive fermier Point retrait de Chabottes,Drive fermier Point retrait de Chabottes La Basse Plaine (en face du bar Les Estèves) 5260 Chabottes,CHABOTTES,05260,05,Drive fermier Point retrait de Chabottes La Basse Plaine (en face du bar Les Estèves) 5260 Chabottes 05260 CHABOTTES,2026-07-25,2026-07-25,,,,,,
Marchés de Producteurs,Drive fermier Point retrait BRIANCON,Drive fermier Point retrait BRIANCON Rue Georges Bermond-Gonnet Le long du tennis club 5100 Briançon,BRIANCON,05100,05,Drive fermier Point retrait BRIANCON Rue Georges Bermond-Gonnet Le long du tennis club 5100 Briançon 05100 BRIANCON,2026-07-25,2026-07-25,,,,,,
Marchés,Gap Marché hebdomadaire samedi,05000 Gap,GAP,05000,05,05000 Gap 05000 GAP,2026-07-25,2026-07-25,,,,,,
Marchés,Le marché de Serres,Le marché de Serres Place de la Liberté 5166 Serres,SERRES,05700,05,Le marché de Serres Place de la Liberté 5166 Serres 05700 SERRES,2026-07-25,2026-07-25,,,,,,
Marchés d'été,Marché des producteurs locaux,Route d'Arsine - Jardin du Moulin Villar d'Arène - Arsine,VILLAR-D'ARENE,05480,05,Route d'Arsine - Jardin du Moulin Villar d'Arène - Arsine 05480 VILLAR-D'ARENE,2026-07-26,2026-07-26,,,,,,
"Randonnées, Trail ou Running",Vars Mountain Trail,Cours Fontanarosa,VARS,05560,05,Cours Fontanarosa 05560 VARS,2026-07-25,2026-07-25,,,,,,
Marchés,Marché,Marché Place du village 5004 Ancelle,ANCELLE,05260,05,Marché Place du village 5004 Ancelle 05260 ANCELLE,2026-07-26,2026-07-26,,,,,,
Fêtes locales,Pot d'Accueil,,AIGUILLES,05470,05, 05470 AIGUILLES,2026-07-26,2026-07-26,,,,,,
Marchés d'été,marché estival,village Crots - 05200,CROTS,05200,05,village Crots - 05200 05200 CROTS,2026-07-26,2026-07-26,,,,,,
Marchés,Briançon Marché du Dimanche,05100 Briançon,BRIANCON,05100,05,05100 Briançon 05100 BRIANCON,2026-07-26,2026-07-26,,,,,,
Marchés,Chorges Marché hebdomadaire de Chorges,05230 Chorges,CHORGES,05230,05,05230 Chorges 05230 CHORGES,2026-07-26,2026-07-26,,,,,,
Marchés,Petit marché de producteurs du dimanche matin,Petit marché de producteurs du dimanche matin Place du Village Eyguians 5053 Garde-Colombe,EYGUIANS,05300,05,Petit marché de producteurs du dimanche matin Place du Village Eyguians 5053 Garde-Colombe 05300 EYGUIANS,2026-07-26,2026-07-26,,,,,,
Marchés,Petit marché dominical à Orpierre,Petit marché dominical à Orpierre Place du village 5097 Orpierre,ORPIERRE,05700,05,Petit marché dominical à Orpierre Place du village 5097 Orpierre 05700 ORPIERRE,2026-07-26,2026-07-26,,,,,,
Fêtes,Fête de la Madeleine,Chef lieu,LES ORRES,05200,05,Chef lieu 05200 LES ORRES,2026-07-26,2026-07-26,,,,,,
Fêtes locales,Fête de la Sainte Anne à Prapic,Papric 05096 Orcières,ORCIERES,05096,05,Papric 05096 Orcières 05096 ORCIERES,2026-07-26,2026-07-26,,,,,,
Marchés,Marché du dimanche,Marché du dimanche Avenue du 159 RIA 5023 Briançon,BRIANCON,05100,05,Marché du dimanche Avenue du 159 RIA 5023 Briançon 05100 BRIANCON,2026-07-26,2026-07-26,,,,,,
Marchés,Petit marché dominical du Poët,Petit marché dominical du Poët Devant la Mairie 5103 Le Poët,LE POET,05300,05,Petit marché dominical du Poët Devant la Mairie 5103 Le Poët 05300 LE POET,2026-07-26,2026-07-26,,,,,,
Fêtes médiévales,Les Médiévales d'Aspéris,Parc des séquoïas,ASPRES-SUR-BUECH,05140,05,Parc des séquoïas 05140 ASPRES-SUR-BUECH,2026-08-01,2026-08-01,,,,,,
Fêtes locales,Le Dévoluy fête l'été,05250 Le Dévoluy,SAINT-ETIENNE-EN-DEVOLUY,05250,05,05250 Le Dévoluy 05250 SAINT-ETIENNE-EN-DEVOLUY,2026-07-26,2026-07-26,,,,,,
Marchés,Petit Marché des Producteurs,Petit Marché des Producteurs Villar d'Arène - Arsine Route d'Arsine - Jardin du Moulin 5181 Villar-d'Arêne,VILLAR-D'ARENE,05480,05,Petit Marché des Producteurs Villar d'Arène - Arsine Route d'Arsine - Jardin du Moulin 5181 Villar-d'Arêne 05480 VILLAR-D'ARENE,2026-07-26,2026-07-26,,,,,,
Marchés,Marché de Rosans,Marché de Rosans Place de l'Abbé Bicais 5126 Rosans,ROSANS,05150,05,Marché de Rosans Place de l'Abbé Bicais 5126 Rosans 05150 ROSANS,2026-07-26,2026-07-26,,,,,,
Marchés,Marché hebdomadaire,Avenue de Marseille,LA SAULCE,05110,05,Avenue de Marseille 05110 LA SAULCE,2026-07-26,2026-07-26,,,,,,
"Randonnées, Trail ou Running",TRAIL ÉTOILÉ D'ORCIÈRES,05170 Orcières,ORCIERES,05170,05,05170 Orcières 05170 ORCIERES,2026-08-01,2026-08-01,,,,,,
Vide-greniers,Vide greniers,Place du Monument aux Morts,SERRES,05700,05,Place du Monument aux Morts 05700 SERRES,2026-08-03,2026-08-03,,,,,,
"Randonnées, Trail ou Running",Trails des lacs d'Orcières,Front de neige des drapeaux Orcières Merlette 05170 Orcières,ORCIERES,05170,05,Front de neige des drapeaux Orcières Merlette 05170 Orcières 05170 ORCIERES,2026-08-01,2026-08-01,,,,,,
Fêtes médiévales,CROTS FÊTE MÉDIÉVALE,Village Crots - 05200,CROTS,05200,05,Village Crots - 05200 05200 CROTS,2026-08-01,2026-08-01,,,,,,
Fêtes,Fête de la chasse et Fête du Pain,Villar d'Arène,VILLAR-D'ARENE,05480,05,Villar d'Arène 05480 VILLAR-D'ARENE,2026-08-02,2026-08-02,,,,,,
Messes,Horaires des messes,Eglise La Bâtie-Vieille - 05000,LA BATIE-VIEILLE,05000,05,Eglise La Bâtie-Vieille - 05000 05000 LA BATIE-VIEILLE,2026-08-03,2026-08-03,,,,,,
Fêtes locales,Grande Fête de Vallouise,centre ville,VALLOUISE,05290,05,centre ville 05290 VALLOUISE,2026-08-01,2026-08-01,,,,,,
Marchés de Producteurs,Marché de producteurs cueilleurs,Marché de producteurs cueilleurs Place du Portail 5065 Guillestre,GUILLESTRE,05600,05,Marché de producteurs cueilleurs Place du Portail 5065 Guillestre 05600 GUILLESTRE,2026-08-07,2026-08-07,,,,,,
Foires,Foire commerciale transfrontalière,,ABRIES,05460,05, 05460 ABRIES,2026-08-02,2026-08-02,,,,,,
Marchés,Petit marché de producteurs du mardi matin,Petit marché de producteurs du mardi matin Place de la Fontaine Ribiers 5118 Val Buëch-Méouge,RIBIERS,05300,05,Petit marché de producteurs du mardi matin Place de la Fontaine Ribiers 5118 Val Buëch-Méouge 05300 RIBIERS,2026-08-05,2026-08-05,,,,,,
Fêtes,Fête Votive de La Roche des Arnauds,,LA ROCHE-DES-ARNAUDS,05400,05, 05400 LA ROCHE-DES-ARNAUDS,2026-08-08,2026-08-08,,,,,,
Vide-greniers,Vide-greniers Abriès,05460 Abriès,ABRIES,05460,05,05460 Abriès 05460 ABRIES,2026-08-09,2026-08-09,,,,,,
Salons,Marché de la laine et de la soie,05600 Guillestre Place albert,GUILLESTRE,05600,05,05600 Guillestre Place albert 05600 GUILLESTRE,2026-08-09,2026-08-09,,,,,,
Fêtes locales,Fête d'antan,,SAINT-BONNET-EN-CHAMPSAUR,05500,05, 05500 SAINT-BONNET-EN-CHAMPSAUR,2026-08-09,2026-08-09,,,,,,
Fêtes locales,Fête du village d'Orcières,05096 Orcières,ORCIERES,05096,05,05096 Orcières 05096 ORCIERES,2026-08-09,2026-08-09,,,,,,
Fêtes locales,FÊTE DE LA SAINT LAURENT,Orcières - 05170,ORCIERES,05170,05,Orcières - 05170 05170 ORCIERES,2026-08-09,2026-08-09,,,,,,
Fêtes locales,FÊTE DU 15 AOÛT,Place du village Agnières-en-Dévoluy,AGNIERES-EN-DEVOLUY,05250,05,Place du village Agnières-en-Dévoluy 05250 AGNIERES-EN-DEVOLUY,2026-08-15,2026-08-15,,,,,,
Fêtes,Fête patronale et Fête des Guides de La Grave,Place de l'église et Arboretum Place de l'église et Arboretum de La Grave,LA GRAVE,05320,05,Place de l'église et Arboretum Place de l'église et Arboretum de La Grave 05320 LA GRAVE,2026-08-15,2026-08-15,,,,,,
Fêtes locales,Saint-Jean-Saint-Nicolas Fête gourmande,Pont du Fossé 05260 Saint-Jean-Saint-Nicolas,SAINT-JEAN-SAINT-NICOLAS,05260,05,Pont du Fossé 05260 Saint-Jean-Saint-Nicolas 05260 SAINT-JEAN-SAINT-NICOLAS,2026-08-13,2026-08-13,,,,,,
Messes,Fête de St Laurent,Chapelle de L'Enclus 05250 DÉVOLUY,SAINT-ETIENNE-EN-DEVOLUY,05250,05,Chapelle de L'Enclus 05250 DÉVOLUY 05250 SAINT-ETIENNE-EN-DEVOLUY,2026-08-10,2026-08-10,,,,,,
Foires,Gap Foire d'Eté,Service Occupation du Domaine Public 05000 Gap,GAP,05000,05,Service Occupation du Domaine Public 05000 Gap 05000 GAP,2026-08-10,2026-08-10,,,,,,
Activités enfants,Journée du Mistouflon,,ABRIES,05460,05, 05460 ABRIES,2026-08-13,2026-08-13,,,,,,
Foires,Briançon Foire du 15 Aôut,05100 Briançon,BRIANCON,05100,05,05100 Briançon 05100 BRIANCON,2026-08-15,2026-08-15,,,,,,
Vide-greniers,Vide greniers Montjay,05150 Montjay,MONTJAY,05150,05,05150 Montjay 05150 MONTJAY,2026-08-15,2026-08-15,,,,,,
Fêtes locales,Fête patronale de Guillestre,Village Guillestre,GUILLESTRE,05600,05,Village Guillestre 05600 GUILLESTRE,2026-08-15,2026-08-15,,,,,,
Messes,Messe à la Chapelle des Pons,,PELLEAUTIER,05000,05, 05000 PELLEAUTIER,2026-08-15,2026-08-15,,,,,,
Fêtes locales,Kermesse Bleu Citron,esplanade station 1600 05290 Puy-Saint-Vincent,PUY-SAINT-VINCENT,05290,05,esplanade station 1600 05290 Puy-Saint-Vincent 05290 PUY-SAINT-VINCENT,2026-08-15,2026-08-15,,,,,,
Fêtes locales,Festival de la Montagne,Place des Drapeaux Orcières - 05170,ORCIERES,05170,05,Place des Drapeaux Orcières - 05170 05170 ORCIERES,2026-08-15,2026-08-15,,,,,,
Messes,Fête du 15 aout Assomption,chapelle Notre Dame de l'Assomption 5150 Montjay,MONTJAY,05150,05,chapelle Notre Dame de l'Assomption 5150 Montjay 05150 MONTJAY,2026-08-15,2026-08-15,,,,,,
Fêtes,Fête des Sapeurs Pompiers,,LES ORRES,05200,05, 05200 LES ORRES,2026-08-15,2026-08-15,,,,,,
"Randonnées, Trail ou Running",Embrunman,,EMBRUN,05200,05, 05200 EMBRUN,2026-08-16,2026-08-16,,,,,,
Fêtes locales,la fête du patrimoine,Vars Sainte Marie,VARS,05560,05,Vars Sainte Marie 05560 VARS,2026-08-15,2026-08-15,,,,,,
Fêtes locales,Fête de la libération de Gap,,GAP,05000,05, 05000 GAP,2026-08-20,2026-08-20,,,,,,
Vide-greniers,Vide-greniers et marché aux puces,,SAINT-MICHEL-DE-CHAILLOL,05260,05, 05260 SAINT-MICHEL-DE-CHAILLOL,2026-08-15,2026-08-15,,,,,,
Fêtes locales,Fête de Granon,Granon,VAL-DES-PRES,05100,05,Granon 05100 VAL-DES-PRES,2026-08-30,2026-08-30,,,,,,
Foires,La Grave Foire aux bovins,Le Chazelet - Les Plagnes 05320 La Grave,LA GRAVE,05320,05,Le Chazelet - Les Plagnes 05320 La Grave 05320 LA GRAVE,2026-08-31,2026-08-31,,,,,,
Fêtes locales,Fête de la Saint-Arnoux,cœur de ville Gap,GAP,05000,05,cœur de ville Gap 05000 GAP,2026-09-05,2026-09-05,,,,,,
Fêtes foraines,Fête Foraine de la St Arnoux,avenue Emile Didier,GAP,05000,05,avenue Emile Didier 05000 GAP,2026-09-05,2026-09-05,,,,,,
Festivals,Cali,,LA BATIE-NEUVE,05230,05, 05230 LA BATIE-NEUVE,2026-08-29,2026-08-29,,,,,,
Vide-greniers,Vide-greniers et marché aux puces,,SAINT-BONNET-EN-CHAMPSAUR,05500,05, 05500 SAINT-BONNET-EN-CHAMPSAUR,2026-08-15,2026-08-15,,,,,,
Fêtes locales,"St Louison, Fête des Pompiers",,GAP,05000,05, 05000 GAP,2026-09-06,2026-09-06,,,,,,
Festivals,A livres perchés,Place du village,LARDIER-ET-VALENCA,05110,05,Place du village 05110 LARDIER-ET-VALENCA,2026-09-05,2026-09-05,,,,,,
Festivals,Fête de la Saint-Arnoux Festival de Pénas et Bandas,,GAP,05000,05, 05000 GAP,2026-09-05,2026-09-05,,,,,,
Foires,Garde-Colombe Foire aux dindes de Lagrand,Lagrand 05300 Garde-Colombe,EYGUIANS,05300,05,Lagrand 05300 Garde-Colombe 05300 EYGUIANS,2026-09-09,2026-09-09,,,,,,
Foires,foire aux dindes,,LAGRAND,05300,05, 05300 LAGRAND,2026-09-09,2026-09-09,,,,,,
Foires,Le Monêtier-les-Bains Foire aux bestiaux,Pré Chabert Remontées mécaniques 05220 Le Monêtier-les-Bains,LE MONETIER-LES-BAINS,05220,05,Pré Chabert Remontées mécaniques 05220 Le Monêtier-les-Bains 05220 LE MONETIER-LES-BAINS,2026-09-12,2026-09-12,,,,,,
Théatres,Mille et une histoires de copropriété,,SAINT-BONNET-EN-CHAMPSAUR,05500,05, 05500 SAINT-BONNET-EN-CHAMPSAUR,2026-09-10,2026-09-10,,,,,,
Fêtes locales,Fête du Pain à Pelleautier,Le Village,PELLEAUTIER,05000,05,Le Village 05000 PELLEAUTIER,2026-09-06,2026-09-06,,,,,,
Foires,foire bio,embrun,EMBRUN,05200,05,embrun 05200 EMBRUN,2026-09-12,2026-09-12,,,,,,
Foires,Foire aux bestiaux et repas de la chèvre,05800 La Chapelle-en-Valgaudemar,LA CHAPELLE-EN-VALGAUDEMAR,05800,05,05800 La Chapelle-en-Valgaudemar 05800 LA CHAPELLE-EN-VALGAUDEMAR,2026-10-04,2026-10-04,,,,,,
Vide-greniers,Vide greniers Serres,05700 Serres,SERRES,05700,05,05700 Serres 05700 SERRES,2026-09-13,2026-09-13,,,,,,
Concerts,Julien clerc,,GAP,05000,05, 05000 GAP,2026-10-02,2026-10-02,,,,,,
Concerts,JULIEN CLERC,,GAP,05000,05, 05000 GAP,2026-10-02,2026-10-02,,,,,,
Théatres,Mille et une histoires de copropriété,,VEYNES,05400,05, 05400 VEYNES,2026-09-22,2026-09-22,,,,,,
Concerts,Brel ! le spectacle,,GAP,05000,05, 05000 GAP,2026-10-20,2026-10-20,,,,,,
"Randonnées, Trail ou Running",La Guillestroise,05600 Guillestre,GUILLESTRE,05600,05,05600 Guillestre 05600 GUILLESTRE,2026-10-18,2026-10-18,,,,,,
Concerts,U2 ADDICTION (GAP),,GAP,05000,05, 05000 GAP,2026-10-24,2026-10-24,,,,,,
Concerts,U2 addiction,,GAP,05000,05, 05000 GAP,2026-10-24,2026-10-24,,,,,,
Foires,Foire Agricole de la Saint Luc,05600 Guillestre,GUILLESTRE,05600,05,05600 Guillestre 05600 GUILLESTRE,2026-10-19,2026-10-19,,,,,,
Concerts,Jean-baptiste guegan,,GAP,05000,05, 05000 GAP,2026-10-29,2026-10-29,,,,,,
Marchés de Producteurs,Marché aux Truffes,Village,CHORGES,05230,05,Village 05230 CHORGES,2026-11-15,2026-11-15,,,,,,
Foires,Foire d'automne,05000 Gap,GAP,05000,05,05000 Gap 05000 GAP,2026-11-09,2026-11-09,,,,,,
Concerts,MONROE,,GAP,05000,05, 05000 GAP,2026-11-27,2026-11-27,,,,,,
Concerts,JEAN BAPTISTE GUEGAN,,GAP,05000,05, 05000 GAP,2026-10-29,2026-10-29,,,,,,
Foires,Foire de la St Crépin,Village Laragne Monteglin,LARAGNE-MONTEGLIN,05300,05,Village Laragne Monteglin 05300 LARAGNE-MONTEGLIN,2026-10-25,2026-10-25,,,,,,
Concerts,GOLDMEN,,GAP,05000,05, 05000 GAP,2026-12-03,2026-12-03,,,,,,
Danse,Don quichotte pietragalla derouault,,GAP,05000,05, 05000 GAP,2026-11-17,2026-11-17,,,,,,
Classique et opera,Monroe,,GAP,05000,05, 05000 GAP,2026-11-27,2026-11-27,,,,,,
Concerts,SO FLOYD,,GAP,05000,05, 05000 GAP,2026-11-20,2026-11-20,,,,,,
Concerts,Goldmen – concert 100% goldman a fgj,,GAP,05000,05, 05000 GAP,2026-12-03,2026-12-03,,,,,,
Marchés de Noël,Marchés de la Saint Nicolas,le clos - le Glaizil,LE GLAIZIL,05800,05,le clos - le Glaizil 05800 LE GLAIZIL,2026-12-06,2026-12-06,,,,,,
Concerts,Coldplayed,,GAP,05000,05, 05000 GAP,2026-12-05,2026-12-05,,,,,,
Marchés de Noël,&#127877; Marché de Noël,Place du village 05300 Garde-Colombe,EYGUIANS,05300,05,Place du village 05300 Garde-Colombe 05300 EYGUIANS,2026-12-05,2026-12-05,,,,,,
Concerts,COLDPLAYED (GAP),,GAP,05000,05, 05000 GAP,2026-12-05,2026-12-05,,,,,,
Messes,Guillestre Eglise Messe de Noel 24 décembre,Eglise 05600 Guillestre,GUILLESTRE,05600,05,Eglise 05600 Guillestre 05600 GUILLESTRE,2026-12-24,2026-12-24,,,,,,
Messes,Crots Abbaye de Boscodon Messe de Noel,Abbaye de Boscodon 05200 Crots,CROTS,05200,05,Abbaye de Boscodon 05200 Crots 05200 CROTS,2026-12-24,2026-12-24,,,,,,
Spectacles,INFINIMENT ROBIN,,GAP,05000,05, 05000 GAP,2026-12-08,2026-12-08,,,,,,
Messes,Les Orres Chef Lieu Messe de Noel,Chef Lieu 05200 Les Orres,LES ORRES,05200,05,Chef Lieu 05200 Les Orres 05200 LES ORRES,2026-12-25,2026-12-25,,,,,,
Messes,Guillestre Eglise Messe de Noel 25 décembre,Eglise 05600 Guillestre,GUILLESTRE,05600,05,Eglise 05600 Guillestre 05600 GUILLESTRE,2026-12-25,2026-12-25,,,,,,
Concerts,CLOCLO FOREVER,LE QUATTRO 56 Av Émile Didier,GAP,05000,05,LE QUATTRO 56 Av Émile Didier 05000 GAP,2027-02-13,2027-02-13,,,,,,
Feux d'artifice,Feu d'artifice nouvel an,Vars,VARS,05560,05,Vars 05560 VARS,2026-12-31,2026-12-31,,,,,,
Jeux-sports,Paradrenalin' - saut en parachute,,TALLARD,05130,05, 05130 TALLARD,2026-12-31,2026-12-31,,,,,,
Concerts,Garou,,GAP,05000,05, 05000 GAP,2027-02-23,2027-02-23,,,,,,
Spectacles,THOMAS MARTY,,GAP,05000,05, 05000 GAP,2027-02-19,2027-02-19,,,,,,
Humour et one (wo)man show,Thomas marty,,GAP,05000,05, 05000 GAP,2027-02-19,2027-02-19,,,,,,
Concerts,Cloclo forever,,GAP,05000,05, 05000 GAP,2027-02-13,2027-02-13,,,,,,
Concerts,GAROU,,GAP,05000,05, 05000 GAP,2027-02-23,2027-02-23,,,,,,
Humour et one (wo)man show,Ilyes djadel,,GAP,05000,05, 05000 GAP,2027-04-30,2027-04-30,,,,,,
Marchés de potiers,braderie des potiers du 1er mai,Les Baraques La Fare-en-Champsaur,LA FARE-EN-CHAMPSAUR,05500,05,Les Baraques La Fare-en-Champsaur 05500 LA FARE-EN-CHAMPSAUR,2027-05-01,2027-05-01,,,,,,
Spectacles,ILYES DJADEL,,GAP,05000,05, 05000 GAP,2027-04-30,2027-04-30,,,,,,
Fêtes,Fête patronale de Saint Marcellin,,CHATEAUROUX-LES-ALPES,05380,05, 05380 CHATEAUROUX-LES-ALPES,2027-05-03,2027-05-03,,,,,,
Evènements VTT,Raid VTT Les Chemins du Soleil,Raid VTT Les Chemins du Soleil 5000Gap,GAP,05000,05,Raid VTT Les Chemins du Soleil 5000Gap 05000 GAP,2027-05-17,2027-05-17,,,,,,
Vide-greniers,CROTS VIDE GRENIERS DU 1ER MAI,Mairie 05200 Crots,CROTS,05200,05,Mairie 05200 Crots 05200 CROTS,2027-05-01,2027-05-01,,,,,,
"Randonnées, Trail ou Running",Foulée Caturige,,CHORGES,05230,05, 05230 CHORGES,2027-05-24,2027-05-24,,,,,,
Fêtes locales,Fête nationale de la pêche au Riou,Plan d'eau du Riou St Génis,EYGUIANS,05300,05,Plan d'eau du Riou St Génis 05300 EYGUIANS,2027-06-07,2027-06-07,,,,,,
Fêtes locales,Fête du plan d'eau d' Embrun,,EMBRUN,05200,05, 05200 EMBRUN,2027-06-14,2027-06-14,,,,,,
Fêtes,Descente des Radeliers de la Durance,,EMBRUN,05200,05, 05200 EMBRUN,2027-05-30,2027-05-30,,,,,,
Fêtes locales,fête des plantes,,RIBIERS,05300,05, 05300 RIBIERS,2027-05-08,2027-05-08,,,,,,
Evènements VTT,Raid Vauban,,GUILLESTRE,05600,05, 05600 GUILLESTRE,2027-06-14,2027-06-14,,,,,,
Fêtes médiévales,MÉDIÉVALE BRIANÇON,Briançon - 05100,BRIANCON,05100,05,Briançon - 05100 05100 BRIANCON,2027-07-04,2027-07-04,,,,,,
Fêtes locales,Fête de village de Lardier-et-Valença,Place du village,LARDIER-ET-VALENCA,05110,05,Place du village 05110 LARDIER-ET-VALENCA,2027-06-27,2027-06-27,,,,,,
Manifestations Automobiles,course caisse à savon,saint veran,SAINT-VERAN,05350,05,saint veran 05350 SAINT-VERAN,2027-06-27,2027-06-27,,,,,,
Fêtes locales,Fête de la Saint Pierre,Entrée du village,ABRIES,05460,05,Entrée du village 05460 ABRIES,2027-07-05,2027-07-05,,,,,,
Vide-greniers,Vide greniers Tallard,05130 Tallard,TALLARD,05130,05,05130 Tallard 05130 TALLARD,2027-07-05,2027-07-05,,,,,,
Marchés de potiers,Marché de potiers,village Place de l'Abbé Bicais 05150 Rosans,ROSANS,05150,05,village Place de l'Abbé Bicais 05150 Rosans 05150 ROSANS,2027-07-12,2027-07-12,,,,,,
Fêtes locales,FETE DE ROMETTE,PLACE DE L'EGLISE A ROMETTE,GAP,05000,05,PLACE DE L'EGLISE A ROMETTE 05000 GAP,2027-06-28,2027-06-28,,,,,,
Feux d'artifice,Feu d'artifice en musique,,SAINT-BONNET-EN-CHAMPSAUR,05500,05, 05500 SAINT-BONNET-EN-CHAMPSAUR,2027-07-13,2027-07-13,,,,,,
Fêtes locales,Journée festive à 1400,Parking des Sagnes 05290 Puy-Saint-Vincent,PUY-SAINT-VINCENT,05290,05,Parking des Sagnes 05290 Puy-Saint-Vincent 05290 PUY-SAINT-VINCENT,2027-07-13,2027-07-13,,,,,,
Feux d'artifice,Bal et Feu d'artifice,Saint-Etienne-en-Dévoluy,SAINT-ETIENNE-EN-DEVOLUY,05250,05,Saint-Etienne-en-Dévoluy 05250 SAINT-ETIENNE-EN-DEVOLUY,2027-07-13,2027-07-13,,,,,,
Feux d'artifice,Fête nationale et Bal des pompiers,Vars Sainte Marie,VARS,05560,05,Vars Sainte Marie 05560 VARS,2027-07-13,2027-07-13,,,,,,
Feux d'artifice,Bal et Feux d'artifice,,ABRIES,05460,05, 05460 ABRIES,2027-07-14,2027-07-14,,,,,,
Feux d'artifice,Feu d'artifice,,TALLARD,05130,05, 05130 TALLARD,2027-07-13,2027-07-13,,,,,,
Feux d'artifice,Fête Nationale du 14 Juillet,,GAP,05000,05, 05000 GAP,2027-07-14,2027-07-14,,,,,,
Feux d'artifice,Fête nationale d'Embrun,,EMBRUN,05200,05, 05200 EMBRUN,2027-07-14,2027-07-14,,,,,,
Sorties,Concours d'élégance de voitures anciennes,Les Orres 1650,LES ORRES,05200,05,Les Orres 1650 05200 LES ORRES,2027-07-14,2027-07-14,,,,,,
Fêtes locales,fête du pain,,LAGRAND,05300,05, 05300 LAGRAND,2027-07-14,2027-07-14,,,,,,
Feux d'artifice,Concert et Feu d'Artifice,Les Orres 1650,LES ORRES,05200,05,Les Orres 1650 05200 LES ORRES,2027-07-14,2027-07-14,,,,,,
Feux d'artifice,Fête nationale du 14 juillet,Place des Drapeaux Orcières Merlette,ORCIERES,05170,05,Place des Drapeaux Orcières Merlette 05170 ORCIERES,2027-07-14,2027-07-14,,,,,,
Feux d'artifice,Feux d'artifice,Rosans,ROSANS,05150,05,Rosans 05150 ROSANS,2027-07-14,2027-07-14,,,,,,
Evènements,Eygliers Journée de la marmotte,05600 Eygliers,EYGLIERS,05600,05,05600 Eygliers 05600 EYGLIERS,2027-07-15,2027-07-15,,,,,,
Bals Danses,Bal des pompiers,,ROSANS,05150,05, 05150 ROSANS,2027-07-14,2027-07-14,,,,,,
Fêtes locales,Fête du village de Pelleautier,,PELLEAUTIER,05000,05, 05000 PELLEAUTIER,2027-07-18,2027-07-18,,,,,,
Fêtes locales,FÊTE CHAMPÊTRE DE SERRE-EYRAUD,hameau de Serre-Eyraud Orcières - 05170,ORCIERES,05170,05,hameau de Serre-Eyraud Orcières - 05170 05170 ORCIERES,2027-07-19,2027-07-19,,,,,,
Marchés,Marché local de Breil-sur-Roya,Marché local de Breil-sur-Roya 29 boulevard Rouvier Mairie de Breil sur Roya 6023 Breil-sur-Roya,BREIL-SUR-ROYA,06540,06,Marché local de Breil-sur-Roya 29 boulevard Rouvier Mairie de Breil sur Roya 6023 Breil-sur-Roya 06540 BREIL-SUR-ROYA,2026-07-21,2026-07-21,,,,,,
Marchés,LE MARCHE DU VILLAGE,Rue Saint Sébastien Biot,BIOT,06410,06,Rue Saint Sébastien Biot 06410 BIOT,2026-07-21,2026-07-21,,,,,,
Marchés,Marché de Fontan,Marché de Fontan Place de l'Eglise 6062 Fontan,FONTAN,06540,06,Marché de Fontan Place de l'Eglise 6062 Fontan 06540 FONTAN,2026-07-21,2026-07-21,,,,,,
Marchés,LE MARCHÉ DU CAREI FORAIN,Carrei Menton,MENTON,06500,06,Carrei Menton 06500 MENTON,2026-07-21,2026-07-21,,,,,,
Marchés,"Vence Marché: prêt-à-porter, accessoires etc.",8 Chemin du Baric 06140 Vence,VENCE,06140,06,8 Chemin du Baric 06140 Vence 06140 VENCE,2026-07-21,2026-07-21,,,,,,
Bals Danses,Les mardis danse,"Wine Bar, Port de Saint Laurent-du-Var",SAINT-LAURENT-DU-VAR,06700,06,"Wine Bar, Port de Saint Laurent-du-Var 06700 SAINT-LAURENT-DU-VAR",2026-07-21,2026-07-21,,,,,,
Concerts,The weeknd: after hours til dawn tour,,NICE,06300,06, 06300 NICE,2026-07-21,2026-07-21,,,,,,
Marchés nocturnes,Marchés nocturnes Boulevard des Italiens,Boulevard des Italiens Villeneuve-Loubet,VILLENEUVE-LOUBET,06270,06,Boulevard des Italiens Villeneuve-Loubet 06270 VILLENEUVE-LOUBET,2026-07-21,2026-07-21,,,,,,
Marchés,Marché place liberté- mardi matin,Marché place liberté- mardi matin place liberté 6032 Cap-d'Ail,CAP-D'AIL,06320,06,Marché place liberté- mardi matin place liberté 6032 Cap-d'Ail 06320 CAP-D'AIL,2026-07-21,2026-07-21,,,,,,
Marchés,Marché des Termes,centre-ville MANDELIEU LA NAPOULE,MANDELIEU-LA-NAPOULE,06210,06,centre-ville MANDELIEU LA NAPOULE 06210 MANDELIEU-LA-NAPOULE,2026-07-22,2026-07-22,,,,,,
Marchés de créateurs,Marché des créateurs du mercredi soir,"MANDELIEU-LA-NAPOULE avenue Henry Clews, entre le Château de la Napoule et le Por",MANDELIEU-LA-NAPOULE,06210,06,"MANDELIEU-LA-NAPOULE avenue Henry Clews, entre le Château de la Napoule et le Por 06210 MANDELIEU-LA-NAPOULE",2026-07-22,2026-07-22,,,,,,
Marchés de Producteurs,MARCHÉ PAYSAN,Place De Gaulle 06570 Saint-Paul de Vence,SAINT-PAUL-DE-VENCE,06570,06,Place De Gaulle 06570 Saint-Paul de Vence 06570 SAINT-PAUL-DE-VENCE,2026-07-22,2026-07-22,,,,,,
Marchés,Marché de Carnolès,Marché de Carnolès Place du Marché 6104 Roquebrune-Cap-Martin,ROQUEBRUNE-CAP-MARTIN,06190,06,Marché de Carnolès Place du Marché 6104 Roquebrune-Cap-Martin 06190 ROQUEBRUNE-CAP-MARTIN,2026-07-22,2026-07-22,,,,,,
Marchés de Producteurs,marché de producteurs locaux,place de l’hôtel de ville Mouans-Sartoux - 06370,MOUANS-SARTOUX,06370,06,place de l’hôtel de ville Mouans-Sartoux - 06370 06370 MOUANS-SARTOUX,2026-07-22,2026-07-22,,,,,,
Marchés,Vence Marché des brocanteurs et bouquinistes,place du grand jardin 06140 Vence,VENCE,06140,06,place du grand jardin 06140 Vence 06140 VENCE,2026-07-22,2026-07-22,,,,,,
Marchés,Marché du Mercredi matin,sous les halles du Centre Village,ROQUEFORT-LES-PINS,06330,06,sous les halles du Centre Village 06330 ROQUEFORT-LES-PINS,2026-07-22,2026-07-22,,,,,,
Marchés de Producteurs,Marché paysan,Marché paysan Place De Gaulle Marché paysan 6128 Saint-Paul-de-Vence,SAINT-PAUL-DE-VENCE,06570,06,Marché paysan Place De Gaulle Marché paysan 6128 Saint-Paul-de-Vence 06570 SAINT-PAUL-DE-VENCE,2026-07-22,2026-07-22,,,,,,
Marchés en Provence,Villefranche-sur-Mer Le Marché Provençal,JARDIN FRANCOIS BINON 06230 Villefranche-sur-Mer,VILLEFRANCHE-SUR-MER,06230,06,JARDIN FRANCOIS BINON 06230 Villefranche-sur-Mer 06230 VILLEFRANCHE-SUR-MER,2026-07-22,2026-07-22,,,,,,
Marchés d'été,MARCHÉ D'ÉTÉ,la place centrale Saint-Étienne-de-Tinée - 06660,SAINT-ETIENNE-DE-TINEE,06660,06,la place centrale Saint-Étienne-de-Tinée - 06660 06660 SAINT-ETIENNE-DE-TINEE,2026-07-22,2026-07-22,,,,,,
Marchés,Marché San Jouan mercredi,Place du Centenaire 3 avenue Jean Mermoz 06230 Saint-Jean-Cap-Ferrat,SAINT-JEAN-CAP-FERRAT,06230,06,Place du Centenaire 3 avenue Jean Mermoz 06230 Saint-Jean-Cap-Ferrat 06230 SAINT-JEAN-CAP-FERRAT,2026-07-22,2026-07-22,,,,,,
Marchés de créateurs,Animation artisanale hebdomadaire,Place Jean Médecin et dans les Jardins de la Villa 06700 Saint-Laurent-du-Var,SAINT-LAURENT-DU-VAR,06700,06,Place Jean Médecin et dans les Jardins de la Villa 06700 Saint-Laurent-du-Var 06700 SAINT-LAURENT-DU-VAR,2026-07-22,2026-07-22,,,,,,
Marchés en Provence,Marché provençal Mercredi au village,cœur du village de Villeneuve-Loubet,VILLENEUVE-LOUBET,06270,06,cœur du village de Villeneuve-Loubet 06270 VILLENEUVE-LOUBET,2026-07-22,2026-07-22,,,,,,
Brocantes,Le Marché à la Brocante,place De Gaulle la place nationale,ANTIBES,06600,06,place De Gaulle la place nationale 06600 - Antibes 06600 ANTIBES,2026-07-23,2026-07-23,,,,,,
Marchés,Marché hebdomadaire,Place de la Libération Tourrettes-sur-Loup - 06140,TOURRETTES-SUR-LOUP,06140,06,Place de la Libération Tourrettes-sur-Loup - 06140 06140 TOURRETTES-SUR-LOUP,2026-07-22,2026-07-22,,,,,,
Stages Ateliers,cours de culture italienne,salle Espace Môme,LA GAUDE,06610,06,salle Espace Môme 06610 LA GAUDE,2026-07-23,2026-07-23,,,,,,
Marchés,Marché de La Napoule,Marché de La Napoule Place Saint Fainéant 06210 Mandelieu-La Napoule,MANDELIEU-LA-NAPOULE,06210,06,Marché de La Napoule Place Saint Fainéant 06210 Mandelieu-La Napoule 06210 MANDELIEU-LA-NAPOULE,2026-07-23,2026-07-23,,,,,,
Marchés,Marché jeudi,Avenue Adjudant chef Remond,PUGET-THENIERS,06260,06,Avenue Adjudant chef Remond 06260 PUGET-THENIERS,2026-07-23,2026-07-23,,,,,,
Marchés,Marché Alimentaire du Village,Marché Alimentaire du Village Place des Deux Frères 6104 Roquebrune-Cap-Martin,ROQUEBRUNE-CAP-MARTIN,06190,06,Marché Alimentaire du Village Place des Deux Frères 6104 Roquebrune-Cap-Martin 06190 ROQUEBRUNE-CAP-MARTIN,2026-07-23,2026-07-23,,,,,,
Concerts,La voix de cabrel,,CAGNES-SUR-MER,06800,06, 06800 CAGNES-SUR-MER,2026-07-24,2026-07-24,,,,,,
Marchés,Petit marché,Place du Général de Gaulle 06450 La Bollène-Vésubie,LA BOLLENE-VESUBIE,06450,06,Place du Général de Gaulle 06450 La Bollène-Vésubie 06450 LA BOLLENE-VESUBIE,2026-07-24,2026-07-24,,,,,,
Marchés,Marché du jeudi matin,marché le Jeudi matin Parking Notre-Dame,ROQUEFORT-LES-PINS,06330,06,marché le Jeudi matin Parking Notre-Dame 06330 ROQUEFORT-LES-PINS,2026-07-23,2026-07-23,,,,,,
Marchés,Petit marche montagnard,,SAINT-MARTIN-VESUBIE,06450,06, 06450 SAINT-MARTIN-VESUBIE,2026-07-23,2026-07-23,,,,,,
Concerts,Stephan eicher,,CANNES,06150,06, 06150 CANNES,2026-07-24,2026-07-24,,,,,,
Marchés,Marché de La Turbie,Marché de La Turbie 6150 La Turbie,LA TURBIE,06320,06,Marché de La Turbie 6150 La Turbie 06320 LA TURBIE,2026-07-23,2026-07-23,,,,,,
Marchés,Cap-d'Ail Marché sur le port- vendredi matin,06320 Cap-d'Ail,CAP-D'AIL,06320,06,06320 Cap-d'Ail 06320 CAP-D'AIL,2026-07-24,2026-07-24,,,,,,
Marchés,MARCHÉ,place de l’Église Saint-Étienne-de-Tinée - 06660,SAINT-ETIENNE-DE-TINEE,06660,06,place de l’Église Saint-Étienne-de-Tinée - 06660 06660 SAINT-ETIENNE-DE-TINEE,2026-07-24,2026-07-24,,,,,,
Marchés,Marché sur le port- vendredi matin à Cap-d'Ail,Port de Cap d'Ail 06320 Cap-d'Ail,CAP-D'AIL,06320,06,Port de Cap d'Ail 06320 Cap-d'Ail 06320 CAP-D'AIL,2026-07-24,2026-07-24,,,,,,
Marchés nocturnes,Artisanales du Cros,cros de cagnes Cagnes-sur-Mer - 06800,CAGNES-SUR-MER,06800,06,cros de cagnes Cagnes-sur-Mer - 06800 06800 CAGNES-SUR-MER,2026-07-24,2026-07-24,,,,,,
Brocantes,Brocante à Menton,Mail du Bastion 06500 Menton,MENTON,06500,06,Mail du Bastion 06500 Menton 06500 MENTON,2026-07-24,2026-07-24,,,,,,
Marchés nocturnes,Les Marché Nocturne,Les Marché Nocturne 6044 La Colle-sur-Loup,LA COLLE-SUR-LOUP,06480,06,Les Marché Nocturne 6044 La Colle-sur-Loup 06480 LA COLLE-SUR-LOUP,2026-07-24,2026-07-24,,,,,,
Marchés,Marché sur le port- vendredi matin,Marché sur le port- vendredi matin Port de Cap d'Ail 6032 Cap-d'Ail,CAP-D'AIL,06320,06,Marché sur le port- vendredi matin Port de Cap d'Ail 6032 Cap-d'Ail 06320 CAP-D'AIL,2026-07-24,2026-07-24,,,,,,
Marchés,Marché de Gorbio,Marché de Gorbio Place de la République 6067 Gorbio,GORBIO,06500,06,Marché de Gorbio Place de la République 6067 Gorbio 06500 GORBIO,2026-07-24,2026-07-24,,,,,,
Marchés nocturnes,Marché Les Nocturnes de la Pinéa,esplanade Pinéa,MANDELIEU-LA-NAPOULE,06210,06,esplanade Pinéa 06210 MANDELIEU-LA-NAPOULE,2026-07-24,2026-07-24,,,,,,
Brocantes,Marché des Antiquaires - Brocanteurs,Mail du Bastion 06500 Menton,MENTON,06500,06,Mail du Bastion 06500 Menton 06500 MENTON,2026-07-24,2026-07-24,,,,,,
Marchés en Provence,"Vence Marché provençal : alimentation, prêt-à-porter, accessoires etc",place du grand jardin 06140 Vence,VENCE,06140,06,place du grand jardin 06140 Vence 06140 VENCE,2026-07-24,2026-07-24,,,,,,
Fêtes locales,FÊTE DU CHEVAL,Levens - 06670,LEVENS,06670,06,Levens - 06670 06670 LEVENS,2026-07-25,2026-07-25,,,,,,
Marchés,Vallauris Golfe - Juan Marché aux vêtements de Golfe-Juan,06220 Vallauris Golfe - Juan,VALLAURIS,06220,06,06220 Vallauris Golfe - Juan 06220 VALLAURIS,2026-07-24,2026-07-24,,,,,,
Marchés,Les Grands Marchés de Saorge,Les Grands Marchés de Saorge Place Ciapagne 6132 Saorge,SAORGE,06540,06,Les Grands Marchés de Saorge Place Ciapagne 6132 Saorge 06540 SAORGE,2026-07-24,2026-07-24,,,,,,
Marchés,Marché provençal Samedi,Place Marinoni 06310 Beaulieu-sur-Mer,BEAULIEU-SUR-MER,06310,06,Place Marinoni 06310 Beaulieu-sur-Mer 06310 BEAULIEU-SUR-MER,2026-07-25,2026-07-25,,,,,,
Brocantes,Marché de brocante - Les Allées de la Liberté,Allées de la Liberté 06400 Cannes,CANNES,06400,06,Allées de la Liberté 06400 Cannes 06400 CANNES,2026-07-25,2026-07-25,,,,,,
Fêtes locales,Festin de la Saint-Louis,Village Roquebillière,ROQUEBILLIERE,06450,06,Village Roquebillière 06450 ROQUEBILLIERE,2026-07-25,2026-07-25,,,,,,
Marchés,MARCHÉ HEBDOMADAIRE,Rue Clemenceau,LA COLLE-SUR-LOUP,06480,06,Rue Clemenceau 06480 LA COLLE-SUR-LOUP,2026-07-25,2026-07-25,,,,,,
Messes,MESSE LE SAMEDI,&nbsp;Rue centrale - Place de l’église,LA GAUDE,06610,06,&nbsp;Rue centrale - Place de l’église 06610 LA GAUDE,2026-07-25,2026-07-25,,,,,,
Marchés,marché d’Apolline,stade de La Gaude,LA GAUDE,06610,06,stade de La Gaude 06610 LA GAUDE,2026-07-25,2026-07-25,,,,,,
Marchés,Marché de plein air,Marché de plein air Rue Clémenceau Centre du village 6044 La Colle-sur-Loup,LA COLLE-SUR-LOUP,06480,06,Marché de plein air Rue Clémenceau Centre du village 6044 La Colle-sur-Loup 06480 LA COLLE-SUR-LOUP,2026-07-25,2026-07-25,,,,,,
Fêtes locales,Fête Patronale de la Saint Vincent,Place Victoria 06620 Gourdon,GOURDON,06620,06,Place Victoria 06620 Gourdon 06620 GOURDON,2026-07-25,2026-07-25,,,,,,
Marchés de Producteurs,Marché paysan,Place de Provence Guillaumes - 06470,GUILLAUMES,06470,06,Place de Provence Guillaumes - 06470 06470 GUILLAUMES,2026-07-25,2026-07-25,,,,,,
Marchés,Marché forain,Marché forain Place Fornari 6083 Menton,MENTON,06500,06,Marché forain Place Fornari 6083 Menton 06500 MENTON,2026-07-25,2026-07-25,,,,,,
Festivals,Gautier Capuçon | Orchestre Philharmonique de Nice,,MENTON,06500,06, 06500 MENTON,2026-07-25,2026-07-25,,,,,,
Marchés de Producteurs,Marché de produits locaux de La Brigue,Marché de produits locaux de La Brigue 6162 La Brigue,LA BRIGUE,06430,06,Marché de produits locaux de La Brigue 6162 La Brigue 06430 LA BRIGUE,2026-07-25,2026-07-25,,,,,,
Marchés,Marché San Jouan samedi,Place du Centenaire 3 avenue Jean Mermoz 06230 Saint-Jean-Cap-Ferrat,SAINT-JEAN-CAP-FERRAT,06230,06,Place du Centenaire 3 avenue Jean Mermoz 06230 Saint-Jean-Cap-Ferrat 06230 SAINT-JEAN-CAP-FERRAT,2026-07-25,2026-07-25,,,,,,
Marchés,Marché du samedi matin,"marché le weekend, samedi matin Parking Notre-Dame",ROQUEFORT-LES-PINS,06330,06,"marché le weekend, samedi matin Parking Notre-Dame 06330 ROQUEFORT-LES-PINS",2026-07-25,2026-07-25,,,,,,
Marchés en Provence,Marché provençal samedi au village,cœur du village de Villeneuve-Loubet,VILLENEUVE-LOUBET,06270,06,cœur du village de Villeneuve-Loubet 06270 VILLENEUVE-LOUBET,2026-07-25,2026-07-25,,,,,,
Concerts,Soirée à l'Opéra,,NICE,06300,06, 06300 NICE,2026-07-25,2026-07-25,,,,,,
Fêtes locales,Fête de la Croix,Spéracèdes,SPERACEDES,06530,06,Spéracèdes 06530 SPERACEDES,2026-07-25,2026-07-25,,,,,,
Marchés nocturnes,Marchés nocturnes Marina Baie des Anges,Croisette Jean Marchand (Marina Baie des Anges) Villeneuve-Loubet,VILLENEUVE-LOUBET,06270,06,Croisette Jean Marchand (Marina Baie des Anges) Villeneuve-Loubet 06270 VILLENEUVE-LOUBET,2026-07-25,2026-07-25,,,,,,
Marchés bio,Vence Marché bio et local,place du Grand Jardin Vence,VENCE,06140,06,place du Grand Jardin Vence 06140 VENCE,2026-07-25,2026-07-25,,,,,,
Parc,Aquasplash - basse saison,,ANTIBES,06160,06, 06160 ANTIBES,2026-07-26,2026-07-26,,,,,,
Marchés en Provence,Marché provençal,Marché provençal Place Marinoni 6011 Beaulieu-sur-Mer,BEAULIEU-SUR-MER,06310,06,Marché provençal Place Marinoni 6011 Beaulieu-sur-Mer 06310 BEAULIEU-SUR-MER,2026-07-26,2026-07-26,,,,,,
Marchés en Provence,Beaulieu-sur-Mer Marché provençal,06310 Beaulieu-sur-Mer,BEAULIEU-SUR-MER,06310,06,06310 Beaulieu-sur-Mer 06310 BEAULIEU-SUR-MER,2026-07-26,2026-07-26,,,,,,
Bals Danses,Après midi dansant,719 bd Honoré Tesseire,LA COLLE-SUR-LOUP,06480,06,719 bd Honoré Tesseire 06480 LA COLLE-SUR-LOUP,2026-07-26,2026-07-26,,,,,,
Vide-greniers,Vide Grenier Antibes tous les DIMANCHES,31 Avenue de Nice Antibes - 06600,ANTIBES,06600,06,31 Avenue de Nice Antibes - 06600 06600 ANTIBES,2026-07-26,2026-07-26,,,,,,
Marchés,Marché de Castillon,Marché de Castillon Place Lucien Rousset 6036 Castillon,CASTILLON,06500,06,Marché de Castillon Place Lucien Rousset 6036 Castillon 06500 CASTILLON,2026-07-26,2026-07-26,,,,,,
Marchés en Provence,Marché provençal,Marché provençal Place de la Colette 6059 Èze,EZE,06360,06,Marché provençal Place de la Colette 6059 Èze 06360 EZE,2026-07-26,2026-07-26,,,,,,
Vide-greniers,Brocante - vide-greniers,Les Tourrades 225 avenue de Saint-Exupéry 06210 Mandelieu-la-Napoule,MANDELIEU-LA-NAPOULE,06210,06,Les Tourrades 225 avenue de Saint-Exupéry 06210 Mandelieu-la-Napoule 06210 MANDELIEU-LA-NAPOULE,2026-07-26,2026-07-26,,,,,,
Marchés,Marché de Castellar,Marché de Castellar Place Clemenceau 6035 Castellar,CASTELLAR,06500,06,Marché de Castellar Place Clemenceau 6035 Castellar 06500 CASTELLAR,2026-07-26,2026-07-26,,,,,,
Marchés de Producteurs,Marché des producteurs locaux,Marché des producteurs locaux Place du marché 6136 Sospel,SOSPEL,06380,06,Marché des producteurs locaux Place du marché 6136 Sospel 06380 SOSPEL,2026-07-26,2026-07-26,,,,,,
Festivals,Duo Jatekok | Adélaïde Panaget et Naïri Badal,,MENTON,06500,06, 06500 MENTON,2026-07-26,2026-07-26,,,,,,
Marchés,Le Petit Marché Peillonnais,Place de l’Eglise à Sainte-Thècle Peillon - 06440,PEILLON,06440,06,Place de l’Eglise à Sainte-Thècle Peillon - 06440 06440 PEILLON,2026-07-26,2026-07-26,,,,,,
Marchés,Vallauris Golfe - Juan Marché aux vêtements dimanche,Parking Ecole Langevin 06220 Vallauris Golfe - Juan,VALLAURIS,06220,06,Parking Ecole Langevin 06220 Vallauris Golfe - Juan 06220 VALLAURIS,2026-07-26,2026-07-26,,,,,,
Marchés,Marché dimanche,Avenue Adjudant chef Remond,PUGET-THENIERS,06260,06,Avenue Adjudant chef Remond 06260 PUGET-THENIERS,2026-07-26,2026-07-26,,,,,,
Brocantes,Le Marché Antiquité / Brocante Villefranche-sur-Mer,Jardin François Binon Place Amélie Pollonnais 06230 Villefranche-sur-Mer,VILLEFRANCHE-SUR-MER,06230,06,Jardin François Binon Place Amélie Pollonnais 06230 Villefranche-sur-Mer 06230 VILLEFRANCHE-SUR-MER,2026-07-26,2026-07-26,,,,,,
Marchés,Marché Dominical,avenue du 11 novembre,SAINT-LAURENT-DU-VAR,06700,06,avenue du 11 novembre 06700 SAINT-LAURENT-DU-VAR,2026-07-26,2026-07-26,,,,,,
Marchés,marché italien,"Place de la république, place Carnot et rue de l'Hôtel de ville.",VILLENEUVE-LOUBET,06270,06,"Place de la république, place Carnot et rue de l'Hôtel de ville. 06270 VILLENEUVE-LOUBET",2026-07-26,2026-07-26,,,,,,
Festivals,Fanny Azzuro | Popaul Amisi,,MENTON,06500,06, 06500 MENTON,2026-07-31,2026-07-31,,,,,,
Festivals,Léo et Luka Ispir,,MENTON,06500,06, 06500 MENTON,2026-07-27,2026-07-27,,,,,,
Concerts,Archive,,CANNES,06150,06, 06150 CANNES,2026-07-29,2026-07-29,,,,,,
Festivals,Nicolas Altstaedt | Ensemble Jupiter | Thomas Dunford,,MENTON,06500,06, 06500 MENTON,2026-07-29,2026-07-29,,,,,,
Festivals,Soirée Jeunes Talents Yamaha,,MENTON,06500,06, 06500 MENTON,2026-07-30,2026-07-30,,,,,,
Fêtes locales,Fête Patronale de la Saint-Sauveur,Peillon-Village,PEILLON,06440,06,Peillon-Village 06440 PEILLON,2026-08-01,2026-08-01,,,,,,
Fêtes locales,Fête Patronale de Notre-Dame des Neiges,Valberg,PEONE,06470,06,Valberg 06470 PEONE,2026-08-01,2026-08-01,,,,,,
Festivals,Neima Naouri | Pablo Campos | The Amazing Keystone Big Band,,MENTON,06500,06, 06500 MENTON,2026-07-28,2026-07-28,,,,,,
Fêtes locales,Fête saint Donat,ASCROS,ASCROS,06260,06,ASCROS 06260 ASCROS,2026-08-01,2026-08-01,,,,,,
Fêtes locales,FÊTE DU JASMIN,Ville Grasse,GRASSE,06520,06,Ville Grasse 06520 GRASSE,2026-08-01,2026-08-01,,,,,,
Fêtes,NUIT DU CONTE,places du village,CLANS,06420,06,places du village 06420 CLANS,2026-08-01,2026-08-01,,,,,,
Fêtes locales,Les Ferres - Fête de la Sainte Julie,LES FERRES,LES FERRES,06510,06,LES FERRES 06510 LES FERRES,2026-08-01,2026-08-01,,,,,,
Concerts,Voyage au coeur du Lyrique,,NICE,06300,06, 06300 NICE,2026-08-01,2026-08-01,,,,,,
Festivals,Fazil Say,,MENTON,06500,06, 06500 MENTON,2026-08-01,2026-08-01,,,,,,
Marchés de créateurs,Marché artisanal,"Place du cap Place du Cap, 06500 Menton",MENTON,06500,06,"Place du cap Place du Cap, 06500 Menton 06500 MENTON",2026-08-02,2026-08-02,,,,,,
Foires,Foire d'Aout,Village Puget-Théniers,PUGET-THENIERS,06260,06,Village Puget-Théniers 06260 PUGET-THENIERS,2026-08-01,2026-08-01,,,,,,
Fêtes locales,fête patronale de la St Jacques,SAINT-LEGER,SAINT-LEGER,06260,06,SAINT-LEGER 06260 SAINT-LEGER,2026-08-01,2026-08-01,,,,,,
Concerts,Hit generation la revanche,,NICE,06300,06, 06300 NICE,2026-08-01,2026-08-01,,,,,,
Brocantes,Marché des collectionneurs,Marché des collectionneurs Place du Cap 6083 Menton,MENTON,06500,06,Marché des collectionneurs Place du Cap 6083 Menton 06500 MENTON,2026-08-02,2026-08-02,,,,,,
Foires,Foire mensuelle,Place de Provence Guillaumes - 06470,GUILLAUMES,06470,06,Place de Provence Guillaumes - 06470 06470 GUILLAUMES,2026-08-02,2026-08-02,,,,,,
Festivals,2e Soirée Jeunes Talents Yamaha,,MENTON,06500,06, 06500 MENTON,2026-08-02,2026-08-02,,,,,,
Marchés de Producteurs,Marché paysan le dimanche matin,Cours des Arts au Cœur de Mougins,MOUGINS,06250,06,Cours des Arts au Cœur de Mougins 06250 MOUGINS,2026-08-02,2026-08-02,,,,,,
Brocantes,Brocante déballage marchand,Place garibaldi nice,NICE,06300,06,Place garibaldi nice 06300 NICE,2026-08-02,2026-08-02,,,,,,
Fêtes locales,Fête du pain,,SAINT-MARTIN-VESUBIE,06450,06, 06450 SAINT-MARTIN-VESUBIE,2026-08-02,2026-08-02,,,,,,
Marchés de créateurs,Marché de l’Artisanat d’Art et des Artistes,"le trottoir Nord, entre l’allée des Pins et l’avenue du Général Leclerc, 06800 Cagnes-sur-Mer, Alpes Maritimes, Provence-Alpes-Côte d'azur",CAGNES-SUR-MER,06800,06,"le trottoir Nord, entre l’allée des Pins et l’avenue du Général Leclerc, 06800 Cagnes-sur-Mer, Alpes Maritimes, Provence-Alpes-Côte d'azur 06800 CAGNES-SUR-MER",2026-08-03,2026-08-03,,,,,,
Festivals,Marie-Laure Garnier | Celia Oneto Bensaid,,MENTON,06500,06, 06500 MENTON,2026-08-03,2026-08-03,,,,,,
Marchés,MARCHE ITALIEN,places Jean Jaurès et De Gaulle Mouans-Sartoux - 06370,MOUANS-SARTOUX,06370,06,places Jean Jaurès et De Gaulle Mouans-Sartoux - 06370 06370 MOUANS-SARTOUX,2026-08-03,2026-08-03,,,,,,
Festivals,Ensemble I Gemelli,,MENTON,06500,06, 06500 MENTON,2026-08-05,2026-08-05,,,,,,
Festivals,Les plages electroniques - 1 jour,,CANNES,06150,06, 06150 CANNES,2026-08-07,2026-08-07,,,,,,
Festivals,Leonidas Kavakos | Enrico Pace,,MENTON,06500,06, 06500 MENTON,2026-08-04,2026-08-04,,,,,,
Marchés,MARCHÉ ITALIEN,06650 OPIO,LE ROURET,06650,06,06650 OPIO 06650 LE ROURET,2026-08-03,2026-08-03,,,,,,
Festivals,Vassilena Serafimova | Thomas Enhco,,MENTON,06500,06, 06500 MENTON,2026-08-06,2026-08-06,,,,,,
Concerts,Tribute the police 999,,CAGNES-SUR-MER,06800,06, 06800 CAGNES-SUR-MER,2026-08-07,2026-08-07,,,,,,
Festivals,PASS 3 JOURS - LES PLAGES ELECTRONIQUES 2026,,CANNES,06150,06, 06150 CANNES,2026-08-07,2026-08-07,,,,,,
Festivals,LES PLAGES ELECTRONIQUES 2026 - NICO MORENO + MARTIN GARRIX + ..,,CANNES,06150,06, 06150 CANNES,2026-08-07,2026-08-07,,,,,,
Activités enfants,HAPPY MERCREDI,lingostiere nice,NICE,06300,06,lingostiere nice 06300 NICE,2026-08-06,2026-08-06,,,,,,
Festivals,Les plages electroniques - 1 jour+after,,CANNES,06150,06, 06150 CANNES,2026-08-07,2026-08-07,,,,,,
Festivals,LES PLAGES ELECTRONIQUES 2026 - AMELIE LENS + MARSHMELLO + PLK ..,,CANNES,06150,06, 06150 CANNES,2026-08-08,2026-08-08,,,,,,
Concerts,LES PLAGES ELECTRONIQUES 2026 - DJ SNAKE + ...,,CANNES,06150,06, 06150 CANNES,2026-08-09,2026-08-09,,,,,,
Concerts,Les plus grandes musiques de Film,,NICE,06300,06, 06300 NICE,2026-08-08,2026-08-08,,,,,,
Marchés de potiers,Marché de Potiers,,VALLAURIS,06220,06, 06220 VALLAURIS,2026-08-09,2026-08-09,,,,,,
Festivals,Alexandre KANTOROW,,MENTON,06500,06, 06500 MENTON,2026-08-07,2026-08-07,,,,,,
Concerts,Concert A Filetta,,MENTON,06500,06, 06500 MENTON,2026-08-10,2026-08-10,,,,,,
Concerts,Tree gees - tribute bee gees,,CAGNES-SUR-MER,06800,06, 06800 CAGNES-SUR-MER,2026-08-14,2026-08-14,,,,,,
Fêtes locales,Fête 15 aout guillaumes,Guillaumes Village 25 Place de Provence 06470 Guillaumes,GUILLAUMES,06470,06,Guillaumes Village 25 Place de Provence 06470 Guillaumes 06470 GUILLAUMES,2026-08-15,2026-08-15,,,,,,
Fêtes locales,Fête de la Saint-Laurent,Hôtel de Ville,SAINT-LAURENT-DU-VAR,06700,06,Hôtel de Ville 06700 SAINT-LAURENT-DU-VAR,2026-08-10,2026-08-10,,,,,,
Vide-greniers,Vide-greniers et marché aux puces,,COURSEGOULES,06140,06, 06140 COURSEGOULES,2026-08-15,2026-08-15,,,,,,
Fêtes locales,Fête de la St Roch 15 aout,Valbonne Village,VALBONNE,06560,06,Valbonne Village 06560 VALBONNE,2026-08-15,2026-08-15,,,,,,
Vide-greniers,Vide-greniers et marché aux puces,,LUCERAM,06440,06, 06440 LUCERAM,2026-08-15,2026-08-15,,,,,,
Bals Danses,Bal du 15 aout,,GILETTE,06830,06, 06830 GILETTE,2026-08-15,2026-08-15,,,,,,
Feux d'artifice,FEU D’ARTIFICE DU 15 AOÛT,épi du bastion,MENTON,06500,06,épi du bastion 06500 MENTON,2026-08-15,2026-08-15,,,,,,
Bals Danses,BAL DU 15 AOÛT,Esplanade Francis Palmero Quai de Monleon,MENTON,06500,06,Esplanade Francis Palmero Quai de Monleon 06500 MENTON,2026-08-15,2026-08-15,,,,,,
Vide-greniers,Vide-greniers et marché aux puces,,PUGET-THENIERS,06260,06, 06260 PUGET-THENIERS,2026-08-15,2026-08-15,,,,,,
Feux d'artifice,Bal et Feu d'artifice du 15 août,Esplanade Francis Palmero Menton - 06500,MENTON,06500,06,Esplanade Francis Palmero Menton - 06500 06500 MENTON,2026-08-15,2026-08-15,,,,,,
Fêtes locales,fête patronale,,SAINT-MARTIN-VESUBIE,06450,06, 06450 SAINT-MARTIN-VESUBIE,2026-08-15,2026-08-15,,,,,,
Fêtes locales,Fête de la Saint Jean-Baptiste,,SAINT-JEANNET,06640,06, 06640 SAINT-JEANNET,2026-08-15,2026-08-15,,,,,,
Feux d'artifice,FEU D'ARTIFICE,Place Général Bertrand Théoule-sur-Mer - 06590,THEOULE-SUR-MER,06590,06,Place Général Bertrand Théoule-sur-Mer - 06590 06590 THEOULE-SUR-MER,2026-08-15,2026-08-15,,,,,,
Messes,Pèlerinage au Mont Thabor,Mont Thabor,LA PENNE,06260,06,Mont Thabor 06260 LA PENNE,2026-08-24,2026-08-24,,,,,,
Feux d'artifice,Fête patronale,Village Sospel,SOSPEL,06380,06,Village Sospel 06380 SOSPEL,2026-08-15,2026-08-15,,,,,,
Fêtes locales,LIBÉRATION DE LA VILLE,Centre ville Grasse,GRASSE,06520,06,Centre ville Grasse 06520 GRASSE,2026-08-24,2026-08-24,,,,,,
Fêtes locales,Fête de la Saint Louis,Caussols,CAUSSOLS,06460,06,Caussols 06460 CAUSSOLS,2026-08-29,2026-08-29,,,,,,
Parc,Adventure golf,,ANTIBES,06160,06, 06160 ANTIBES,2026-08-30,2026-08-30,,,,,,
Fêtes locales,Festin des Traditions,Village Roquebillière,ROQUEBILLIERE,06450,06,Village Roquebillière 06450 ROQUEBILLIERE,2026-08-29,2026-08-29,,,,,,
Fêtes locales,Festin de la St Augustin,Borghéas Peillon - 06440,PEILLON,06440,06,Borghéas Peillon - 06440 06440 PEILLON,2026-08-29,2026-08-29,,,,,,
Fêtes locales,Fête de la Saint Félix,,COURMES,06620,06, 06620 COURMES,2026-08-29,2026-08-29,,,,,,
Parc,Aquasplash - haute saison,,ANTIBES,06160,06, 06160 ANTIBES,2026-08-30,2026-08-30,,,,,,
Fêtes locales,FÊTE PATRONALE DE LA SAINTE-ROSALIE,cœur de village Tourrette-Levens - 06690,TOURRETTE-LEVENS,06690,06,cœur de village Tourrette-Levens - 06690 06690 TOURRETTE-LEVENS,2026-09-04,2026-09-04,,,,,,
Fêtes locales,Fête patronale,Beaulieu sur Mer,BEAULIEU-SUR-MER,06310,06,Beaulieu sur Mer 06310 BEAULIEU-SUR-MER,2026-09-05,2026-09-05,,,,,,
Fêtes locales,Fête Notre Dame de Canlache,"Village 06330 Roquefort-les-Pins, France",ROQUEFORT-LES-PINS,06330,06,"Village 06330 Roquefort-les-Pins, France 06330 ROQUEFORT-LES-PINS",2026-09-05,2026-09-05,,,,,,
Brocantes,Vide Grenier du Sou des écoles de Bonson,,BONSON,06830,06, 06830 BONSON,2026-09-06,2026-09-06,,,,,,
Concerts,Les fortune tellers,,CAGNES-SUR-MER,06800,06, 06800 CAGNES-SUR-MER,2026-09-11,2026-09-11,,,,,,
Fêtes locales,Fête des Châtaignes,Place de la Fontaine saint Laurent du Var,SAINT-LAURENT-DU-VAR,06700,06,Place de la Fontaine saint Laurent du Var 06700 SAINT-LAURENT-DU-VAR,2026-09-19,2026-09-19,,,,,,
Fêtes locales,FESTIN DES BAGUETTES,centre bourg Peille - 06440,PEILLE,06440,06,centre bourg Peille - 06440 06440 PEILLE,2026-09-06,2026-09-06,,,,,,
Fêtes locales,Fête patronale de la Sainte-Thècle,Village Peillon,PEILLON,06440,06,Village Peillon 06440 PEILLON,2026-09-19,2026-09-19,,,,,,
Théatres,Mesdames en vraies!,,MANDELIEU-LA-NAPOULE,06210,06, 06210 MANDELIEU-LA-NAPOULE,2026-09-19,2026-09-19,,,,,,
Théatres,Prestation mesdames en vraies!,,MANDELIEU-LA-NAPOULE,06210,06, 06210 MANDELIEU-LA-NAPOULE,2026-09-19,2026-09-19,,,,,,
Manifestations Automobiles,Mensuel auto BEAULIEU SUR MER,parking Est du port de Beaulieu sur Mer,BEAULIEU-SUR-MER,06310,06,parking Est du port de Beaulieu sur Mer 06310 BEAULIEU-SUR-MER,2026-09-20,2026-09-20,,,,,,
Humour et one (wo)man show,Alex lutz,,CANNES,06150,06, 06150 CANNES,2026-09-18,2026-09-18,,,,,,
Vide-greniers,Grand vide grenier – Mouans Sartoux,Centre village Mouans-Sartoux - 06370,MOUANS-SARTOUX,06370,06,Centre village Mouans-Sartoux - 06370 06370 MOUANS-SARTOUX,2026-09-20,2026-09-20,,,,,,
Concerts,Julien clerc,,CANNES,06150,06, 06150 CANNES,2026-09-20,2026-09-20,,,,,,
Concerts,JULIEN CLERC,,CANNES,06150,06, 06150 CANNES,2026-09-20,2026-09-20,,,,,,
Fêtes locales,Fête de la Gastronomie,Cagnes-sur-Mer Ville Place de Gaulle 06800 Cagnes-sur-Mer,CAGNES-SUR-MER,06800,06,Cagnes-sur-Mer Ville Place de Gaulle 06800 Cagnes-sur-Mer 06800 CAGNES-SUR-MER,2026-09-26,2026-09-26,,,,,,
Humour et one (wo)man show,Guillaume meurice et eric lagadec,,LE BROC,06510,06, 06510 LE BROC,2026-09-26,2026-09-26,,,,,,
Concerts,Djadja & Dinaz,"Palais Nikaïa 163, boulevard du Mercantour 6200 NICE",NICE,06300,06,"Palais Nikaïa 163, boulevard du Mercantour 6200 NICE 06300 NICE",2026-09-26,2026-11-05,,,,,,
Vide-greniers,&#128073; GRANDE BRADERIE DE JUAN-LES-PINS,Dans les rues de Juan-les-Pins 06160 JUAN LES PINS,ANTIBES,06160,06,Dans les rues de Juan-les-Pins 06160 JUAN LES PINS 06160 ANTIBES,2026-09-26,2026-09-26,,,,,,
Fêtes locales,La Fête de l’Aviation,Aéroport Cannes Mandelieu 06210 Mandelieu-la-Napoule,MANDELIEU-LA-NAPOULE,06210,06,Aéroport Cannes Mandelieu 06210 Mandelieu-la-Napoule 06210 MANDELIEU-LA-NAPOULE,2026-09-25,2026-09-27,,,,,,
Concerts,Yaël Naïm,,NICE,06300,06, 06300 NICE,2026-09-26,2026-09-26,,,,,,
Concerts,Yael naim,,NICE,06300,06, 06300 NICE,2026-09-26,2026-09-26,,,,,,
Evènements,Journée Franco-américaine de la Marine,23 Boulevard Fragonard 06130 Grasse,GRASSE,06130,06,23 Boulevard Fragonard 06130 Grasse 06130 GRASSE,2026-09-27,2026-09-27,,,,,,
Concerts,GENERATION CELINE,,LE CANNET,06110,06, 06110 LE CANNET,2026-09-30,2026-09-30,,,,,,
Spectacles,Michèle Laroque,GRAND AUDITORIUM - P. DES FESTIVALS ESPLANADE GEORGES POMPIDOU 6400 CANNES,CANNES,06150,06,GRAND AUDITORIUM - P. DES FESTIVALS ESPLANADE GEORGES POMPIDOU 6400 CANNES 06150 CANNES,2026-10-01,2026-12-19,,,,,,
Concerts,Generation celine,,LE CANNET,06110,06, 06110 LE CANNET,2026-09-30,2026-09-30,,,,,,
Concerts,MANIA - THE ABBA TRIBUTE,,LE CANNET,06110,06, 06110 LE CANNET,2026-10-02,2026-10-02,,,,,,
Fêtes locales,Fête du Terroir,parc Layet,SAINT-LAURENT-DU-VAR,06700,06,parc Layet 06700 SAINT-LAURENT-DU-VAR,2026-09-27,2026-09-27,,,,,,
Humour et one (wo)man show,Samuel bambi,,NICE,06300,06, 06300 NICE,2026-10-01,2026-10-01,,,,,,
Concerts,Mania - the abba tribute,,LE CANNET,06110,06, 06110 LE CANNET,2026-10-02,2026-10-02,,,,,,
Concerts,DJADJA &amp; DINAZ,,NICE,06300,06, 06300 NICE,2026-10-03,2026-10-03,,,,,,
"Randonnées, Trail ou Running",La Marche Bleue - Randonnée pédestre,Rond point Coluche - Route de Cannes 06650 Opio,OPIO,06650,06,Rond point Coluche - Route de Cannes 06650 Opio 06650 OPIO,2026-10-03,2026-10-03,,,,,,
Humour et one (wo)man show,Florian lex,,NICE,06300,06, 06300 NICE,2026-10-03,2026-10-03,,,,,,
Concerts,MARIE PAULE BELLE,,LE CANNET,06110,06, 06110 LE CANNET,2026-10-04,2026-10-04,,,,,,
Spectacles,FLORIAN LEX,,NICE,06300,06, 06300 NICE,2026-10-03,2026-10-03,,,,,,
Concerts,Djadja & dinaz,,NICE,06300,06, 06300 NICE,2026-10-03,2026-10-03,,,,,,
Concerts,Marie paule belle,,LE CANNET,06110,06, 06110 LE CANNET,2026-10-04,2026-10-04,,,,,,
"Randonnées, Trail ou Running",Otillö Swimrun World Series Cannes,Otillö Swimrun World Series Cannes - Ile Sainte-Marguerite 06029 Cannes,CANNES,06029,06,Otillö Swimrun World Series Cannes - Ile Sainte-Marguerite 06029 Cannes 06029 CANNES,2026-10-06,2026-10-06,,,,,,
Fêtes,Fête de la Saint-Michel,Place Abbé Lorenzoni,VILLEFRANCHE-SUR-MER,06230,06,Place Abbé Lorenzoni 06230 VILLEFRANCHE-SUR-MER,2026-10-03,2026-10-03,,,,,,
Spectacle et comedie musicale,La dame de pierre,,NICE,06300,06, 06300 NICE,2026-10-10,2026-10-10,,,,,,
Concerts,Hommage à Gilbert Bécaud,La Palestre 730 Avenue Georges Pompidou 06110 LE CANNET,LE CANNET,06110,06,La Palestre 730 Avenue Georges Pompidou 06110 LE CANNET 06110 LE CANNET,2026-10-11,2026-10-11,,,,,,
Concerts,"ET MAINTENANT, L'HOMMAGE A GILBERT BECAUD",,LE CANNET,06110,06, 06110 LE CANNET,2026-10-11,2026-10-11,,,,,,
Humour et one (wo)man show,Nash,,NICE,06300,06, 06300 NICE,2026-10-10,2026-10-10,,,,,,
Concerts,Les wampas,,NICE,06300,06, 06300 NICE,2026-10-17,2026-10-17,,,,,,
Messes,FÊTE DE LA SAINTE RÉPARATE,Cathédrale Sainte-Réparate Nice - 06000,NICE,06000,06,Cathédrale Sainte-Réparate Nice - 06000 06000 NICE,2026-10-04,2026-10-04,,,,,,
Loisirs et tourisme,Et si tu pouvais tout changer,,CAGNES-SUR-MER,06800,06, 06800 CAGNES-SUR-MER,2026-10-16,2026-10-16,,,,,,
Concerts,"Et maintenant,",,LE CANNET,06110,06, 06110 LE CANNET,2026-10-11,2026-10-11,,,,,,
Fêtes locales,Fête de la Courge,Place Clemenceau,CHATEAUNEUF-GRASSE,06740,06,Place Clemenceau 06740 CHATEAUNEUF-GRASSE,2026-10-18,2026-10-18,,,,,,
Foires,foire agricole,Village Puget-Théniers,PUGET-THENIERS,06260,06,Village Puget-Théniers 06260 PUGET-THENIERS,2026-10-17,2026-10-17,,,,,,
Fêtes locales,fête des vendanges,place de l’église Saint-Jeannet - 06640,SAINT-JEANNET,06640,06,place de l’église Saint-Jeannet - 06640 06640 SAINT-JEANNET,2026-10-18,2026-10-18,,,,,,
Fêtes locales,Fête de la Brebis Brigasque,La Brigue Village Place de Nice 06430 La Brigue,LA BRIGUE,06430,06,La Brigue Village Place de Nice 06430 La Brigue 06430 LA BRIGUE,2026-10-18,2026-10-18,,,,,,
Fêtes locales,Fête des châtaignes Valdeblore,La Bolline Valdeblore,VALDEBLORE,06420,06,La Bolline Valdeblore 06420 VALDEBLORE,2026-10-25,2026-10-25,,,,,,
Fêtes locales,Fête du miel et de la châtaigne,Village Roquebillière,ROQUEBILLIERE,06450,06,Village Roquebillière 06450 ROQUEBILLIERE,2026-10-25,2026-10-25,,,,,,
Humour et one (wo)man show,Yann guillarme,,MANDELIEU-LA-NAPOULE,06210,06, 06210 MANDELIEU-LA-NAPOULE,2026-10-30,2026-10-30,,,,,,
Concerts,Laura pausini,,NICE,06300,06, 06300 NICE,2026-10-30,2026-10-30,,,,,,
Concerts,Balavoine experience,,CAGNES-SUR-MER,06800,06, 06800 CAGNES-SUR-MER,2026-10-23,2026-10-23,,,,,,
Concerts,LAURA PAUSINI,,NICE,06300,06, 06300 NICE,2026-10-30,2026-10-30,,,,,,
Marchés de Noël,Foire aux santons d'Antibes,Salle du 8 mai 1945,ANTIBES,06160,06,Salle du 8 mai 1945 06160 ANTIBES,2026-10-24,2026-10-24,,,,,,
Fêtes locales,FÊTE DES VENDANGES ET DES CHÂTAIGNES,Place De Gaulle Saint-Paul-de-Vence - 06570,SAINT-PAUL-DE-VENCE,06570,06,Place De Gaulle Saint-Paul-de-Vence - 06570 06570 SAINT-PAUL-DE-VENCE,2026-10-24,2026-10-24,,,,,,
Théatres,Adn,,CANNES,06150,06, 06150 CANNES,2026-10-31,2026-10-31,,,,,,
"Randonnées, Trail ou Running",Marathon Nice-Cannes,,CAGNES-SUR-MER,06800,06, 06800 CAGNES-SUR-MER,2026-11-01,2026-11-01,,,,,,
Foires,FOIRE DE LA TOUSSAINT,auron,SAINT-ETIENNE-DE-TINEE,06660,06,auron 06660 SAINT-ETIENNE-DE-TINEE,2026-11-02,2026-11-02,,,,,,
"Randonnées, Trail ou Running",Marathon des Alpes-Maritimes Nice-Cannes,Nice - Cannes 06000 Nice,NICE,06000,06,Nice - Cannes 06000 Nice 06000 NICE,2026-11-01,2026-11-01,,,,,,
Concerts,NEJ,,NICE,06300,06, 06300 NICE,2026-11-03,2026-11-03,,,,,,
Théatres,Le diner de cons,,CAGNES-SUR-MER,06800,06, 06800 CAGNES-SUR-MER,2026-11-06,2026-11-06,,,,,,
Salons,MAPIC (salon professionnel),"Palais des Festivals et des Congrès de Cannes, 1 boulevard de la Croisette, 06400 Cannes",CANNES,06400,06,"Palais des Festivals et des Congrès de Cannes, 1 boulevard de la Croisette, 06400 Cannes 06400 CANNES",2026-11-04,2026-11-05,,,,,,
Concerts,Hubert felix thiefaine,,CANNES,06150,06, 06150 CANNES,2026-11-06,2026-11-06,,,,,,
Théatres,MUCHAS GRACIAS,,LE CANNET,06110,06, 06110 LE CANNET,2026-11-06,2026-11-06,,,,,,
Concerts,Bigflo & oli,,NICE,06300,06, 06300 NICE,2026-11-05,2026-11-05,,,,,,
Concerts,Nej,,NICE,06300,06, 06300 NICE,2026-11-03,2026-11-03,,,,,,
Humour et one (wo)man show,Edouard deloignon,,NICE,06300,06, 06300 NICE,2026-11-07,2026-11-07,,,,,,
Théatres,Meryem benoua,,NICE,06300,06, 06300 NICE,2026-11-07,2026-11-07,,,,,,
Concerts,VERONIQUE SANSON,,NICE,06300,06, 06300 NICE,2026-11-12,2026-11-12,,,,,,
Concerts,VANESSA PARADIS,,NICE,06300,06, 06300 NICE,2026-11-13,2026-11-13,,,,,,
Bals Danses,Festi-Trad du Thiey,"101 Allée Charles Bonome, 06460 Saint-Vallier-de-Thiey, Saint-Vallier-de-Thiey (06) 101 Allée Charles Bonome, 06460 Saint-Vallier-de-Thiey, 06460 Sain",SAINT-VALLIER-DE-THIEY,06460,06,"101 Allée Charles Bonome, 06460 Saint-Vallier-de-Thiey, Saint-Vallier-de-Thiey (06) 101 Allée Charles Bonome, 06460 Saint-Vallier-de-Thiey, 06460 Sain 06460 SAINT-VALLIER-DE-THIEY",2026-11-07,2026-11-07,,,,,,
Marchés de Producteurs,Marché aux Truffes,Village,LE ROURET,06650,06,Village 06650 LE ROURET,2026-11-20,2026-11-20,,,,,,
Concerts,Legendary rock voices,,NICE,06300,06, 06300 NICE,2026-11-18,2026-11-18,,,,,,
Fêtes,"Fête de la Châtaigne, quand le Haut-Pays descend sur le littoral",,CAGNES-SUR-MER,06800,06, 06800 CAGNES-SUR-MER,2026-11-19,2026-11-19,,,,,,
Humour et one (wo)man show,Naim - chapitre 3,,LE CANNET,06110,06, 06110 LE CANNET,2026-11-21,2026-11-21,,,,,,
Concerts,Vanessa paradis,,NICE,06300,06, 06300 NICE,2026-11-13,2026-11-13,,,,,,
Humour et one (wo)man show,Noelle perna,,MENTON,06500,06, 06500 MENTON,2026-11-21,2026-11-21,,,,,,
Humour et one (wo)man show,Mahe s'installe,,NICE,06300,06, 06300 NICE,2026-11-21,2026-11-21,,,,,,
Théatres,Noëlle Perna dans Mado fait son cabaret,,MENTON,06500,06, 06500 MENTON,2026-11-21,2026-11-21,,,,,,
Concerts,L'HÉRITAGE GOLDMAN 2,,NICE,06300,06, 06300 NICE,2026-11-21,2026-11-21,,,,,,
Humour et one (wo)man show,Anne roumanoff,,LE ROURET,06650,06, 06650 LE ROURET,2026-11-21,2026-11-21,,,,,,
Concerts,CALEMA,,LE CANNET,06110,06, 06110 LE CANNET,2026-11-27,2026-11-27,,,,,,
Vide-greniers,Bourse aux skis et VTT,espace Rovery Auron,SAINT-ETIENNE-DE-TINEE,06660,06,espace Rovery Auron 06660 SAINT-ETIENNE-DE-TINEE,2026-11-21,2026-11-21,,,,,,
Concerts,Calema,,LE CANNET,06110,06, 06110 LE CANNET,2026-11-27,2026-11-27,,,,,,
Spectacles,Anne Roumanoff,,LE ROURET,06650,06, 06650 LE ROURET,2026-11-21,2026-11-21,,,,,,
Concerts,L'héritage goldman 2,,NICE,06300,06, 06300 NICE,2026-11-21,2026-11-21,,,,,,
Festivals,Les tambours du bronx,,NICE,06300,06, 06300 NICE,2026-11-27,2026-11-27,,,,,,
Humour et one (wo)man show,Akim omiri,,NICE,06300,06, 06300 NICE,2026-11-28,2026-11-28,,,,,,
Concerts,Les Tambours du Bronx,,NICE,06300,06, 06300 NICE,2026-11-27,2026-11-27,,,,,,
Concerts,Eric serra live,,NICE,06300,06, 06300 NICE,2026-11-28,2026-11-28,,,,,,
Concerts,CHRISTOPHE MAE,,NICE,06300,06, 06300 NICE,2026-12-04,2026-12-04,,,,,,
Concerts,ERIC SERRA LIVE,,NICE,06300,06, 06300 NICE,2026-11-28,2026-11-28,,,,,,
Concerts,Yannick Noah - Un p'tit tous à deux,,NICE,06300,06, 06300 NICE,2026-12-04,2026-12-04,,,,,,
Concerts,Christophe mae,,NICE,06300,06, 06300 NICE,2026-12-04,2026-12-04,,,,,,
Marchés de Noël,Marché de Noël,67 route du col st roch,COARAZE,06390,06,67 route du col st roch 06390 COARAZE,2026-11-29,2026-11-29,,,,,,
Courses,DUO TRAIL SNOW ISOLA 2000,Front de neige de la station Isola 2000,ISOLA,06420,06,Front de neige de la station Isola 2000 06420 ISOLA,2026-12-05,2026-12-05,,,,,,
Evènements Téléthon,TELETHON MOUGINS,TELETHON MOUGINS,MOUGINS,06250,06,TELETHON MOUGINS 06250 MOUGINS,2026-12-05,2026-12-05,,,,,,
Evènements Téléthon,TELETHON LA GAUDE,TELETHON LA GAUDE,LA GAUDE,06610,06,TELETHON LA GAUDE 06610 LA GAUDE,2026-12-05,2026-12-05,,,,,,
Evènements Téléthon,TELETHON SAINT-LAURENT-DU-VAR,TELETHON SAINT-LAURENT-DU-VAR,SAINT-LAURENT-DU-VAR,06700,06,TELETHON SAINT-LAURENT-DU-VAR 06700 SAINT-LAURENT-DU-VAR,2026-12-05,2026-12-05,,,,,,
"Randonnées, Trail ou Running",Cross des îles,Ile Sainte-Marguerite 06400 Cannes,CANNES,06400,06,Ile Sainte-Marguerite 06400 Cannes 06400 CANNES,2026-12-06,2026-12-06,,,,,,
Marchés de Noël,Marché de Noël,Village Roquebilliere,ROQUEBILLIERE,06450,06,Village Roquebilliere 06450 ROQUEBILLIERE,2026-12-06,2026-12-06,,,,,,
Jeux-sports,Bain de Noël,Ecole municipale de voile Cagnes-sur-Mer - 06800,CAGNES-SUR-MER,06800,06,Ecole municipale de voile Cagnes-sur-Mer - 06800 06800 CAGNES-SUR-MER,2026-12-06,2026-12-06,,,,,,
Concerts,PLK,,NICE,06300,06, 06300 NICE,2026-12-06,2026-12-06,,,,,,
Concerts,FLORENT PAGNY,,NICE,06300,06, 06300 NICE,2026-12-07,2026-12-07,,,,,,
Concerts,Plk,,NICE,06300,06, 06300 NICE,2026-12-06,2026-12-06,,,,,,
Concerts,Florent pagny,,NICE,06300,06, 06300 NICE,2026-12-07,2026-12-07,,,,,,
Danse,Casse noisette,,NICE,06300,06, 06300 NICE,2026-12-08,2026-12-08,,,,,,
Concerts,La soiree du gospel,,CANNES,06150,06, 06150 CANNES,2026-12-11,2026-12-11,,,,,,
Fêtes locales,Fête du chant populaire,,SAINT-JEANNET,06640,06, 06640 SAINT-JEANNET,2026-12-12,2026-12-12,,,,,,
Humour et one (wo)man show,Michele laroque et kad merad,,CANNES,06150,06, 06150 CANNES,2026-12-12,2026-12-12,,,,,,
Humour et one (wo)man show,The jeff panacloc company,,NICE,06300,06, 06300 NICE,2026-12-10,2026-12-10,,,,,,
Concerts,COEUR DE PIRATE,,LE CANNET,06110,06, 06110 LE CANNET,2026-12-08,2026-12-08,,,,,,
Humour et one (wo)man show,Amine radi,,NICE,06300,06, 06300 NICE,2026-12-12,2026-12-12,,,,,,
Spectacles,THE JEFF PANACLOC COMPANY,,NICE,06300,06, 06300 NICE,2026-12-10,2026-12-10,,,,,,
Concerts,Coeur de pirate,,LE CANNET,06110,06, 06110 LE CANNET,2026-12-08,2026-12-08,,,,,,
Théatres,MICHELE LAROQUE ET KAD MERAD,,CANNES,06150,06, 06150 CANNES,2026-12-12,2026-12-12,,,,,,
Cirques,Compagnie hors surface,,CANNES,06150,06, 06150 CANNES,2026-12-13,2026-12-13,,,,,,
Marchés de Noël,Marché de Noel Village,Village (2ème dimanche du mois de décembre) Villeneuve-Loubet,VILLENEUVE-LOUBET,06270,06,Village (2ème dimanche du mois de décembre) Villeneuve-Loubet 06270 VILLENEUVE-LOUBET,2026-12-12,2026-12-12,,,,,,
Danse,Casse-noisette - ballet et orchestre,,NICE,06300,06, 06300 NICE,2026-12-17,2026-12-17,,,,,,
Spectacles,REDOUANE BOUGHERABA,,NICE,06300,06, 06300 NICE,2026-12-16,2026-12-16,,,,,,
Concerts,Michael The Show,,MENTON,06500,06, 06500 MENTON,2026-12-18,2026-12-18,,,,,,
Marchés de potiers,Marché Potiers de Noël de Vallauris,Place de la Libération Vallauris - 06220,VALLAURIS,06220,06,Place de la Libération Vallauris - 06220 06220 VALLAURIS,2026-12-13,2026-12-13,,,,,,
Concerts,Michael the show,,MENTON,06500,06, 06500 MENTON,2026-12-18,2026-12-18,,,,,,
Concerts,Michael the show,,CAGNES-SUR-MER,06800,06, 06800 CAGNES-SUR-MER,2026-12-19,2026-12-19,,,,,,
Humour et one (wo)man show,Redouane bougheraba,,NICE,06300,06, 06300 NICE,2026-12-16,2026-12-16,,,,,,
Marchés de Noël,Foire aux santons,place St-Pierre,CAGNES-SUR-MER,06800,06,place St-Pierre 06800 CAGNES-SUR-MER,2026-12-19,2026-12-19,,,,,,
Coups de coeur,Messe de Noël,Sainte Madeleine 06140 Coursegoules,COURSEGOULES,06140,06,Sainte Madeleine 06140 Coursegoules 06140 COURSEGOULES,2026-12-24,2026-12-24,,,,,,
Spectacle et comedie musicale,Les plus belles musiques de disney,,LE ROURET,06650,06, 06650 LE ROURET,2026-12-19,2026-12-19,,,,,,
Spectacles,Les plus belles musiques de Disney,,LE ROURET,06650,06, 06650 LE ROURET,2026-12-19,2026-12-19,,,,,,
Marchés de Noël,Marché de Noel Marina Baie des Anges,Croisette Jean Marchand (Marina Baie des Anges) Villeneuve-Loubet,VILLENEUVE-LOUBET,06270,06,Croisette Jean Marchand (Marina Baie des Anges) Villeneuve-Loubet 06270 VILLENEUVE-LOUBET,2026-12-20,2026-12-20,,,,,,
Messes,Gattières Saint Nicolas Messe de Noel,Saint Nicolas 06510 Gattières,GATTIERES,06510,06,Saint Nicolas 06510 Gattières 06510 GATTIERES,2026-12-24,2026-12-24,,,,,,
Messes,Tourrettes-sur-Loup Saint Grégoire le Grand Messe de Noel,Saint Grégoire le Grand 06140 Tourrettes-sur-Loup,TOURRETTES-SUR-LOUP,06140,06,Saint Grégoire le Grand 06140 Tourrettes-sur-Loup 06140 TOURRETTES-SUR-LOUP,2026-12-24,2026-12-24,,,,,,
Messes,Lucéram Saint Pierre Messe de Noel,Saint Pierre 06440 Lucéram,LUCERAM,06440,06,Saint Pierre 06440 Lucéram 06440 LUCERAM,2026-12-24,2026-12-24,,,,,,
Messes,Messe veille de Noël,Église Saint-Pierre,LA PENNE,06260,06,Église Saint-Pierre 06260 LA PENNE,2026-12-24,2026-12-24,,,,,,
Messes,Messe de Noel,Saint Jacques le Majeur,LA COLLE-SUR-LOUP,06480,06,Saint Jacques le Majeur 06480 LA COLLE-SUR-LOUP,2026-12-25,2026-12-25,,,,,,
Messes,Saint-Jeannet Décollation de Saint Jean Baptiste Messe de Noel,Décollation de Saint Jean Baptiste 06640 Saint-Jeannet,SAINT-JEANNET,06640,06,Décollation de Saint Jean Baptiste 06640 Saint-Jeannet 06640 SAINT-JEANNET,2026-12-25,2026-12-25,,,,,,
Fêtes locales,traditionnel bain du nouvel An,Antibes plage de la Salis,ANTIBES,06160,06,Antibes plage de la Salis 06160 ANTIBES,2027-01-01,2027-01-01,,,,,,
Coups de coeur,MESSE DU JOUR DE NOEL,Nativité de Notre Dame (Cathédrale de Vence),VENCE,06140,06,Nativité de Notre Dame (Cathédrale de Vence) 06140 VENCE,2026-12-25,2026-12-25,,,,,,
Théatres,Comment draguer apres 50 ans,,CANNES,06150,06, 06150 CANNES,2027-01-09,2027-01-09,,,,,,
Feux d'artifice,Feu d'artifice du Nouvel an,Baie de cannes,CANNES,06150,06,Baie de cannes 06150 CANNES,2026-12-31,2026-12-31,,,,,,
Foires,Foire de septembre,Village Puget-Théniers,PUGET-THENIERS,06260,06,Village Puget-Théniers 06260 PUGET-THENIERS,2027-01-01,2027-01-01,,,,,,
Feux d'artifice,FEU D'ARTIFICE DE LA NOUVELLE ANNEE,Bord de Mer 06160 Juan-les-Pins,ANTIBES,06160,06,Bord de Mer 06160 Juan-les-Pins 06160 ANTIBES,2027-01-01,2027-01-01,,,,,,
Concerts,One night of queen,,NICE,06300,06, 06300 NICE,2027-01-09,2027-01-09,,,,,,
Concerts,Forever,La Palestre 730 Avenue Georges Pompidou 06110 LE CANNET,LE CANNET,06110,06,La Palestre 730 Avenue Georges Pompidou 06110 LE CANNET 06110 LE CANNET,2027-01-12,2027-02-07,,,,,,
Concerts,Il était une fois...,,NICE,06300,06, 06300 NICE,2027-01-10,2027-01-10,,,,,,
Humour et one (wo)man show,En therapie,,CANNES,06150,06, 06150 CANNES,2027-01-16,2027-01-16,,,,,,
Humour et one (wo)man show,Geremy credeville,,NICE,06300,06, 06300 NICE,2027-01-15,2027-01-15,,,,,,
Concerts,ONE NIGHT OF QUEEN,,NICE,06300,06, 06300 NICE,2027-01-09,2027-01-09,,,,,,
Humour et one (wo)man show,Giroud & stotz,,NICE,06300,06, 06300 NICE,2027-01-16,2027-01-16,,,,,,
Humour et one (wo)man show,Philippine delaire,,NICE,06300,06, 06300 NICE,2027-01-21,2027-01-21,,,,,,
Danse,Les quatre saisons - ballet,,NICE,06300,06, 06300 NICE,2027-01-21,2027-01-21,,,,,,
Brocantes,Le Broc troc,Palais de l'Europe-Avenue Boyer Avenue Boyer 06500 Menton,MENTON,06500,06,Palais de l'Europe-Avenue Boyer Avenue Boyer 06500 Menton 06500 MENTON,2027-01-16,2027-01-16,,,,,,
Humour et one (wo)man show,Podkassos en live,,NICE,06300,06, 06300 NICE,2027-01-17,2027-01-17,,,,,,
Danse,Ballet julien lestel,,CANNES,06150,06, 06150 CANNES,2027-01-23,2027-01-23,,,,,,
Humour et one (wo)man show,Nawell madani,,NICE,06300,06, 06300 NICE,2027-01-23,2027-01-23,,,,,,
Marchés de Producteurs,Marché de la Truffe,Parking des Bugadières Villeneuve-Loubet - 06270,VILLENEUVE-LOUBET,06270,06,Parking des Bugadières Villeneuve-Loubet - 06270 06270 VILLENEUVE-LOUBET,2027-01-24,2027-01-24,,,,,,
Théatres,Ines reg,,NICE,06300,06, 06300 NICE,2027-01-23,2027-01-23,,,,,,
Humour et one (wo)man show,Arnaud tsamere,,NICE,06300,06, 06300 NICE,2027-01-28,2027-01-28,,,,,,
Concerts,SO FLOYD,,NICE,06300,06, 06300 NICE,2027-01-31,2027-01-31,,,,,,
Humour et one (wo)man show,Edgard-yves jr.,,NICE,06300,06, 06300 NICE,2027-01-29,2027-01-29,,,,,,
Fêtes locales,Fête de la St Blaise,Village et Garbejaïre Valbonne - 06560,VALBONNE,06560,06,Village et Garbejaïre Valbonne - 06560 06560 VALBONNE,2027-01-30,2027-01-30,,,,,,
Fêtes locales,Fête de la St Blaise,la chapelle saint blaise Belvédère - 06450,BELVEDERE,06450,06,la chapelle saint blaise Belvédère - 06450 06450 BELVEDERE,2027-02-03,2027-02-03,,,,,,
Spectacle et comedie musicale,Luc langevin – l'illusionniste,,NICE,06300,06, 06300 NICE,2027-02-07,2027-02-07,,,,,,
Carnavals,Championnat du monde de lancer de Palhasso,Place Saint Roch Nice,NICE,06300,06,Place Saint Roch Nice 06300 NICE,2027-01-31,2027-01-31,,,,,,
Concerts,So floyd – the pink floyd show,,NICE,06300,06, 06300 NICE,2027-01-31,2027-01-31,,,,,,
Spectacles,Luc Langevin,"Palais Nikaïa 163, boulevard du Mercantour 6200 NICE",NICE,06300,06,"Palais Nikaïa 163, boulevard du Mercantour 6200 NICE 06300 NICE",2027-02-07,2027-02-23,,,,,,
Concerts,FOREVER,,LE CANNET,06110,06, 06110 LE CANNET,2027-02-07,2027-02-07,,,,,,
Fêtes locales,Fête du mimosa,cœur de village Biot - 06410,BIOT,06410,06,cœur de village Biot - 06410 06410 BIOT,2027-02-07,2027-02-07,,,,,,
Spectacle et comedie musicale,Shen yun,,NICE,06300,06, 06300 NICE,2027-02-02,2027-02-02,,,,,,
Concerts,Forever - tribute to michael jackson,,LE CANNET,06110,06, 06110 LE CANNET,2027-02-07,2027-02-07,,,,,,
Spectacles,Luc Langevin - L'illusionniste,,NICE,06300,06, 06300 NICE,2027-02-07,2027-02-07,,,,,,
Concerts,GAROU,,LE CANNET,06110,06, 06110 LE CANNET,2027-02-11,2027-02-11,,,,,,
Fêtes locales,Combat Naval Fleuri,Villefranche-sur-Mer sur les quais,VILLEFRANCHE-SUR-MER,06230,06,Villefranche-sur-Mer sur les quais 06230 VILLEFRANCHE-SUR-MER,2027-02-08,2027-02-08,,,,,,
Fêtes locales,La fête de la polente,Village Belvédère,BELVEDERE,06450,06,Village Belvédère 06450 BELVEDERE,2027-02-10,2027-02-10,,,,,,
Feux d'artifice,Feu d'artifice,village Saint-Martin-Vésubie - 06450,SAINT-MARTIN-VESUBIE,06450,06,village Saint-Martin-Vésubie - 06450 06450 SAINT-MARTIN-VESUBIE,2027-02-09,2027-02-09,,,,,,
Concerts,Garou - solo,,LE CANNET,06110,06, 06110 LE CANNET,2027-02-11,2027-02-11,,,,,,
Fêtes locales,Fête sainte Appolonie,village La Gaude - 06610,LA GAUDE,06610,06,village La Gaude - 06610 06610 LA GAUDE,2027-02-14,2027-02-14,,,,,,
Foires,Marché aux truffes,Village Puget-Théniers,PUGET-THENIERS,06260,06,Village Puget-Théniers 06260 PUGET-THENIERS,2027-02-13,2027-02-13,,,,,,
Loisirs et tourisme,Escape the city - nice,,NICE,06300,06, 06300 NICE,2027-02-09,2027-02-09,,,,,,
Concerts,Keen'v,,NICE,06300,06, 06300 NICE,2027-02-14,2027-02-14,,,,,,
Concerts,KEEN'V,,NICE,06300,06, 06300 NICE,2027-02-14,2027-02-14,,,,,,
Spectacles,VÉRONIC DICAIRE,,NICE,06300,06, 06300 NICE,2027-02-20,2027-02-20,,,,,,
Humour et one (wo)man show,Veronic dicaire,,NICE,06300,06, 06300 NICE,2027-02-20,2027-02-20,,,,,,
Humour et one (wo)man show,Marine leonardi,,NICE,06300,06, 06300 NICE,2027-02-19,2027-02-19,,,,,,
Spectacles,Jeanfi Janssens - Tombé du ciel,,DRAP,06340,06, 06340 DRAP,2027-02-20,2027-02-20,,,,,,
Fêtes locales,DÉBARQUEMENT DE NAPOLÉON,Golfe Juan Vallauris - 06220,VALLAURIS,06220,06,Golfe Juan Vallauris - 06220 06220 VALLAURIS,2027-03-06,2027-03-06,,,,,,
Concerts,Chimene badi,,LE CANNET,06110,06, 06110 LE CANNET,2027-02-27,2027-02-27,,,,,,
Théatres,Badinter,,CANNES,06150,06, 06150 CANNES,2027-03-05,2027-03-05,,,,,,
Concerts,CHIMENE BADI,,LE CANNET,06110,06, 06110 LE CANNET,2027-02-27,2027-02-27,,,,,,
Théatres,Julien bing,,NICE,06300,06, 06300 NICE,2027-03-06,2027-03-06,,,,,,
Théatres,"Cleopatre, la reine louve",,CANNES,06150,06, 06150 CANNES,2027-03-06,2027-03-06,,,,,,
Fêtes locales,Fête des violettes TOURRETTES SUR LOUP,village,TOURRETTES-SUR-LOUP,06140,06,village 06140 TOURRETTES-SUR-LOUP,2027-03-06,2027-03-06,,,,,,
Salons,Salon Destination Thermaé,806 Avenue de Cannes,MANDELIEU-LA-NAPOULE,06210,06,806 Avenue de Cannes 06210 MANDELIEU-LA-NAPOULE,2027-03-12,2027-03-14,,,,,,
Concerts,K-pop forever !,,NICE,06300,06, 06300 NICE,2027-03-16,2027-03-16,,,,,,
Humour et one (wo)man show,Thomas marty,,NICE,06300,06, 06300 NICE,2027-03-12,2027-03-12,,,,,,
Humour et one (wo)man show,Fabrice eboue,,NICE,06300,06, 06300 NICE,2027-03-20,2027-03-20,,,,,,
Concerts,The world of queen,,NICE,06300,06, 06300 NICE,2027-03-11,2027-03-11,,,,,,
Humour et one (wo)man show,Antonia de rendinger,,NICE,06300,06, 06300 NICE,2027-03-12,2027-03-12,,,,,,
Salons,"Salon du Bien-Être, Bio et Médecine Douce Mandelieu",806 Ave de Cannes,MANDELIEU-LA-NAPOULE,06210,06,806 Ave de Cannes 06210 MANDELIEU-LA-NAPOULE,2027-03-12,2027-03-14,,,,,,
Concerts,THE WORLD OF QUEEN,,NICE,06300,06, 06300 NICE,2027-03-11,2027-03-11,,,,,,
Foires,foire aux plants,Village Puget-Théniers,PUGET-THENIERS,06260,06,Village Puget-Théniers 06260 PUGET-THENIERS,2027-03-20,2027-03-20,,,,,,
Spectacle et comedie musicale,Celtic legends,,NICE,06300,06, 06300 NICE,2027-03-14,2027-03-14,,,,,,
Concerts,Jimmy sax,,CANNES,06150,06, 06150 CANNES,2027-03-20,2027-03-20,,,,,,
Danse,Compagnie kafig,,CANNES,06150,06, 06150 CANNES,2027-03-21,2027-03-21,,,,,,
Spectacle et comedie musicale,Messmer - 13hz,,NICE,06300,06, 06300 NICE,2027-03-23,2027-03-23,,,,,,
Fêtes,Lu Festin de la Bugada,Place Félix Poullan,VILLEFRANCHE-SUR-MER,06230,06,Place Félix Poullan 06230 VILLEFRANCHE-SUR-MER,2027-03-27,2027-03-27,,,,,,
Spectacles,MESSMER - 13Hz,,NICE,06300,06, 06300 NICE,2027-03-23,2027-03-23,,,,,,
Evènements,Fete de Paques messe Saint Antonin,Saint Antonin 6670 LEVENS,LEVENS,06670,06,Saint Antonin 6670 LEVENS 06670 LEVENS,2027-03-28,2027-03-28,,,,,,
Fêtes locales,Procession du Christ mort,Eglise Sainte Marguerite,ROQUEBRUNE-CAP-MARTIN,06190,06,Eglise Sainte Marguerite 06190 ROQUEBRUNE-CAP-MARTIN,2027-03-27,2027-03-27,,,,,,
Bourses,bourses aux minéraux fossiles et pierres précieuses Menton,Menton Palais de l'Europe,MENTON,06500,06,Menton Palais de l'Europe 06500 MENTON,2027-03-29,2027-03-29,,,,,,
Concerts,JEAN BAPTISTE GUEGAN,,LE CANNET,06110,06, 06110 LE CANNET,2027-03-27,2027-03-27,,,,,,
Fêtes locales,Fête de Notre Dame du Peuple,BEZAUDUN-LES-ALPES,BEZAUDUN-LES-ALPES,06510,06,BEZAUDUN-LES-ALPES 06510 BEZAUDUN-LES-ALPES,2027-03-29,2027-03-29,,,,,,
Spectacles,LES CHEVALIERS DU FIEL,,NICE,06300,06, 06300 NICE,2027-03-28,2027-03-28,,,,,,
Spectacle et comedie musicale,Flashdance - the musical,,NICE,06300,06, 06300 NICE,2027-04-10,2027-04-10,,,,,,
Fêtes locales,FETE DE L'ORANGER,Village Le Bar-sur-Loup - 06620,LE BAR-SUR-LOUP,06620,06,Village Le Bar-sur-Loup - 06620 06620 LE BAR-SUR-LOUP,2027-03-29,2027-03-29,,,,,,
Concerts,Vipers queen,,LE ROURET,06650,06, 06650 LE ROURET,2027-04-10,2027-04-10,,,,,,
"Randonnées, Trail ou Running",Trail des Balcons d'Azur (06),,MANDELIEU-LA-NAPOULE,06210,06, 06210 MANDELIEU-LA-NAPOULE,2027-04-10,2027-04-10,,,,,,
Spectacles,CASSE-NOISETTE,,LE CANNET,06110,06, 06110 LE CANNET,2027-04-13,2027-04-13,,,,,,
Spectacles,Vipers Queen,,LE ROURET,06650,06, 06650 LE ROURET,2027-04-10,2027-04-10,,,,,,
Vide-greniers,vide-grenier,Porte de France Menton,MENTON,06500,06,Porte de France Menton 06500 MENTON,2027-04-17,2027-04-17,,,,,,
Foires,Foire d'avril,Village Puget-Théniers,PUGET-THENIERS,06260,06,Village Puget-Théniers 06260 PUGET-THENIERS,2027-04-17,2027-04-17,,,,,,
Humour et one (wo)man show,Dany boon,,NICE,06300,06, 06300 NICE,2027-04-22,2027-04-22,,,,,,
Spectacles,RODRIGUE,,NICE,06300,06, 06300 NICE,2027-04-29,2027-04-29,,,,,,
Fêtes locales,Fête des fraises,Place L. Frescolini Carros - 06510,CARROS,06510,06,Place L. Frescolini Carros - 06510 06510 CARROS,2027-04-25,2027-04-25,,,,,,
Vide-greniers,Vide Grenier 1er Mai,Rue de l'École Maternelle 1220 Route du Village 06810 Auribeau-sur-Siagne,AURIBEAU-SUR-SIAGNE,06810,06,Rue de l'École Maternelle 1220 Route du Village 06810 Auribeau-sur-Siagne 06810 AURIBEAU-SUR-SIAGNE,2027-05-01,2027-05-01,,,,,,
Fêtes locales,La fête du miel de Mouans-Sartoux,Place de la Mairie et Jardin mellifère du parc du château - Mouans Sartoux,MOUANS-SARTOUX,06370,06,Place de la Mairie et Jardin mellifère du parc du château - Mouans Sartoux 06370 MOUANS-SARTOUX,2027-04-26,2027-04-26,,,,,,
Fêtes locales,Fête des Mai,Haut-de-Cagnes,CAGNES-SUR-MER,06800,06,Haut-de-Cagnes 06800 CAGNES-SUR-MER,2027-05-01,2027-05-01,,,,,,
Concerts,Amorphous dance company,,CANNES,06150,06, 06150 CANNES,2027-04-24,2027-04-24,,,,,,
Vide-greniers,Vide grenier,Place Alexandre Mari,COARAZE,06390,06,Place Alexandre Mari 06390 COARAZE,2027-05-01,2027-05-01,,,,,,
Spectacles,DANY BOON,,NICE,06300,06, 06300 NICE,2027-04-22,2027-04-22,,,,,,
Concerts,TAYC,,NICE,06300,06, 06300 NICE,2027-04-21,2027-04-21,,,,,,
Vide-greniers,Brocante,,MENTON,06500,06, 06500 MENTON,2027-05-01,2027-05-01,,,,,,
Vide-greniers,Les Puces Laurentines du Rotary,Esplanade des Goélands,SAINT-LAURENT-DU-VAR,06700,06,Esplanade des Goélands 06700 SAINT-LAURENT-DU-VAR,2027-05-01,2027-05-01,,,,,,
Fêtes locales,Saint-Pancrace,,GILETTE,06830,06, 06830 GILETTE,2027-05-10,2027-05-10,,,,,,
Salons,Salon du livre de Spéracèdes,Spéracèdes,SPERACEDES,06530,06,Spéracèdes 06530 SPERACEDES,2027-05-01,2027-05-01,,,,,,
Fêtes locales,Fête patronale St Jacques,Ville Grasse,GRASSE,06520,06,Ville Grasse 06520 GRASSE,2027-05-01,2027-05-01,,,,,,
Vide-greniers,Vide-greniers Market,"Le Tignet Alpes-Maritimes • 06 598, Route De Draguignan",LE TIGNET,06530,06,"Le Tignet Alpes-Maritimes • 06 598, Route De Draguignan 06530 LE TIGNET",2027-05-01,2027-05-01,,,,,,
Humour et one (wo)man show,Oldelaf,,LE BROC,06510,06, 06510 LE BROC,2027-05-21,2027-05-21,,,,,,
Fêtes locales,Festin de la Saint-Pons,Village Lantosque,LANTOSQUE,06450,06,Village Lantosque 06450 LANTOSQUE,2027-05-24,2027-05-24,,,,,,
Manifestations Automobiles,Journée MPV,,CABRIS,06530,06, 06530 CABRIS,2027-05-24,2027-05-24,,,,,,
Fêtes locales,Fête de la Centifolia,plascassier Grasse - 06130,GRASSE,06130,06,plascassier Grasse - 06130 06130 GRASSE,2027-05-17,2027-05-17,,,,,,
Vide-greniers,VIDE GRENIER DU LUNDI DE PENTECOTE,Place du Puy Carros - 06510,CARROS,06510,06,Place du Puy Carros - 06510 06510 CARROS,2027-05-25,2027-05-25,,,,,,
Danse,Le lac des cygnes - ballet et orchestre,,NICE,06300,06, 06300 NICE,2027-05-27,2027-05-27,,,,,,
Fêtes locales,Fête patronale de la Sainte Floride,"Route du Village, 06650 Opio",OPIO,06650,06,"Route du Village, 06650 Opio 06650 OPIO",2027-05-24,2027-05-24,,,,,,
Humour et one (wo)man show,Nino arial,,NICE,06300,06, 06300 NICE,2027-05-29,2027-05-29,,,,,,
Fêtes locales,FÊTE DU PAIN,PLACE DU PLAN Lucéram - 06440,LUCERAM,06440,06,PLACE DU PLAN Lucéram - 06440 06440 LUCERAM,2027-05-31,2027-05-31,,,,,,
Salons,L'ITALIE A TABLE,"20, avenue de Verdun Pré-des-Pêcheurs 06600 Antibes",ANTIBES,06600,06,"20, avenue de Verdun Pré-des-Pêcheurs 06600 Antibes 06600 ANTIBES",2027-05-30,2027-05-30,,,,,,
Fêtes locales,Fête de la Trinité,Place George Clemenceau,CHATEAUNEUF-GRASSE,06740,06,Place George Clemenceau 06740 CHATEAUNEUF-GRASSE,2027-05-31,2027-05-31,,,,,,
Spectacles,NINO ARIAL,,NICE,06300,06, 06300 NICE,2027-05-29,2027-05-29,,,,,,
Fêtes locales,Fête traditionnelle de la Saint Claude,Route de Grasse,CIPIERES,06620,06,Route de Grasse 06620 CIPIERES,2027-06-06,2027-06-06,,,,,,
Fêtes locales,LA PROCESSION AUX LIMACES,Cœur de village Tourrette-Levens - 06690,TOURRETTE-LEVENS,06690,06,Cœur de village Tourrette-Levens - 06690 06690 TOURRETTE-LEVENS,2027-06-04,2027-06-04,,,,,,
Fêtes locales,Fête de Printemps,La Brigue Village Place de Nice 06430 La Brigue,LA BRIGUE,06430,06,La Brigue Village Place de Nice 06430 La Brigue 06430 LA BRIGUE,2027-06-07,2027-06-07,,,,,,
"Randonnées, Trail ou Running",Esclapa l'oeil,,CIPIERES,06620,06, 06620 CIPIERES,2027-06-14,2027-06-14,,,,,,
Foires,Foire de juin,Village Puget-Théniers,PUGET-THENIERS,06260,06,Village Puget-Théniers 06260 PUGET-THENIERS,2027-06-13,2027-06-13,,,,,,
"Randonnées, Trail ou Running",Les 9 km de Châteauneuf,,CHATEAUNEUF-GRASSE,06740,06, 06740 CHATEAUNEUF-GRASSE,2027-06-20,2027-06-20,,,,,,
Fêtes locales,Festin de Sts-Pierre-et-Paul,Village Belvédère,BELVEDERE,06450,06,Village Belvédère 06450 BELVEDERE,2027-06-27,2027-06-27,,,,,,
Fêtes locales,Festin de la Saint-Julien,Village Roquebillière - 06450,ROQUEBILLIERE,06450,06,Village Roquebillière - 06450 06450 ROQUEBILLIERE,2027-07-04,2027-07-04,,,,,,
Festivals,LES NUITS CARREES,avenue du 11 novembre Amphithéâtre du Fort Carré 06600 Antibes,ANTIBES,06600,06,avenue du 11 novembre Amphithéâtre du Fort Carré 06600 Antibes 06600 ANTIBES,2027-06-27,2027-06-27,,,,,,
Fêtes locales,fête patronale St Hilaire,,LE TIGNET,06530,06, 06530 LE TIGNET,2027-07-04,2027-07-04,,,,,,
Fêtes locales,FÊTE PATRÔNALE DE LA SAINT PIERRE,Centre ville de Le Rouret,LE ROURET,06650,06,Centre ville de Le Rouret 06650 LE ROURET,2027-06-27,2027-06-27,,,,,,
Fêtes locales,Festin de N-D-du-Mt-Carmel,village Lantosque - 06450,LANTOSQUE,06450,06,village Lantosque - 06450 06450 LANTOSQUE,2027-07-04,2027-07-04,,,,,,
Fêtes locales,Fête patronale de la Saint Arnoux,,TOURRETTES-SUR-LOUP,06140,06, 06140 TOURRETTES-SUR-LOUP,2027-07-11,2027-07-11,,,,,,
Manifestations Automobiles,Montée Historique de Lucéram - Peïra Cava,Village,LUCERAM,06440,06,Village 06440 LUCERAM,2027-07-12,2027-07-12,,,,,,
Feux d'artifice,Feu d'artifice en bord de mer,ANTIBES,ANTIBES,06160,06,ANTIBES 06160 ANTIBES,2027-07-13,2027-07-13,,,,,,
Fêtes locales,Fête de la Saint-Éloi,Tende Village 4 Place du Général de Gaulle 06430 Tende,TENDE,06430,06,Tende Village 4 Place du Général de Gaulle 06430 Tende 06430 TENDE,2027-07-12,2027-07-12,,,,,,
Feux d'artifice,Prélude Fête Nationale,"pin Esplanade Les Goélands, 06700 Saint-Laurent-du-Var, France",SAINT-LAURENT-DU-VAR,06700,06,"pin Esplanade Les Goélands, 06700 Saint-Laurent-du-Var, France 06700 SAINT-LAURENT-DU-VAR",2027-07-13,2027-07-13,,,,,,
Feux d'artifice,Feu d'artifice,Place des victoires La Gaude - 06610,LA GAUDE,06610,06,Place des victoires La Gaude - 06610 06610 LA GAUDE,2027-07-13,2027-07-13,,,,,,
Bals Danses,Bal des Sapeurs-Pompiers de lucéram Peira cava,Place du plan Lucéram - 06440,LUCERAM,06440,06,Place du plan Lucéram - 06440 06440 LUCERAM,2027-07-13,2027-07-13,,,,,,
Feux d'artifice,Feu d'artifice PLAGE du PONTEIL,PLAGE du PONTEIL JUAN-LES-PINS,ANTIBES,06160,06,PLAGE du PONTEIL JUAN-LES-PINS 06160 ANTIBES,2027-07-14,2027-07-14,,,,,,
Feux d'artifice,Feu d'artifice en bord de mer,MENTON,MENTON,06500,06,MENTON 06500 MENTON,2027-07-14,2027-07-14,,,,,,
Feux d'artifice,Feu d'artifice en bord de mer,THÉOULE SUR MER,THEOULE-SUR-MER,06590,06,THÉOULE SUR MER 06590 THEOULE-SUR-MER,2027-07-13,2027-07-13,,,,,,
Feux d'artifice,Feu d'artifice en bord de mer,ROQUEBRUNE-CAP-MARTIN,ROQUEBRUNE-CAP-MARTIN,06190,06,ROQUEBRUNE-CAP-MARTIN 06190 ROQUEBRUNE-CAP-MARTIN,2027-07-13,2027-07-13,,,,,,
Feux d'artifice,Fête 14 juillet,Village Lantosque,LANTOSQUE,06450,06,Village Lantosque 06450 LANTOSQUE,2027-07-14,2027-07-14,,,,,,
Feux d'artifice,Feu d'artifice,MOUGINS,MOUGINS,06250,06,MOUGINS 06250 MOUGINS,2027-07-14,2027-07-14,,,,,,
Feux d'artifice,fête nationale,,SAINT-MARTIN-VESUBIE,06450,06, 06450 SAINT-MARTIN-VESUBIE,2027-07-14,2027-07-14,,,,,,
Fêtes locales,Fête de la Saint-Eloi,Dans les rues du village,LA COLLE-SUR-LOUP,06480,06,Dans les rues du village 06480 LA COLLE-SUR-LOUP,2027-07-14,2027-07-14,,,,,,
Bals Danses,Bal de la Fête Nationale,ANTIBES,VALLAURIS,06220,06,ANTIBES 06220 VALLAURIS,2027-07-14,2027-07-14,,,,,,
Feux d'artifice,Feu artifice,GOLFE-JUAN,ANTIBES,06160,06,GOLFE-JUAN 06160 ANTIBES,2027-07-16,2027-07-16,,,,,,
Feux d'artifice,Festivités du 14 juillet,Vence - Place du Grand Jardin,VENCE,06140,06,Vence - Place du Grand Jardin 06140 VENCE,2027-07-14,2027-07-14,,,,,,
Festivals,Festival du livre Montagne,GUILLAUMES,GUILLAUMES,06470,06,GUILLAUMES 06470 GUILLAUMES,2027-07-19,2027-07-19,,,,,,
Fêtes locales,Fête de la Madeleine,"Place de la Madeleine, 06140 Tourrettes-sur-Loup",TOURRETTES-SUR-LOUP,06140,06,"Place de la Madeleine, 06140 Tourrettes-sur-Loup 06140 TOURRETTES-SUR-LOUP",2027-07-18,2027-07-18,,,,,,
Concerts,GENERATION CELINE,,NICE,06300,06, 06300 NICE,2027-09-24,2027-09-24,,,,,,
Concerts,Generation celine,,NICE,06300,06, 06300 NICE,2027-09-24,2027-09-24,,,,,,
Concerts,GILBERT MONTAGNE,,LE CANNET,06110,06, 06110 LE CANNET,2027-10-16,2027-10-16,,,,,,
Concerts,Gilbert montagne,,LE CANNET,06110,06, 06110 LE CANNET,2027-10-16,2027-10-16,,,,,,
Concerts,Patrick fiori,,NICE,06300,06, 06300 NICE,2027-11-12,2027-11-12,,,,,,
Concerts,ERA,,NICE,06300,06, 06300 NICE,2028-02-20,2028-02-20,,,,,,
Concerts,Era,,NICE,06300,06, 06300 NICE,2028-02-20,2028-02-20,,,,,,
Concerts,GOLDMEN - CONCERT BEST OF GOLDMAN,,NICE,06300,06, 06300 NICE,2028-03-04,2028-03-04,,,,,,
Spectacle et comedie musicale,Festival mondial de la magie,,NICE,06300,06, 06300 NICE,2027-12-12,2027-12-12,,,,,,
Concerts,PATRICK FIORI,,NICE,06300,06, 06300 NICE,2027-11-12,2027-11-12,,,,,,
Spectacles,THE LARY MAGIC FAMILY,,LE CANNET,06110,06, 06110 LE CANNET,2027-10-23,2027-10-23,,,,,,
Concerts,Goldmen - concert best of goldman,,NICE,06300,06, 06300 NICE,2028-03-04,2028-03-04,,,,,,
Concerts,VIANNEY,,NICE,06300,06, 06300 NICE,2028-03-10,2028-03-10,,,,,,
Spectacle et comedie musicale,Romeo & juliette,,NICE,06300,06, 06300 NICE,2028-03-17,2028-03-17,,,,,,
Spectacles,ROMEO &amp; JULIETTE,,NICE,06300,06, 06300 NICE,2028-03-17,2028-03-17,,,,,,
Spectacle et comedie musicale,"Mousquetaire, une creation du puy du fou",,NICE,06300,06, 06300 NICE,2028-04-22,2028-04-22,,,,,,
Marchés,LE MARCHÉ DU CAREI ALIMENTAIRE,Carrei Menton,MENTON,06500,06,Carrei Menton 06500 MENTON,,2030-12-31,,,,,,
Marchés,LE MARCHÉ DU BORRIGO,Borrigo Menton,MENTON,06500,06,Borrigo Menton 06500 MENTON,,2030-12-31,,,,,,
Marchés nocturnes,Marchés nocturnes animés,CENTRE VILLAGE,LES VANS,07140,07,CENTRE VILLAGE 07140 LES VANS,2026-07-21,2026-07-21,,,,,,
Concerts,Mardis en fête - Marché nocturne,,VILLENEUVE-DE-BERG,07170,07, 07170 VILLENEUVE-DE-BERG,2026-07-21,2026-07-21,,,,,,
Marchés nocturnes,Thueyts Marché nocturne estival,place du Champ de Mars Thueyts - 07330,THUEYTS,07330,07,place du Champ de Mars Thueyts - 07330 07330 THUEYTS,2026-07-21,2026-07-21,,,,,,
Marchés d'été,Marché estival d'Antraigues,la place du village 07530 Antraigues,ANTRAIGUES-SUR-VOLANE,07530,07,la place du village 07530 Antraigues 07530 ANTRAIGUES-SUR-VOLANE,2026-07-21,2026-07-21,,,,,,
Marchés,marché hebdomadaire,place de la Faurie Satillieu - 07290,SATILLIEU,07290,07,place de la Faurie Satillieu - 07290 07290 SATILLIEU,2026-07-21,2026-07-21,,,,,,
Marchés de Producteurs,VENTE À LA FERME,Vente à la ferme - L'Abeille et la Blette 135 impasse du grand Courin 07410 Saint-Félicien,SAINT-FELICIEN,07410,07,Vente à la ferme - L'Abeille et la Blette 135 impasse du grand Courin 07410 Saint-Félicien 07410 SAINT-FELICIEN,2026-07-21,2026-07-21,,,,,,
Marchés,Jour de Marché,Place du village 07310 Saint-Martial,SAINT-MARTIAL,07310,07,Place du village 07310 Saint-Martial 07310 SAINT-MARTIAL,2026-07-21,2026-07-21,,,,,,
Marchés,Marché hebdomadaire,centre-ville de Lamastre,LAMASTRE,07270,07,centre-ville de Lamastre 07270 LAMASTRE,2026-07-21,2026-07-21,,,,,,
Marchés nocturnes,Marchés nocturnes,Centre-ville,PRIVAS,07000,07,Centre-ville 07000 PRIVAS,2026-07-21,2026-07-21,,,,,,
Marchés,Marché hebdomadaire,"Place de la Roubine 07220 Viviers, Ardèche, Auvergne-Rhône-Alpes",VIVIERS,07220,07,"Place de la Roubine 07220 Viviers, Ardèche, Auvergne-Rhône-Alpes 07220 VIVIERS",2026-07-21,2026-07-21,,,,,,
Marchés,Marché hebdomadaire de Joyeuse,Place de la grand font 07260 Joyeuse,JOYEUSE,07260,07,Place de la grand font 07260 Joyeuse 07260 JOYEUSE,2026-07-22,2026-07-22,,,,,,
Marchés de Producteurs,MARCHÉ LOCAL ET DE SAISON,Marché local et de saison Route des serres 07350 Cruas,CRUAS,07350,07,Marché local et de saison Route des serres 07350 Cruas 07350 CRUAS,2026-07-22,2026-07-22,,,,,,
Visites Portes Ouvertes,Visite de la brasserie CEVEN'ALE,115 traverse de Vernades dans la zone commerciale 7260 Rosières,ROSIERES,07260,07,115 traverse de Vernades dans la zone commerciale 7260 Rosières 07260 ROSIERES,2026-07-22,2026-07-22,,,,,,
Marchés,Marché hebdomadaire mercredi,"Place de l'Hôtel de Ville, Place Adelbert et rue Ellie Reynier",PRIVAS,07000,07,"Place de l'Hôtel de Ville, Place Adelbert et rue Ellie Reynier 07000 PRIVAS",2026-07-22,2026-07-22,,,,,,
Marchés de Producteurs,Le jour du marché,Marché de Lalevade Parking de la combale 07380 Lalevade-d'Ardèche,LALEVADE-D'ARDECHE,07380,07,Marché de Lalevade Parking de la combale 07380 Lalevade-d'Ardèche 07380 LALEVADE-D'ARDECHE,2026-07-22,2026-07-22,,,,,,
Marchés de Producteurs,Marché de producteurs locaux,"place de la cave coopérative, Vesseaux, France",VESSEAUX,07200,07,"place de la cave coopérative, Vesseaux, France 07200 VESSEAUX",2026-07-22,2026-07-22,,,,,,
Marchés,Marché hebdomadaire,"place Luigi Mazzoni, devant la Salle des Fête 07130 Soyons",SOYONS,07130,07,"place Luigi Mazzoni, devant la Salle des Fête 07130 Soyons 07130 SOYONS",2026-07-22,2026-07-22,,,,,,
Marchés nocturnes,Marchés nocturnes,Coeur et Ruelles du village 7210 Saint-Vincent-de-Barrès,SAINT-VINCENT-DE-BARRES,07210,07,Coeur et Ruelles du village 7210 Saint-Vincent-de-Barrès 07210 SAINT-VINCENT-DE-BARRES,2026-07-22,2026-07-22,,,,,,
Visites Portes Ouvertes,Balade commentée du village de Thines,"Village de Thines 07140 Malarce-sur-la-Thines, Ardèche, Auvergne-Rhône-Alpes",MALARCE-SUR-LA-THINES,07140,07,"Village de Thines 07140 Malarce-sur-la-Thines, Ardèche, Auvergne-Rhône-Alpes 07140 MALARCE-SUR-LA-THINES",2026-07-22,2026-07-22,,,,,,
Marchés,Marché hebdomadaire du mercredi,Place Jean Jaurès 07300 Tournon-sur-Rhône,TOURNON-SUR-RHONE,07300,07,Place Jean Jaurès 07300 Tournon-sur-Rhône 07300 TOURNON-SUR-RHONE,2026-07-22,2026-07-22,,,,,,
Marchés,Marché hebdomadaire,07170 Villeneuve-de-Berg,VILLENEUVE-DE-BERG,07170,07,07170 Villeneuve-de-Berg 07170 VILLENEUVE-DE-BERG,2026-07-22,2026-07-22,,,,,,
Marchés,Le marché hebdomadaire,place Monthérémal Le Teil - 07400,LE TEIL,07400,07,place Monthérémal Le Teil - 07400 07400 LE TEIL,2026-07-23,2026-07-23,,,,,,
Marchés de Producteurs,Marché des producteurs,Place de Verdun 7320 Saint-Agrève,SAINT-AGREVE,07320,07,Place de Verdun 7320 Saint-Agrève 07320 SAINT-AGREVE,2026-07-23,2026-07-23,,,,,,
Sorties,Les Estivales : découverte des plantes bienfaisantes dans la nature,411 chemin de Brameloup Ferme de Brameloup 7690 Saint-André-en-Vivarais,SAINT-ANDRE-EN-VIVARAIS,07690,07,411 chemin de Brameloup Ferme de Brameloup 7690 Saint-André-en-Vivarais 07690 SAINT-ANDRE-EN-VIVARAIS,2026-07-23,2026-07-23,,,,,,
Marchés,MARCHE OUVERT TOUS LES JEUDIS,Place des Truffoles 07790 Saint-Alban-d'Ay,SAINT-ALBAN-D'AY,07790,07,Place des Truffoles 07790 Saint-Alban-d'Ay 07790 SAINT-ALBAN-D'AY,2026-07-23,2026-07-23,,,,,,
Marchés nocturnes,Marché nocturne de Rosières,Avenue André Jean 07260 Rosières,ROSIERES,07260,07,Avenue André Jean 07260 Rosières 07260 ROSIERES,2026-07-23,2026-07-23,,,,,,
Marchés,Marché hebdomadaire du jeudi matin,Rue Jean Jaurès et Place Galimard,VALS-LES-BAINS,07600,07,Rue Jean Jaurès et Place Galimard 07600 VALS-LES-BAINS,2026-07-23,2026-07-23,,,,,,
Marchés nocturnes,Marché Nocturne,Rue Jean Jaurès et Place Galimard,VALS-LES-BAINS,07600,07,Rue Jean Jaurès et Place Galimard 07600 VALS-LES-BAINS,2026-07-23,2026-07-23,,,,,,
Marchés de créateurs,marché d'artisans et de producteurs,place du 14 juillet Lagorce - 07150,LAGORCE,07150,07,place du 14 juillet Lagorce - 07150 07150 LAGORCE,2026-07-24,2026-07-24,,,,,,
Marchés,marché du vendredi,St Félicien centre du village,SAINT-FELICIEN,07410,07,St Félicien centre du village 07410 SAINT-FELICIEN,2026-07-24,2026-07-24,,,,,,
Marchés,marché hebdomadaire,Place de la gare 07460 Saint-Paul-le-Jeune,SAINT-PAUL-LE-JEUNE,07460,07,Place de la gare 07460 Saint-Paul-le-Jeune 07460 SAINT-PAUL-LE-JEUNE,2026-07-24,2026-07-24,,,,,,
Marchés,Marché d’Aubenas,Aubenas - Centre historique et sous la halle,AUBENAS,07200,07,Aubenas - Centre historique et sous la halle 07200 AUBENAS,2026-07-25,2026-07-25,,,,,,
Marchés en Provence,Marché provençal,place du champ de Mars Thueyts - 07330,THUEYTS,07330,07,place du champ de Mars Thueyts - 07330 07330 THUEYTS,2026-07-24,2026-07-24,,,,,,
Marchés,Marché non couvert Hebdomadaire,places Etienne Jargeat et Camille Debard,LA VOULTE-SUR-RHONE,07800,07,places Etienne Jargeat et Camille Debard 07800 LA VOULTE-SUR-RHONE,2026-07-24,2026-07-24,,,,,,
Marchés,Marché hebdomadaire,Place Maxime Chantier 07340 Andance,ANDANCE,07340,07,Place Maxime Chantier 07340 Andance 07340 ANDANCE,2026-07-25,2026-07-25,,,,,,
Marchés de Producteurs,marché des producteurs de pays,Place P Semard Le Teil - 07400,LE TEIL,07400,07,Place P Semard Le Teil - 07400 07400 LE TEIL,2026-07-24,2026-07-24,,,,,,
Foires,festival des épouvantails,village Meyras,MEYRAS,07380,07,village Meyras 07380 MEYRAS,2026-07-25,2026-07-25,,,,,,
Marchés de Producteurs,marché de producteurs,sous la halle 07170 Lussas,LUSSAS,07170,07,sous la halle 07170 Lussas 07170 LUSSAS,2026-07-24,2026-07-24,,,,,,
Marchés,Le marché hebdomadaire,07510 Cros-de-Géorand,CROS-DE-GEORAND,07510,07,07510 Cros-de-Géorand 07510 CROS-DE-GEORAND,2026-07-25,2026-07-25,,,,,,
Marchés de Producteurs,MARCHÉ PRODUCTEURS,"Marché de producteurs place du château, Boffres, France",BOFFRES,07440,07,"Marché de producteurs place du château, Boffres, France 07440 BOFFRES",2026-07-25,2026-07-25,,,,,,
Marchés de Producteurs,MARCHÉ DU TERROIR,Marché du terroir RD 86 07210 Baix France,BAIX,07210,07,Marché du terroir RD 86 07210 Baix France 07210 BAIX,2026-07-25,2026-07-25,,,,,,
Marchés de Producteurs,Marché du terroir,Lamastre la place Seignobos,LAMASTRE,07270,07,Lamastre la place Seignobos 07270 LAMASTRE,2026-07-25,2026-07-25,,,,,,
Vide-greniers,Brocante vide grenier,quartier la Gare,GROSPIERRES,07120,07,quartier la Gare 07120 GROSPIERRES,2026-07-26,2026-07-26,,,,,,
Vide-greniers,Vide Greniers Parking Intermarche Bricomarche le dimanche,Terrain Derriere Bricomarché,AUBENAS,07200,07,Terrain Derriere Bricomarché 07200 AUBENAS,2026-07-26,2026-07-26,,,,,,
Marchés,Marché hebdomadaire du samedi,Place Jean Jaurès 07300 Tournon-sur-Rhône,TOURNON-SUR-RHONE,07300,07,Place Jean Jaurès 07300 Tournon-sur-Rhône 07300 TOURNON-SUR-RHONE,2026-07-25,2026-07-25,,,,,,
Marchés de Producteurs,Marché de producteurs locaux,07400 Valvignères,VALVIGNERES,07400,07,07400 Valvignères 07400 VALVIGNERES,2026-07-25,2026-07-25,,,,,,
Vide-greniers,Vide greniers,Terrain à côté d'Intermarché 07260 Rosières,ROSIERES,07260,07,Terrain à côté d'Intermarché 07260 Rosières 07260 ROSIERES,2026-07-25,2026-07-25,,,,,,
Brocantes,Grande brocante,Centre-ville,LAMASTRE,07270,07,Centre-ville 07270 LAMASTRE,2026-07-26,2026-07-26,,,,,,
Bourses,RASSEMBLEMENT DE VEHICULES ANCIENS ET BOURSE D'ECHANGE,Salle des Fêtes,VILLEVOCANCE,07690,07,Salle des Fêtes 07690 VILLEVOCANCE,2026-07-26,2026-07-26,,,,,,
Marchés,Marché hebdomadaire samedi,"Place de l'Hôtel de Ville, Place Adelbert et rue Ellie Reynier",PRIVAS,07000,07,"Place de l'Hôtel de Ville, Place Adelbert et rue Ellie Reynier 07000 PRIVAS",2026-07-25,2026-07-25,,,,,,
Marchés de Producteurs,Petit marché de producteurs,07170 Lussas,LUSSAS,07170,07,07170 Lussas 07170 LUSSAS,2026-07-26,2026-07-26,,,,,,
Marchés,Marché hebdomadaire,,MEYSSE,07400,07, 07400 MEYSSE,2026-07-26,2026-07-26,,,,,,
Fêtes locales,FÊTE DE LA MYRTILLE,Fête de la myrtille Le Peyral 07450 Péreyres,PEREYRES,07450,07,Fête de la myrtille Le Peyral 07450 Péreyres 07450 PEREYRES,2026-07-26,2026-07-26,,,,,,
Vide-greniers,VIDE-GRENIER DU DIMANCHE,Vide-grenier 07200 Saint-Didier-sous-Aubenas France,SAINT-DIDIER-SOUS-AUBENAS,07200,07,Vide-grenier 07200 Saint-Didier-sous-Aubenas France 07200 SAINT-DIDIER-SOUS-AUBENAS,2026-07-26,2026-07-26,,,,,,
Bals Danses,Dancing les dimanches,"Dancing La Désirade Tine Rodet RD86, Saint-Désirat, France",SAINT-DESIRAT,07340,07,"Dancing La Désirade Tine Rodet RD86, Saint-Désirat, France 07340 SAINT-DESIRAT",2026-07-26,2026-07-26,,,,,,
Marchés de Producteurs,marché de producteurs,St Félicien centre du village,SAINT-FELICIEN,07410,07,St Félicien centre du village 07410 SAINT-FELICIEN,2026-07-26,2026-07-26,,,,,,
Marchés d'été,Marché d'été,Place du village 07310 Saint-Martial,SAINT-MARTIAL,07310,07,Place du village 07310 Saint-Martial 07310 SAINT-MARTIAL,2026-07-26,2026-07-26,,,,,,
Marchés aux puces,LES PUCES de LA VOULTE,Places Jargeat et Debard,LA VOULTE-SUR-RHONE,07800,07,Places Jargeat et Debard 07800 LA VOULTE-SUR-RHONE,2026-07-26,2026-07-26,,,,,,
Fêtes locales,MALARCE-SUR-LA-THINES Fête du Village,MALARCE-SUR-LA-THINES,MALARCE-SUR-LA-THINES,07140,07,MALARCE-SUR-LA-THINES 07140 MALARCE-SUR-LA-THINES,2026-08-01,2026-08-01,,,,,,
Fêtes locales,Fêtes des moissons,Place du village 07210 Saint-Vincent-de-Barrès,SAINT-VINCENT-DE-BARRES,07210,07,Place du village 07210 Saint-Vincent-de-Barrès 07210 SAINT-VINCENT-DE-BARRES,2026-08-01,2026-08-01,,,,,,
Bals Danses,Bal folk,,BALAZUC,07120,07, 07120 BALAZUC,2026-08-01,2026-08-01,,,,,,
Feux d'artifice,Feu d'artifice,Village,SAINT-BARTHELEMY-LE-PLAIN,07300,07,Village 07300 SAINT-BARTHELEMY-LE-PLAIN,2026-08-01,2026-08-01,,,,,,
Marchés,MARCHÉ DU DIMANCHE MATIN,village Saint-Vincent-de-Barrès - 07210,SAINT-VINCENT-DE-BARRES,07210,07,village Saint-Vincent-de-Barrès - 07210 07210 SAINT-VINCENT-DE-BARRES,2026-07-26,2026-07-26,,,,,,
Marchés,Marché dominical,Rue Jean Jaurès et Place Galimard,VALS-LES-BAINS,07600,07,Rue Jean Jaurès et Place Galimard 07600 VALS-LES-BAINS,2026-07-26,2026-07-26,,,,,,
Fêtes locales,marché de la myrtille,MEZILHAC,MEZILHAC,07530,07,MEZILHAC 07530 MEZILHAC,2026-08-01,2026-08-01,,,,,,
Fêtes locales,fête du village à Saint-Barthélemy-le-Plain,Saint-Barthélemy-le-Plain,SAINT-BARTHELEMY-LE-PLAIN,07300,07,Saint-Barthélemy-le-Plain 07300 SAINT-BARTHELEMY-LE-PLAIN,2026-08-01,2026-08-01,,,,,,
Marchés de potiers,Marché de Potiers,Cour du château 07440 Boffres,BOFFRES,07440,07,Cour du château 07440 Boffres 07440 BOFFRES,2026-08-02,2026-08-02,,,,,,
Vide-greniers,VIDE-GRENIER,Village Place du Clos 07190 Saint-Pierreville,SAINT-PIERREVILLE,07190,07,Village Place du Clos 07190 Saint-Pierreville 07190 SAINT-PIERREVILLE,2026-08-02,2026-08-02,,,,,,
Feux d'artifice,Feu d'artifice,Village,LE LAC-D'ISSARLES,07470,07,Village 07470 LE LAC-D'ISSARLES,2026-08-02,2026-08-02,,,,,,
Marchés de Producteurs,VENTE À L'ATELIER DE JUS ET NECTARS DE FRUITS,Vente à l'atelier de jus et nectars de fruits 290 chemin de Bard 07410 Pailharès,PAILHARES,07410,07,Vente à l'atelier de jus et nectars de fruits 290 chemin de Bard 07410 Pailharès 07410 PAILHARES,2026-08-02,2026-08-02,,,,,,
Vide-greniers,VIDE GRENIER MENSUEL DE BOURG,07700 Bourg-Saint-Andéol France,BOURG-SAINT-ANDEOL,07700,07,07700 Bourg-Saint-Andéol France 07700 BOURG-SAINT-ANDEOL,2026-08-02,2026-08-02,,,,,,
Marchés aux puces,Marché aux puces,place de la libération,ANNONAY,07100,07,place de la libération 07100 ANNONAY,2026-08-03,2026-08-03,,,,,,
Fêtes locales,Fête de la Chèvre,Fête de la chèvre et du caillé doux le village ST FELICIEN,SAINT-FELICIEN,07410,07,Fête de la chèvre et du caillé doux le village ST FELICIEN 07410 SAINT-FELICIEN,2026-08-02,2026-08-02,,,,,,
Marchés aux puces,PRIVAS Marché aux Puces,"Place du Foirail, 07000 PRIVAS",PRIVAS,07000,07,"Place du Foirail, 07000 PRIVAS 07000 PRIVAS",2026-08-03,2026-08-03,,,,,,
Vide-greniers,Méga marche aux puces,"Zone Pôle 2000, à 10 m de Noz",SAINT-PERAY,07130,07,"Zone Pôle 2000, à 10 m de Noz 07130 SAINT-PERAY",2026-08-03,2026-08-03,,,,,,
Vide-greniers,Mega PUCES bords du rhone,Les bords du Rhone stade mistral nord. Boulevard Charles de Gaulle,GUILHERAND-GRANGES,07500,07,Les bords du Rhone stade mistral nord. Boulevard Charles de Gaulle 07500 GUILHERAND-GRANGES,2026-08-03,2026-08-03,,,,,,
Manifestations Automobiles,"Rassemblement de véhicules anciens ""Auto-Rencard""",Parking de l'Helvétia (nord) 188 avenue Helvetia 07340 Serrières,SERRIERES,07340,07,Parking de l'Helvétia (nord) 188 avenue Helvetia 07340 Serrières 07340 SERRIERES,2026-08-03,2026-08-03,,,,,,
Marchés de Producteurs,MARCHÉ PAYSAN ET ARTISAN,Saint-Laurent-les-Bains - 07590,SAINT-LAURENT-LES-BAINS,07590,07,Saint-Laurent-les-Bains - 07590 07590 SAINT-LAURENT-LES-BAINS,2026-08-07,2026-08-07,,,,,,
Marchés aux puces,Les Puces des Vans,Place ollier,LES VANS,07140,07,Place ollier 07140 LES VANS,2026-08-03,2026-08-03,,,,,,
Vide-greniers,Brocante de Tournon sur Rhône,quai Farconnet,TOURNON-SUR-RHONE,07300,07,quai Farconnet 07300 TOURNON-SUR-RHONE,2026-08-03,2026-08-03,,,,,,
Marchés,MARCHÉ DE VANOSC,,VANOSC,07690,07, 07690 VANOSC,2026-08-03,2026-08-03,,,,,,
Marchés de Producteurs,MARCHÉ DE PRODUCTEURS,Place du lavoir 07580 Saint-Pons,SAINT-PONS,07580,07,Place du lavoir 07580 Saint-Pons 07580 SAINT-PONS,2026-08-07,2026-08-07,,,,,,
Fêtes locales,Fête votive,Coucouron,COUCOURON,07470,07,Coucouron 07470 COUCOURON,2026-08-08,2026-08-08,,,,,,
Fêtes locales,Soupe au Lard à Chalencon,Place du Valla,CHALENCON,07240,07,Place du Valla 07240 CHALENCON,2026-08-08,2026-08-08,,,,,,
Fêtes médiévales,FÊTE MÉDIÉVALE DE DÉSAIGNES,07570 Désaignes,DESAIGNES,07570,07,07570 Désaignes 07570 DESAIGNES,2026-08-08,2026-08-08,,,,,,
Vide-greniers,Vide greniers des Ollières-sur-Eyrieux,Sur le quai des Ollières,LES OLLIERES-SUR-EYRIEUX,07360,07,Sur le quai des Ollières 07360 LES OLLIERES-SUR-EYRIEUX,2026-08-08,2026-08-08,,,,,,
Fêtes locales,Fête Votive à Saint-Martial,le village 07310 Saint-Martial,SAINT-MARTIAL,07310,07,le village 07310 Saint-Martial 07310 SAINT-MARTIAL,2026-08-08,2026-08-08,,,,,,
Fêtes locales,Fête des Olliéres sur Eyrieux,Sous le pont,LES OLLIERES-SUR-EYRIEUX,07360,07,Sous le pont 07360 LES OLLIERES-SUR-EYRIEUX,2026-08-08,2026-08-08,,,,,,
Fêtes locales,Fête Votive à Jaujac,"07380 Jaujac, Ardèche, Auvergne-Rhône-Alpes",JAUJAC,07380,07,"07380 Jaujac, Ardèche, Auvergne-Rhône-Alpes 07380 JAUJAC",2026-08-08,2026-08-08,,,,,,
Fêtes locales,Fête votive,7260 Rosières,ROSIERES,07260,07,7260 Rosières 07260 ROSIERES,2026-08-08,2026-08-08,,,,,,
Fêtes locales,Fête Votive à Saint-Jeure-d’Ay,Saint-Jeure-d’Ay,SAINT-JEURE-D'AY,07290,07,Saint-Jeure-d’Ay 07290 SAINT-JEURE-D'AY,2026-08-08,2026-08-08,,,,,,
Vide-greniers,Vide greniers,Place du Valla,CHALENCON,07240,07,Place du Valla 07240 CHALENCON,2026-08-09,2026-08-09,,,,,,
Feux d'artifice,Feu d'artifice à Saint-Félicien,Saint-Félicien,SAINT-FELICIEN,07410,07,Saint-Félicien 07410 SAINT-FELICIEN,2026-08-09,2026-08-09,,,,,,
Concours de pétanque et de boules,Concours de pétanque,Salle des sports 07340 Andance 07340 Andance,ANDANCE,07340,07,Salle des sports 07340 Andance 07340 Andance 07340 ANDANCE,2026-08-15,2026-08-15,,,,,,
Marchés nocturnes,MARCHÉ NOCTURNE DE ST-SAUVEUR DE MONTAGUT,Route de l'ancienne gare Dolce Via et stade sous le collège 07190 Saint-Sauveur-de-Montagu,SAINT-SAUVEUR-DE-MONTAGUT,07190,07,Route de l'ancienne gare Dolce Via et stade sous le collège 07190 Saint-Sauveur-de-Montagu 07190 SAINT-SAUVEUR-DE-MONTAGUT,2026-08-14,2026-08-14,,,,,,
Feux d'artifice,Concours de pétanque – feu d’artifice,CONCOURS DE PÉTANQUE – FEU D’ARTIFICE 07200 Saint-Maurice-d'Ardèche,SAINT-MAURICE-D'ARDECHE,07200,07,CONCOURS DE PÉTANQUE – FEU D’ARTIFICE 07200 Saint-Maurice-d'Ardèche 07200 SAINT-MAURICE-D'ARDECHE,2026-08-14,2026-08-14,,,,,,
Fêtes locales,FÊTE CHAMPÊTRE,Coeur de village 07170 Saint-Maurice-d'Ibie,SAINT-MAURICE-D'IBIE,07170,07,Coeur de village 07170 Saint-Maurice-d'Ibie 07170 SAINT-MAURICE-D'IBIE,2026-08-15,2026-08-15,,,,,,
Feux d'artifice,Feu d'artifice à Andance,Andance,ANDANCE,07340,07,Andance 07340 ANDANCE,2026-08-15,2026-08-15,,,,,,
Messes,Horaire Messe assomption,Sainte Croix du Rhône,ANDANCE,07340,07,Sainte Croix du Rhône 07340 ANDANCE,2026-08-15,2026-08-15,,,,,,
Vide-greniers,GRANDE FOIRE ET VIDE-GRENIERS,Grande foire et vide-greniers 07310 Borée,BOREE,07310,07,Grande foire et vide-greniers 07310 Borée 07310 BOREE,2026-08-15,2026-08-15,,,,,,
Feux d'artifice,Fête du village et feu d'artifice,Andance,ANDANCE,07340,07,Andance 07340 ANDANCE,2026-08-15,2026-08-15,,,,,,
Vide-greniers,Vide-Grenier et Brocante,Place de la résistance Antraigues-sur-Volane,ANTRAIGUES-SUR-VOLANE,07530,07,Place de la résistance Antraigues-sur-Volane 07530 ANTRAIGUES-SUR-VOLANE,2026-08-15,2026-08-15,,,,,,
Bals Danses,festivités du mois d’août,07510 Cros-de-Géorand,CROS-DE-GEORAND,07510,07,07510 Cros-de-Géorand 07510 CROS-DE-GEORAND,2026-08-15,2026-08-15,,,,,,
Vide-greniers,Vide-greniers et marché aux puces,,GOURDON,07000,07, 07000 GOURDON,2026-08-15,2026-08-15,,,,,,
Vide-greniers,VIDE-GRENIER 15 AOUT,Vide-grenier 07200 Saint-Didier-sous-Aubenas France,SAINT-DIDIER-SOUS-AUBENAS,07200,07,Vide-grenier 07200 Saint-Didier-sous-Aubenas France 07200 SAINT-DIDIER-SOUS-AUBENAS,2026-08-15,2026-08-15,,,,,,
"Randonnées, Trail ou Running",TRIATHLON DE LAMASTRE,Village,LAMASTRE,07270,07,Village 07270 LAMASTRE,2026-08-15,2026-08-15,,,,,,
Fêtes locales,FÊTE VOTIVE,,VALVIGNERES,07400,07, 07400 VALVIGNERES,2026-08-15,2026-08-15,,,,,,
Fêtes locales,FÊTE DE L'AMITIÉ,Fête de l'Amitié 1 place de la mairie 07140 Les Salelles,LES SALELLES,07140,07,Fête de l'Amitié 1 place de la mairie 07140 Les Salelles 07140 LES SALELLES,2026-08-15,2026-08-15,,,,,,
Brocantes,Brocante à Saint-Félicien 15 août,Place de l'église,SAINT-FELICIEN,07410,07,Place de l'église 07410 SAINT-FELICIEN,2026-08-15,2026-08-15,,,,,,
Messes,Fête de l’Assomption&nbsp;,Fête de l’Assomption&nbsp; Chapelle Notre Dame d'Ay 7290 Saint-Romain-d'Ay,SAINT-ROMAIN-D'AY,07290,07,Fête de l’Assomption&nbsp; Chapelle Notre Dame d'Ay 7290 Saint-Romain-d'Ay 07290 SAINT-ROMAIN-D'AY,2026-08-15,2026-08-15,,,,,,
Marchés d'été,Marché d'été,"Place du Marché 07450 Burzet, Ardèche, Auvergne-Rhône-Alpes",BURZET,07450,07,"Place du Marché 07450 Burzet, Ardèche, Auvergne-Rhône-Alpes 07450 BURZET",2026-08-16,2026-08-16,,,,,,
Vide-greniers,"FOIRE ARTISANALE, PRODUITS DU TERROIR ET BROCANTE",salle Louis Pize et pré à côté de la salle Louis Pize 07690 Saint-André-en-Vivarais,SAINT-ANDRE-EN-VIVARAIS,07690,07,salle Louis Pize et pré à côté de la salle Louis Pize 07690 Saint-André-en-Vivarais 07690 SAINT-ANDRE-EN-VIVARAIS,2026-08-16,2026-08-16,,,,,,
Foires,FOIRE DE LOUBARESSE,LOUBARESSE,LOUBARESSE,07110,07,LOUBARESSE 07110 LOUBARESSE,2026-08-18,2026-08-18,,,,,,
Fêtes locales,Fête du village,AU VILLAGE D'ISSARLES,ISSARLES,07470,07,AU VILLAGE D'ISSARLES 07470 ISSARLES,2026-08-22,2026-08-22,,,,,,
Fêtes locales,Fête votive,Villeneuve-de-Berg,VILLENEUVE-DE-BERG,07170,07,Villeneuve-de-Berg 07170 VILLENEUVE-DE-BERG,2026-08-29,2026-08-29,,,,,,
Fêtes locales,FÊTE DU VILLAGE,Le village 07450 Sagnes-et-Goudoulet,SAGNES-ET-GOUDOULET,07450,07,Le village 07450 Sagnes-et-Goudoulet 07450 SAGNES-ET-GOUDOULET,2026-08-16,2026-08-16,,,,,,
Brocantes,BROCANTE - VIDE GRENIERS,Le village,LALOUVESC,07520,07,Le village 07520 LALOUVESC,2026-09-06,2026-09-06,,,,,,
Fêtes locales,Fête votive à Meysse,Meysse,MEYSSE,07400,07,Meysse 07400 MEYSSE,2026-08-22,2026-08-22,,,,,,
Foires,Foire aux Oignons,Village Tournon-sur-Rhône,TOURNON-SUR-RHONE,07300,07,Village Tournon-sur-Rhône 07300 TOURNON-SUR-RHONE,2026-08-29,2026-08-29,,,,,,
Fêtes locales,La fête de la bombine,SAINT-ANDEOL-DE-BERG,SAINT-ANDEOL-DE-BERG,07170,07,SAINT-ANDEOL-DE-BERG 07170 SAINT-ANDEOL-DE-BERG,2026-08-22,2026-08-22,,,,,,
Fêtes locales,FÊTE DU VILLAGE DE CHÂTEAUBOURG,CHATEAUBOURG,CHATEAUBOURG,07130,07,CHATEAUBOURG 07130 CHATEAUBOURG,2026-08-22,2026-08-22,,,,,,
Vide-greniers,BROCANTE,Le village,LALOUVESC,07520,07,Le village 07520 LALOUVESC,2026-09-06,2026-09-06,,,,,,
Fêtes locales,FÊTE DE L'ÉTÉ,,CHARMES-SUR-RHONE,07800,07, 07800 CHARMES-SUR-RHONE,2026-09-19,2026-09-19,,,,,,
Concerts,Constellations · Bruno Angelini Quartet (Jazz),,PRIVAS,07000,07, 07000 PRIVAS,2026-09-18,2026-09-18,,,,,,
Foires,Foire d’Automne,07270 Lamastre,LAMASTRE,07270,07,07270 Lamastre 07270 LAMASTRE,2026-09-26,2026-09-26,,,,,,
Fêtes médiévales,Fête Médiévale Atelier d’Yzeure,Saint-Montan,SAINT-MONTAN,07220,07,Saint-Montan 07220 SAINT-MONTAN,2026-10-03,2026-10-03,,,,,,
Visites Portes Ouvertes,Visite guidée de la Maison Charles Forot,"Maison Charles Forot 28 rue Charles Forot, 07410 Saint Félicien",SAINT-FELICIEN,07410,07,"Maison Charles Forot 28 rue Charles Forot, 07410 Saint Félicien 07410 SAINT-FELICIEN",2026-09-19,2026-09-19,,,,,,
Concerts,Journée festive de lancement de saison,,PRIVAS,07000,07, 07000 PRIVAS,2026-10-03,2026-10-03,,,,,,
Vide-greniers,Vide-greniers,Place de la Liberté,ANNONAY,07100,07,Place de la Liberté 07100 ANNONAY,2026-10-04,2026-10-04,,,,,,
Bals Danses,Séjour Danse,salle Village Vacances Lou Capitelle Vogüé(07),VOGUE,07200,07,salle Village Vacances Lou Capitelle Vogüé(07) 07200 VOGUE,2026-09-27,2026-10-02,,,,,,
Fêtes locales,ISSANLAS FÊTE DE LA CHÂTAIGNE,ISSANLAS,ISSANLAS,07510,07,ISSANLAS 07510 ISSANLAS,2026-10-10,2026-10-10,,,,,,
Vide-greniers,La grande braderie,"38, rue Sadi Carnot BP 185",ANNONAY,07100,07,"38, rue Sadi Carnot BP 185 07100 ANNONAY",2026-10-04,2026-10-04,,,,,,
Concerts,Miki,,PRIVAS,07000,07, 07000 PRIVAS,2026-10-10,2026-10-10,,,,,,
Fêtes locales,CASTAGNADES À MEYRAS,"Village 07380 Meyras, Ardèche, Auvergne-Rhône-Alpes",MEYRAS,07380,07,"Village 07380 Meyras, Ardèche, Auvergne-Rhône-Alpes 07380 MEYRAS",2026-10-10,2026-10-10,,,,,,
Fêtes locales,Les Castagnades : La grande fête de la Chataigne,"Place du village 07190, Saint-pierreville",SAINT-PIERREVILLE,07190,07,"Place du village 07190, Saint-pierreville 07190 SAINT-PIERREVILLE",2026-10-10,2026-10-10,,,,,,
Fêtes locales,CASTAGNADES DES CROUVELUS,Castagnades des Crouvelus de Saint-André-Lachamp Le village 07230 Saint-André-Lachamp,SAINT-ANDRE-LACHAMP,07230,07,Castagnades des Crouvelus de Saint-André-Lachamp Le village 07230 Saint-André-Lachamp 07230 SAINT-ANDRE-LACHAMP,2026-10-18,2026-10-18,,,,,,
Fêtes locales,Châtaignes et Saveurs d'Automne,Châtaignes et Saveurs d'Automne 07000 Privas,PRIVAS,07000,07,Châtaignes et Saveurs d'Automne 07000 Privas 07000 PRIVAS,2026-10-17,2026-10-17,,,,,,
Fêtes,FÊTE DE LA CHÂTAIGNE EN COIRON,Fête de la Châtaigne en Coiron Le village 07170 Darbres France,DARBRES,07170,07,Fête de la Châtaigne en Coiron Le village 07170 Darbres France 07170 DARBRES,2026-10-24,2026-10-24,,,,,,
Marchés de Producteurs,Marché de producteurs,Privas,PRIVAS,07000,07,Privas 07000 PRIVAS,2026-10-18,2026-10-18,,,,,,
Journées du patrimoine,Visite de la Tour de St-Laurent-les-Bains,"La tour de Saint-Laurent-les-Bains Le village, 07590 Saint-Laurent-les-Bains",SAINT-LAURENT-LES-BAINS,07590,07,"La tour de Saint-Laurent-les-Bains Le village, 07590 Saint-Laurent-les-Bains 07590 SAINT-LAURENT-LES-BAINS",2026-09-19,2026-09-19,,,,,,
"Randonnées, Trail ou Running",&#127939;TRAIL DES SAPINS,Le Village - Camping,LALOUVESC,07520,07,Le Village - Camping 07520 LALOUVESC,2026-10-24,2026-10-24,,,,,,
"Randonnées, Trail ou Running",Grand prix de la châtaigne,Centre 07270 Lamastre,LAMASTRE,07270,07,Centre 07270 Lamastre 07270 LAMASTRE,2026-10-24,2026-10-24,,,,,,
Fêtes locales,FÊTE DE LA POMME &#127822;,Le village 07380 Prades,PRADES,07380,07,Le village 07380 Prades 07380 PRADES,2026-10-25,2026-10-25,,,,,,
Fêtes locales,CASTAGNADES DE JOYEUSE,Castagnades de Joyeuse 07260 Joyeuse,JOYEUSE,07260,07,Castagnades de Joyeuse 07260 Joyeuse 07260 JOYEUSE,2026-10-25,2026-10-25,,,,,,
Fêtes locales,FÊTE DE LA COURGE,Fête de la courge - 18ème édition 07320 Saint-Agrève,SAINT-AGREVE,07320,07,Fête de la courge - 18ème édition 07320 Saint-Agrève 07320 SAINT-AGREVE,2026-10-31,2026-10-31,,,,,,
Fêtes locales,CASTAGNADES,Castagnades Le village 07590 Saint-Laurent-les-Bains - Laval,SAINT-LAURENT-LES-BAINS,07590,07,Castagnades Le village 07590 Saint-Laurent-les-Bains - Laval 07590 SAINT-LAURENT-LES-BAINS,2026-10-31,2026-10-31,,,,,,
Fêtes locales,CASTAGNADE (FÊTE DE LA CHÂTAIGNE),Castagnade (fête de la châtaigne) 07240 Chalencon,CHALENCON,07240,07,Castagnade (fête de la châtaigne) 07240 Chalencon 07240 CHALENCON,2026-10-25,2026-10-25,,,,,,
Théatres,Fille tempête Compagnie Furiosa,,PRIVAS,07000,07, 07000 PRIVAS,2026-11-01,2026-11-01,,,,,,
Fêtes locales,Fête de la châtaigne – Castagnades d’automne,Village Asperjoc - 07600,ASPERJOC,07600,07,Village Asperjoc - 07600 07600 ASPERJOC,2026-10-31,2026-10-31,,,,,,
Fêtes locales,CASTAGNADES,07200 Vesseaux France,VESSEAUX,07200,07,07200 Vesseaux France 07200 VESSEAUX,2026-11-07,2026-11-07,,,,,,
Fêtes locales,Les Gourmandises d'Ardèche,Les Gourmandises d'Ardèche 07100 Annonay France,ANNONAY,07100,07,Les Gourmandises d'Ardèche 07100 Annonay France 07100 ANNONAY,2026-11-07,2026-11-08,,,,,,
Foires,Foire aux poulains,Centre ville 07200 Aubenas,AUBENAS,07200,07,Centre ville 07200 Aubenas 07200 AUBENAS,2026-11-07,2026-11-07,,,,,,
Vide-greniers,VIDE-GRENIER 14 juillet,Vide-grenier 07200 Saint-Didier-sous-Aubenas France,SAINT-DIDIER-SOUS-AUBENAS,07200,07,Vide-grenier 07200 Saint-Didier-sous-Aubenas France 07200 SAINT-DIDIER-SOUS-AUBENAS,2026-11-11,2026-11-11,,,,,,
Théatres,Barbara (par Barbara)/Marie-Sophie Ferdane - Emmanuel Noblet,,PRIVAS,07000,07, 07000 PRIVAS,2026-11-10,2026-11-10,,,,,,
Vide-greniers,VIDE-GRENIER TOUSSAINT 1er novembre,Vide-grenier 07200 Saint-Didier-sous-Aubenas France,SAINT-DIDIER-SOUS-AUBENAS,07200,07,Vide-grenier 07200 Saint-Didier-sous-Aubenas France 07200 SAINT-DIDIER-SOUS-AUBENAS,2026-11-01,2026-11-01,,,,,,
Marchés de Producteurs,Marché aux arbres,290 chemin de Bard Nectardéchois 07410 Pailharès,PAILHARES,07410,07,290 chemin de Bard Nectardéchois 07410 Pailharès 07410 PAILHARES,2026-11-21,2026-11-21,,,,,,
Concerts,Benjamin Biolay,,PRIVAS,07000,07, 07000 PRIVAS,2026-11-21,2026-11-21,,,,,,
Fêtes locales,CASTAGNADES DE JOANNAS,07110 Joannas,JOANNAS,07110,07,07110 Joannas 07110 JOANNAS,2026-11-14,2026-11-14,,,,,,
Fêtes locales,FÊTE DE LA PATATE,Fête de la patate Parc du château de Blou 07330 Thueyts,THUEYTS,07330,07,Fête de la patate Parc du château de Blou 07330 Thueyts 07330 THUEYTS,2026-11-11,2026-11-11,,,,,,
Foires,&#128512; Grozon La foire de novembre,Village Saint-Barthélémy-Grozon,SAINT-BARTHELEMY-GROZON,07270,07,Village Saint-Barthélémy-Grozon 07270 SAINT-BARTHELEMY-GROZON,2026-11-21,2026-11-21,,,,,,
Marchés de Noël,Maché de Noël,Diverses salles réparties dans le village,LENTILLERES,07200,07,Diverses salles réparties dans le village 07200 LENTILLERES,2026-11-22,2026-11-22,,,,,,
Spectacle et comedie musicale,Joga Bonito-Moncef Zebiri,,PRIVAS,07000,07, 07000 PRIVAS,2026-11-26,2026-11-26,,,,,,
Spectacle et comedie musicale,À vue-COMPAGNIE 32 NOVEMBRE,,PRIVAS,07000,07, 07000 PRIVAS,2026-12-01,2026-12-01,,,,,,
Marchés de Noël,ANTRAÏGUES MARCHÉ DE NOËL,le village 07530 Vallées d'Antraigues - Asperjoc,ANTRAIGUES-SUR-VOLANE,07530,07,le village 07530 Vallées d'Antraigues - Asperjoc 07530 ANTRAIGUES-SUR-VOLANE,2026-12-05,2026-12-05,,,,,,
Marchés de Noël,Marché de Noël,Place Pasteur (Place du temple) 07240 Vernoux-en-Vivarais,VERNOUX-EN-VIVARAIS,07240,07,Place Pasteur (Place du temple) 07240 Vernoux-en-Vivarais 07240 VERNOUX-EN-VIVARAIS,2026-12-05,2026-12-05,,,,,,
Marchés de Noël,Marché de Noël,DAVEZIEUX (07),DAVEZIEUX,07430,07,DAVEZIEUX (07) 07430 DAVEZIEUX,2026-12-06,2026-12-06,,,,,,
Marchés de Noël,Marché de Noël,"Charmes-sur-Rhône 07 - Ardèche Ehpad les mimosas 12 ,Rue De La Faysse",CHARMES-SUR-RHONE,07800,07,"Charmes-sur-Rhône 07 - Ardèche Ehpad les mimosas 12 ,Rue De La Faysse 07800 CHARMES-SUR-RHONE",2026-12-06,2026-12-06,,,,,,
Marchés de Noël,MARCHÉ DE NOËL,Coeur du village 07190 Saint-Sauveur-de-Montagut,SAINT-SAUVEUR-DE-MONTAGUT,07190,07,Coeur du village 07190 Saint-Sauveur-de-Montagut 07190 SAINT-SAUVEUR-DE-MONTAGUT,2026-12-05,2026-12-05,,,,,,
Cirques,Yongoyély-Circus Baobab,,PRIVAS,07000,07, 07000 PRIVAS,2026-12-05,2026-12-05,,,,,,
Marchés de Noël,marche de noel,place de l ancienne gare,VALLON-PONT-D'ARC,07150,07,place de l ancienne gare 07150 VALLON-PONT-D'ARC,2026-12-06,2026-12-06,,,,,,
Marchés de Noël,Marché de Noël,Sous le pont,LES OLLIERES-SUR-EYRIEUX,07360,07,Sous le pont 07360 LES OLLIERES-SUR-EYRIEUX,2026-12-12,2026-12-12,,,,,,
Humour et one (wo)man show,Camille Chamoux,,PRIVAS,07000,07, 07000 PRIVAS,2026-12-18,2026-12-18,,,,,,
Sorties Moto,Toy Run Ardeche Vets MC,,LARGENTIERE,07110,07, 07110 LARGENTIERE,2026-12-12,2026-12-12,,,,,,
Cirques,TempoS - Alain Reynaud,,PRIVAS,07000,07, 07000 PRIVAS,2026-12-13,2026-12-13,,,,,,
Théatres,Il n'est pas trop tard puisqu'on est là - Maïa Jarville,,PRIVAS,07000,07, 07000 PRIVAS,2026-12-17,2026-12-17,,,,,,
Foires,GRANDE FOIRE COMMERCIALE DE DÉCEMBRE,Village Privas - 07000,PRIVAS,07000,07,Village Privas - 07000 07000 PRIVAS,2026-12-13,2026-12-13,,,,,,
Messes,Saint-Sauveur-de-Montagut Eglise de St Sauveur (St Marc) Messe de Noel,Eglise de St Sauveur (St Marc) 07190 Saint-Sauveur-de-Montagut,SAINT-SAUVEUR-DE-MONTAGUT,07190,07,Eglise de St Sauveur (St Marc) 07190 Saint-Sauveur-de-Montagut 07190 SAINT-SAUVEUR-DE-MONTAGUT,2026-12-24,2026-12-24,,,,,,
Messes,Messe veille de Noël,Basilique Saint-Régis,LALOUVESC,07520,07,Basilique Saint-Régis 07520 LALOUVESC,2026-12-24,2026-12-24,,,,,,
Marchés de Noël,marché de Noël,Centre Ville Ruoms - 07120,RUOMS,07120,07,Centre Ville Ruoms - 07120 07120 RUOMS,2026-12-20,2026-12-20,,,,,,
Messes,Saint-Agrève Eglise Messe de Noel,Eglise 07320 Saint-Agrève,SAINT-AGREVE,07320,07,Eglise 07320 Saint-Agrève 07320 SAINT-AGREVE,2026-12-24,2026-12-24,,,,,,
Messes,Lamastre Eglise Messe de Noel,Eglise 07270 Lamastre,LAMASTRE,07270,07,Eglise 07270 Lamastre 07270 LAMASTRE,2026-12-25,2026-12-25,,,,,,
Spectacle et comedie musicale,"Raphaël ""Karaoké""",,PRIVAS,07000,07, 07000 PRIVAS,2027-01-08,2027-01-08,,,,,,
Théatres,"Parle, envole-toi ! ou comment le théâtre m’a sauvé la vie - Bruno Abraham-Kremer",,VERNOUX-EN-VIVARAIS,07240,07, 07240 VERNOUX-EN-VIVARAIS,2027-01-15,2027-01-15,,,,,,
Théatres,"Parle, envole-toi ! ou comment le théâtre m’a sauvé la vie - Bruno Abraham-Kremer",,PRIVAS,07000,07, 07000 PRIVAS,2027-01-14,2027-01-14,,,,,,
Spectacle et comedie musicale,Zéphyr - Mourad Merzouki / Compagnie Käfig,,PRIVAS,07000,07, 07000 PRIVAS,2027-01-20,2027-01-20,,,,,,
Foires,FOIRE DE LA SAINT-ANTOINE,"boulevards Pasteur, Gambetta et Vernon Aubenas - 07200",AUBENAS,07200,07,"boulevards Pasteur, Gambetta et Vernon Aubenas - 07200 07200 AUBENAS",,,,,,,,
Spectacle et comedie musicale,Octet - Compagnie Mise à feu | Comédie musicale a cappella,,PRIVAS,07000,07, 07000 PRIVAS,2027-01-26,2027-01-26,,,,,,
"Randonnées, Trail ou Running",RBMA... le retour (raid blanc de la Montagne Ardèchoise),Station de la Croix de Bauzon,BORNE,07590,07,Station de la Croix de Bauzon 07590 BORNE,,,,,,,,
Concerts,Méliès dans tous ses états - Bruno Angelini Quintet / Ciné concert,,PRIVAS,07000,07, 07000 PRIVAS,2027-02-11,2027-02-11,,,,,,
Théatres,Le Dîner chez les Français de V. Giscard d’Estaing - Léo Cohen-Paperman,,PRIVAS,07000,07, 07000 PRIVAS,2027-02-04,2027-02-04,,,,,,
Concerts,Cabaret Chansons Primeur #11,,VERNOUX-EN-VIVARAIS,07240,07, 07240 VERNOUX-EN-VIVARAIS,2027-02-06,2027-02-06,,,,,,
Concerts,Jean-Louis Murat · Grandeur nature - Exposition de Frank Loriou,,PRIVAS,07000,07, 07000 PRIVAS,2027-03-12,2027-06-25,,,,,,
Cirques,La Quadrature du cercle · Compagnie Solfasirc,,PRIVAS,07000,07, 07000 PRIVAS,2027-03-04,2027-03-04,,,,,,
Concerts,Recontre musicale Frank Loriou & JP Nataf Jean-Louis Murat - PHOTORAMA,,PRIVAS,07000,07, 07000 PRIVAS,2027-03-12,2027-03-12,,,,,,
Cirques,Astrat - Compagnie Carloe Cerato | Cirque et jonglage,,PRIVAS,07000,07, 07000 PRIVAS,2027-03-21,2027-03-21,,,,,,
Spectacle et comedie musicale,Mini New · Comédie musicale improvisée,,PRIVAS,07000,07, 07000 PRIVAS,2027-01-31,2027-01-31,,,,,,
Salons,Jardissimo,place du marché à La Voulte-sur-Rhône,LA VOULTE-SUR-RHONE,07800,07,place du marché à La Voulte-sur-Rhône 07800 LA VOULTE-SUR-RHONE,2027-03-29,2027-03-29,,,,,,
Vide-greniers,Brocante et artisanat d'art du lundi de Pâques,LA PLACE DE LA RESISTANCE Antraigues-sur-Volane - 07530 France,ANTRAIGUES-SUR-VOLANE,07530,07,LA PLACE DE LA RESISTANCE Antraigues-sur-Volane - 07530 France 07530 ANTRAIGUES-SUR-VOLANE,2027-03-29,2027-03-29,,,,,,
Concerts,Soyons héroïques! Venez découvrir le nouvel Orchestre d’Ardèche,,PRIVAS,07000,07, 07000 PRIVAS,2027-04-04,2027-04-04,,,,,,
Fêtes locales,Procession du vendredi Saint,église Saint-André,BURZET,07450,07,église Saint-André 07450 BURZET,2027-03-27,2027-03-27,,,,,,
Théatres,L'illusion comique Corneille / Frédéric Cherboeuf,,PRIVAS,07000,07, 07000 PRIVAS,2027-04-08,2027-04-08,,,,,,
Fêtes locales,Fête des Fleurs,07440 Boffres,BOFFRES,07440,07,07440 Boffres 07440 BOFFRES,2027-05-01,2027-05-01,,,,,,
Spectacle et comedie musicale,Outrenoir Compagnie 47•49,,PRIVAS,07000,07, 07000 PRIVAS,2027-04-29,2027-04-29,,,,,,
Vide-greniers,Vide-greniers et marché aux puces,,BOULIEU-LES-ANNONAY,07100,07, 07100 BOULIEU-LES-ANNONAY,2027-05-01,2027-05-01,,,,,,
Salons,Les Floréales,,VALS-LES-BAINS,07600,07, 07600 VALS-LES-BAINS,2027-04-26,2027-04-26,,,,,,
Concerts,Noëmi Waysfeld chante Barbara,,PRIVAS,07000,07, 07000 PRIVAS,2027-05-04,2027-05-04,,,,,,
Foires,Foire de Printemps,07270 Lamastre,LAMASTRE,07270,07,07270 Lamastre 07270 LAMASTRE,2027-05-02,2027-05-02,,,,,,
Cirques,Un Jour au Cirque &#127914;,Village Bourg-Saint-Andéol,BOURG-SAINT-ANDEOL,07700,07,Village Bourg-Saint-Andéol 07700 BOURG-SAINT-ANDEOL,2027-05-02,2027-05-02,,,,,,
Vide-greniers,Vide grenier du 1er mai,07200 ucel,UCEL,07200,07,07200 ucel 07200 UCEL,2027-05-01,2027-05-01,,,,,,
Annonces cyclistes et cyclosportives,GRAND PRIX DE COLOMBIER-LE-JEUNE,COLOMBIER-LE-JEUNE,COLOMBIER-LE-JEUNE,07270,07,COLOMBIER-LE-JEUNE 07270 COLOMBIER-LE-JEUNE,2027-05-08,2027-05-08,,,,,,
Vide-greniers,Vide-greniers et marché aux puces,,CORNAS,07130,07, 07130 CORNAS,2027-05-01,2027-05-01,,,,,,
Foires,Foire aux fromage &#129472;&#129472;,"Place de la Fontaine, 07380 Prades",PRADES,07380,07,"Place de la Fontaine, 07380 Prades 07380 PRADES",2027-05-16,2027-05-16,,,,,,
Carnavals,Corso de Pentecôte,Village Bourg-Saint-Andéol - 07700,BOURG-SAINT-ANDEOL,07700,07,Village Bourg-Saint-Andéol - 07700 07700 BOURG-SAINT-ANDEOL,2027-05-24,2027-05-24,,,,,,
Vide-greniers,Vide-grenier de l'Ascension en fête,Berges de l'Eyrieux,SAINT-SAUVEUR-DE-MONTAGUT,07190,07,Berges de l'Eyrieux 07190 SAINT-SAUVEUR-DE-MONTAGUT,2027-05-14,2027-05-14,,,,,,
Théatres,Ma nuit à Beyrouth · Mona El Yafi / Nadim Bahsoun,,PRIVAS,07000,07, 07000 PRIVAS,2027-05-11,2027-05-11,,,,,,
Vide-greniers,Le vide-greniers du 8 mai,7790 Saint-Alban-d'Ay,SAINT-ALBAN-D'AY,07790,07,7790 Saint-Alban-d'Ay 07790 SAINT-ALBAN-D'AY,2027-05-08,2027-05-08,,,,,,
Fêtes locales,Fêtes votives,Village Bourg-Saint-Andéol - 07700,BOURG-SAINT-ANDEOL,07700,07,Village Bourg-Saint-Andéol - 07700 07700 BOURG-SAINT-ANDEOL,2027-05-25,2027-05-25,,,,,,
Fêtes locales,FETE DE LA CERISE,place de saint privat,SAINT-PRIVAT,07200,07,place de saint privat 07200 SAINT-PRIVAT,2027-06-14,2027-06-14,,,,,,
Salons,Festival Vivier(s) de BD,07220 Viviers,VIVIERS,07220,07,07220 Viviers 07220 VIVIERS,2027-06-06,2027-06-06,,,,,,
"Randonnées, Trail ou Running",Trail de La Chaussée des Géants,,THUEYTS,07330,07, 07330 THUEYTS,2027-06-06,2027-06-06,,,,,,
Fêtes médiévales,Fête médiévale,chateau Saint-Péray - 07130,SAINT-PERAY,07130,07,chateau Saint-Péray - 07130 07130 SAINT-PERAY,2027-06-27,2027-06-27,,,,,,
Théatres,Au nom des arbres Laurent gaudé / Roland Auzet,,PRIVAS,07000,07, 07000 PRIVAS,2027-06-10,2027-06-10,,,,,,
Marchés nocturnes,marché nocturne,Dunière-sur-Eyrieux - 07360,DUNIERE-SUR-EYRIEUX,07360,07,Dunière-sur-Eyrieux - 07360 07360 DUNIERE-SUR-EYRIEUX,2027-07-11,2027-07-11,,,,,,
Fêtes locales,Fête votive et foraine,Village 07460 Saint-Paul-le-Jeune,SAINT-PAUL-LE-JEUNE,07460,07,Village 07460 Saint-Paul-le-Jeune 07460 SAINT-PAUL-LE-JEUNE,2027-07-04,2027-07-04,,,,,,
Feux d'artifice,Feu d'artifice à Annonay,Annonay,ANNONAY,07100,07,Annonay 07100 ANNONAY,2027-07-13,2027-07-13,,,,,,
Feux d'artifice,Feu d'artifice,Village,BURZET,07450,07,Village 07450 BURZET,2027-07-13,2027-07-13,,,,,,
Feux d'artifice,FEU D'ARTIFICE,Place de l'Herboux,LAURAC-EN-VIVARAIS,07110,07,Place de l'Herboux 07110 LAURAC-EN-VIVARAIS,2027-07-13,2027-07-13,,,,,,
Feux d'artifice,Feu d'artifice à Jaujac,Jaujac,JAUJAC,07380,07,Jaujac 07380 JAUJAC,2027-07-13,2027-07-13,,,,,,
Feux d'artifice,Feu d'artifice à Guilherand-Granges,Guilherand-Granges,GUILHERAND-GRANGES,07500,07,Guilherand-Granges 07500 GUILHERAND-GRANGES,2027-07-13,2027-07-13,,,,,,
Feux d'artifice,Feu d'artifice à Désaignes,Désaignes,DESAIGNES,07570,07,Désaignes 07570 DESAIGNES,2027-07-13,2027-07-13,,,,,,
Feux d'artifice,Feu d'artifice à Lussas,Lussas,LUSSAS,07170,07,Lussas 07170 LUSSAS,2027-07-13,2027-07-13,,,,,,
Feux d'artifice,Feu d'artifice à Prades,Prades,PRADES,07380,07,Prades 07380 PRADES,2027-07-13,2027-07-13,,,,,,
Feux d'artifice,Feu d'artifice à Saint-Cirgues-en-Montagne,Saint-Cirgues-en-Montagne,SAINT-CIRGUES-EN-MONTAGNE,07510,07,Saint-Cirgues-en-Montagne 07510 SAINT-CIRGUES-EN-MONTAGNE,2027-07-13,2027-07-13,,,,,,
Feux d'artifice,Feu d'artifice à Saint-Paul-le-Jeune,Saint-Paul-le-Jeune,SAINT-PAUL-LE-JEUNE,07460,07,Saint-Paul-le-Jeune 07460 SAINT-PAUL-LE-JEUNE,2027-07-13,2027-07-13,,,,,,
Feux d'artifice,Feu d'artifice à Soyons,Soyons,SOYONS,07130,07,Soyons 07130 SOYONS,2027-07-13,2027-07-13,,,,,,
Feux d'artifice,Feux d’artifice et Fête nationale du 14 juillet,Saint-Agrève,SAINT-AGREVE,07320,07,Saint-Agrève 07320 SAINT-AGREVE,2027-07-13,2027-07-13,,,,,,
Feux d'artifice,Feu d'artifice à Privas,Privas,PRIVAS,07000,07,Privas 07000 PRIVAS,2027-07-13,2027-07-13,,,,,,
Feux d'artifice,Feu d'artifice à Serrières,Serrières,SERRIERES,07340,07,Serrières 07340 SERRIERES,2027-07-13,2027-07-13,,,,,,
Feux d'artifice,Feu d'artifice à Saint-Etienne-de-Fontbellon,Saint-Étienne-de-Fontbellon,SAINT-ETIENNE-DE-FONTBELLON,07200,07,Saint-Étienne-de-Fontbellon 07200 SAINT-ETIENNE-DE-FONTBELLON,2027-07-13,2027-07-13,,,,,,
Feux d'artifice,Feu d'artifice à Saint-Sauveur-de-Montagut,Saint-Sauveur-de-Montagut,SAINT-SAUVEUR-DE-MONTAGUT,07190,07,Saint-Sauveur-de-Montagut 07190 SAINT-SAUVEUR-DE-MONTAGUT,2027-07-13,2027-07-13,,,,,,
Feux d'artifice,Feu d'artifice à Le Teil,Le Teil,LE TEIL,07400,07,Le Teil 07400 LE TEIL,2027-07-13,2027-07-13,,,,,,
Feux d'artifice,Feu d'artifice à Viviers,Viviers,VIVIERS,07220,07,Viviers 07220 VIVIERS,2027-07-13,2027-07-13,,,,,,
Feux d'artifice,Feu d'artifice à Ucel,Ucel,UCEL,07200,07,Ucel 07200 UCEL,2027-07-13,2027-07-13,,,,,,
Feux d'artifice,Feux d'artifice,Coux,COUX,07000,07,Coux 07000 COUX,2027-07-14,2027-07-14,,,,,,
Feux d'artifice,Feu d'artifice à Chalencon,Chalencon,CHALENCON,07240,07,Chalencon 07240 CHALENCON,2027-07-14,2027-07-14,,,,,,
Feux d'artifice,Feu d'artifice à Cruas,Cruas,CRUAS,07350,07,Cruas 07350 CRUAS,2027-07-14,2027-07-14,,,,,,
Feux d'artifice,Feu d'artifice à Vernoux-en-Vivarais,Vernoux-en-Vivarais,VERNOUX-EN-VIVARAIS,07240,07,Vernoux-en-Vivarais 07240 VERNOUX-EN-VIVARAIS,2027-07-13,2027-07-13,,,,,,
Feux d'artifice,Feu d'artifice à Lamastre,Lamastre,LAMASTRE,07270,07,Lamastre 07270 LAMASTRE,2027-07-14,2027-07-14,,,,,,
Feux d'artifice,Feux d'artifice,Largentière,LARGENTIERE,07110,07,Largentière 07110 LARGENTIERE,2027-07-14,2027-07-14,,,,,,
Feux d'artifice,Feu d'artifice à Joyeuse,Joyeuse,JOYEUSE,07260,07,Joyeuse 07260 JOYEUSE,2027-07-14,2027-07-14,,,,,,
Feux d'artifice,Feu d'artifice à Bourg-Saint-Andéol,Bourg-Saint-Andéol,BOURG-SAINT-ANDEOL,07700,07,Bourg-Saint-Andéol 07700 BOURG-SAINT-ANDEOL,2027-07-14,2027-07-14,,,,,,
Feux d'artifice,Feu d'artifice à Ruoms,Ruoms plage près du camping municipal,RUOMS,07120,07,Ruoms plage près du camping municipal 07120 RUOMS,2027-07-14,2027-07-14,,,,,,
Feux d'artifice,Feux d'artifice,Saint-Didier-sous-Aubenas,SAINT-DIDIER-SOUS-AUBENAS,07200,07,Saint-Didier-sous-Aubenas 07200 SAINT-DIDIER-SOUS-AUBENAS,2027-07-14,2027-07-14,,,,,,
Feux d'artifice,Feu d'artifice Les Ollières-sur-Eyrieux,Les Ollières-sur-Eyrieux,LES OLLIERES-SUR-EYRIEUX,07360,07,Les Ollières-sur-Eyrieux 07360 LES OLLIERES-SUR-EYRIEUX,2027-07-14,2027-07-14,,,,,,
Feux d'artifice,Feu d'artifice à Thueyts,Thueyts,THUEYTS,07330,07,Thueyts 07330 THUEYTS,2027-07-14,2027-07-14,,,,,,
Vide-greniers,Vide-greniers et marché aux puces,,SAINT-PAUL-LE-JEUNE,07460,07, 07460 SAINT-PAUL-LE-JEUNE,2027-07-14,2027-07-14,,,,,,
Feux d'artifice,Feu d'artifice à Vallon-Pont-d'Arc,Vallon-Pont-d'Arc,VALLON-PONT-D'ARC,07150,07,Vallon-Pont-d'Arc 07150 VALLON-PONT-D'ARC,2027-07-14,2027-07-14,,,,,,
Feux d'artifice,Feu d'artifice à Tournon-sur-Rhône,Tournon-sur-Rhône,TOURNON-SUR-RHONE,07300,07,Tournon-sur-Rhône 07300 TOURNON-SUR-RHONE,2027-07-14,2027-07-14,,,,,,
Feux d'artifice,Feu d'artifice à La Voulte-sur-Rhône,La Voulte-sur-Rhône,LA VOULTE-SUR-RHONE,07800,07,La Voulte-sur-Rhône 07800 LA VOULTE-SUR-RHONE,2027-07-14,2027-07-14,,,,,,
Feux d'artifice,Feu d'artifice à Colombier-le-Jeune,Colombier-le-Jeune,COLOMBIER-LE-JEUNE,07270,07,Colombier-le-Jeune 07270 COLOMBIER-LE-JEUNE,2027-07-18,2027-07-18,,,,,,
Marchés nocturnes,Marché d'été du Chambon de Bavas,"2, montée de l'ancienne poste",SAINT-VINCENT-DE-DURFORT,07360,07,"2, montée de l'ancienne poste 07360 SAINT-VINCENT-DE-DURFORT",2027-07-17,2027-07-17,,,,,,
Fêtes locales,Fêtes Votives,Quai Farconnet 07300 Tournon-sur-Rhône,TOURNON-SUR-RHONE,07300,07,Quai Farconnet 07300 Tournon-sur-Rhône 07300 TOURNON-SUR-RHONE,2027-07-18,2027-07-18,,,,,,
Foires,Foire aux paniers,Village Labatie-d'Andaure - 07570,LABATIE-D'ANDAURE,07570,07,Village Labatie-d'Andaure - 07570 07570 LABATIE-D'ANDAURE,2027-07-19,2027-07-19,,,,,,
Parc,Wow safari peaugres - liberté,,PEAUGRES,07340,07, 07340 PEAUGRES,2027-12-31,2027-12-31,,,,,,
Feux d'artifice,Feu d'artifice :,,SAINT-PRIVAT,07200,07, 07200 SAINT-PRIVAT,2027-07-15,2027-07-15,,,,,,
Marchés de Producteurs,Marché des Producteurs de Pays sur la place de l'Hôtel de Ville de Mézières,Place de l'Hôtel de ville de Mézières 8000 Charleville-Mézières,CHARLEVILLE-MEZIERES,08090,08,Place de l'Hôtel de ville de Mézières 8000 Charleville-Mézières 08090 CHARLEVILLE-MEZIERES,2026-07-22,2026-07-22,,,,,,
Marchés,Jour du marché hebdomadaire,place de la mairie 08170 HAYBES,HAYBES,08170,08,place de la mairie 08170 HAYBES 08170 HAYBES,2026-07-22,2026-07-22,,,,,,
Marchés de Producteurs,Drive fermier Sedan,Drive fermier Sedan 19 Boulevard Fabert 8200 Sedan,SEDAN,08200,08,Drive fermier Sedan 19 Boulevard Fabert 8200 Sedan 08200 SEDAN,2026-07-23,2026-07-23,,,,,,
Marchés,Le petit marché,place de la mairie Floing,FLOING,08200,08,place de la mairie Floing 08200 FLOING,2026-07-21,2026-07-21,,,,,,
Marchés,Jour de Marché Raucourt et Flaba,Place de l'église Raucourt-et-Flaba - 08450,RAUCOURT-ET-FLABA,08450,08,Place de l'église Raucourt-et-Flaba - 08450 08450 RAUCOURT-ET-FLABA,2026-07-21,2026-07-21,,,,,,
Marchés,Le marché en semaine,08300 Rethel,RETHEL,08300,08,08300 Rethel 08300 RETHEL,2026-07-23,2026-07-23,,,,,,
Marchés de Producteurs,Drive fermier Charleville mezieres,Drive fermier Charleville mezieres 1 Avenue du Petit Bois 8000 Charleville-Mézières,CHARLEVILLE-MEZIERES,08090,08,Drive fermier Charleville mezieres 1 Avenue du Petit Bois 8000 Charleville-Mézières 08090 CHARLEVILLE-MEZIERES,2026-07-23,2026-07-23,,,,,,
Marchés,Marché du mercredi,"centre-ville, place Crussy, place d'Armes et place de la Halle 08200 sedan",SEDAN,08200,08,"centre-ville, place Crussy, place d'Armes et place de la Halle 08200 sedan 08200 SEDAN",2026-07-22,2026-07-22,,,,,,
Marchés de Producteurs,Drive fermier de Vouziers,Drive fermier Drive fermier de Vouziers 12 Rue des Artisans 8400 Vouziers,VOUZIERS,08400,08,Drive fermier Drive fermier de Vouziers 12 Rue des Artisans 8400 Vouziers 08400 VOUZIERS,2026-07-23,2026-07-23,,,,,,
Marchés,Jour de marché,place des Tries 08320 Vireux-Wallerand,VIREUX-WALLERAND,08320,08,place des Tries 08320 Vireux-Wallerand 08320 VIREUX-WALLERAND,2026-07-23,2026-07-23,,,,,,
Marchés,Marché chaque mercredi matin,place de la mairie et la place Mitterrand 08170 Fumay,FUMAY,08170,08,place de la mairie et la place Mitterrand 08170 Fumay 08170 FUMAY,2026-07-22,2026-07-22,,,,,,
Bals Danses,Les Années 80,"21 rue hôtel massart, Sedan, France, 08200",SEDAN,08200,08,"21 rue hôtel massart, Sedan, France, 08200 08200 SEDAN",2026-07-24,2026-07-24,,,,,,
Manifestations Automobiles,Rendez Vous Mensuel,Parking du Mont Olympe 08000 Charleville Mezieres,CHARLEVILLE-MEZIERES,08000,08,Parking du Mont Olympe 08000 Charleville Mezieres 08000 CHARLEVILLE-MEZIERES,2026-07-24,2026-07-24,,,,,,
Marchés,Marché du samedi,"centre-ville, place Crussy, place d'Armes et place de la Halle 08200 sedan",SEDAN,08200,08,"centre-ville, place Crussy, place d'Armes et place de la Halle 08200 sedan 08200 SEDAN",2026-07-25,2026-07-25,,,,,,
Marchés,marché dominical,Place François Mitterrand 08330 Vrigne-aux-Bois Ardennes,VRIGNE-AUX-BOIS,08330,08,Place François Mitterrand 08330 Vrigne-aux-Bois Ardennes 08330 VRIGNE-AUX-BOIS,2026-07-26,2026-07-26,,,,,,
Marchés de Producteurs,Marché des producteurs - place de Mohon,Place de Mohon 8000 Charleville-Mézières,CHARLEVILLE-MEZIERES,08090,08,Place de Mohon 8000 Charleville-Mézières 08090 CHARLEVILLE-MEZIERES,2026-08-01,2026-08-01,,,,,,
Brocantes,Brocante,Parking la truite au bleu Route de Charbogne 08130 Attigny,ATTIGNY,08130,08,Parking la truite au bleu Route de Charbogne 08130 Attigny 08130 ATTIGNY,2026-07-26,2026-07-26,,,,,,
Marchés de Producteurs,Marché des Producteurs de Pays,salle polyvalente d'Avaux,AVAUX,08190,08,salle polyvalente d'Avaux 08190 AVAUX,2026-08-01,2026-08-01,,,,,,
Bals Danses,Thé dansant,21 rue d’hotel Massart,SEDAN,08200,08,21 rue d’hotel Massart 08200 SEDAN,2026-07-26,2026-07-26,,,,,,
Marchés de Producteurs,Marché des Producteurs de Pays sur la place Ducale,Place Ducale 8000 Charleville-Mézières,CHARLEVILLE-MEZIERES,08090,08,Place Ducale 8000 Charleville-Mézières 08090 CHARLEVILLE-MEZIERES,2026-08-01,2026-08-01,,,,,,
Marchés de Producteurs,Renwez 08 Marché des Producteurs de Pays,Centre ville Renwez - 08150,RENWEZ,08150,08,Centre ville Renwez - 08150 08150 RENWEZ,2026-07-24,2026-07-24,,,,,,
Marchés de Producteurs,Marché des Producteurs de Pays,Quai de Meuse Givet - 08600,GIVET,08600,08,Quai de Meuse Givet - 08600 08600 GIVET,2026-08-02,2026-08-02,,,,,,
Fêtes locales,Fête patronale,Fête patronale 08330 Vrigne-aux-Bois,VRIGNE-AUX-BOIS,08330,08,Fête patronale 08330 Vrigne-aux-Bois 08330 VRIGNE-AUX-BOIS,2026-08-02,2026-08-02,,,,,,
Brocantes,Marché mensuel de l'Antiquité et de la brocante,"Ancien Relais de Poste,08430, LAUNOIS SUR VENCE",LAUNOIS-SUR-VENCE,08430,08,"Ancien Relais de Poste,08430, LAUNOIS SUR VENCE 08430 LAUNOIS-SUR-VENCE",2026-08-03,2026-08-03,,,,,,
Brocantes,brocante au quartier de Mon idée,,AUVILLERS-LES-FORGES,08260,08, 08260 AUVILLERS-LES-FORGES,2026-08-15,2026-08-15,,,,,,
Fêtes locales,La fête des Moissons,Village Margut - 08370,MARGUT,08370,08,Village Margut - 08370 08370 MARGUT,2026-08-02,2026-08-02,,,,,,
Fêtes locales,fête patronale,village 08290 Liart,LIART,08290,08,village 08290 Liart 08290 LIART,2026-08-08,2026-08-08,,,,,,
Brocantes,Brocante des Arcades,Place Ducale Charleville-Mézières - 08090,CHARLEVILLE-MEZIERES,08090,08,Place Ducale Charleville-Mézières - 08090 08090 CHARLEVILLE-MEZIERES,2026-08-03,2026-08-03,,,,,,
Fêtes locales,La Fête du Rail et sa Brocante à Vouziers,Centre-ville de Vouziers place Carnot 08400 Vouziers,VOUZIERS,08400,08,Centre-ville de Vouziers place Carnot 08400 Vouziers 08400 VOUZIERS,2026-08-15,2026-08-15,,,,,,
Marchés de Producteurs,Marché des producteurs de Pays,Village Vendresse - 08160,VENDRESSE,08160,08,Village Vendresse - 08160 08160 VENDRESSE,2026-08-01,2026-08-01,,,,,,
Brocantes,brocante dans les rues du village,brocante dans les rues du village,CHATEL-CHEHERY,08250,08,brocante dans les rues du village 08250 CHATEL-CHEHERY,2026-08-15,2026-08-15,,,,,,
Brocantes,brocante,place de la République et rue Baudin,SAINT-MENGES,08200,08,place de la République et rue Baudin 08200 SAINT-MENGES,2026-08-15,2026-08-15,,,,,,
Brocantes,brocante du 15 août,stade municipal,DOUZY,08140,08,stade municipal 08140 DOUZY,2026-08-15,2026-08-15,,,,,,
Brocantes,brocante des sapeurs-pompiers,,CARIGNAN,08110,08, 08110 CARIGNAN,2026-08-15,2026-08-15,,,,,,
Vide-greniers,Vide-greniers et marché aux puces,rue principale,VENDRESSE,08160,08,rue principale 08160 VENDRESSE,2026-08-15,2026-08-15,,,,,,
Messes,Pèlerinage de l'Assomption,NEUVIZY sanctuaire Notre Dame du Bon Secours,NEUVIZY,08430,08,NEUVIZY sanctuaire Notre Dame du Bon Secours 08430 NEUVIZY,2026-08-15,2026-08-15,,,,,,
Vide-greniers,vide-grenier,place du village,MONTGON,08390,08,place du village 08390 MONTGON,2026-08-15,2026-08-15,,,,,,
Festivals,Festival cabaret vert - 1 jour,,CHARLEVILLE-MEZIERES,08090,08, 08090 CHARLEVILLE-MEZIERES,2026-08-20,2026-08-20,,,,,,
Vide-greniers,vide-grenier,,NOVION-PORCIEN,08270,08, 08270 NOVION-PORCIEN,2026-08-15,2026-08-15,,,,,,
Brocantes,brocante des pompiers de l’abbaye,,SIGNY-L'ABBAYE,08460,08, 08460 SIGNY-L'ABBAYE,2026-08-15,2026-08-15,,,,,,
Festivals,Festival cabaret vert - 2 jours,,CHARLEVILLE-MEZIERES,08090,08, 08090 CHARLEVILLE-MEZIERES,2026-08-21,2026-08-21,,,,,,
Foires,LA FOIRE,Centre ville Sedan - 08200,SEDAN,08200,08,Centre ville Sedan - 08200 08200 SEDAN,2026-09-11,2026-09-16,,,,,,
Foires,FOIRE SAINT-MICHEL,Centre ville Fumay - 08170,FUMAY,08170,08,Centre ville Fumay - 08170 08170 FUMAY,2026-09-26,2026-09-26,,,,,,
Fêtes locales,Fête patronale,8300 Barby,BARBY,08300,08,8300 Barby 08300 BARBY,2026-08-29,2026-08-29,,,,,,
Festivals,Festival cabaret vert - 4 jours,,CHARLEVILLE-MEZIERES,08090,08, 08090 CHARLEVILLE-MEZIERES,2026-08-23,2026-08-23,,,,,,
Festivals,Festival cabaret vert - 3 jours,,CHARLEVILLE-MEZIERES,08090,08, 08090 CHARLEVILLE-MEZIERES,2026-08-22,2026-08-22,,,,,,
Brocantes,BROCANTE de la Saint Luc,&nbsp; 8230 Gué-d'Hossus,GUE-D'HOSSUS,08230,08,&nbsp; 8230 Gué-d'Hossus 08230 GUE-D'HOSSUS,2026-10-25,2026-10-25,,,,,,
Foires,La Foire aux oignons de Givet,Centre ville Givet,GIVET,08600,08,Centre ville Givet 08600 GIVET,2026-11-11,2026-11-11,,,,,,
"Randonnées, Trail ou Running",SEDAN- CHARLEVILLE,sedan,SEDAN,08200,08,sedan 08200 SEDAN,2026-10-04,2026-10-04,,,,,,
Messes,Carignan Notre Dame (Carignan) Messe de Noel,Notre Dame (Carignan) 08110 Carignan,CARIGNAN,08110,08,Notre Dame (Carignan) 08110 Carignan 08110 CARIGNAN,2026-12-24,2026-12-24,,,,,,
Humour et one (wo)man show,Chantal ladesou,,PRIX-LES-MEZIERES,08000,08, 08000 PRIX-LES-MEZIERES,2026-11-20,2026-11-20,,,,,,
Evènements Téléthon,TELETHON BARBY,TELETHON BARBY,BARBY,08300,08,TELETHON BARBY 08300 BARBY,2026-12-05,2026-12-05,,,,,,
Concerts,Kitsch party,,CHARLEVILLE-MEZIERES,08090,08, 08090 CHARLEVILLE-MEZIERES,2026-11-21,2026-11-21,,,,,,
Marchés de Noël,Marché de Noël de Nouzonville,,NOUZONVILLE,08700,08, 08700 NOUZONVILLE,2026-12-20,2026-12-20,,,,,,
Marchés de Noël,Marché de Noël de Monthermé,,MONTHERME,08800,08, 08800 MONTHERME,2026-12-13,2026-12-13,,,,,,
Théatres,Les femmes ont toujours raison,,RETHEL,08300,08, 08300 RETHEL,2026-10-30,2026-10-30,,,,,,
Fêtes locales,Fête de la Rhubarbe,BOSSEVAL-ET-BRIANCOURT,BOSSEVAL-ET-BRIANCOURT,08350,08,BOSSEVAL-ET-BRIANCOURT 08350 BOSSEVAL-ET-BRIANCOURT,2027-03-25,2027-03-25,,,,,,
Fêtes foraines,Fête foraine,Village 08330 Vrigne aux Bois,VRIGNE-AUX-BOIS,08330,08,Village 08330 Vrigne aux Bois 08330 VRIGNE-AUX-BOIS,2027-01-01,2027-01-01,,,,,,
Messes,Douzy Eglise Messe de Noel,Eglise 08140 Douzy,DOUZY,08140,08,Eglise 08140 Douzy 08140 DOUZY,2026-12-24,2026-12-24,,,,,,
Foires,Foire de Pâques,Village Douzy,DOUZY,08140,08,Village Douzy 08140 DOUZY,2027-03-29,2027-03-29,,,,,,
Fêtes locales,Arden Brew Fest à Haybes : Le Festival de la Bière Artisanale,08170 Haybes,HAYBES,08170,08,08170 Haybes 08170 HAYBES,2027-04-25,2027-04-25,,,,,,
Foires,Foire de Printemps,village Margut,MARGUT,08370,08,village Margut 08370 MARGUT,2027-04-26,2027-04-26,,,,,,
Brocantes,Brocante comité des fêtes,BROGNON,BROGNON,08380,08,BROGNON 08380 BROGNON,2027-05-01,2027-05-01,,,,,,
Fêtes locales,Fête du Pissenlit et de l'Artisanat à Montcy-Notre-Dame,08090 Montcy-Notre-Dame,MONTCY-NOTRE-DAME,08090,08,08090 Montcy-Notre-Dame 08090 MONTCY-NOTRE-DAME,2027-04-03,2027-04-03,,,,,,
Foires,La Foire Commerciale et Artisanale,Village Carignan - 08110,CARIGNAN,08110,08,Village Carignan - 08110 08110 CARIGNAN,2027-05-14,2027-05-14,,,,,,
Fêtes locales,fête patronale de l'Ascension,AUTHE,AUTHE,08240,08,AUTHE 08240 AUTHE,2027-05-14,2027-05-14,,,,,,
Fêtes locales,Le Festival des Confréries en Ardenne,08000 Charleville-Mézières,CHARLEVILLE-MEZIERES,08000,08,08000 Charleville-Mézières 08000 CHARLEVILLE-MEZIERES,2027-05-02,2027-05-02,,,,,,
Vide-greniers,Vide-greniers et marché aux puces,,GESPUNSART,08700,08, 08700 GESPUNSART,2027-05-01,2027-05-01,,,,,,
Festivals,Festival des confréries en Ardenne,place Ducale,CHARLEVILLE-MEZIERES,08090,08,place Ducale 08090 CHARLEVILLE-MEZIERES,2027-05-02,2027-05-02,,,,,,
Foires,Foire au Boudin Blanc en Champagne-Ardennes,Rethel,RETHEL,08300,08,Rethel 08300 RETHEL,2027-04-25,2027-04-25,,,,,,
Foires,La foire de Vouziers,08400 Vouziers,VOUZIERS,08400,08,08400 Vouziers 08400 VOUZIERS,2027-05-14,2027-05-14,,,,,,
Fêtes locales,Fête de la Bière à Charleville-Mézières,Charleville-Mézières - 08090,CHARLEVILLE-MEZIERES,08090,08,Charleville-Mézières - 08090 08090 CHARLEVILLE-MEZIERES,2027-05-24,2027-05-24,,,,,,
Brocantes,Brocante Dimanche Pentecôte,Brocante Dimanche Pentecôte AUTRECOURT-ET-POURRON,AUTRECOURT-ET-POURRON,08210,08,Brocante Dimanche Pentecôte AUTRECOURT-ET-POURRON 08210 AUTRECOURT-ET-POURRON,2027-05-24,2027-05-24,,,,,,
Brocantes,Brocante pentecôte,Brocante pentecôte 8350 Noyers-Pont-Maugis,NOYERS-PONT-MAUGIS,08350,08,Brocante pentecôte 8350 Noyers-Pont-Maugis 08350 NOYERS-PONT-MAUGIS,2027-05-24,2027-05-24,,,,,,
Fêtes locales,Fête annuelle Novy Chevrières,08300 Novy-Chevrières Ardennes,NOVY-CHEVRIERES,08300,08,08300 Novy-Chevrières Ardennes 08300 NOVY-CHEVRIERES,2027-05-24,2027-05-24,,,,,,
Brocantes,brocante,parc derrière la mairie Thugny-Trugny - 08300,THUGNY-TRUGNY,08300,08,parc derrière la mairie Thugny-Trugny - 08300 08300 THUGNY-TRUGNY,2027-05-31,2027-05-31,,,,,,
Brocantes,BROCANTE FETE RHUBARBE,,VRIGNE-AUX-BOIS,08330,08, 08330 VRIGNE-AUX-BOIS,2027-05-25,2027-05-25,,,,,,
Brocantes,brocante vide grenier le Dimanche de Pentecôte,08370 Sapogne-sur-Marche,SAPOGNE-SUR-MARCHE,08370,08,08370 Sapogne-sur-Marche 08370 SAPOGNE-SUR-MARCHE,2027-05-24,2027-05-24,,,,,,
Brocantes,brocante,rues du village Chilly - 08260,CHILLY,08260,08,rues du village Chilly - 08260 08260 CHILLY,2027-05-31,2027-05-31,,,,,,
Brocantes,Brocante,Rue de l'église,ECLY,08300,08,Rue de l'église 08300 ECLY,2027-06-28,2027-06-28,,,,,,
Fêtes locales,FÊTE DES CERISES,,CHESNOIS-AUBONCOURT,08270,08, 08270 CHESNOIS-AUBONCOURT,2027-06-27,2027-06-27,,,,,,
Brocantes,La brocante,Village Autruche,AUTRUCHE,08240,08,Village Autruche 08240 AUTRUCHE,2027-05-31,2027-05-31,,,,,,
Vide-greniers,Brocante,Buzancy,BUZANCY,08240,08,Buzancy 08240 BUZANCY,2027-06-28,2027-06-28,,,,,,
Marchés de potiers,Marché de potiers de la ville de Sedan,Place d'Armes au pied de l'église Saint Charles au cœur de la ville,SEDAN,08200,08,Place d'Armes au pied de l'église Saint Charles au cœur de la ville 08200 SEDAN,2027-07-04,2027-07-04,,,,,,
Feux d'artifice,Feux d'artifice Fête nationale du 14 juillet,Le Chesne,LE CHESNE,08390,08,Le Chesne 08390 LE CHESNE,2027-07-13,2027-07-13,,,,,,
Feux d'artifice,Feu d'artifice,Givet,GIVET,08600,08,Givet 08600 GIVET,2027-07-13,2027-07-13,,,,,,
Feux d'artifice,Feux d'artifice Fête nationale du 14 juillet,Floing,FLOING,08200,08,Floing 08200 FLOING,2027-07-13,2027-07-13,,,,,,
Feux d'artifice,Feu d'artifice,Charleville Mézières,CHARLEVILLE-MEZIERES,08090,08,Charleville Mézières 08090 CHARLEVILLE-MEZIERES,2027-07-13,2027-07-13,,,,,,
Feux d'artifice,Feux d'artifice Fête nationale du 14 juillet,Joigny-sur-Meuse,JOIGNY-SUR-MEUSE,08700,08,Joigny-sur-Meuse 08700 JOIGNY-SUR-MEUSE,2027-07-13,2027-07-13,,,,,,
Feux d'artifice,Feu d'artifice,Nouzonville,NOUZONVILLE,08700,08,Nouzonville 08700 NOUZONVILLE,2027-07-13,2027-07-13,,,,,,
Feux d'artifice,Feu d'artifice,Sedan,SEDAN,08200,08,Sedan 08200 SEDAN,2027-07-13,2027-07-13,,,,,,
Feux d'artifice,Feu d'artifice,Villers-Semeuse,VILLERS-SEMEUSE,08000,08,Villers-Semeuse 08000 VILLERS-SEMEUSE,2027-07-13,2027-07-13,,,,,,
Feux d'artifice,Feu d'artifice,Vouziers,VOUZIERS,08400,08,Vouziers 08400 VOUZIERS,2027-07-13,2027-07-13,,,,,,
Feux d'artifice,Feux d'artifice Fête nationale du 14 juillet,Rocroi,ROCROI,08230,08,Rocroi 08230 ROCROI,2027-07-13,2027-07-13,,,,,,
Vide-greniers,vide-greniers,parking du restaurant La Truite au Bleu,ATTIGNY,08130,08,parking du restaurant La Truite au Bleu 08130 ATTIGNY,2027-07-14,2027-07-14,,,,,,
Feux d'artifice,Feux d'artifice Fête nationale du 14 juillet,Warcq,WARCQ,08000,08,Warcq 08000 WARCQ,2027-07-13,2027-07-13,,,,,,
Feux d'artifice,Feu d'artifice,Vrigne-aux-bois,VRIGNE-AUX-BOIS,08330,08,Vrigne-aux-bois 08330 VRIGNE-AUX-BOIS,2027-07-13,2027-07-13,,,,,,
Feux d'artifice,Feu d'artifice,Revin,REVIN,08500,08,Revin 08500 REVIN,2027-07-13,2027-07-13,,,,,,
Feux d'artifice,Feu d'artifice,Vivier_au_court,VIVIER-AU-COURT,08440,08,Vivier_au_court 08440 VIVIER-AU-COURT,2027-07-13,2027-07-13,,,,,,
Feux d'artifice,Feux d'artifice Fête nationale du 14 juillet,Revin,REVIN,08500,08,Revin 08500 REVIN,2027-07-13,2027-07-13,,,,,,
Vide-greniers,vide-greniers,,BOGNY-SUR-MEUSE,08120,08, 08120 BOGNY-SUR-MEUSE,2027-07-14,2027-07-14,,,,,,
Vide-greniers,vide-greniers,,LES AYVELLES,08000,08, 08000 LES AYVELLES,2027-07-14,2027-07-14,,,,,,
Vide-greniers,vide-greniers,,MOUZON,08210,08, 08210 MOUZON,2027-07-14,2027-07-14,,,,,,
Vide-greniers,Vide-greniers et marché aux puces,,MESSINCOURT,08110,08, 08110 MESSINCOURT,2027-07-14,2027-07-14,,,,,,
Vide-greniers,vide-greniers,,NEUVILLE-LES-THIS,08090,08, 08090 NEUVILLE-LES-THIS,2027-07-14,2027-07-14,,,,,,
Feux d'artifice,Feu d'artifice,Fumay,FUMAY,08170,08,Fumay 08170 FUMAY,2027-07-14,2027-07-14,,,,,,
Vide-greniers,vide-greniers,,SAINT-AIGNAN,08350,08, 08350 SAINT-AIGNAN,2027-07-14,2027-07-14,,,,,,
Vide-greniers,vide-greniers,,ROUVROY-SUR-AUDRY,08150,08, 08150 ROUVROY-SUR-AUDRY,2027-07-14,2027-07-14,,,,,,
Vide-greniers,vide-greniers,,NEUVIZY,08430,08, 08430 NEUVIZY,2027-07-14,2027-07-14,,,,,,
Feux d'artifice,Feu d'artifice,Rethel,RETHEL,08300,08,Rethel 08300 RETHEL,2027-07-14,2027-07-14,,,,,,
Vide-greniers,vide-greniers,Avenue Charles-de-Gaulle,SEDAN,08200,08,Avenue Charles-de-Gaulle 08200 SEDAN,2027-07-14,2027-07-14,,,,,,
Annonces cyclistes et cyclosportives,La Fête de la moto,Village Mouzon - 08210,MOUZON,08210,08,Village Mouzon - 08210 08210 MOUZON,2027-07-18,2027-07-18,,,,,,
Marchés,Marché,Marché Place Roussel 9110 Ax-les-Thermes,AX-LES-THERMES,09110,09,Marché Place Roussel 9110 Ax-les-Thermes 09110 AX-LES-THERMES,2026-07-21,2026-07-21,,,,,,
Festivals,Straight horns,,LACAVE,09160,09, 09160 LACAVE,2026-07-21,2026-07-21,,,,,,
Marchés,Le marché local du mardi,Halle aux grains Foix,FOIX,09000,09,Halle aux grains Foix 09000 FOIX,2026-07-21,2026-07-21,,,,,,
Marchés,le marché de Pamiers le mardi,Place de la République et Place de la Poste,PAMIERS,09100,09,Place de la République et Place de la Poste 09100 PAMIERS,2026-07-21,2026-07-21,,,,,,
Marchés de Producteurs,Petit marché de Saint-Lizier,place de l’église,SAINT-LIZIER,09190,09,place de l’église 09190 SAINT-LIZIER,2026-07-22,2026-07-22,,,,,,
Marchés de Producteurs,marché de soueix,halle Justin Clanet,SOUEIX-ROGALLE,09140,09,halle Justin Clanet 09140 SOUEIX-ROGALLE,2026-07-22,2026-07-22,,,,,,
Marchés,Marché du mercredi,Champ de Mars Le Mas-d'Azil - 09290,LE MAS-D'AZIL,09290,09,Champ de Mars Le Mas-d'Azil - 09290 09290 LE MAS-D'AZIL,2026-07-22,2026-07-22,,,,,,
Marchés,Marché les mercredis,place Jeanne d'Arc (devant l'église paroissiale) 09300 lavelanet,LAVELANET,09300,09,place Jeanne d'Arc (devant l'église paroissiale) 09300 lavelanet 09300 LAVELANET,2026-07-22,2026-07-22,,,,,,
Marchés nocturnes,MARCHES GOURMANDS NOCTURNES A LA BASTIDE SUR L’HERS,09600 La Bastide sur l’Hers,LA BASTIDE-SUR-L'HERS,09600,09,09600 La Bastide sur l’Hers 09600 LA BASTIDE-SUR-L'HERS,2026-07-23,2026-07-23,,,,,,
Marchés,Marché hebdomadaire,Place du Général de Gaulle,MAZERES,09270,09,Place du Général de Gaulle 09270 MAZERES,2026-07-23,2026-07-23,,,,,,
Marchés,Le marché du jeudi,Espace couvert de la salle des fêtes Saint-Paul-de-Jarrat - 09000,SAINT-PAUL-DE-JARRAT,09000,09,Espace couvert de la salle des fêtes Saint-Paul-de-Jarrat - 09000 09000 SAINT-PAUL-DE-JARRAT,2026-07-23,2026-07-23,,,,,,
Marchés,MARCHE D'ALZEN,MARCHE D'ALZEN 9240 Alzen,ALZEN,09240,09,MARCHE D'ALZEN 9240 Alzen 09240 ALZEN,2026-07-24,2026-07-24,,,,,,
Marchés,Marché de Pamiers le jeudi,Place de la République et Place de la Poste,PAMIERS,09100,09,Place de la République et Place de la Poste 09100 PAMIERS,2026-07-23,2026-07-23,,,,,,
Marchés,marché du vendredi matin,espace André Roudière,LAVELANET,09300,09,espace André Roudière 09300 LAVELANET,2026-07-24,2026-07-24,,,,,,
Marchés,Le grand marché du vendredi,sous et autour de la Halle Saint-Volusien Foix - 09000,FOIX,09000,09,sous et autour de la Halle Saint-Volusien Foix - 09000 09000 FOIX,2026-07-24,2026-07-24,,,,,,
Marchés,Le Jour de Marché à Saint-Girons,champ de mars en centre ville Saint-Girons - 09200,SAINT-GIRONS,09200,09,champ de mars en centre ville Saint-Girons - 09200 09200 SAINT-GIRONS,2026-07-25,2026-07-25,,,,,,
Concerts,Nadalet,Carillon de la cathédrale Saint Antonin de Pamiers,PAMIERS,09100,09,Carillon de la cathédrale Saint Antonin de Pamiers 09100 PAMIERS,2026-07-24,2026-07-24,,,,,,
Marchés,le grand marché de Pamiers,Place de la République et Place de la Poste,PAMIERS,09100,09,Place de la République et Place de la Poste 09100 PAMIERS,2026-07-25,2026-07-25,,,,,,
Lotos Quines et Rifles,LOTOS DE L’UOP,"77, Avenue de la Rijole 09100 Pamiers",PAMIERS,09100,09,"77, Avenue de la Rijole 09100 Pamiers 09100 PAMIERS",2026-07-24,2026-07-24,,,,,,
Marchés nocturnes,Marchés Nocturnes LERAN,Cours St Jacques,LERAN,09600,09,Cours St Jacques 09600 LERAN,2026-07-24,2026-07-24,,,,,,
Brocantes,FOIRE À TOUT,Parking d'Intermarché 09000 Foix,FOIX,09000,09,Parking d'Intermarché 09000 Foix 09000 FOIX,2026-07-26,2026-07-26,,,,,,
Fêtes locales,Autrefois le Couserans,Place Alphonse Sentein 09200 Saint-Girons,SAINT-GIRONS,09200,09,Place Alphonse Sentein 09200 Saint-Girons 09200 SAINT-GIRONS,2026-08-01,2026-08-01,,,,,,
Marchés de Producteurs,MARCHE LOCAL DES PRODUCTEUR,Village Seix,SEIX,09140,09,Village Seix 09140 SEIX,2026-07-26,2026-07-26,,,,,,
Vide-greniers,vide greniers mensuel,,MAZERES,09270,09, 09270 MAZERES,2026-08-03,2026-08-03,,,,,,
Brocantes,Vide greniers- brocante,Place de la République,PAMIERS,09100,09,Place de la République 09100 PAMIERS,2026-07-26,2026-07-26,,,,,,
Vide-greniers,Les Puces du Champ de Mars,Rue du Champ de Mars Saint-Girons 09 - Ariège,SAINT-GIRONS,09200,09,Rue du Champ de Mars Saint-Girons 09 - Ariège 09200 SAINT-GIRONS,2026-08-03,2026-08-03,,,,,,
Brocantes,Vide-greniers d’été,Place du Général de Gaulle,MAZERES,09270,09,Place du Général de Gaulle 09270 MAZERES,2026-08-15,2026-08-15,,,,,,
Jeux-sports,Championnat Européen de Tir aux Armes Préhistoriques,Le Mas-d'Azil - 09290,LE MAS-D'AZIL,09290,09,Le Mas-d'Azil - 09290 09290 LE MAS-D'AZIL,2026-08-08,2026-08-08,,,,,,
Vide-greniers,Vide-grenier,Parking Intermarché route de Toulouse (Grées),SAINT-LIZIER,09190,09,Parking Intermarché route de Toulouse (Grées) 09190 SAINT-LIZIER,2026-08-03,2026-08-03,,,,,,
Vide-greniers,Grand vide grenier du 15 août,TARASCON SUR ARIEGE (09400) - 1 Rue François Laguerre,TARASCON-SUR-ARIEGE,09400,09,TARASCON SUR ARIEGE (09400) - 1 Rue François Laguerre 09400 TARASCON-SUR-ARIEGE,2026-08-15,2026-08-15,,,,,,
Brocantes,VIDE GRENIER,,MONTAUT,09700,09, 09700 MONTAUT,2026-08-30,2026-08-30,,,,,,
Concerts,SUPERBUS,,PAMIERS,09100,09, 09100 PAMIERS,2026-08-28,2026-08-28,,,,,,
Concerts,PACK 2 SOIRS - SUPERBUS + SHEILA,,PAMIERS,09100,09, 09100 PAMIERS,2026-08-28,2026-08-28,,,,,,
Concerts,Soirée Barbara - Noëmi Waysfeld,,LACAVE,09160,09, 09160 LACAVE,2026-08-22,2026-08-22,,,,,,
Vide-greniers,VIDE GRENIER,Village Seix,SEIX,09140,09,Village Seix 09140 SEIX,2026-08-15,2026-08-15,,,,,,
Vide-greniers,Vide grenier de l'U.S.M.A.,route du stade,MONTAUT,09700,09,route du stade 09700 MONTAUT,2026-08-29,2026-08-29,,,,,,
Concerts,SHEILA,,PAMIERS,09100,09, 09100 PAMIERS,2026-08-29,2026-08-29,,,,,,
Brocantes,Vide greniers de la fête locale,,LEZAT-SUR-LEZE,09210,09, 09210 LEZAT-SUR-LEZE,2026-09-05,2026-09-05,,,,,,
Fêtes locales,GRANDES FÊTES DE FOIX,centre ville Foix,FOIX,09000,09,centre ville Foix 09000 FOIX,2026-09-05,2026-09-05,,,,,,
Fêtes locales,fête du Mas d'Azil,Le Mas-d'Azil - 09290,LE MAS-D'AZIL,09290,09,Le Mas-d'Azil - 09290 09290 LE MAS-D'AZIL,2026-09-05,2026-09-05,,,,,,
Visites Portes Ouvertes,PORTES OUVERTES,,MONTAUT,09700,09, 09700 MONTAUT,2026-09-30,2026-09-30,,,,,,
Foires,Foire d'Automne à Ercé,village Ercé,ERCE,09140,09,village Ercé 09140 ERCE,2026-10-25,2026-10-25,,,,,,
Messes,Ax-les-Thermes Saint-Vincent (Paroisse d'Ax) Messe de Noel,Saint-Vincent (Paroisse d'Ax) 09110 Ax-les-Thermes,AX-LES-THERMES,09110,09,Saint-Vincent (Paroisse d'Ax) 09110 Ax-les-Thermes 09110 AX-LES-THERMES,2026-12-25,2026-12-25,,,,,,
Fêtes locales,Fête de la Figue,Le Mas-d'Azil - 09290,LE MAS-D'AZIL,09290,09,Le Mas-d'Azil - 09290 09290 LE MAS-D'AZIL,2026-10-03,2026-10-03,,,,,,
Messes,Crampagna CRAMPAGNA (Saint-Pierre ) Messe de Noel,CRAMPAGNA (Saint-Pierre ) 09000 Crampagna,CRAMPAGNA,09000,09,CRAMPAGNA (Saint-Pierre ) 09000 Crampagna 09000 CRAMPAGNA,2026-12-25,2026-12-25,,,,,,
Messes,Saint-Paul-de-Jarrat SAINT-PAUL-DE-JARRAT (Saint-Paul-de-Jarrat) Messe de Noel,SAINT-PAUL-DE-JARRAT (Saint-Paul-de-Jarrat) 09000 Saint-Paul-de-Jarrat,SAINT-PAUL-DE-JARRAT,09000,09,SAINT-PAUL-DE-JARRAT (Saint-Paul-de-Jarrat) 09000 Saint-Paul-de-Jarrat 09000 SAINT-PAUL-DE-JARRAT,2026-12-25,2026-12-25,,,,,,
Foires,foire de la Barguillère,foix Place du 59e Régiment d'Infanterie - Champ de Mars,FOIX,09000,09,foix Place du 59e Régiment d'Infanterie - Champ de Mars 09000 FOIX,2026-10-10,2026-10-10,,,,,,
Marchés de Producteurs,Marché au gras,9340 Verniolle France,VERNIOLLE,09340,09,9340 Verniolle France 09340 VERNIOLLE,2026-12-05,2026-12-05,,,,,,
Vide-greniers,Vide-greniers et marché aux puces,,LAROQUE-D'OLMES,09600,09, 09600 LAROQUE-D'OLMES,2027-05-01,2027-05-01,,,,,,
Vide-greniers,1er mai le vide-greniers,centre-ville Varilhes,VARILHES,09120,09,centre-ville Varilhes 09120 VARILHES,2027-05-01,2027-05-01,,,,,,
Marchés de Producteurs,MARCHE AUX FLEURS,les rues de la ville Mazères - 09270,MAZERES,09270,09,les rues de la ville Mazères - 09270 09270 MAZERES,2027-05-01,2027-05-01,,,,,,
Foires,Grande foire de Pentecôte,Mirepoix - 09500 Place Maréchal Leclerc,MIREPOIX,09500,09,Mirepoix - 09500 Place Maréchal Leclerc 09500 MIREPOIX,2027-05-25,2027-05-25,,,,,,
Marchés de Producteurs,marché aux fleurs,Centre village Montaut,MONTAUT,09700,09,Centre village Montaut 09700 MONTAUT,2027-05-01,2027-05-01,,,,,,
Vide-greniers,vide greniers le jeudi de l'ascension,Place des Ecoles,MONTGAILLARD,09330,09,Place des Ecoles 09330 MONTGAILLARD,2027-05-14,2027-05-14,,,,,,
Vide-greniers,vide-greniers du 8 mai,espace André-Roudière,LAVELANET,09300,09,espace André-Roudière 09300 LAVELANET,2027-05-08,2027-05-08,,,,,,
Messes,Procession de la Pentecôte,village Bélesta - 09300,BELESTA,09300,09,village Bélesta - 09300 09300 BELESTA,2027-05-25,2027-05-25,,,,,,
Foires,Foix - Foire de Pentecôte,Halle aux grains et sur l’aire minérale des allées de Villote Foix,FOIX,09000,09,Halle aux grains et sur l’aire minérale des allées de Villote Foix 09000 FOIX,2027-05-26,2027-05-26,,,,,,
Fêtes locales,Fête de la Pentecôte,centre village Bélesta - 09300,BELESTA,09300,09,centre village Bélesta - 09300 09300 BELESTA,2027-05-25,2027-05-25,,,,,,
Feux d'artifice,Fête Nationale du 14 juillet feux d’artifice,,ARNAVE,09400,09, 09400 ARNAVE,2027-07-13,2027-07-13,,,,,,
Feux d'artifice,Fête Nationale du 14 juillet feux d’artifice,,LA BASTIDE-SUR-L'HERS,09600,09, 09600 LA BASTIDE-SUR-L'HERS,2027-07-13,2027-07-13,,,,,,
Feux d'artifice,Fête Nationale du 14 juillet feux d’artifice,,AX-LES-THERMES,09110,09, 09110 AX-LES-THERMES,2027-07-14,2027-07-14,,,,,,
Feux d'artifice,Fête Nationale du 14 juillet feux d’artifice,parvis de l’Hôtel de ville,PAMIERS,09100,09,parvis de l’Hôtel de ville 09100 PAMIERS,2027-07-13,2027-07-13,,,,,,
Jeux-sports,L'AriEgeoise,Espace François Mitterrand,TARASCON-SUR-ARIEGE,09400,09,Espace François Mitterrand 09400 TARASCON-SUR-ARIEGE,2027-06-27,2027-06-27,,,,,,
Vide-greniers,Vide-greniers,BOMPAS,BOMPAS,09400,09,BOMPAS 09400 BOMPAS,2027-07-14,2027-07-14,,,,,,
Feux d'artifice,Fête Nationale du 14 juillet feux d’artifice,,DAUMAZAN-SUR-ARIZE,09350,09, 09350 DAUMAZAN-SUR-ARIZE,2027-07-13,2027-07-13,,,,,,
Feux d'artifice,FETE NATIONALE ET FEU D’ARTIFICE,LA BASTIDE SUR L'HERS,LA BASTIDE-SUR-L'HERS,09600,09,LA BASTIDE SUR L'HERS 09600 LA BASTIDE-SUR-L'HERS,2027-07-13,2027-07-13,,,,,,
Fêtes locales,Fête de Lavelanet,village Lavelanet - 09300,LAVELANET,09300,09,village Lavelanet - 09300 09300 LAVELANET,2027-07-14,2027-07-14,,,,,,
Feux d'artifice,Fête nationale,09300 Lavelanet,LAVELANET,09300,09,09300 Lavelanet 09300 LAVELANET,2027-07-14,2027-07-14,,,,,,
Fêtes médiévales,Fêtes Historiques Mirepoix,MIREPOIX (09500) - Place Maréchal Leclerc,MIREPOIX,09500,09,MIREPOIX (09500) - Place Maréchal Leclerc 09500 MIREPOIX,2027-07-18,2027-07-18,,,,,,
Feux d'artifice,Fête Nationale du 14 juillet feux d’artifice,,SAVERDUN,09700,09, 09700 SAVERDUN,2027-07-14,2027-07-14,,,,,,
Feux d'artifice,Fête Nationale du 14 juillet feux d’artifice,,VARILHES,09120,09, 09120 VARILHES,2027-07-14,2027-07-14,,,,,,
Marchés de Producteurs,Drive fermier Bragelogne-Beauvoir,Drive fermier Bragelogne-Beauvoir 3 chemin de la Charme du Moulin 10340 Bragelogne-Beauvoir,BRAGELOGNE-BEAUVOIR,10340,10,Drive fermier Bragelogne-Beauvoir 3 chemin de la Charme du Moulin 10340 Bragelogne-Beauvoir 10340 BRAGELOGNE-BEAUVOIR,2026-07-24,2026-07-24,,,,,,
Marchés de Producteurs,Drive fermier Fouchères,Drive fermier Fouchères 8 rue du Paty 10260 Fouchères,FOUCHERES,10260,10,Drive fermier Fouchères 8 rue du Paty 10260 Fouchères 10260 FOUCHERES,2026-07-24,2026-07-24,,,,,,
Marchés,Marché alimentaire samedi matin,Place des Martyrs pour la Libération Romilly-sur-Seine,ROMILLY-SUR-SEINE,10100,10,Place des Martyrs pour la Libération Romilly-sur-Seine 10100 ROMILLY-SUR-SEINE,2026-07-25,2026-07-25,,,,,,
Marchés,le marché hebdomadaire,PLACE DE LA HALLE 10500 Brienne-le-Château,BRIENNE-LE-CHATEAU,10500,10,PLACE DE LA HALLE 10500 Brienne-le-Château 10500 BRIENNE-LE-CHATEAU,2026-07-23,2026-07-23,,,,,,
Marchés de Producteurs,Drive fermier Champ-sur-Barse,Drive fermier Champ-sur-Barse Ferme du Champ Roy rue Principale 10140 Champ-sur-Barse 10140 Champ-sur-Barse,CHAMP-SUR-BARSE,10140,10,Drive fermier Champ-sur-Barse Ferme du Champ Roy rue Principale 10140 Champ-sur-Barse 10140 Champ-sur-Barse 10140 CHAMP-SUR-BARSE,2026-07-24,2026-07-24,,,,,,
Marchés,marché Isle-Aumont,Terrain de football rue de la croix,ISLE-AUMONT,10800,10,Terrain de football rue de la croix 10800 ISLE-AUMONT,2026-07-24,2026-07-24,,,,,,
Marchés de Producteurs,Drive fermier St andre les vergers,"Drive fermier St andre les vergers Ferme Triaulaire, 16 avenue d'Echenilly 10120 Saint-André-les-Vergers",SAINT-ANDRE-LES-VERGERS,10120,10,"Drive fermier St andre les vergers Ferme Triaulaire, 16 avenue d'Echenilly 10120 Saint-André-les-Vergers 10120 SAINT-ANDRE-LES-VERGERS",2026-07-24,2026-07-24,,,,,,
Bals Danses,Dancing le Galaxy,Dancing le Galaxy 3 chemin de Courteron 10250 Plaines Saint Lange,PLAINES-SAINT-LANGE,10250,10,Dancing le Galaxy 3 chemin de Courteron 10250 Plaines Saint Lange 10250 PLAINES-SAINT-LANGE,2026-07-26,2026-07-26,,,,,,
Marchés,Marché Hebdomadaire,Place de l'Hôtel de ville 10200 Bar-sur-Aube,BAR-SUR-AUBE,10200,10,Place de l'Hôtel de ville 10200 Bar-sur-Aube 10200 BAR-SUR-AUBE,2026-07-25,2026-07-25,,,,,,
Fêtes locales,Fête de Turgy,Château de Turgy Turgy Aube Grand Est,TURGY,10210,10,Château de Turgy Turgy Aube Grand Est 10210 TURGY,2026-07-25,2026-07-25,,,,,,
Concerts,BIOHAZARD,,BOUY-LUXEMBOURG,10220,10, 10220 BOUY-LUXEMBOURG,2026-08-02,2026-08-02,,,,,,
Fêtes médiévales,Fête médiévale d'Ervy,centre bourg,ERVY-LE-CHATEL,10130,10,centre bourg 10130 ERVY-LE-CHATEL,2026-08-01,2026-08-01,,,,,,
Sorties,Rendez-vous mensuel de l’Aube,Université de Technologie de Troyes,ROSIERES-PRES-TROYES,10430,10,Université de Technologie de Troyes 10430 ROSIERES-PRES-TROYES,2026-08-03,2026-08-03,,,,,,
Marchés,Marché de producteurs des allées Jules Guesdes/Jean Macé,2 bis rue Jeanne d'Arc,TROYES,10000,10,2 bis rue Jeanne d'Arc 10000 TROYES,2026-08-06,2026-08-06,,,,,,
Fêtes locales,Fête du Port de Dienville,Plage du Port de Dienville,DIENVILLE,10500,10,Plage du Port de Dienville 10500 DIENVILLE,2026-08-15,2026-08-15,,,,,,
Vide-greniers,Vide grenier d'Essoyes (10-Aube),Au Parc du Château (centre du village),ESSOYES,10360,10,Au Parc du Château (centre du village) 10360 ESSOYES,2026-08-02,2026-08-02,,,,,,
Vide-greniers,Vide-greniers et marché aux puces,,MONTAULIN,10270,10, 10270 MONTAULIN,2026-08-15,2026-08-15,,,,,,
Vide-greniers,Vide-greniers et marché aux puces,,TORCY-LE-GRAND,10700,10, 10700 TORCY-LE-GRAND,2026-08-15,2026-08-15,,,,,,
Vide-greniers,Vide-Greniers,Parc des sports 10120 Saint-Germain,SAINT-GERMAIN,10120,10,Parc des sports 10120 Saint-Germain 10120 SAINT-GERMAIN,2026-08-23,2026-08-23,,,,,,
Vide-greniers,Vide-Grenier,Autour du stade d'Ervy,ERVY-LE-CHATEL,10130,10,Autour du stade d'Ervy 10130 ERVY-LE-CHATEL,2026-08-15,2026-08-15,,,,,,
Fêtes médiévales,Fête médiévale d'Avalleur,"Commanderie d'Avalleur, Avalleur",BAR-SUR-SEINE,10110,10,"Commanderie d'Avalleur, Avalleur 10110 BAR-SUR-SEINE",2026-09-08,2026-09-08,,,,,,
Vide-greniers,Vide greniers,village 10110 Bar-sur-Seine,BAR-SUR-SEINE,10110,10,village 10110 Bar-sur-Seine 10110 BAR-SUR-SEINE,2026-09-06,2026-09-06,,,,,,
Concerts,THE LIVING TOMBSTONE,,BOUY-LUXEMBOURG,10220,10, 10220 BOUY-LUXEMBOURG,2026-09-11,2026-09-11,,,,,,
Concerts,ELMER FOOD BEAT,,TROYES,10000,10, 10000 TROYES,2026-09-25,2026-09-25,,,,,,
Journées du patrimoine,Visites guidées de la collégiale Notre-Dame-de-l’Assomption,"Eglise collégiale Notre-Dame 2 Rue de l'Église, 10190 Villemaur-sur-Vanne",VILLEMAUR-SUR-VANNE,10190,10,"Eglise collégiale Notre-Dame 2 Rue de l'Église, 10190 Villemaur-sur-Vanne 10190 VILLEMAUR-SUR-VANNE",2026-09-19,2026-09-19,,,,,,
Foires,Foire à la Choucroute,Brienne-le-Château Rue de l'Ecole Militaire 10500 Brienne-le-Château Aube,BRIENNE-LE-CHATEAU,10500,10,Brienne-le-Château Rue de l'Ecole Militaire 10500 Brienne-le-Château Aube 10500 BRIENNE-LE-CHATEAU,2026-09-19,2026-09-19,,,,,,
Concerts,CALOGERO,,TROYES,10000,10, 10000 TROYES,2026-09-23,2026-09-23,,,,,,
Concerts,THE MAINE,,BOUY-LUXEMBOURG,10220,10, 10220 BOUY-LUXEMBOURG,2026-09-20,2026-09-20,,,,,,
Concerts,Calogero,,TROYES,10000,10, 10000 TROYES,2026-09-23,2026-09-23,,,,,,
Parc,Nigloland - billet bon plan,,DOLANCOURT,10200,10, 10200 DOLANCOURT,2026-09-27,2026-09-27,,,,,,
Journées du patrimoine,Fête du cidre,plan d’eau de Villemaur-sur-Vanne.,VILLEMAUR-SUR-VANNE,10190,10,plan d’eau de Villemaur-sur-Vanne. 10190 VILLEMAUR-SUR-VANNE,2026-09-27,2026-09-27,,,,,,
Humour et one (wo)man show,Meryem benoua,,FONTAINE,10200,10, 10200 FONTAINE,2026-10-02,2026-10-02,,,,,,
Festivals,47Ter + Lujipeka,,TROYES,10000,10, 10000 TROYES,2026-10-17,2026-10-17,,,,,,
Concerts,LAKE STREET DIVE,,BOUY-LUXEMBOURG,10220,10, 10220 BOUY-LUXEMBOURG,2026-10-14,2026-10-14,,,,,,
Foires,Foire aux oignons,Village Chavanges,CHAVANGES,10330,10,Village Chavanges 10330 CHAVANGES,2026-10-10,2026-10-10,,,,,,
Festivals,Charlie Winston,,TROYES,10000,10, 10000 TROYES,2026-10-18,2026-10-18,,,,,,
Festivals,47ter + lujipeka,,TROYES,10000,10, 10000 TROYES,2026-10-17,2026-10-17,,,,,,
Festivals,Charlie winston,,TROYES,10000,10, 10000 TROYES,2026-10-18,2026-10-18,,,,,,
Théatres,Les femmes ont toujours raison,,TROYES,10000,10, 10000 TROYES,2026-10-02,2026-10-02,,,,,,
Foires,Foire de Méry,,MERY-SUR-SEINE,10170,10, 10170 MERY-SUR-SEINE,2026-10-11,2026-10-11,,,,,,
Spectacles,MERYEM BENOUA,,FONTAINE,10200,10, 10200 FONTAINE,2026-10-02,2026-10-02,,,,,,
Concerts,Nono La Grinta,,BOUY-LUXEMBOURG,10220,10, 10220 BOUY-LUXEMBOURG,2026-10-17,2026-10-17,,,,,,
Festivals,FFF,,TROYES,10000,10, 10000 TROYES,2026-10-19,2026-10-19,,,,,,
Festivals,HF Thiéfaine,,TROYES,10000,10, 10000 TROYES,2026-10-19,2026-10-19,,,,,,
Festivals,Renan luce,,TROYES,10000,10, 10000 TROYES,2026-10-19,2026-10-19,,,,,,
Festivals,Fff,,TROYES,10000,10, 10000 TROYES,2026-10-19,2026-10-19,,,,,,
Festivals,Renan Luce,,TROYES,10000,10, 10000 TROYES,2026-10-19,2026-10-19,,,,,,
Festivals,Laurent Voulzy,,TROYES,10000,10, 10000 TROYES,2026-10-19,2026-10-19,,,,,,
Festivals,Laurent voulzy,,TROYES,10000,10, 10000 TROYES,2026-10-19,2026-10-19,,,,,,
Festivals,Ensemble,,TROYES,10000,10, 10000 TROYES,2026-10-20,2026-10-20,,,,,,
Festivals,Pink Martini,,TROYES,10000,10, 10000 TROYES,2026-10-20,2026-10-20,,,,,,
Festivals,Hubert felix thiefaine,,TROYES,10000,10, 10000 TROYES,2026-10-19,2026-10-19,,,,,,
Concerts,PICTURE THIS,,BOUY-LUXEMBOURG,10220,10, 10220 BOUY-LUXEMBOURG,2026-10-22,2026-10-22,,,,,,
Festivals,GAUVAIN SERS,,TROYES,10000,10, 10000 TROYES,2026-10-21,2026-10-21,,,,,,
Festivals,Pink martini,,TROYES,10000,10, 10000 TROYES,2026-10-20,2026-10-20,,,,,,
Festivals,DELUXE,,TROYES,10000,10, 10000 TROYES,2026-10-22,2026-10-22,,,,,,
Festivals,Suzane,,TROYES,10000,10, 10000 TROYES,2026-10-21,2026-10-21,,,,,,
Festivals,Benjamin Biolay,,TROYES,10000,10, 10000 TROYES,2026-10-22,2026-10-22,,,,,,
Festivals,ElectriK GEM,,TROYES,10000,10, 10000 TROYES,2026-10-22,2026-10-22,,,,,,
Festivals,Deluxe,,TROYES,10000,10, 10000 TROYES,2026-10-22,2026-10-22,,,,,,
Festivals,Benjamin biolay,,TROYES,10000,10, 10000 TROYES,2026-10-22,2026-10-22,,,,,,
Festivals,Electrik gem,,TROYES,10000,10, 10000 TROYES,2026-10-22,2026-10-22,,,,,,
Festivals,VLADIMIR CAUCHEMAR + ETIENNE DE CRÉCY + SYNAPSON,,TROYES,10000,10, 10000 TROYES,2026-10-24,2026-10-24,,,,,,
Festivals,LE GRAND CHORAL,,TROYES,10000,10, 10000 TROYES,2026-10-24,2026-10-24,,,,,,
Festivals,Le grand choral,,TROYES,10000,10, 10000 TROYES,2026-10-23,2026-10-23,,,,,,
Festivals,Luiza + mentissa,,TROYES,10000,10, 10000 TROYES,2026-10-23,2026-10-23,,,,,,
Festivals,SINCLAIR,,TROYES,10000,10, 10000 TROYES,2026-10-24,2026-10-24,,,,,,
Festivals,LUIZA + MENTISSA,,TROYES,10000,10, 10000 TROYES,2026-10-23,2026-10-23,,,,,,
Festivals,Vladimir cauchemar + etienne de crecy,,TROYES,10000,10, 10000 TROYES,2026-10-24,2026-10-24,,,,,,
Festivals,Sinclair,,TROYES,10000,10, 10000 TROYES,2026-10-24,2026-10-24,,,,,,
Marchés de créateurs,MARCHE MONASTIQUE DE CLAIRVAUX,ABBAYE CISTERCIENNE DE CLAIRVAUX 10310 VILLE-SOUS-LA-FERTÉ,VILLE-SOUS-LA-FERTE,10310,10,ABBAYE CISTERCIENNE DE CLAIRVAUX 10310 VILLE-SOUS-LA-FERTÉ 10310 VILLE-SOUS-LA-FERTE,2026-11-11,2026-11-11,,,,,,
Spectacles,VERINO,,TROYES,10000,10, 10000 TROYES,2026-11-12,2026-11-12,,,,,,
Parc,Nigloland - billet liberte,,DOLANCOURT,10200,10, 10200 DOLANCOURT,2026-11-11,2026-11-11,,,,,,
Concerts,Verino,,TROYES,10000,10, 10000 TROYES,2026-11-12,2026-11-12,,,,,,
Parc,Nigloland - pass saison liberte,,DOLANCOURT,10200,10, 10200 DOLANCOURT,2026-11-11,2026-11-11,,,,,,
Concerts,Ultra Vomit,,TROYES,10000,10, 10000 TROYES,2026-11-06,2026-11-06,,,,,,
Concerts,David hallyday,,TROYES,10000,10, 10000 TROYES,2026-11-20,2026-11-20,,,,,,
Salons,Grand Salon du Marige de l'Aube,,TROYES,10000,10, 10000 TROYES,2026-11-14,2026-11-15,,,,,,
Humour et one (wo)man show,Sellig,,TROYES,10000,10, 10000 TROYES,2026-11-21,2026-11-21,,,,,,
Concerts,NeS,,BOUY-LUXEMBOURG,10220,10, 10220 BOUY-LUXEMBOURG,2026-11-21,2026-11-21,,,,,,
Spectacles,SELLIG,,TROYES,10000,10, 10000 TROYES,2026-11-21,2026-11-21,,,,,,
Concerts,DAVID HALLYDAY,,TROYES,10000,10, 10000 TROYES,2026-11-20,2026-11-20,,,,,,
Concerts,JEAN MARC SAUVAGNARGUES,,TROYES,10000,10, 10000 TROYES,2026-11-25,2026-11-25,,,,,,
Concerts,With u2 day,,TROYES,10000,10, 10000 TROYES,2026-11-22,2026-11-22,,,,,,
Foires,Foire Sainte Catherine,Foire Sainte Catherine 10190 Estissac,ESTISSAC,10190,10,Foire Sainte Catherine 10190 Estissac 10190 ESTISSAC,2026-11-22,2026-11-22,,,,,,
Concerts,WITH U2 DAY,,TROYES,10000,10, 10000 TROYES,2026-11-22,2026-11-22,,,,,,
Humour et one (wo)man show,Jose cruz,,ROMILLY-SUR-SEINE,10100,10, 10100 ROMILLY-SUR-SEINE,2026-11-27,2026-11-27,,,,,,
Concerts,Eloïz,,TROYES,10000,10, 10000 TROYES,2026-11-27,2026-11-27,,,,,,
Concerts,Balavoine ma bataille,,TROYES,10000,10, 10000 TROYES,2026-11-27,2026-11-27,,,,,,
Spectacle et comedie musicale,Le sapin des comptines,,ROMILLY-SUR-SEINE,10100,10, 10100 ROMILLY-SUR-SEINE,2026-12-02,2026-12-02,,,,,,
Concerts,BALAVOINE MA BATAILLE,,TROYES,10000,10, 10000 TROYES,2026-11-27,2026-11-27,,,,,,
Marchés de Noël,&#127877; Marché de Noël,parvis de l'hôtel de ville de Romilly sur Seine (10),ROMILLY-SUR-SEINE,10100,10,parvis de l'hôtel de ville de Romilly sur Seine (10) 10100 ROMILLY-SUR-SEINE,2026-12-05,2026-12-05,,,,,,
Concerts,GAROU,,TROYES,10000,10, 10000 TROYES,2026-12-09,2026-12-09,,,,,,
Humour et one (wo)man show,Philippe caveriviere,,TROYES,10000,10, 10000 TROYES,2026-12-11,2026-12-11,,,,,,
Concerts,ZIMMER90,,BOUY-LUXEMBOURG,10220,10, 10220 BOUY-LUXEMBOURG,2026-11-30,2026-11-30,,,,,,
Concerts,"Garou ""solo""",,TROYES,10000,10, 10000 TROYES,2026-12-09,2026-12-09,,,,,,
Marchés de Noël,Marché de Noël,village 10110 Bar-sur-Seine,BAR-SUR-SEINE,10110,10,village 10110 Bar-sur-Seine 10110 BAR-SUR-SEINE,2026-12-06,2026-12-06,,,,,,
Concerts,LES ANNEES 80,,TROYES,10000,10, 10000 TROYES,2026-12-11,2026-12-11,,,,,,
Humour et one (wo)man show,Laurent gerra,,TROYES,10000,10, 10000 TROYES,2026-12-12,2026-12-12,,,,,,
Concerts,"Les annees 80, la tournee",,TROYES,10000,10, 10000 TROYES,2026-12-11,2026-12-11,,,,,,
Spectacles,LAURENT GERRA,,TROYES,10000,10, 10000 TROYES,2026-12-12,2026-12-12,,,,,,
Marchés de Noël,Marché de Noël,parvis de l'hôtel de ville de Romilly sur Seine (10),ROMILLY-SUR-SEINE,10100,10,parvis de l'hôtel de ville de Romilly sur Seine (10) 10100 ROMILLY-SUR-SEINE,2026-12-12,2026-12-12,,,,,,
Spectacles,PHILIPPE CAVERIVIERE,,TROYES,10000,10, 10000 TROYES,2026-12-11,2026-12-11,,,,,,
Concerts,The Music of Hans Zimmer &amp; Others,,TROYES,10000,10, 10000 TROYES,2026-12-20,2026-12-20,,,,,,
Concerts,SUPERBUS,,TROYES,10000,10, 10000 TROYES,2026-12-18,2026-12-18,,,,,,
Concerts,Superbus,,TROYES,10000,10, 10000 TROYES,2026-12-18,2026-12-18,,,,,,
Concerts,Le seigneur des anneaux & le hobbit,,TROYES,10000,10, 10000 TROYES,2026-12-20,2026-12-20,,,,,,
Danse,Les quatre saisons - ballet,,TROYES,10000,10, 10000 TROYES,2027-01-06,2027-01-06,,,,,,
Concerts,The music of hans zimmer & others,,TROYES,10000,10, 10000 TROYES,2026-12-20,2026-12-20,,,,,,
Marchés de Noël,Marché de Noel,Marché de Noël 10130 Auxon,AUXON,10130,10,Marché de Noël 10130 Auxon 10130 AUXON,2026-12-19,2026-12-19,,,,,,
Concerts,Le Seigneur des Anneaux &amp; le Hobbit,,TROYES,10000,10, 10000 TROYES,2026-12-20,2026-12-20,,,,,,
Concerts,LIVEPLAY - MUSIC OF THE SPHERES,,TROYES,10000,10, 10000 TROYES,2027-01-08,2027-01-08,,,,,,
Spectacles,Madagascar : Une Aventure Musicale,Théâtre de Champagne Boulevard Gambetta 10000 TROYES,TROYES,10000,10,Théâtre de Champagne Boulevard Gambetta 10000 TROYES 10000 TROYES,2027-01-09,2027-04-04,,,,,,
Concerts,Liveplay - music of the spheres,,TROYES,10000,10, 10000 TROYES,2027-01-08,2027-01-08,,,,,,
Concerts,GENERATION CELINE,,TROYES,10000,10, 10000 TROYES,2027-01-20,2027-01-20,,,,,,
Concerts,Generation celine,,TROYES,10000,10, 10000 TROYES,2027-01-20,2027-01-20,,,,,,
Humour et one (wo)man show,Booder,,TROYES,10000,10, 10000 TROYES,2027-01-21,2027-01-21,,,,,,
Spectacles,LES ETOILES DU CIRQUE DE PEKIN - ODYSSEE,,TROYES,10000,10, 10000 TROYES,2027-01-22,2027-01-22,,,,,,
Spectacles,BOODER,,TROYES,10000,10, 10000 TROYES,2027-01-21,2027-01-21,,,,,,
Spectacle et comedie musicale,Madagascar une aventure musicale,,TROYES,10000,10, 10000 TROYES,2027-02-14,2027-02-14,,,,,,
Spectacles,VÉRONIC DICAIRE,,TROYES,10000,10, 10000 TROYES,2027-01-30,2027-01-30,,,,,,
Concerts,JEAN BAPTISTE GUEGAN,,TROYES,10000,10, 10000 TROYES,2027-02-03,2027-02-03,,,,,,
Cirques,Les etoiles du cirque de pekin - odyssee,,TROYES,10000,10, 10000 TROYES,2027-01-22,2027-01-22,,,,,,
Concerts,DE MICHEL BERGER A FRANCE GALL - TRIBUTE,,TROYES,10000,10, 10000 TROYES,2027-01-29,2027-01-29,,,,,,
Humour et one (wo)man show,Veronic dicaire,,TROYES,10000,10, 10000 TROYES,2027-01-30,2027-01-30,,,,,,
Concerts,Keen'v,,TROYES,10000,10, 10000 TROYES,2027-02-06,2027-02-06,,,,,,
Concerts,KEEN'V,,TROYES,10000,10, 10000 TROYES,2027-02-06,2027-02-06,,,,,,
Spectacles,MADAGASCAR,,TROYES,10000,10, 10000 TROYES,2027-02-14,2027-02-14,,,,,,
Concerts,Festival mondial de la magie,,TROYES,10000,10, 10000 TROYES,2027-02-14,2027-02-14,,,,,,
Spectacle et comedie musicale,Les 5 sens de bonhomme de couleurs,,ROMILLY-SUR-SEINE,10100,10, 10100 ROMILLY-SUR-SEINE,2027-03-24,2027-03-24,,,,,,
Concerts,Hiba tawaji invite ibrahim maalouf,,TROYES,10000,10, 10000 TROYES,2027-03-14,2027-03-14,,,,,,
"Randonnées, Trail ou Running",Course La Panadière,Etang de Villemaur-sur-Vanne 10160 Aix-Villemaur-Pâlis,VILLEMAUR-SUR-VANNE,10160,10,Etang de Villemaur-sur-Vanne 10160 Aix-Villemaur-Pâlis 10160 VILLEMAUR-SUR-VANNE,2027-03-21,2027-03-21,,,,,,
Humour et one (wo)man show,Arnaud tsamere,,TROYES,10000,10, 10000 TROYES,2027-03-25,2027-03-25,,,,,,
Foires,Foire de Pâques,VILLENAUXE LA GRANDE,VILLENAUXE-LA-GRANDE,10370,10,VILLENAUXE LA GRANDE 10370 VILLENAUXE-LA-GRANDE,2027-03-28,2027-03-28,,,,,,
Spectacle et comedie musicale,La petite casserole d'anatole,,ROMILLY-SUR-SEINE,10100,10, 10100 ROMILLY-SUR-SEINE,2027-03-24,2027-03-24,,,,,,
Spectacles,ARNAUD TSAMERE,,TROYES,10000,10, 10000 TROYES,2027-03-25,2027-03-25,,,,,,
Humour et one (wo)man show,Michele laroque et kad merad,,TROYES,10000,10, 10000 TROYES,2027-04-09,2027-04-09,,,,,,
Humour et one (wo)man show,Pablo mira,,TROYES,10000,10, 10000 TROYES,2027-04-02,2027-04-02,,,,,,
Spectacles,Je n'aime pas le classique mais avec Alex Vizorek j'aime bien,,TROYES,10000,10, 10000 TROYES,2027-04-07,2027-04-07,,,,,,
Humour et one (wo)man show,Moguiz,,TROYES,10000,10, 10000 TROYES,2027-04-08,2027-04-08,,,,,,
Spectacles,MOGUIZ,,TROYES,10000,10, 10000 TROYES,2027-04-08,2027-04-08,,,,,,
Humour et one (wo)man show,Nino arial,,TROYES,10000,10, 10000 TROYES,2027-04-10,2027-04-10,,,,,,
Théatres,MICHÈLE LAROQUE ET KAD MERAD,,TROYES,10000,10, 10000 TROYES,2027-04-09,2027-04-09,,,,,,
Spectacles,NINO ARIAL,,TROYES,10000,10, 10000 TROYES,2027-04-10,2027-04-10,,,,,,
Spectacles,PABLO MIRA,,TROYES,10000,10, 10000 TROYES,2027-04-02,2027-04-02,,,,,,
Vide-greniers,Vide grenier,Champ chardon,ROMILLY-SUR-SEINE,10100,10,Champ chardon 10100 ROMILLY-SUR-SEINE,2027-04-18,2027-04-18,,,,,,
Concerts,CALI,,TROYES,10000,10, 10000 TROYES,2027-04-23,2027-04-23,,,,,,
Bourses,Multi collection,,FRESNOY-LE-CHATEAU,10270,10, 10270 FRESNOY-LE-CHATEAU,2027-05-01,2027-05-01,,,,,,
Vide-greniers,Vide-greniers et marché aux puces,,LES NOES-PRES-TROYES,10420,10, 10420 LES NOES-PRES-TROYES,2027-05-01,2027-05-01,,,,,,
Fêtes locales,Fete patronale et vide-greniers,10094 Chavanges,CHAVANGES,10094,10,10094 Chavanges 10094 CHAVANGES,2027-04-25,2027-04-25,,,,,,
Vide-greniers,Vide-greniers et marché aux puces,,VAUCHONVILLIERS,10140,10, 10140 VAUCHONVILLIERS,2027-05-01,2027-05-01,,,,,,
Concerts,LES FATALS PICARDS,,TROYES,10000,10, 10000 TROYES,2027-05-21,2027-05-21,,,,,,
Spectacles,THE WORLD OF QUEEN,,TROYES,10000,10, 10000 TROYES,2027-05-28,2027-05-28,,,,,,
Vide-greniers,Vide-greniers et marché aux puces,,VAUCHASSIS,10190,10, 10190 VAUCHASSIS,2027-05-01,2027-05-01,,,,,,
Vide-greniers,VIDE-GRENIERS,Village Aix en Othe,AIX-EN-OTHE,10160,10,Village Aix en Othe 10160 AIX-EN-OTHE,2027-05-03,2027-05-03,,,,,,
Concerts,The world of queen,,TROYES,10000,10, 10000 TROYES,2027-05-28,2027-05-28,,,,,,
Foires,La Foire de l’Ascension,village 10380 Plancy-l'Abbaye,PLANCY-L'ABBAYE,10380,10,village 10380 Plancy-l'Abbaye 10380 PLANCY-L'ABBAYE,2027-05-14,2027-05-14,,,,,,
Spectacles,MESSMER - 13Hz,,TROYES,10000,10, 10000 TROYES,2027-06-03,2027-06-03,,,,,,
Spectacles,GEREMY CREDEVILLE,,TROYES,10000,10, 10000 TROYES,2027-11-27,2027-11-27,,,,,,
Spectacle et comedie musicale,Messmer - 13hz,,TROYES,10000,10, 10000 TROYES,2027-06-03,2027-06-03,,,,,,
Vide-greniers,Vide-Grenier,derrière le local de l'association Vivre à Maugout,SAINT-ANDRE-LES-VERGERS,10120,10,derrière le local de l'association Vivre à Maugout 10120 SAINT-ANDRE-LES-VERGERS,2027-07-14,2027-07-14,,,,,,
Humour et one (wo)man show,Geremy credeville,,TROYES,10000,10, 10000 TROYES,2027-11-27,2027-11-27,,,,,,
Concerts,Goldmen - concert best of goldman,,TROYES,10000,10, 10000 TROYES,2028-01-30,2028-01-30,,,,,,
Loisirs et tourisme,Chateau de la motte-tilly,,LA MOTTE-TILLY,10400,10, 10400 LA MOTTE-TILLY,2027-12-31,2027-12-31,,,,,,
Concerts,GOLDMEN - CONCERT BEST OF GOLDMAN,,TROYES,10000,10, 10000 TROYES,2028-01-30,2028-01-30,,,,,,
Vide-greniers,Vide-Grenier,Au lavoir sous les promenades,SAINT-MARDS-EN-OTHE,10160,10,Au lavoir sous les promenades 10160 SAINT-MARDS-EN-OTHE,2027-07-14,2027-07-14,,,,,,
Marchés,Le Marché du Mardi,Place des cèdres Brousses-et-Villaret - 11390,BROUSSES-ET-VILLARET,11390,11,Place des cèdres Brousses-et-Villaret - 11390 11390 BROUSSES-ET-VILLARET,2026-07-21,2026-07-21,,,,,,
Marchés d'été,Marché estival,PLACE CARNOT Ouveillan - 11590,OUVEILLAN,11590,11,PLACE CARNOT Ouveillan - 11590 11590 OUVEILLAN,2026-07-21,2026-07-21,,,,,,
Marchés,Jour du marché hebdomadaire,esplanade de l’Europe 11160 Caunes-Minervois,CAUNES-MINERVOIS,11160,11,esplanade de l’Europe 11160 Caunes-Minervois 11160 CAUNES-MINERVOIS,2026-07-21,2026-07-21,,,,,,
Marchés de Producteurs,Marché de producteurs,SOUS LA HALLE DE LA DISTILLERIE 11220 SAINT-LAURENT-DE-LA-CABRERISSE,SAINT-LAURENT-DE-LA-CABRERISSE,11220,11,SOUS LA HALLE DE LA DISTILLERIE 11220 SAINT-LAURENT-DE-LA-CABRERISSE 11220 SAINT-LAURENT-DE-LA-CABRERISSE,2026-07-21,2026-07-21,,,,,,
Marchés aux puces,marché aux fripes,place Voltaire Narbonne - 11100,NARBONNE,11100,11,place Voltaire Narbonne - 11100 11100 NARBONNE,2026-07-21,2026-07-21,,,,,,
Marchés,Les Marchés : Place Carnot,Place Carnot,CARCASSONNE,11000,11,Place Carnot 11000 CARCASSONNE,2026-07-21,2026-07-21,,,,,,
Festivals,Helena,,CARCASSONNE,11000,11, 11000 CARCASSONNE,2026-07-21,2026-07-21,,,,,,
Concerts,HELENA,,CARCASSONNE,11000,11, 11000 CARCASSONNE,2026-07-21,2026-07-21,,,,,,
Marchés nocturnes,Marché Nocturne Chaque Mardi,Place de la République,LIMOUX,11300,11,Place de la République 11300 LIMOUX,2026-07-21,2026-07-21,,,,,,
Marchés,Le Marché Hebdomadaire,"Place de la République, 11350 Paziols, France",PAZIOLS,11350,11,"Place de la République, 11350 Paziols, France 11350 PAZIOLS",2026-07-21,2026-07-21,,,,,,
Concerts,TOM ODELL,,CARCASSONNE,11000,11, 11000 CARCASSONNE,2026-07-22,2026-07-22,,,,,,
Sorties,LES MARDIS DE VILLENEUVE,Village Villeneuve-Minervois - 11160,VILLENEUVE-MINERVOIS,11160,11,Village Villeneuve-Minervois - 11160 11160 VILLENEUVE-MINERVOIS,2026-07-21,2026-07-21,,,,,,
Concerts,BOOBA,,CARCASSONNE,11000,11, 11000 CARCASSONNE,2026-07-23,2026-07-23,,,,,,
Festivals,Tom odell,,CARCASSONNE,11000,11, 11000 CARCASSONNE,2026-07-22,2026-07-22,,,,,,
Marchés,Les Halles Prosper Montagné,Les Halles Prosper Montagné,CARCASSONNE,11000,11,Les Halles Prosper Montagné 11000 CARCASSONNE,2026-07-23,2026-07-23,,,,,,
Marchés,Le marché du mercredi,autour du périmètre de la mairie 11200 Lézignan-Corbières,LEZIGNAN-CORBIERES,11200,11,autour du périmètre de la mairie 11200 Lézignan-Corbières 11200 LEZIGNAN-CORBIERES,2026-07-22,2026-07-22,,,,,,
Marchés,MARCHÉ DE PLEIN-VENT,"sur la Place Carnot, la Place de la République et l’Avenue du Général de Gaulle, 11150 Bram",BRAM,11150,11,"sur la Place Carnot, la Place de la République et l’Avenue du Général de Gaulle, 11150 Bram 11150 BRAM",2026-07-22,2026-07-22,,,,,,
Marchés de Producteurs,Le p’tit marché du mercredi,place du Languedoc Thézan-des-Corbières,THEZAN-DES-CORBIERES,11200,11,place du Languedoc Thézan-des-Corbières 11200 THEZAN-DES-CORBIERES,2026-07-22,2026-07-22,,,,,,
Marchés,Le jour de marché hebdomadaire,11700 La Redorte Louis Liabot,LA REDORTE,11700,11,11700 La Redorte Louis Liabot 11700 LA REDORTE,2026-07-22,2026-07-22,,,,,,
Sorties,COUIZA – RENDEZ-VOUS GOURMAND,Parc Municipal,COUIZA,11190,11,Parc Municipal 11190 COUIZA,2026-07-23,2026-07-23,,,,,,
Marchés,Marché,,FONTIERS-CABARDES,11310,11, 11310 FONTIERS-CABARDES,2026-07-23,2026-07-23,,,,,,
Marchés,Jour du marché jeudi,esplanade de l’Europe 11160 Caunes-Minervois,CAUNES-MINERVOIS,11160,11,esplanade de l’Europe 11160 Caunes-Minervois 11160 CAUNES-MINERVOIS,2026-07-23,2026-07-23,,,,,,
Festivals,Booba,,CARCASSONNE,11000,11, 11000 CARCASSONNE,2026-07-23,2026-07-23,,,,,,
Marchés,Jour du marché en semaine,"Place du village, PLACE de la REPUBLIQUE",ESPERAZA,11260,11,"Place du village, PLACE de la REPUBLIQUE 11260 ESPERAZA",2026-07-23,2026-07-23,,,,,,
Concerts,GAETAN ROUSSEL,,CARCASSONNE,11000,11, 11000 CARCASSONNE,2026-07-24,2026-07-24,,,,,,
Marchés nocturnes,Marché nocturne animé,,ALZONNE,11170,11, 11170 ALZONNE,2026-07-24,2026-07-24,,,,,,
Marchés d'été,MARCHÉ HEBDOMADAIRE,aire de repos Laroque-de-Fa - 11330,LAROQUE-DE-FA,11330,11,aire de repos Laroque-de-Fa - 11330 11330 LAROQUE-DE-FA,2026-07-24,2026-07-24,,,,,,
Festivals,Gaetan roussel,,CARCASSONNE,11000,11, 11000 CARCASSONNE,2026-07-24,2026-07-24,,,,,,
Lotos Quines et Rifles,Loto associatif vendredi,"1, Rue Jean-baptiste Perrin Castelnaudary Aude 11",CASTELNAUDARY,11400,11,"1, Rue Jean-baptiste Perrin Castelnaudary Aude 11 11400 CASTELNAUDARY",2026-07-24,2026-07-24,,,,,,
Marchés,Jours de marché,PLACE CARNOT Ouveillan - 11590,OUVEILLAN,11590,11,PLACE CARNOT Ouveillan - 11590 11590 OUVEILLAN,2026-07-24,2026-07-24,,,,,,
Marchés,Les Marchés : le samedi,Boulevard Commandant Roumens,CARCASSONNE,11000,11,Boulevard Commandant Roumens 11000 CARCASSONNE,2026-07-25,2026-07-25,,,,,,
Concerts,ALONZO / BOUSS,,CARCASSONNE,11000,11, 11000 CARCASSONNE,2026-07-25,2026-07-25,,,,,,
Marchés de Producteurs,MARCHÉ DES PRODUCTEURS LOCAUX,la Place de la République à Bram 11150 Bram,BRAM,11150,11,la Place de la République à Bram 11150 Bram 11150 BRAM,2026-07-26,2026-07-26,,,,,,
Festivals,Alonzo / bouss,,CARCASSONNE,11000,11, 11000 CARCASSONNE,2026-07-25,2026-07-25,,,,,,
Marchés,MARCHÉ HEBDOMADAIRE,Place de la Halle Lagrasse - 11220,LAGRASSE,11220,11,Place de la Halle Lagrasse - 11220 11220 LAGRASSE,2026-07-25,2026-07-25,,,,,,
Vide-greniers,Coursan Vide greniers tous les samedis et dimanches,Coursan 11 - Aude Route de Cuxac,COURSAN,11110,11,Coursan 11 - Aude Route de Cuxac 11110 COURSAN,2026-07-25,2026-07-25,,,,,,
Fêtes locales,La fête locale,Au village 11700 La Redorte,LA REDORTE,11700,11,Au village 11700 La Redorte 11700 LA REDORTE,2026-07-25,2026-07-25,,,,,,
Marchés,Jour du marché le weekend,esplanade de l’Europe 11160 Caunes-Minervois,CAUNES-MINERVOIS,11160,11,esplanade de l’Europe 11160 Caunes-Minervois 11160 CAUNES-MINERVOIS,2026-07-25,2026-07-25,,,,,,
Fêtes,17ème Fête d'Antan,"Place Guilhem Bélibaste,",CUBIERES-SUR-CINOBLE,11190,11,"Place Guilhem Bélibaste, 11190 CUBIERES-SUR-CINOBLE",2026-07-25,2026-07-26,,,,,,
Vide-greniers,COURSAN VIDE GRENIERS TOUS LES SAMEDIS ET DIMANCHES,Coursan 11 - Aude Route de Cuxac,COURSAN,11110,11,Coursan 11 - Aude Route de Cuxac 11110 COURSAN,2026-07-26,2026-07-26,,,,,,
Concerts,Carillon,église Saint Vincent de Carcassonne,CARCASSONNE,11000,11,église Saint Vincent de Carcassonne 11000 CARCASSONNE,2026-07-26,2026-07-26,,,,,,
Lotos Quines et Rifles,Loto &#128197;,Salle jeu de paume,CUXAC-D'AUDE,11590,11,Salle jeu de paume 11590 CUXAC-D'AUDE,2026-07-26,2026-07-26,,,,,,
Lotos Quines et Rifles,Loto associatif le weekend,"1, Rue Jean-baptiste Perrin Castelnaudary Aude 11",CASTELNAUDARY,11400,11,"1, Rue Jean-baptiste Perrin Castelnaudary Aude 11 11400 CASTELNAUDARY",2026-07-26,2026-07-26,,,,,,
Vide-greniers,Vide greniers cause animale,Parking pirat parc Avenue des Noctambules 11430 Gruissan,GRUISSAN,11430,11,Parking pirat parc Avenue des Noctambules 11430 Gruissan 11430 GRUISSAN,2026-07-26,2026-07-26,,,,,,
Marchés,A la rencontre des produits locaux,"Place du village, PLACE de la REPUBLIQUE",ESPERAZA,11260,11,"Place du village, PLACE de la REPUBLIQUE 11260 ESPERAZA",2026-07-26,2026-07-26,,,,,,
Marchés de Producteurs,marché des producteurs,11120 Pouzols-Minervois,POUZOLS-MINERVOIS,11120,11,11120 Pouzols-Minervois 11120 POUZOLS-MINERVOIS,2026-07-26,2026-07-26,,,,,,
Vide-greniers,Vide-greniers associatif Banzaï,"Avenue de Bordeaux, en face de la station Dyneff Rue Justin Alavail 11100 Narbonne",NARBONNE,11100,11,"Avenue de Bordeaux, en face de la station Dyneff Rue Justin Alavail 11100 Narbonne 11100 NARBONNE",2026-07-26,2026-07-26,,,,,,
Marchés,Jour du marché weekend,"Place du village, PLACE de la REPUBLIQUE",ESPERAZA,11260,11,"Place du village, PLACE de la REPUBLIQUE 11260 ESPERAZA",2026-07-26,2026-07-26,,,,,,
Concerts,FRANZ FERDINAND,,CARCASSONNE,11000,11, 11000 CARCASSONNE,2026-07-27,2026-07-27,,,,,,
Marchés,marché de Saint-Nazaire d'Aude,rue du calvaire,SAINT-NAZAIRE-D'AUDE,11120,11,rue du calvaire 11120 SAINT-NAZAIRE-D'AUDE,2026-07-26,2026-07-26,,,,,,
Festivals,Sex pistols / les wampas (1 ere partie),,CARCASSONNE,11000,11, 11000 CARCASSONNE,2026-07-28,2026-07-28,,,,,,
Festivals,Franz ferdinand,,CARCASSONNE,11000,11, 11000 CARCASSONNE,2026-07-27,2026-07-27,,,,,,
Marchés,marché le dimanche,"Avenue Pierre Curie, le long de la Promenade du Canal du Midi",TREBES,11800,11,"Avenue Pierre Curie, le long de la Promenade du Canal du Midi 11800 TREBES",2026-07-26,2026-07-26,,,,,,
Concerts,SEX PISTOLS / LES WAMPAS (1ere PARTIE),,CARCASSONNE,11000,11, 11000 CARCASSONNE,2026-07-28,2026-07-28,,,,,,
Concerts,ASAF AVIDAN,,CARCASSONNE,11000,11, 11000 CARCASSONNE,2026-07-29,2026-07-29,,,,,,
Festivals,Asaf avidan,,CARCASSONNE,11000,11, 11000 CARCASSONNE,2026-07-29,2026-07-29,,,,,,
Concerts,ZAZ / CLAUDIO CAPEO,,CARCASSONNE,11000,11, 11000 CARCASSONNE,2026-07-30,2026-07-30,,,,,,
Festivals,Zaz / claudio capeo,,CARCASSONNE,11000,11, 11000 CARCASSONNE,2026-07-30,2026-07-30,,,,,,
Concerts,KOOL AND THE GANG,,CARCASSONNE,11000,11, 11000 CARCASSONNE,2026-07-31,2026-07-31,,,,,,
Festivals,Kool and the gang,,CARCASSONNE,11000,11, 11000 CARCASSONNE,2026-07-31,2026-07-31,,,,,,
Fêtes locales,Fête locale,Village Carlipa - 11170,CARLIPA,11170,11,Village Carlipa - 11170 11170 CARLIPA,2026-08-01,2026-08-01,,,,,,
Vide-greniers,Un marché et un vide-greniers tous les mois,Ville,MONTREAL,11290,11,Ville 11290 MONTREAL,2026-08-03,2026-08-03,,,,,,
Fêtes locales,Alzonne en Fête,parc municipal,ALZONNE,11170,11,parc municipal 11170 ALZONNE,2026-08-15,2026-08-15,,,,,,
Foires,COUIZA - L'AUDE A LA BIO,PARC MUNICIPAL,COUIZA,11190,11,PARC MUNICIPAL 11190 COUIZA,2026-08-01,2026-08-01,,,,,,
Brocantes,Limoux Brocante mensuelle,Limoux 11 - Aude Avenue fabre d'eglantine,LIMOUX,11300,11,Limoux 11 - Aude Avenue fabre d'eglantine 11300 LIMOUX,2026-08-03,2026-08-03,,,,,,
Messes,messe mensuelle,messe mensuelle,VILLENEUVE-LA-COMPTAL,11400,11,messe mensuelle 11400 VILLENEUVE-LA-COMPTAL,2026-08-01,2026-08-01,,,,,,
Vide-greniers,Vide-greniers et marché aux puces,,CONILHAC-CORBIERES,11200,11, 11200 CONILHAC-CORBIERES,2026-08-15,2026-08-15,,,,,,
Feux d'artifice,Feux d'Artifice 15 août,"Aire d'animation, Avenue des Guillemots 11430 Gruissan",GRUISSAN,11430,11,"Aire d'animation, Avenue des Guillemots 11430 Gruissan 11430 GRUISSAN",2026-08-15,2026-08-15,,,,,,
Fêtes locales,Alzonne en fête,,ALZONNE,11170,11, 11170 ALZONNE,2026-08-14,2026-08-16,,,,,,
Marchés de potiers,MARCHÉ DES POTIERS,Place de la halle Lagrasse - 11220,LAGRASSE,11220,11,Place de la halle Lagrasse - 11220 11220 LAGRASSE,2026-08-15,2026-08-15,,,,,,
Vide-greniers,Vide-greniers et marché aux puces,,MOUSSAN,11120,11, 11120 MOUSSAN,2026-08-15,2026-08-15,,,,,,
Parc,Aqualand port leucate,,LEUCATE,11370,11, 11370 LEUCATE,2026-08-30,2026-08-30,,,,,,
Messes,Fête du 15 aout Assomption,Eglise 11410 Payra-sur-l'Hers,PAYRA-SUR-L'HERS,11410,11,Eglise 11410 Payra-sur-l'Hers 11410 PAYRA-SUR-L'HERS,2026-08-15,2026-08-15,,,,,,
Fêtes locales,Fête du village,LUC SUR AUDE,LUC-SUR-AUDE,11190,11,LUC SUR AUDE 11190 LUC-SUR-AUDE,2026-08-29,2026-08-29,,,,,,
Marchés de potiers,MARCHE DE POTIERS,,SALLELES-D'AUDE,11590,11, 11590 SALLELES-D'AUDE,2026-08-15,2026-08-15,,,,,,
Concerts,The world of queen,,NARBONNE,11100,11, 11100 NARBONNE,2026-09-19,2026-09-19,,,,,,
Vide-greniers,Vide-greniers et marché aux puces,,VILLEPINTE,11150,11, 11150 VILLEPINTE,2026-08-15,2026-08-15,,,,,,
Jeux-sports,Traversée de Port-La Nouvelle à la nage,Port-la-Nouvelle - 11210,PORT-LA-NOUVELLE,11210,11,Port-la-Nouvelle - 11210 11210 PORT-LA-NOUVELLE,2026-08-15,2026-08-15,,,,,,
Foires,LIMOUX GRANDE FOIRE DE SEPTEMBRE,Place d’Aude&nbsp; 11300 LIMOUX,LIMOUX,11300,11,Place d’Aude&nbsp; 11300 LIMOUX 11300 LIMOUX,2026-09-04,2026-09-04,,,,,,
Concerts,Putain de Renaud,"Narbonne Arena 74, av. Maître Hubert Mouly 11100 NARBONNE",NARBONNE,11100,11,"Narbonne Arena 74, av. Maître Hubert Mouly 11100 NARBONNE 11100 NARBONNE",2026-09-12,2027-12-18,,,,,,
Spectacles,THE WORLD OF QUEEN,,NARBONNE,11100,11, 11100 NARBONNE,2026-09-19,2026-09-19,,,,,,
Evènements Country,Festival country,11500 Quillan,QUILLAN,11500,11,11500 Quillan 11500 QUILLAN,2026-09-11,2026-09-13,,,,,,
Journées du patrimoine,village de Pieusse,"Commune de Pieusse avenue de l'Oratoire,11300 Pieusse",PIEUSSE,11300,11,"Commune de Pieusse avenue de l'Oratoire,11300 Pieusse 11300 PIEUSSE",2026-09-19,2026-09-20,,,,,,
Vide-greniers,Vide-greniers et marché aux puces,,CASTELNAUDARY,11400,11, 11400 CASTELNAUDARY,2026-09-20,2026-09-20,,,,,,
Loisirs et tourisme,Chateau de carcassonne - haute saison,,CARCASSONNE,11000,11, 11000 CARCASSONNE,2026-09-30,2026-09-30,,,,,,
Foires,FOIRE D'AUTOMNE,Complexe du Pas de Sartre salle du jeu de Paume,CUXAC-D'AUDE,11590,11,Complexe du Pas de Sartre salle du jeu de Paume 11590 CUXAC-D'AUDE,2026-09-27,2026-09-27,,,,,,
Salons,Festival BD Lagrasse LA FOIRE AUX IMAGES,Route de Ribaute,LAGRASSE,11220,11,Route de Ribaute 11220 LAGRASSE,2026-10-10,2026-10-10,,,,,,
Concerts,"Mania, the abba tribute",,NARBONNE,11100,11, 11100 NARBONNE,2026-09-30,2026-09-30,,,,,,
Marchés aux puces,Puces des couturières et loisirs créatifs,2 ter Promenade du Quebec,MONTREAL,11290,11,2 ter Promenade du Quebec 11290 MONTREAL,2026-10-11,2026-10-11,,,,,,
Lotos Quines et Rifles,Loto traditionnel Cubiérol,Place Guilhem Bélibaste,CUBIERES-SUR-CINOBLE,11190,11,Place Guilhem Bélibaste 11190 CUBIERES-SUR-CINOBLE,2026-10-11,2026-10-11,,,,,,
Marchés aux puces,Puces couturières et loisirs créatifs,2 ter Promenade du Quebec,MONTREAL,11290,11,2 ter Promenade du Quebec 11290 MONTREAL,2026-10-11,2026-10-11,,,,,,
Festivals,Dream nation 2026 - pass 2 jours,,VILLEPINTE,11150,11, 11150 VILLEPINTE,2026-10-30,2026-10-30,,,,,,
Concerts,JULIEN CLERC,,NARBONNE,11100,11, 11100 NARBONNE,2026-10-17,2026-10-17,,,,,,
Concerts,BERGER STORY,,NARBONNE,11100,11, 11100 NARBONNE,2026-10-25,2026-10-25,,,,,,
Festivals,Dream nation 2026 - pass vendredi,,VILLEPINTE,11150,11, 11150 VILLEPINTE,2026-10-30,2026-10-30,,,,,,
Salons,Salon d'automne,Rue Aimé Ramond,CARCASSONNE,11000,11,Rue Aimé Ramond 11000 CARCASSONNE,2026-10-31,2026-10-31,,,,,,
Concerts,Julien clerc,,NARBONNE,11100,11, 11100 NARBONNE,2026-10-17,2026-10-17,,,,,,
Concerts,Berger story,,NARBONNE,11100,11, 11100 NARBONNE,2026-10-25,2026-10-25,,,,,,
Festivals,Dream nation 2026 - pass samedi,,VILLEPINTE,11150,11, 11150 VILLEPINTE,2026-10-31,2026-10-31,,,,,,
Parc,Le parc australien,,CARCASSONNE,11000,11, 11000 CARCASSONNE,2026-11-02,2026-11-02,,,,,,
Humour et one (wo)man show,Moscato passe a table,,NARBONNE,11100,11, 11100 NARBONNE,2026-11-06,2026-11-06,,,,,,
Concerts,THE 5 ROSIES - TRIBUTE TO AC/DC,,NARBONNE,11100,11, 11100 NARBONNE,2026-11-06,2026-11-06,,,,,,
Concerts,The 5 rosies - tribute to ac/dc,,NARBONNE,11100,11, 11100 NARBONNE,2026-11-06,2026-11-06,,,,,,
Fêtes locales,La Grande Fête de l'Enquant,Village Argeliers - Argeliers,ARGELIERS,11120,11,Village Argeliers - Argeliers 11120 ARGELIERS,2026-11-11,2026-11-11,,,,,,
Concerts,L'HERITAGE GOLDMAN 2,,NARBONNE,11100,11, 11100 NARBONNE,2026-11-18,2026-11-18,,,,,,
Fêtes locales,la fête d’hiver,Village Saint-Papoul,SAINT-PAPOUL,11400,11,Village Saint-Papoul 11400 SAINT-PAPOUL,2026-11-07,2026-11-07,,,,,,
Concerts,David hallyday,,NARBONNE,11100,11, 11100 NARBONNE,2026-11-27,2026-11-27,,,,,,
Salons,RENDEZ-VOUS DES VINS BIOS DE L'AUDE,Abbaye 11250 SAINT-HILAIRE,SAINT-HILAIRE,11250,11,Abbaye 11250 SAINT-HILAIRE 11250 SAINT-HILAIRE,2026-11-10,2026-11-10,,,,,,
Concerts,DAVID HALLYDAY,,NARBONNE,11100,11, 11100 NARBONNE,2026-11-27,2026-11-27,,,,,,
Concerts,L'heritage goldman 2,,NARBONNE,11100,11, 11100 NARBONNE,2026-11-18,2026-11-18,,,,,,
Concerts,Bigflo & oli,,NARBONNE,11100,11, 11100 NARBONNE,2026-11-28,2026-11-28,,,,,,
Concerts,BIGFLO &amp; OLI,,NARBONNE,11100,11, 11100 NARBONNE,2026-11-28,2026-11-28,,,,,,
Evènements Téléthon,TELETHON CASTELNAUDARY,TELETHON CASTELNAUDARY,CASTELNAUDARY,11400,11,TELETHON CASTELNAUDARY 11400 CASTELNAUDARY,2026-12-05,2026-12-05,,,,,,
Concerts,"Balavoine, ma bataille",,NARBONNE,11100,11, 11100 NARBONNE,2026-12-06,2026-12-06,,,,,,
Foires,foire au gras,11400 Castelnaudary,CASTELNAUDARY,11400,11,11400 Castelnaudary 11400 CASTELNAUDARY,2026-12-06,2026-12-06,,,,,,
Foires,Foire au gras,Salle Polyvalente,BELPECH,11420,11,Salle Polyvalente 11420 BELPECH,2026-12-12,2026-12-12,,,,,,
Danse,Casse-noisette - ballet et orchestre,,NARBONNE,11100,11, 11100 NARBONNE,2026-12-15,2026-12-15,,,,,,
Spectacles,REDOUANE BOUGHERABA,,NARBONNE,11100,11, 11100 NARBONNE,2026-12-19,2026-12-19,,,,,,
Foires,Foire aux gras à Rieux-Minervois,,RIEUX-MINERVOIS,11160,11, 11160 RIEUX-MINERVOIS,2026-12-19,2026-12-19,,,,,,
Humour et one (wo)man show,Redouane bougheraba,,NARBONNE,11100,11, 11100 NARBONNE,2026-12-19,2026-12-19,,,,,,
Marchés de Noël,la Grande parade,cours Mirabeau Narbonne - 11100,NARBONNE,11100,11,cours Mirabeau Narbonne - 11100 11100 NARBONNE,2026-12-24,2026-12-24,,,,,,
Fêtes locales,La Saint-Etienne,arènes de Trèbes,TREBES,11800,11,arènes de Trèbes 11800 TREBES,2026-12-26,2026-12-26,,,,,,
Messes,Castelnaudary Saint Michel Messe de Noel,Saint Michel 11400 Castelnaudary,CASTELNAUDARY,11400,11,Saint Michel 11400 Castelnaudary 11400 CASTELNAUDARY,2026-12-25,2026-12-25,,,,,,
Concerts,ONE NIGHT OF QUEEN,,NARBONNE,11100,11, 11100 NARBONNE,2027-01-06,2027-01-06,,,,,,
Concerts,Forever,"Narbonne Arena 74, av. Maître Hubert Mouly 11100 NARBONNE",NARBONNE,11100,11,"Narbonne Arena 74, av. Maître Hubert Mouly 11100 NARBONNE 11100 NARBONNE",2027-01-12,2027-02-07,,,,,,
Concerts,One night of queen,,NARBONNE,11100,11, 11100 NARBONNE,2027-01-06,2027-01-06,,,,,,
Fêtes locales,Ampélofolies du Cabardès,MOUSSOULENS,MOUSSOULENS,11170,11,MOUSSOULENS 11170 MOUSSOULENS,2027-01-24,2027-01-24,,,,,,
Foires,La foire de Janvier,Village Ferrals-les-Corbières - 11200,FERRALS-LES-CORBIERES,11200,11,Village Ferrals-les-Corbières - 11200 11200 FERRALS-LES-CORBIERES,2027-01-18,2027-01-18,,,,,,
Concerts,SO FLOYD,,NARBONNE,11100,11, 11100 NARBONNE,2027-01-28,2027-01-28,,,,,,
Sorties Moto,Bourse d Echanges Motos Anciennes à Bram,Bram,BRAM,11150,11,Bram 11150 BRAM,2027-01-16,2027-01-16,,,,,,
Concerts,So floyd – the pink floyd show,,NARBONNE,11100,11, 11100 NARBONNE,2027-01-28,2027-01-28,,,,,,
Humour et one (wo)man show,Nawell madani,,NARBONNE,11100,11, 11100 NARBONNE,2027-02-12,2027-02-12,,,,,,
Concerts,Forever - tribute to michael jackson,,NARBONNE,11100,11, 11100 NARBONNE,2027-02-05,2027-02-05,,,,,,
Spectacles,NAWELL MADANI,,NARBONNE,11100,11, 11100 NARBONNE,2027-02-12,2027-02-12,,,,,,
Concerts,Keen'v,,NARBONNE,11100,11, 11100 NARBONNE,2027-02-19,2027-02-19,,,,,,
Spectacles,MARINE LEONARDI,,NARBONNE,11100,11, 11100 NARBONNE,2027-02-18,2027-02-18,,,,,,
Humour et one (wo)man show,Marine leonardi,,NARBONNE,11100,11, 11100 NARBONNE,2027-02-18,2027-02-18,,,,,,
Théatres,L'art du couple,,NARBONNE,11100,11, 11100 NARBONNE,2027-02-13,2027-02-13,,,,,,
Concerts,KEEN'V,,NARBONNE,11100,11, 11100 NARBONNE,2027-02-19,2027-02-19,,,,,,
Concerts,The music of hans zimmer & others,,CARCASSONNE,11000,11, 11000 CARCASSONNE,2027-02-24,2027-02-24,,,,,,
Spectacles,Le Seigneur des Anneaux &amp; Le Hobbit,,CARCASSONNE,11000,11, 11000 CARCASSONNE,2027-02-24,2027-02-24,,,,,,
Spectacles,The Music of Hans Zimmer &amp; Others,,CARCASSONNE,11000,11, 11000 CARCASSONNE,2027-02-24,2027-02-24,,,,,,
Concerts,PATRICK FIORI,,NARBONNE,11100,11, 11100 NARBONNE,2027-03-06,2027-03-06,,,,,,
Concerts,Le seigneur des anneaux & le hobbit,,CARCASSONNE,11000,11, 11000 CARCASSONNE,2027-02-24,2027-02-24,,,,,,
Carnavals,CARNAVAL DES SAVEURS ET TRUFFES,11300 La Digne-d'Aval,LA DIGNE-D'AVAL,11300,11,11300 La Digne-d'Aval 11300 LA DIGNE-D'AVAL,2027-02-28,2027-02-28,,,,,,
Concerts,Toujours vivant - 500 choristes,,NARBONNE,11100,11, 11100 NARBONNE,2027-02-27,2027-02-27,,,,,,
Spectacle et comedie musicale,Le roi soleil,,PEYROLLES,11190,11, 11190 PEYROLLES,2027-03-20,2027-03-20,,,,,,
Concerts,Patrick fiori,,NARBONNE,11100,11, 11100 NARBONNE,2027-03-06,2027-03-06,,,,,,
Concerts,Bernard lavilliers,,NARBONNE,11100,11, 11100 NARBONNE,2027-03-26,2027-03-26,,,,,,
Concerts,BERNARD LAVILLIERS,,NARBONNE,11100,11, 11100 NARBONNE,2027-03-26,2027-03-26,,,,,,
Humour et one (wo)man show,Michele laroque et kad merad,,NARBONNE,11100,11, 11100 NARBONNE,2027-03-28,2027-03-28,,,,,,
Théatres,MICHÈLE LAROQUE ET KAD MERAD,,NARBONNE,11100,11, 11100 NARBONNE,2027-03-28,2027-03-28,,,,,,
Concerts,Ibrahim maalouf - 20 ans de live !,,PEYROLLES,11190,11, 11190 PEYROLLES,2027-04-03,2027-04-03,,,,,,
Spectacles,NINO ARIAL,,NARBONNE,11100,11, 11100 NARBONNE,2027-04-17,2027-04-17,,,,,,
Vide-greniers,Vide-greniers du 1er mai,complexe sportif Palaja - 11570,PALAJA,11570,11,complexe sportif Palaja - 11570 11570 PALAJA,2027-05-01,2027-05-01,,,,,,
Spectacles,EDGAR-YVES Jr.,,NARBONNE,11100,11, 11100 NARBONNE,2027-04-23,2027-04-23,,,,,,
Concerts,Patrick fiori,,PEYROLLES,11190,11, 11190 PEYROLLES,2027-04-10,2027-04-10,,,,,,
Vide-greniers,Vide-greniers et marché aux puces,,MOLLEVILLE,11410,11, 11410 MOLLEVILLE,2027-05-01,2027-05-01,,,,,,
Humour et one (wo)man show,Edgar-yves jr.,,NARBONNE,11100,11, 11100 NARBONNE,2027-04-23,2027-04-23,,,,,,
Humour et one (wo)man show,Nino arial,,NARBONNE,11100,11, 11100 NARBONNE,2027-04-17,2027-04-17,,,,,,
Vide-greniers,Vide-greniers et marché aux puces,,PALAJA,11570,11, 11570 PALAJA,2027-05-01,2027-05-01,,,,,,
Vide-greniers,Vide-greniers et marché aux puces,,GAJA-ET-VILLEDIEU,11300,11, 11300 GAJA-ET-VILLEDIEU,2027-05-03,2027-05-03,,,,,,
Bourses,Multi collection,,PUICHERIC,11700,11, 11700 PUICHERIC,2027-05-01,2027-05-01,,,,,,
Vide-greniers,Vide-greniers et marché aux puces,,VINASSAN,11110,11, 11110 VINASSAN,2027-05-01,2027-05-01,,,,,,
Fêtes locales,la fête locale,Centre du Village 11300 GAJA-ET-VILLEDIEU,GAJA-ET-VILLEDIEU,11300,11,Centre du Village 11300 GAJA-ET-VILLEDIEU 11300 GAJA-ET-VILLEDIEU,2027-06-06,2027-06-06,,,,,,
Danse,Le lac des cygnes - ballet et orchestre,,NARBONNE,11100,11, 11100 NARBONNE,2027-05-25,2027-05-25,,,,,,
Fêtes locales,TRUFFE ET TERROIR,ROULLENS,ROULLENS,11290,11,ROULLENS 11290 ROULLENS,2027-06-27,2027-06-27,,,,,,
Fêtes locales,FETE DE LA TRUFFE D'ETE,Trausse,TRAUSSE,11160,11,Trausse 11160 TRAUSSE,2027-06-20,2027-06-20,,,,,,
Fêtes locales,FETE DE LA SAINT-PIERRE,11170 Gruissan,GRUISSAN,11170,11,11170 Gruissan 11170 GRUISSAN,2027-06-29,2027-06-29,,,,,,
Foires,Prom'Aude,allée Edouard Jean Pierre,LEZIGNAN-CORBIERES,11200,11,allée Edouard Jean Pierre 11200 LEZIGNAN-CORBIERES,2027-05-25,2027-05-25,,,,,,
Fêtes locales,La fête d’été,Village Saint-Papoul - 11400,SAINT-PAPOUL,11400,11,Village Saint-Papoul - 11400 11400 SAINT-PAPOUL,2027-07-04,2027-07-04,,,,,,
Feux d'artifice,Feu d'artifice,Gruissan,GRUISSAN,11430,11,Gruissan 11430 GRUISSAN,2027-07-13,2027-07-13,,,,,,
Marchés de potiers,MARCHÉ DES POTIERS NARBONNE,"PARVIS DES HALLES Cours Mirabeau, 11100 NARBONNE",NARBONNE,11100,11,"PARVIS DES HALLES Cours Mirabeau, 11100 NARBONNE 11100 NARBONNE",2027-07-10,2027-07-10,,,,,,
"Randonnées, Trail ou Running",Narbonne Extrême Tour,cours Mirabeau Narbonne - 11100,NARBONNE,11100,11,cours Mirabeau Narbonne - 11100 11100 NARBONNE,2027-07-04,2027-07-04,,,,,,
Feux d'artifice,Quand la cité s'embrase feu d'artifice,Ville basse Carcassonne,CARCASSONNE,11000,11,Ville basse Carcassonne 11000 CARCASSONNE,2027-07-14,2027-07-14,,,,,,
Manifestations Automobiles,Exposition Bourse d Echanges VH Anciens à Moussoulens,Moussoulens,MOUSSOULENS,11170,11,Moussoulens 11170 MOUSSOULENS,2027-07-14,2027-07-14,,,,,,
Fêtes locales,fête locale de BROUSSES et VILLARET,place de la mairie Brousses,BROUSSES-ET-VILLARET,11390,11,place de la mairie Brousses 11390 BROUSSES-ET-VILLARET,2027-07-18,2027-07-18,,,,,,
Feux d'artifice,Fête Nationale 14 juillet,Arques Aude France,ARQUES,11190,11,Arques Aude France 11190 ARQUES,2027-07-14,2027-07-14,,,,,,
Spectacle et comedie musicale,Goldmen - concert 100% goldman a fgj,,NARBONNE,11100,11, 11100 NARBONNE,2028-03-17,2028-03-17,,,,,,
Concerts,VIANNEY,,NARBONNE,11100,11, 11100 NARBONNE,2028-03-24,2028-03-24,,,,,,
Concerts,Julien clerc,,PEYROLLES,11190,11, 11190 PEYROLLES,2027-10-02,2027-10-02,,,,,,
Marchés de Producteurs,Marché de producteurs,"parking des écoles à Bruéjouls, Clairvaux-d’Aveyron",CLAIRVAUX-D'AVEYRON,12330,12,"parking des écoles à Bruéjouls, Clairvaux-d’Aveyron 12330 CLAIRVAUX-D'AVEYRON",2026-07-21,2026-07-21,,,,,,
Marchés,Marché hebdomadaire - mardi matin,Marché hebdomadaire - mardi matin 12310 Laissac-Sévérac l'Église,LAISSAC,12310,12,Marché hebdomadaire - mardi matin 12310 Laissac-Sévérac l'Église 12310 LAISSAC,2026-07-21,2026-07-21,,,,,,
Marchés nocturnes,Marchés Nocturnes de Najac,Marchés Nocturnes de Najac 12270 Najac,NAJAC,12270,12,Marchés Nocturnes de Najac 12270 Najac 12270 NAJAC,2026-07-21,2026-07-21,,,,,,
Marchés,Marché traditionnel de Ste Geneviève sur Argence,Marché traditionnel de Ste Geneviève sur Argence Place des Tilleuls Ste Geneviève sur Argence 12420 Argences en Aubrac,SAINTE-GENEVIEVE-SUR-ARGENCE,12420,12,Marché traditionnel de Ste Geneviève sur Argence Place des Tilleuls Ste Geneviève sur Argence 12420 Argences en Aubrac 12420 SAINTE-GENEVIEVE-SUR-ARGENCE,2026-07-22,2026-07-22,,,,,,
Marchés d'été,Marchés d'été,Place du 29 juin 1944 Pont-de-Salars - 12290,PONT-DE-SALARS,12290,12,Place du 29 juin 1944 Pont-de-Salars - 12290 12290 PONT-DE-SALARS,2026-07-22,2026-07-22,,,,,,
Marchés de Producteurs,Marché des producteurs de pays,"boulevard Joseph Poulenc, 12500, Espalion",ESPALION,12500,12,"boulevard Joseph Poulenc, 12500, Espalion 12500 ESPALION",2026-07-22,2026-07-22,,,,,,
Concours de Tarots,Concours de tarot,La Salvetat-Peyralès,LA SALVETAT-PEYRALES,12440,12,La Salvetat-Peyralès 12440 LA SALVETAT-PEYRALES,2026-07-21,2026-07-21,,,,,,
Marchés,Marché traditionnel,Marché traditionnel 12230 Nant,NANT,12230,12,Marché traditionnel 12230 Nant 12230 NANT,2026-07-21,2026-07-21,,,,,,
Marchés d'été,Marché producteurs,"Village, 12260 Sainte-Croix",SAINTE-CROIX,12260,12,"Village, 12260 Sainte-Croix 12260 SAINTE-CROIX",2026-07-21,2026-07-21,,,,,,
Marchés d'été,PETIT MARCHÉ DES PRODUCTEURS DE PAYS,dans le Cloître et sur la place de la mairie,SAINT-GENIEZ-D'OLT,12130,12,dans le Cloître et sur la place de la mairie 12130 SAINT-GENIEZ-D'OLT,2026-07-22,2026-07-22,,,,,,
Marchés nocturnes,Marché nocturne à St Geniez d'Olt,12130 Saint Geniez d'Olt et d'Aubrac,SAINT-GENIEZ-D'OLT,12130,12,12130 Saint Geniez d'Olt et d'Aubrac 12130 SAINT-GENIEZ-D'OLT,2026-07-22,2026-07-22,,,,,,
Marchés de Producteurs,Marché de producteurs locaux,Marché de producteurs locaux Memer 12200 Vailhourles,VAILHOURLES,12200,12,Marché de producteurs locaux Memer 12200 Vailhourles 12200 VAILHOURLES,2026-07-22,2026-07-22,,,,,,
Marchés de Producteurs,marché de terroir,Place de Monaco 12600 Mur-de-Barrez,MUR-DE-BARREZ,12600,12,Place de Monaco 12600 Mur-de-Barrez 12600 MUR-DE-BARREZ,2026-07-23,2026-07-23,,,,,,
Tournois,CONCOURS DE PÉTANQUE,foirail,LA SALVETAT-PEYRALES,12440,12,foirail 12440 LA SALVETAT-PEYRALES,2026-07-23,2026-07-23,,,,,,
Marchés,PETIT MARCHÉ,12290 Le Vibal,LE VIBAL,12290,12,12290 Le Vibal 12290 LE VIBAL,2026-07-22,2026-07-22,,,,,,
Marchés,Marché à Bozouls,Marché à Bozouls 12340 Bozouls,BOZOULS,12340,12,Marché à Bozouls 12340 Bozouls 12340 BOZOULS,2026-07-23,2026-07-23,,,,,,
Spectacle et comedie musicale,"Spectacle, hier un village",,FLAGNAC,12300,12, 12300 FLAGNAC,2026-07-24,2026-07-24,,,,,,
Marchés,Marchés gourmands et animés,Marchés gourmands et animés 12300 Decazeville,DECAZEVILLE,12300,12,Marchés gourmands et animés 12300 Decazeville 12300 DECAZEVILLE,2026-07-24,2026-07-24,,,,,,
Marchés,Marché à Lioujas,Marché à Lioujas Place de la Fontaine 12740 La Loubière,LA LOUBIERE,12740,12,Marché à Lioujas Place de la Fontaine 12740 La Loubière 12740 LA LOUBIERE,2026-07-24,2026-07-24,,,,,,
Marchés,"Grand marché de Villefranche, le jeudi matin","Grand marché de Villefranche, le jeudi matin 12200 Villefranche-de-Rouergue",VILLEFRANCHE-DE-ROUERGUE,12200,12,"Grand marché de Villefranche, le jeudi matin 12200 Villefranche-de-Rouergue 12200 VILLEFRANCHE-DE-ROUERGUE",2026-07-23,2026-07-23,,,,,,
Marchés de Producteurs,Marchés de producteurs de pays en nocturne (Label Bienvenue à la Ferme),Place des arcades,SAUVETERRE-DE-ROUERGUE,12800,12,Place des arcades 12800 SAUVETERRE-DE-ROUERGUE,2026-07-24,2026-07-24,,,,,,
Marchés,Marché hebdomadaire,"place du Marché, le quai Henry Affre, le long de la rue Droite, le boulevard Joseph Poulenc",ESPALION,12500,12,"place du Marché, le quai Henry Affre, le long de la rue Droite, le boulevard Joseph Poulenc 12500 ESPALION",2026-07-24,2026-07-24,,,,,,
Visites Portes Ouvertes,VISITE COMMENTEE DE LA BASTIDE AUX FLAMBEAUX,Sauveterre de Rouergue 12800 Sauveterre-de-Rouergue,SAUVETERRE-DE-ROUERGUE,12800,12,Sauveterre de Rouergue 12800 Sauveterre-de-Rouergue 12800 SAUVETERRE-DE-ROUERGUE,2026-07-24,2026-07-24,,,,,,
Marchés nocturnes,MARCHE NOCTURNE DES PRODUCTEURS DE PAYS,place des arcades Sauveterre-de-Rouergue,SAUVETERRE-DE-ROUERGUE,12800,12,place des arcades Sauveterre-de-Rouergue 12800 SAUVETERRE-DE-ROUERGUE,2026-07-24,2026-07-24,,,,,,
Marchés de Producteurs,marché de producteurs,place de l’Hôtel de Ville,SAINT-AFFRIQUE,12400,12,place de l’Hôtel de Ville 12400 SAINT-AFFRIQUE,2026-07-23,2026-07-23,,,,,,
Marchés de potiers,Marché de Potiers,centre,ESPALION,12500,12,centre 12500 ESPALION,2026-07-25,2026-07-25,,,,,,
Festivals,Festifolies,,CABANES,12800,12, 12800 CABANES,2026-07-25,2026-07-25,,,,,,
Fêtes locales,FETE de la St-Jacques à LASSOUTS,Village LASSOUTS,LASSOUTS,12500,12,Village LASSOUTS 12500 LASSOUTS,2026-07-25,2026-07-25,,,,,,
Marchés,MARCHÉ,rue de la république/la Halle 12700 CAPDENAC-GARE,CAPDENAC-GARE,12700,12,rue de la république/la Halle 12700 CAPDENAC-GARE 12700 CAPDENAC-GARE,2026-07-25,2026-07-25,,,,,,
Marchés de Producteurs,Marché de producteurs,halle couverte,REQUISTA,12170,12,halle couverte 12170 REQUISTA,2026-07-25,2026-07-25,,,,,,
Marchés,Marché de plein air,"22, bd de la République",SAINT-AFFRIQUE,12400,12,"22, bd de la République 12400 SAINT-AFFRIQUE",2026-07-25,2026-07-25,,,,,,
Marchés,Marché du samedi à Naucelle,Marché du samedi à Naucelle 12800 Naucelle,NAUCELLE,12800,12,Marché du samedi à Naucelle 12800 Naucelle 12800 NAUCELLE,2026-07-25,2026-07-25,,,,,,
Marchés,Marché du dimanche en été à Baraqueville,Marché du dimanche en été à Baraqueville 12160 Baraqueville,BARAQUEVILLE,12160,12,Marché du dimanche en été à Baraqueville 12160 Baraqueville 12160 BARAQUEVILLE,2026-07-26,2026-07-26,,,,,,
Marchés,"Petit marché de Villefranche, le samedi matin","Petit marché de Villefranche, le samedi matin 12200 Villefranche-de-Rouergue",VILLEFRANCHE-DE-ROUERGUE,12200,12,"Petit marché de Villefranche, le samedi matin 12200 Villefranche-de-Rouergue 12200 VILLEFRANCHE-DE-ROUERGUE",2026-07-25,2026-07-25,,,,,,
Marchés de créateurs,A l'Ombre des Peupliers,Aire de loisirs,COMPOLIBAT,12350,12,Aire de loisirs 12350 COMPOLIBAT,2026-07-26,2026-07-26,,,,,,
Vide-greniers,VIDE GRENIER BROCANTE DE LA ST CHRISTOPHE,coeur de village Sauveterre-de-Rouergue,SAUVETERRE-DE-ROUERGUE,12800,12,coeur de village Sauveterre-de-Rouergue 12800 SAUVETERRE-DE-ROUERGUE,2026-07-25,2026-07-25,,,,,,
Marchés d'été,Marché d’été,place François MITTERRAND Baraqueville - 12160,BARAQUEVILLE,12160,12,place François MITTERRAND Baraqueville - 12160 12160 BARAQUEVILLE,2026-07-26,2026-07-26,,,,,,
Marchés,Jour de marché,parking de la salle des fêtes Creissels - 12100,CREISSELS,12100,12,parking de la salle des fêtes Creissels - 12100 12100 CREISSELS,2026-07-26,2026-07-26,,,,,,
Marchés,Marché de l'été à Grand-Vabre,Marché de l'été à Grand-Vabre Grand Vabre 12320 Conques-en-Rouergue,CONQUES,12320,12,Marché de l'été à Grand-Vabre Grand Vabre 12320 Conques-en-Rouergue 12320 CONQUES,2026-07-26,2026-07-26,,,,,,
Marchés,Le marché dominical,20 place de l'étoile la Primaube,LUC-LA-PRIMAUBE,12450,12,20 place de l'étoile la Primaube 12450 LUC-LA-PRIMAUBE,2026-07-26,2026-07-26,,,,,,
Marchés,Marché à Saint-Côme d'Olt,Marché à Saint-Côme d'Olt 12500 Saint-Côme-d'Olt,SAINT-COME-D'OLT,12500,12,Marché à Saint-Côme d'Olt 12500 Saint-Côme-d'Olt 12500 SAINT-COME-D'OLT,2026-07-26,2026-07-26,,,,,,
Marchés,Marché du dimanche matin,Marché du dimanche matin 12330 Marcillac-Vallon,MARCILLAC-VALLON,12330,12,Marché du dimanche matin 12330 Marcillac-Vallon 12330 MARCILLAC-VALLON,2026-07-26,2026-07-26,,,,,,
Marchés de Producteurs,Marché du dimanche,Place des arcades,SAUVETERRE-DE-ROUERGUE,12800,12,Place des arcades 12800 SAUVETERRE-DE-ROUERGUE,2026-07-26,2026-07-26,,,,,,
Concerts,Carillon,Collégiale Notre Dame de Villefranche de Rouergue,VILLEFRANCHE-DE-ROUERGUE,12200,12,Collégiale Notre Dame de Villefranche de Rouergue 12200 VILLEFRANCHE-DE-ROUERGUE,2026-07-26,2026-07-26,,,,,,
Marchés,Marche du dimanche,Place des arcades,SAUVETERRE-DE-ROUERGUE,12800,12,Place des arcades 12800 SAUVETERRE-DE-ROUERGUE,2026-07-26,2026-07-26,,,,,,
Marchés,"Petit marché de Villefranche, le dimanche matin","Petit marché de Villefranche, le dimanche matin 12200 Villefranche-de-Rouergue",VILLEFRANCHE-DE-ROUERGUE,12200,12,"Petit marché de Villefranche, le dimanche matin 12200 Villefranche-de-Rouergue 12200 VILLEFRANCHE-DE-ROUERGUE",2026-07-26,2026-07-26,,,,,,
Marchés,"Marché de Villeneuve, le dimanche matin","Marché de Villeneuve, le dimanche matin Place des Conques 12260 Villeneuve",VILLENEUVE,12260,12,"Marché de Villeneuve, le dimanche matin Place des Conques 12260 Villeneuve 12260 VILLENEUVE",2026-07-26,2026-07-26,,,,,,
Vide-greniers,Vide-greniers et marché aux puces,,DECAZEVILLE,12300,12, 12300 DECAZEVILLE,2026-08-01,2026-08-01,,,,,,
Marchés nocturnes,Marchés nocturnes à Villefranche,Place Saint Jean 12200 Villefranche-de-Rouergue,VILLEFRANCHE-DE-ROUERGUE,12200,12,Place Saint Jean 12200 Villefranche-de-Rouergue 12200 VILLEFRANCHE-DE-ROUERGUE,2026-07-26,2026-07-26,,,,,,
Marchés,Marché Traditionnel,Marché Traditionnel Au centre du village 12230 Saint-Jean-du-Bruel,SAINT-JEAN-DU-BRUEL,12230,12,Marché Traditionnel Au centre du village 12230 Saint-Jean-du-Bruel 12230 SAINT-JEAN-DU-BRUEL,2026-07-26,2026-07-26,,,,,,
Lotos Quines et Rifles,Quine,12220 Roussennac,ROUSSENNAC,12220,12,12220 Roussennac 12220 ROUSSENNAC,2026-07-29,2026-07-29,,,,,,
Feux d'artifice,Feu d'artifice Fete de la Rive Droite,,SAINT-GENIEZ-D'OLT,12130,12, 12130 SAINT-GENIEZ-D'OLT,2026-08-01,2026-08-01,,,,,,
Fêtes locales,Fête de Lincou,12170 Réquista,REQUISTA,12170,12,12170 Réquista 12170 REQUISTA,2026-08-01,2026-08-01,,,,,,
Fêtes locales,Fête de la Rive Droite,12130 Saint Geniez d'Olt et d'Aubrac,SAINT-GENIEZ-D'OLT,12130,12,12130 Saint Geniez d'Olt et d'Aubrac 12130 SAINT-GENIEZ-D'OLT,2026-08-01,2026-08-01,,,,,,
Fêtes locales,FÊTE VOTIVE DU VILLAGE,Village LAPANOUSE-DE-CERNON,LAPANOUSE-DE-CERNON,12230,12,Village LAPANOUSE-DE-CERNON 12230 LAPANOUSE-DE-CERNON,2026-08-01,2026-08-01,,,,,,
Fêtes médiévales,Fête du Château,Sévérac-le-Château - 12150,SEVERAC-LE-CHATEAU,12150,12,Sévérac-le-Château - 12150 12150 SEVERAC-LE-CHATEAU,2026-08-01,2026-08-01,,,,,,
Brocantes,Brocante des gueux,12550 Coupiac,COUPIAC,12550,12,12550 Coupiac 12550 COUPIAC,2026-08-02,2026-08-02,,,,,,
Foires,La grande foire de Saint-Affrique,"Bd Victor Hugo, le Bd Charles de Gaulle, les places Foch et Leclerc",SAINT-AFFRIQUE,12400,12,"Bd Victor Hugo, le Bd Charles de Gaulle, les places Foch et Leclerc 12400 SAINT-AFFRIQUE",2026-08-02,2026-08-02,,,,,,
Brocantes,Foire à la Brocante,12550 Coupiac,COUPIAC,12550,12,12550 Coupiac 12550 COUPIAC,2026-08-02,2026-08-02,,,,,,
Vide-greniers,Vide Grenier de la Rive Droite,12130 Saint Geniez d'Olt et d'Aubrac,SAINT-GENIEZ-D'OLT,12130,12,12130 Saint Geniez d'Olt et d'Aubrac 12130 SAINT-GENIEZ-D'OLT,2026-08-02,2026-08-02,,,,,,
Manifestations Automobiles,RASSEMBLEMENT MENSUEL SAVA,place Emma Calvé Millau - 12100,MILLAU,12100,12,place Emma Calvé Millau - 12100 12100 MILLAU,2026-08-03,2026-08-03,,,,,,
Brocantes,Brocante et vide greniers à Rieupeyroux,Rieupeyroux 12 - Aveyron au foirail,RIEUPEYROUX,12240,12,Rieupeyroux 12 - Aveyron au foirail 12240 RIEUPEYROUX,2026-08-03,2026-08-03,,,,,,
Marchés aux puces,MARCHÉ AUX PUCES,Place Jean Jaurès – Cransac,CRANSAC,12110,12,Place Jean Jaurès – Cransac 12110 CRANSAC,2026-08-03,2026-08-03,,,,,,
Manifestations Automobiles,Rassemblement mensuel des Younganciennes 12,Baraqueville Espace Raymond Lacombe,BARAQUEVILLE,12160,12,Baraqueville Espace Raymond Lacombe 12160 BARAQUEVILLE,2026-08-03,2026-08-03,,,,,,
Manifestations Automobiles,Rassemblement mensuel,Moyrazès Place du village,MOYRAZES,12160,12,Moyrazès Place du village 12160 MOYRAZES,2026-08-03,2026-08-03,,,,,,
Feux d'artifice,Feu d'artifice,12130 Saint Geniez d'Olt et d'Aubrac,SAINT-GENIEZ-D'OLT,12130,12,12130 Saint Geniez d'Olt et d'Aubrac 12130 SAINT-GENIEZ-D'OLT,2026-08-02,2026-08-02,,,,,,
Brocantes,MARCHÉ AUX PUCES,Espace Raymond Lacombe (Rue de la Mairie),BARAQUEVILLE,12160,12,Espace Raymond Lacombe (Rue de la Mairie) 12160 BARAQUEVILLE,2026-08-03,2026-08-03,,,,,,
Marchés aux puces,Marché aux puces,Réquista halle couverte centre ville 12170 Réquista,REQUISTA,12170,12,Réquista halle couverte centre ville 12170 Réquista 12170 REQUISTA,2026-08-03,2026-08-03,,,,,,
Marchés de Producteurs,Marché hebdomadaire St Beauzély,place du vival,SAINT-BEAUZELY,12620,12,place du vival 12620 SAINT-BEAUZELY,2026-08-03,2026-08-03,,,,,,
Brocantes,50ème Foire à la Brocante et aux Antiquités,,LANUEJOULS,12350,12, 12350 LANUEJOULS,2026-08-05,2026-08-05,,,,,,
Foires,Belle Brocante,places du Couvent et du Foirail,LANUEJOULS,12350,12,places du Couvent et du Foirail 12350 LANUEJOULS,2026-08-05,2026-08-05,,,,,,
Foires,Foire mensuelle de Baraqueville,Foire mensuelle de Baraqueville 12160 Baraqueville,BARAQUEVILLE,12160,12,Foire mensuelle de Baraqueville 12160 Baraqueville 12160 BARAQUEVILLE,2026-08-06,2026-08-06,,,,,,
Foires,Foire mensuelle St Cyprien,Foire mensuelle St Cyprien St-Cyprien-sur-Dourdou Place des Forains 12320 Conques-en-Rouergue,CONQUES,12320,12,Foire mensuelle St Cyprien St-Cyprien-sur-Dourdou Place des Forains 12320 Conques-en-Rouergue 12320 CONQUES,2026-08-07,2026-08-07,,,,,,
Foires,Foire mensuelle,12170 Réquista,REQUISTA,12170,12,12170 Réquista 12170 REQUISTA,2026-08-07,2026-08-07,,,,,,
Foires,Foire mensuelle,"5, place de la mairie 12440 La Salvetat-Peyralès",LA SALVETAT-PEYRALES,12440,12,"5, place de la mairie 12440 La Salvetat-Peyralès 12440 LA SALVETAT-PEYRALES",2026-08-06,2026-08-06,,,,,,
Fêtes locales,Fête de Mirabel,Mirabel 12390 Rignac,RIGNAC,12390,12,Mirabel 12390 Rignac 12390 RIGNAC,2026-08-09,2026-08-09,,,,,,
Brocantes,Brocante et vide greniers AUBIN,Place Jean Jaurès,AUBIN,12110,12,Place Jean Jaurès 12110 AUBIN,2026-08-06,2026-08-06,,,,,,
Fêtes locales,Fête de la race Aubrac,12130 Saint Geniez d'Olt et d'Aubrac,SAINT-GENIEZ-D'OLT,12130,12,12130 Saint Geniez d'Olt et d'Aubrac 12130 SAINT-GENIEZ-D'OLT,2026-08-12,2026-08-12,,,,,,
Fêtes locales,Fete de la St Laurent à Albagnac,Albagnac - Sauveterre 12800 Sauveterre-de-Rouergue,SAUVETERRE-DE-ROUERGUE,12800,12,Albagnac - Sauveterre 12800 Sauveterre-de-Rouergue 12800 SAUVETERRE-DE-ROUERGUE,2026-08-09,2026-08-09,,,,,,
Fêtes locales,FÊTE VOTIVE DE ST-JEAN DU BRUEL,FÊTE VOTIVE DE ST-JEAN DU BRUEL 12230 Saint-Jean-du-Bruel,SAINT-JEAN-DU-BRUEL,12230,12,FÊTE VOTIVE DE ST-JEAN DU BRUEL 12230 Saint-Jean-du-Bruel 12230 SAINT-JEAN-DU-BRUEL,2026-08-08,2026-08-08,,,,,,
Fêtes locales,Fête des parisiens - St-Cyprien,Village Saint-Cyprien-sur-Dourdou 12320 Conques-en-Rouergue,CONQUES,12320,12,Village Saint-Cyprien-sur-Dourdou 12320 Conques-en-Rouergue 12320 CONQUES,2026-08-15,2026-08-15,,,,,,
Fêtes locales,Fête de Monteils,Village 12200 Monteils,MONTEILS,12200,12,Village 12200 Monteils 12200 MONTEILS,2026-08-08,2026-08-08,,,,,,
Fêtes locales,Fête du 15 août,centre village Saint-Amans-des-Cots - 12460,SAINT-AMANS-DES-COTS,12460,12,centre village Saint-Amans-des-Cots - 12460 12460 SAINT-AMANS-DES-COTS,2026-08-15,2026-08-15,,,,,,
Brocantes,BROCANTE LE 15 AOÛT,Village BOZOULS,BOZOULS,12340,12,Village BOZOULS 12340 BOZOULS,2026-08-15,2026-08-15,,,,,,
Fêtes locales,Fête Votive,Village de cornus.,CORNUS,12540,12,Village de cornus. 12540 CORNUS,2026-08-15,2026-08-15,,,,,,
Vide-greniers,15 août : Marché aux puces de Najac,village Najac - 12270,NAJAC,12270,12,village Najac - 12270 12270 NAJAC,2026-08-15,2026-08-15,,,,,,
"Randonnées, Trail ou Running",Rallye du Pays Saint-Affricain,12400 Saint-Affrique,SAINT-AFFRIQUE,12400,12,12400 Saint-Affrique 12400 SAINT-AFFRIQUE,2026-08-15,2026-08-15,,,,,,
Fêtes locales,Fête de la Nuit Lumière à Estaing,12190 Estaing,ESTAING,12190,12,12190 Estaing 12190 ESTAING,2026-08-15,2026-08-15,,,,,,
Vide-greniers,Vide-greniers et marché aux puces,,PRUINES,12320,12, 12320 PRUINES,2026-08-15,2026-08-15,,,,,,
Vide-greniers,VIDE GRENIER DU 15 AOÛT,Village ROME-DE-TARN,SAINT-ROME-DE-TARN,12490,12,Village ROME-DE-TARN 12490 SAINT-ROME-DE-TARN,2026-08-15,2026-08-15,,,,,,
Marchés de Producteurs,PETIT MARCHÉ DE PRODUCTEURS LOCAUX,Villecomtal avenue Joseph Vidal,VILLECOMTAL,12580,12,Villecomtal avenue Joseph Vidal 12580 VILLECOMTAL,2026-08-19,2026-08-19,,,,,,
Courses,Rallye Régional du Pays Saint,Boulevard de Verdun 12400 Saint-Affrique,SAINT-AFFRIQUE,12400,12,Boulevard de Verdun 12400 Saint-Affrique 12400 SAINT-AFFRIQUE,2026-08-22,2026-08-23,,,,,,
Fêtes locales,Fête de Saint Barthélémy et de la fouace,Village Najac,NAJAC,12270,12,Village Najac 12270 NAJAC,2026-08-24,2026-08-24,,,,,,
Fêtes locales,Fête,12480 Saint-Izaire,SAINT-IZAIRE,12480,12,12480 Saint-Izaire 12480 SAINT-IZAIRE,2026-08-22,2026-08-23,,,,,,
Vide-greniers,VIDE GRENIER et Fête du village,Village ST MARTIN DE LENNE,SAINT-MARTIN-DE-LENNE,12130,12,Village ST MARTIN DE LENNE 12130 SAINT-MARTIN-DE-LENNE,2026-08-15,2026-08-15,,,,,,
Vide-greniers,Vide Grenier,rue du village autour du château 12480 Saint-Izaire,SAINT-IZAIRE,12480,12,rue du village autour du château 12480 Saint-Izaire 12480 SAINT-IZAIRE,2026-08-15,2026-08-15,,,,,,
Vide-greniers,VIDE-GRENIER - FÊTE DE LAPANOUSE,Village Sévérac-le-Château - 12150,SEVERAC-LE-CHATEAU,12150,12,Village Sévérac-le-Château - 12150 12150 SEVERAC-LE-CHATEAU,2026-08-15,2026-08-15,,,,,,
Marchés de créateurs,Marché des artisans créateurs,Boulevard Joseph Poulenc 12500 Espalion,ESPALION,12500,12,Boulevard Joseph Poulenc 12500 Espalion 12500 ESPALION,2026-08-22,2026-08-22,,,,,,
Foires,Foire du 29 août de Lacalm,Foire du 29 août de Lacalm Lacalm 12420 Argences en Aubrac,LACALM,12420,12,Foire du 29 août de Lacalm Lacalm 12420 Argences en Aubrac 12420 LACALM,2026-08-29,2026-08-29,,,,,,
Fêtes locales,Fête votive,Village,SAINT-COME-D'OLT,12500,12,Village 12500 SAINT-COME-D'OLT,2026-08-29,2026-08-29,,,,,,
Fêtes locales,Fete du Melon,JOUELS,SAUVETERRE-DE-ROUERGUE,12800,12,JOUELS 12800 SAUVETERRE-DE-ROUERGUE,2026-09-04,2026-09-06,,,,,,
Festivals,Festival BD et livres jeunesse,Naucelle - 12800,NAUCELLE,12800,12,Naucelle - 12800 12800 NAUCELLE,2026-08-29,2026-08-29,,,,,,
Foires,FOIRE TRIMESTRIELLE DE SEPTEMBRE RODEZ,centre-ville,RODEZ,12000,12,centre-ville 12000 RODEZ,2026-09-04,2026-09-04,,,,,,
Vide-greniers,Vide grenier,JOUELS,SAUVETERRE-DE-ROUERGUE,12800,12,JOUELS 12800 SAUVETERRE-DE-ROUERGUE,2026-09-06,2026-09-06,,,,,,
Brocantes,Les Rencontres de Réquista,Avenue de Millau,REQUISTA,12170,12,Avenue de Millau 12170 REQUISTA,2026-09-05,2026-09-05,,,,,,
Fêtes locales,FETE DU MELON A JOUELS,Jouels Sauveterre-de-Rouergue,SAUVETERRE-DE-ROUERGUE,12800,12,Jouels Sauveterre-de-Rouergue 12800 SAUVETERRE-DE-ROUERGUE,2026-09-05,2026-09-05,,,,,,
Concours de Belote et de Coinchée,Belote,14; chemin du Pommier roux Les Janenques 12390 Mayran,MAYRAN,12390,12,14; chemin du Pommier roux Les Janenques 12390 Mayran 12390 MAYRAN,2026-09-08,2025-11-11,,,,,,
Fêtes médiévales,Les Médiévales d'Estaing,Tracastel 12190 Estaing,ESTAING,12190,12,Tracastel 12190 Estaing 12190 ESTAING,2026-09-12,2026-09-12,,,,,,
"Randonnées, Trail ou Running",Festival des Crêtes,12230 Saint-Jean-du-Bruel,SAINT-JEAN-DU-BRUEL,12230,12,12230 Saint-Jean-du-Bruel 12230 SAINT-JEAN-DU-BRUEL,2026-09-12,2026-09-12,,,,,,
Sorties Moto,RASSEMBLEMENT MOTO CLUB MILLAU PASSION,MILLAU 12100 AVEYRON PARC DE LA VICTOIRE AVENUE GENERAL DE GAULLE,MILLAU,12100,12,MILLAU 12100 AVEYRON PARC DE LA VICTOIRE AVENUE GENERAL DE GAULLE 12100 MILLAU,2026-09-12,2026-09-12,,,,,,
Classique et opera,Violons de prague,,RODEZ,12000,12, 12000 RODEZ,2026-09-17,2026-09-17,,,,,,
"Randonnées, Trail ou Running",Fest'Trail Causses,Boulevard Aristide Briand 12400 Saint-Affrique,SAINT-AFFRIQUE,12400,12,Boulevard Aristide Briand 12400 Saint-Affrique 12400 SAINT-AFFRIQUE,2026-09-19,2026-09-20,,,,,,
Vide-greniers,Grand Débarras,Foirail,ESPALION,12500,12,Foirail 12500 ESPALION,2026-09-20,2026-09-20,,,,,,
Concerts,Nadau en concert,Salle des fêtes 12140 Espeyrac,ESPEYRAC,12140,12,Salle des fêtes 12140 Espeyrac 12140 ESPEYRAC,2026-09-19,2026-09-19,,,,,,
Foires,Foire aux Plantes,12550 Coupiac,COUPIAC,12550,12,12550 Coupiac 12550 COUPIAC,2026-09-20,2026-09-20,,,,,,
Fêtes locales,Fête de la Récup',12310 Laissac-Sévérac l'Église,LAISSAC,12310,12,12310 Laissac-Sévérac l'Église 12310 LAISSAC,2026-10-04,2026-10-04,,,,,,
Manifestations Automobiles,Rallye Terre des Cardabelles Millau Aveyron CDF,Millau,MILLAU,12100,12,Millau 12100 MILLAU,2026-10-10,2026-10-10,,,,,,
Fêtes locales,Fête de la châtaigne,Centre ville Ayssènes,AYSSENES,12430,12,Centre ville Ayssènes 12430 AYSSENES,2026-10-18,2026-10-18,,,,,,
Foires,foire à la châtaigne,Village Castelnau-Pégayrols,CASTELNAU-PEGAYROLS,12620,12,Village Castelnau-Pégayrols 12620 CASTELNAU-PEGAYROLS,2026-10-25,2026-10-25,,,,,,
Bals Danses,BAL des Catherinettes,"Mairie de Lassouts, 12500 Lassouts",LASSOUTS,12500,12,"Mairie de Lassouts, 12500 Lassouts 12500 LASSOUTS",2026-11-28,2026-11-28,,,,,,
Evènements Téléthon,TELETHON ESPALION,TELETHON ESPALION,ESPALION,12500,12,TELETHON ESPALION 12500 ESPALION,2026-12-05,2026-12-05,,,,,,
"Randonnées, Trail ou Running",Festival Des Templiers,Avenue de Millau plage,MILLAU,12100,12,Avenue de Millau plage 12100 MILLAU,2026-10-24,2026-10-24,,,,,,
Foires,La foire aux chevaux,champ de foire Gabriac - 12340,GABRIAC,12340,12,champ de foire Gabriac - 12340 12340 GABRIAC,2026-11-26,2026-11-26,,,,,,
Foires,FOIRE TRIMESTRIELLE DE DECEMBRE RODEZ,centre-ville,RODEZ,12000,12,centre-ville 12000 RODEZ,2026-12-04,2026-12-04,,,,,,
"Randonnées, Trail ou Running",Cross de Brianelle,Flavin (12450),FLAVIN,12450,12,Flavin (12450) 12450 FLAVIN,2026-12-06,2026-12-06,,,,,,
Bourses,bourse de jouets anciens,centre Francis-Poulenc,ESPALION,12500,12,centre Francis-Poulenc 12500 ESPALION,2026-11-22,2026-11-22,,,,,,
Sorties,&#127875; Soirée Halloween à Ste Eulalie d'Olt,12130 Sainte-Eulalie-d'Olt,SAINTE-EULALIE-D'OLT,12130,12,12130 Sainte-Eulalie-d'Olt 12130 SAINTE-EULALIE-D'OLT,2026-10-31,2026-10-31,,,,,,
Marchés de Noël,Marché de Noël Art et Terroir,Hall polyvalent des Prades,LANUEJOULS,12350,12,Hall polyvalent des Prades 12350 LANUEJOULS,2026-12-06,2026-12-06,,,,,,
Marchés de Noël,Marché de Noël à Naucelle,Marché de Noël à Naucelle 12800 Naucelle,NAUCELLE,12800,12,Marché de Noël à Naucelle 12800 Naucelle 12800 NAUCELLE,2026-12-06,2026-12-06,,,,,,
Marchés de Noël,Marché de Noël,le bourg Salle des Oeuvres (Place de l'Eglise),MONTEILS,12200,12,le bourg Salle des Oeuvres (Place de l'Eglise) 12200 MONTEILS,2026-12-13,2026-12-13,,,,,,
Foires,La foire à la Volaille,place François Mitterrand Baraqueville,BARAQUEVILLE,12160,12,place François Mitterrand Baraqueville 12160 BARAQUEVILLE,2026-12-18,2026-12-18,,,,,,
Foires,Foire des Cendres,Centre ville Millau - 12100,MILLAU,12100,12,Centre ville Millau - 12100 12100 MILLAU,2027-02-10,2027-02-10,,,,,,
Salons,Urban tattoo show Aveyron,laminoir,DECAZEVILLE,12300,12,laminoir 12300 DECAZEVILLE,2027-02-06,2027-02-06,,,,,,
Fêtes locales,Fêtes Lebous,Fêtes Lebous 12170 Réquista,REQUISTA,12170,12,Fêtes Lebous 12170 Réquista 12170 REQUISTA,2027-01-01,2027-01-01,,,,,,
Humour et one (wo)man show,Verino,,RODEZ,12000,12, 12000 RODEZ,2026-12-17,2026-12-17,,,,,,
Fêtes,Fete de la Truffe Compregnac,"Salle des Fetes, 12100 Comprégnac",COMPREGNAC,12100,12,"Salle des Fetes, 12100 Comprégnac 12100 COMPREGNAC",2026-12-20,2026-12-20,,,,,,
Vide-greniers,VIDE-GRENIERS LE 15 AOUT,village St Izaire,SAINT-IZAIRE,12480,12,village St Izaire 12480 SAINT-IZAIRE,2027-01-01,2027-01-01,,,,,,
Foires,Le festival des boeufs de Pâques,Centre bourg Laguiole - 12210,LAGUIOLE,12210,12,Centre bourg Laguiole - 12210 12210 LAGUIOLE,2027-03-07,2027-03-07,,,,,,
Marchés,Marché de la truffe et de Noel,Salle des Fetes,COMPREGNAC,12100,12,Salle des Fetes 12100 COMPREGNAC,2026-12-20,2026-12-20,,,,,,
Foires,Les Bœufs de Pâques,Baraqueville - 12160,BARAQUEVILLE,12160,12,Baraqueville - 12160 12160 BARAQUEVILLE,2027-03-13,2027-03-13,,,,,,
"Randonnées, Trail ou Running",&#129472; Les Traces du Fromage de Laguiole,Laguiole - 12210,LAGUIOLE,12210,12,Laguiole - 12210 12210 LAGUIOLE,2027-03-20,2027-03-20,,,,,,
Bals Danses,BAL du Printemps à Lassouts,Lassouts,LASSOUTS,12500,12,Lassouts 12500 LASSOUTS,2027-03-27,2027-03-27,,,,,,
Manifestations Automobiles,Rallye Terre des Causses (12),,CAPDENAC-GARE,12700,12, 12700 CAPDENAC-GARE,2027-04-03,2027-04-03,,,,,,
Vide-greniers,Vide-Grenier - Floralies - Déjeuner,Rue du midi,ASPRIERES,12700,12,Rue du midi 12700 ASPRIERES,2027-04-18,2027-04-18,,,,,,
Foires,FOIRE TRIMESTRIELLE RODEZ MARS,centre-ville,RODEZ,12000,12,centre-ville 12000 RODEZ,2027-03-26,2027-03-26,,,,,,
Vide-greniers,Vide grenier de Pâques,Salle des fêtes 12290 Pont-de-Salars,PONT-DE-SALARS,12290,12,Salle des fêtes 12290 Pont-de-Salars 12290 PONT-DE-SALARS,2027-03-28,2027-03-28,,,,,,
Foires,Foire des Chevaux,champ de foire Gabriac,GABRIAC,12340,12,champ de foire Gabriac 12340 GABRIAC,2027-04-26,2027-04-26,,,,,,
Foires,FOIRE EXPO,RIGNAC,RIGNAC,12390,12,RIGNAC 12390 RIGNAC,2027-04-26,2027-04-26,,,,,,
Vide-greniers,Comprégnac vide-greniers 1er mai,Village Comprégnac,COMPREGNAC,12100,12,Village Comprégnac 12100 COMPREGNAC,2027-05-01,2027-05-01,,,,,,
Vide-greniers,Vide-greniers et marché aux puces,,CRANSAC,12110,12, 12110 CRANSAC,2027-05-01,2027-05-01,,,,,,
Foires,La Foire du Matériel Agricole,Village Baraqueville - 12160,BARAQUEVILLE,12160,12,Village Baraqueville - 12160 12160 BARAQUEVILLE,2027-05-03,2027-05-03,,,,,,
Vide-greniers,Vide-greniers et marché aux puces,,SALLES-LA-SOURCE,12330,12, 12330 SALLES-LA-SOURCE,2027-05-01,2027-05-01,,,,,,
Fêtes locales,Fête du muguet,Salles-la-Source,SALLES-LA-SOURCE,12330,12,Salles-la-Source 12330 SALLES-LA-SOURCE,2027-05-01,2027-05-01,,,,,,
Fêtes locales,fête locale,Saint-Pierre de Bessuéjouls,BESSUEJOULS,12500,12,Saint-Pierre de Bessuéjouls 12500 BESSUEJOULS,2027-05-14,2027-05-14,,,,,,
Foires,foire aux ânes,"12320, Conques",CONQUES,12320,12,"12320, Conques 12320 CONQUES",2027-05-14,2027-05-14,,,,,,
Foires,Grande Foire,Village Laissac - 12310,LAISSAC,12310,12,Village Laissac - 12310 12310 LAISSAC,2027-05-10,2027-05-10,,,,,,
Marchés de Producteurs,Marché aux fleurs,avenue Pierre Sémard avenue Pierre Sémard,RECOULES-PREVINQUIERES,12150,12,avenue Pierre Sémard avenue Pierre Sémard 12150 RECOULES-PREVINQUIERES,2027-05-14,2027-05-14,,,,,,
Vide-greniers,Vide-greniers et marché aux puces,,PONT-DE-SALARS,12290,12, 12290 PONT-DE-SALARS,2027-05-01,2027-05-01,,,,,,
Foires,foire expo,Centre village Saint-Amans-des-Cots,SAINT-AMANS-DES-COTS,12460,12,Centre village Saint-Amans-des-Cots 12460 SAINT-AMANS-DES-COTS,2027-05-17,2027-05-17,,,,,,
Fêtes locales,fête des fraises,Centre ville AYSSÈNES,AYSSENES,12430,12,Centre ville AYSSÈNES 12430 AYSSENES,2027-05-25,2027-05-25,,,,,,
Brocantes,brocante de Pentecôte,Villefranche de Rouergues,VILLEFRANCHE-DE-ROUERGUE,12200,12,Villefranche de Rouergues 12200 VILLEFRANCHE-DE-ROUERGUE,2027-05-24,2027-05-24,,,,,,
Brocantes,Brocante lundi de Pentecôte,Village Lunac,LUNAC,12270,12,Village Lunac 12270 LUNAC,2027-05-25,2027-05-25,,,,,,
Marchés de potiers,MARCHÉ DES POTIERS,"site antique de Millau "" la Graufesenque """,MILLAU,12100,12,"site antique de Millau "" la Graufesenque "" 12100 MILLAU",2027-05-30,2027-05-30,,,,,,
Fêtes locales,Fête de la brebis,centre ville,REQUISTA,12170,12,centre ville 12170 REQUISTA,2027-06-07,2027-06-07,,,,,,
Fêtes locales,FÊTE DE PENTECÔTE,Village Sévérac-le-Château - 12150,SEVERAC-LE-CHATEAU,12150,12,Village Sévérac-le-Château - 12150 12150 SEVERAC-LE-CHATEAU,2027-05-25,2027-05-25,,,,,,
Festivals,Festival de la Saint-Jean,Place Notre Dame 12200 VILLEFRANCHE DE ROUERGUE,VILLEFRANCHE-DE-ROUERGUE,12200,12,Place Notre Dame 12200 VILLEFRANCHE DE ROUERGUE 12200 VILLEFRANCHE-DE-ROUERGUE,2027-06-27,2027-06-27,,,,,,
Foires,FOIRE TRIMESTRIELLE DE JUIN RODEZ,centre-ville,RODEZ,12000,12,centre-ville 12000 RODEZ,2027-06-26,2027-06-26,,,,,,
Fêtes locales,Fête de Lunac,Village Lunac,LUNAC,12270,12,Village Lunac 12270 LUNAC,2027-05-25,2027-05-25,,,,,,
Stages Ateliers,Un jardin contemporain séduisant,Jardin du Domaine de Cros Cros 12220 Galgan,GALGAN,12220,12,Jardin du Domaine de Cros Cros 12220 Galgan 12220 GALGAN,2027-06-06,2027-06-06,,,,,,
Sorties,soirée du 13 juillet,3 rue du 19 mars 1962 12240 Rieupeyroux,RIEUPEYROUX,12240,12,3 rue du 19 mars 1962 12240 Rieupeyroux 12240 RIEUPEYROUX,2027-07-13,2027-07-13,,,,,,
Fêtes locales,Fête et procession de la Ste Épine,12130 Sainte-Eulalie-d'Olt,SAINTE-EULALIE-D'OLT,12130,12,12130 Sainte-Eulalie-d'Olt 12130 SAINTE-EULALIE-D'OLT,2027-07-11,2027-07-11,,,,,,
Fêtes locales,Fêtes de la Saint-Hilarian,ville,ESPALION,12500,12,ville 12500 ESPALION,2027-06-20,2027-06-20,,,,,,
Feux d'artifice,Feu d’artifice,"Foirail, 12500, Espalion",ESPALION,12500,12,"Foirail, 12500, Espalion 12500 ESPALION",2027-07-14,2027-07-14,,,,,,
Vide-greniers,FOIRE À LA BROCANTE ET VIDE GRENIERS,chemin qui mène au couvent Tournemire - 12250,TOURNEMIRE,12250,12,chemin qui mène au couvent Tournemire - 12250 12250 TOURNEMIRE,2027-07-14,2027-07-14,,,,,,
Vide-greniers,Vide Grenier du 14 juillet à La Cavalerie,Rue du Pourtalou,LA CAVALERIE,12230,12,Rue du Pourtalou 12230 LA CAVALERIE,2027-07-14,2027-07-14,,,,,,
Evènements,L'Echappée Verte,foirail,LACALM,12210,12,foirail 12210 LACALM,2027-07-14,2027-07-14,,,,,,
Fêtes locales,Fête de la Truite,12170 Réquista,REQUISTA,12170,12,12170 Réquista 12170 REQUISTA,2027-07-14,2027-07-14,,,,,,
Fêtes locales,fête du Théron,Le Théron 12240 Rieupeyroux,RIEUPEYROUX,12240,12,Le Théron 12240 Rieupeyroux 12240 RIEUPEYROUX,2027-07-18,2027-07-18,,,,,,
Vide-greniers,Vide-greniers et marché aux puces,,NAJAC,12270,12, 12270 NAJAC,2027-07-14,2027-07-14,,,,,,
Fêtes médiévales,FAËRIE MÉDIÉVALE,tour de ville et la place des Conques Villeneuve - 12260,VILLENEUVE,12260,12,tour de ville et la place des Conques Villeneuve - 12260 12260 VILLENEUVE,2027-07-18,2027-07-18,,,,,,
Brocantes,brocante villeneuve medieval,Village 12260 Villeneuve,VILLENEUVE,12260,12,Village 12260 Villeneuve 12260 VILLENEUVE,2027-07-19,2027-07-19,,,,,,
Fêtes locales,fête d'été de St Saturnin,Village Saint-Saturnin-de-Lenne,SAINT-SATURNIN-DE-LENNE,12560,12,Village Saint-Saturnin-de-Lenne 12560 SAINT-SATURNIN-DE-LENNE,2027-07-18,2027-07-18,,,,,,
Feux d'artifice,Feu d'artifice à Naves d'Aubrac pour fêter le 14 juillet !,Office de Tourisme 12130 Saint Geniez d'Olt et d'Aubrac,SAINT-GENIEZ-D'OLT,12130,12,Office de Tourisme 12130 Saint Geniez d'Olt et d'Aubrac 12130 SAINT-GENIEZ-D'OLT,2027-07-14,2027-07-14,,,,,,
Food Truck commerces ambulants,"Le Mardi, c'est Food Truck",Place du Marché 13570 Barbentane,BARBENTANE,13570,13,Place du Marché 13570 Barbentane 13570 BARBENTANE,2026-07-21,2026-07-21,,,,,,
Marchés,Marché d'Alleins Tous les mardis matin,parc du Couvent,ALLEINS,13980,13,parc du Couvent 13980 ALLEINS,2026-07-21,2026-07-21,,,,,,
Marchés de Producteurs,Marché de producteurs,Marché de Ceyreste,CEYRESTE,13600,13,Marché de Ceyreste 13600 CEYRESTE,2026-07-21,2026-07-21,,,,,,
Festivals,Patrick fiori,,GEMENOS,13420,13, 13420 GEMENOS,2026-07-21,2026-07-21,,,,,,
Food Truck commerces ambulants,Food Truck,parking de la pharmacie 13790 Chateauneuf-le-Rouge,CHATEAUNEUF-LE-ROUGE,13790,13,parking de la pharmacie 13790 Chateauneuf-le-Rouge 13790 CHATEAUNEUF-LE-ROUGE,2026-07-21,2026-07-21,,,,,,
Marchés,Grand marché des Primeurs d'Aubagne,Grand marché des Primeurs d'Aubagne Cours Voltaire 13005 Aubagne,AUBAGNE,13005,13,Grand marché des Primeurs d'Aubagne Cours Voltaire 13005 Aubagne 13005 AUBAGNE,2026-07-21,2026-07-21,,,,,,
Marchés,Marché de La Ciotat,Marché de La Ciotat Place Evariste Gras 13028 La Ciotat,LA CIOTAT,13028,13,Marché de La Ciotat Place Evariste Gras 13028 La Ciotat 13028 LA CIOTAT,2026-07-21,2026-07-21,,,,,,
Marchés de Producteurs,Marché des producteurs de Ceyreste,Marché des producteurs de Ceyreste Place de la Mairie / Place du Général de Gaulle 13023 Ceyreste,CEYRESTE,13023,13,Marché des producteurs de Ceyreste Place de la Mairie / Place du Général de Gaulle 13023 Ceyreste 13023 CEYRESTE,2026-07-21,2026-07-21,,,,,,
Concerts,PATRICK FIORI,,GEMENOS,13420,13, 13420 GEMENOS,2026-07-21,2026-07-21,,,,,,
Marchés de Producteurs,LE GRAND MARCHÉ D'AUBAGNE,Cours Voltaire - Esplanade de Gaulle Aubagne - 13400,AUBAGNE,13400,13,Cours Voltaire - Esplanade de Gaulle Aubagne - 13400 13400 AUBAGNE,2026-07-21,2026-07-21,,,,,,
Marchés de Producteurs,Marché paysan,place des Etats-généraux Place des Etats-généraux 13410 Lambesc,LAMBESC,13410,13,place des Etats-généraux Place des Etats-généraux 13410 Lambesc 13410 LAMBESC,2026-07-21,2026-07-21,,,,,,
Marchés nocturnes,Marchés nocturnes,Marchés nocturnes Cours Victor Hugo Mairie de Mallemort 13053 Mallemort,MALLEMORT,13053,13,Marchés nocturnes Cours Victor Hugo Mairie de Mallemort 13053 Mallemort 13053 MALLEMORT,2026-07-21,2026-07-21,,,,,,
Marchés,Marché d'Istres,Marché d'Istres 1 Allées Jean Jaurès Centre-ville d'Istres 13047 Istres,ISTRES,13047,13,Marché d'Istres 1 Allées Jean Jaurès Centre-ville d'Istres 13047 Istres 13047 ISTRES,2026-07-21,2026-07-21,,,,,,
Marchés,Marché du mardi matin,place du Champ de Mars Lançon-Provence - 13680,LANCON-PROVENCE,13680,13,place du Champ de Mars Lançon-Provence - 13680 13680 LANCON-PROVENCE,2026-07-21,2026-07-21,,,,,,
Marchés,marché hebdomadaire,avenue Jean Bessat et la place de la mairie Paradou - 13520,PARADOU,13520,13,avenue Jean Bessat et la place de la mairie Paradou - 13520 13520 PARADOU,2026-07-21,2026-07-21,,,,,,
Marchés,Marchés hebdomadaires,Marchés hebdomadaires Coeur de Ville 13054 Marignane,MARIGNANE,13054,13,Marchés hebdomadaires Coeur de Ville 13054 Marignane 13054 MARIGNANE,2026-07-21,2026-07-21,,,,,,
Marchés de créateurs,Marché des Créateurs nocturne,Marché des Créateurs nocturne Marché des Créateurs Place Jules et Pellissier et centre ville 13100 Saint-Rémy-de-Provence,SAINT-REMY-DE-PROVENCE,13100,13,Marché des Créateurs nocturne Marché des Créateurs Place Jules et Pellissier et centre ville 13100 Saint-Rémy-de-Provence 13100 SAINT-REMY-DE-PROVENCE,2026-07-21,2026-07-21,,,,,,
Marchés de créateurs,Marché Artisanal Nocturne des Créateurs,"cœur du centre ancien, sur la place de la Mairie et l'Avenue de la résistance",SAINT-REMY-DE-PROVENCE,13210,13,"cœur du centre ancien, sur la place de la Mairie et l'Avenue de la résistance 13210 SAINT-REMY-DE-PROVENCE",2026-07-21,2026-07-21,,,,,,
Spectacles,Taureau-piscine et clowns taurins,Arènes Avenue Van Gogh 13460 Saintes-Maries-de-la-Mer,SAINTES-MARIES-DE-LA-MER,13460,13,Arènes Avenue Van Gogh 13460 Saintes-Maries-de-la-Mer 13460 SAINTES-MARIES-DE-LA-MER,2026-07-21,2026-07-21,,,,,,
Marchés,MARCHE DU CENTRE VILLE,MARCHE DU CENTRE VILLE Place de Provence Centre Urbain 13117 Vitrolles,VITROLLES,13117,13,MARCHE DU CENTRE VILLE Place de Provence Centre Urbain 13117 Vitrolles 13117 VITROLLES,2026-07-21,2026-07-21,,,,,,
Expositions,Exposition Pompidou Circus,,AIX-EN-PROVENCE,13540,13, 13540 AIX-EN-PROVENCE,2026-07-22,2026-07-22,,,,,,
Marchés,Marché hebdomadaire,village Allauch - 13190,ALLAUCH,13190,13,village Allauch - 13190 13190 ALLAUCH,2026-07-22,2026-07-22,,,,,,
Marchés,Tarascon Marché hebdomadaire de Tarascon,"Cours Aristide Briand Avenue de la République, Rue des Halles, Place de la Mairie et Place Verdun 13150 Tarascon",TARASCON,13150,13,"Cours Aristide Briand Avenue de la République, Rue des Halles, Place de la Mairie et Place Verdun 13150 Tarascon 13150 TARASCON",2026-07-21,2026-07-21,,,,,,
Festivals,SELAH SUE &amp; THE GALLANDS - PATRICK WATSON,,ARLES,13280,13, 13280 ARLES,2026-07-22,2026-07-22,,,,,,
Marchés,Marché d'Arles mercredi,Centre-ville 13200 Arles,ARLES,13200,13,Centre-ville 13200 Arles 13200 ARLES,2026-07-22,2026-07-22,,,,,,
Concerts,Concert - Orchestre des Jeunes de la Méditerranée du Festival d'Aix-en-Provence,,AIX-EN-PROVENCE,13540,13, 13540 AIX-EN-PROVENCE,2026-07-22,2026-07-22,,,,,,
Concerts,Selah sue & the gallands,,ARLES,13280,13, 13280 ARLES,2026-07-22,2026-07-22,,,,,,
Marchés,Marché hebdomadaire de Cabriès,2010 Rue Des ecoles 13480 Cabriès,CABRIES,13480,13,2010 Rue Des ecoles 13480 Cabriès 13480 CABRIES,2026-07-22,2026-07-22,,,,,,
Théatres,Made in marseille,,CARRY-LE-ROUET,13620,13, 13620 CARRY-LE-ROUET,2026-07-22,2026-07-22,,,,,,
Marchés en Provence,Marché Provençal - tous les mercredis,Quai des Moulins,CASSIS,13260,13,Quai des Moulins 13260 CASSIS,2026-07-22,2026-07-22,,,,,,
Marchés de Producteurs,marché de producteurs,"parvis de la Poste, cours Victor Hugo",MALLEMORT,13370,13,"parvis de la Poste, cours Victor Hugo 13370 MALLEMORT",2026-07-22,2026-07-22,,,,,,
Marchés,MARCHÉ DES CADENEAUX,place Félix Aureille Pennes-Mirabeau - 13170,LES PENNES-MIRABEAU,13170,13,place Félix Aureille Pennes-Mirabeau - 13170 13170 LES PENNES-MIRABEAU,2026-07-22,2026-07-22,,,,,,
Concerts,ALEA JACTA EST + GUEST,,MARSEILLE,13016,13, 13016 MARSEILLE,2026-07-22,2026-07-22,,,,,,
Marchés,Marché de Rognac,Marché de Rognac Place Saint Jacques Marché de Rognac 13081 Rognac,ROGNAC,13081,13,Marché de Rognac Place Saint Jacques Marché de Rognac 13081 Rognac 13081 ROGNAC,2026-07-22,2026-07-22,,,,,,
Marchés en Provence,Marché hebdomadaire le mercredi,cours Paul Révoil,MOURIES,13890,13,cours Paul Révoil 13890 MOURIES,2026-07-22,2026-07-22,,,,,,
Marchés,Marché de Saint Mitre les Remparts,Marché de Saint Mitre les Remparts En face de la Mairie (jusqu'à nouvel ordre) Marché de Saint Mitre les Remparts 13098 Saint-Mitre-les-Remparts,SAINT-MITRE-LES-REMPARTS,13098,13,Marché de Saint Mitre les Remparts En face de la Mairie (jusqu'à nouvel ordre) Marché de Saint Mitre les Remparts 13098 Saint-Mitre-les-Remparts 13098 SAINT-MITRE-LES-REMPARTS,2026-07-22,2026-07-22,,,,,,
Marchés,Le marché hebdomadaire mercredi matin,Cours Saint-Etienne rognes,ROGNES,13840,13,Cours Saint-Etienne rognes 13840 ROGNES,2026-07-22,2026-07-22,,,,,,
Marchés en Provence,Marché provençal hebdomadaire du mercredi matin,Centre Ville Avenue du Port et Avenue Louis Gros 13230 Port-Saint-Louis-du-Rhône,PORT-SAINT-LOUIS-DU-RHONE,13230,13,Centre Ville Avenue du Port et Avenue Louis Gros 13230 Port-Saint-Louis-du-Rhône 13230 PORT-SAINT-LOUIS-DU-RHONE,2026-07-22,2026-07-22,,,,,,
Marchés en Provence,GRAND MARCHÉ PROVENÇAL,place de la République,SAINT-REMY-DE-PROVENCE,13210,13,place de la République 13210 SAINT-REMY-DE-PROVENCE,2026-07-22,2026-07-22,,,,,,
Marchés,Marché de Septèmes les Vallons,Marché de Septèmes les Vallons Place de la Mairie Marché de Septèmes les Vallons 13106 Septèmes-les-Vallons,SEPTEMES-LES-VALLONS,13106,13,Marché de Septèmes les Vallons Place de la Mairie Marché de Septèmes les Vallons 13106 Septèmes-les-Vallons 13106 SEPTEMES-LES-VALLONS,2026-07-22,2026-07-22,,,,,,
Marchés,Marché de Plan d'Orgon,Marché de Plan d'Orgon Place de la République 13750 Plan d'Orgon,PLAN-D'ORGON,13750,13,Marché de Plan d'Orgon Place de la République 13750 Plan d'Orgon 13750 PLAN-D'ORGON,2026-07-22,2026-07-22,,,,,,
Fêtes locales,Festines,Centre ville Lambesc - 13410,LAMBESC,13410,13,Centre ville Lambesc - 13410 13410 LAMBESC,2026-07-23,2026-07-23,,,,,,
Concerts,Places en Musique,Place de l'Huveaune Rue de l'Huveaune 13400 Aubagne,AUBAGNE,13400,13,Place de l'Huveaune Rue de l'Huveaune 13400 Aubagne 13400 AUBAGNE,2026-07-23,2026-07-23,,,,,,
Marchés,MARCHE DU VILLAGE,MARCHE DU VILLAGE Petit marché sur la place de l'Aire au vieux village le Jeudi matin 13117 Vitrolles,VITROLLES,13117,13,MARCHE DU VILLAGE Petit marché sur la place de l'Aire au vieux village le Jeudi matin 13117 Vitrolles 13117 VITROLLES,2026-07-22,2026-07-22,,,,,,
Festivals,ARCHIVE,,ARLES,13280,13, 13280 ARLES,2026-07-23,2026-07-23,,,,,,
Marchés,Marché d'Aureille,Marché d'Aureille Place de la Fontaine Marché Provençal 13006 Aureille,AUREILLE,13006,13,Marché d'Aureille Place de la Fontaine Marché Provençal 13006 Aureille 13006 AUREILLE,2026-07-23,2026-07-23,,,,,,
Marchés,Marché de Fuveau,Marché de Fuveau Cours Victor Leydet cours Victor Leydet 13040 Fuveau,FUVEAU,13040,13,Marché de Fuveau Cours Victor Leydet cours Victor Leydet 13040 Fuveau 13040 FUVEAU,2026-07-23,2026-07-23,,,,,,
Marchés,Marché de Maillane,Marché de Maillane Place de l'Eglise 13052 Maillane,MAILLANE,13052,13,Marché de Maillane Place de l'Eglise 13052 Maillane 13052 MAILLANE,2026-07-23,2026-07-23,,,,,,
Marchés,Marché du Jeudi de Berre l'Etang,Marché du Jeudi de Berre l'Étang Ancien collège Fernand Léger 13014 Berre-l'Étang,BERRE-L'ETANG,13014,13,Marché du Jeudi de Berre l'Étang Ancien collège Fernand Léger 13014 Berre-l'Étang 13014 BERRE-L'ETANG,2026-07-23,2026-07-23,,,,,,
Feux d'artifice,JEUDIS ÉTOILÉS,Esplanade Charles de Gaulle 13800Istres,ISTRES,13800,13,Esplanade Charles de Gaulle 13800Istres 13800 ISTRES,2026-07-23,2026-07-23,,,,,,
Festivals,Delta Festival 2026 - Pass 3J Jeu+Ven+Sam,,MARSEILLE,13016,13, 13016 MARSEILLE,2026-07-23,2026-07-23,,,,,,
Marchés,Marché d'Auriol,Marché d'Auriol Cours du 4 Septembre 13007 Auriol,AURIOL,13007,13,Marché d'Auriol Cours du 4 Septembre 13007 Auriol 13007 AURIOL,2026-07-23,2026-07-23,,,,,,
Festivals,Delta Festival 2026 - Pass 4J,,MARSEILLE,13016,13, 13016 MARSEILLE,2026-07-23,2026-07-23,,,,,,
Concerts,OMAR SOULEYMAN,,MARSEILLE,13016,13, 13016 MARSEILLE,2026-07-23,2026-07-23,,,,,,
Marchés,Marché de Jonquières,Marché de Jonquières Quai Général Leclerc Parking du Général Leclerc 13056 Martigues,MARTIGUES,13056,13,Marché de Jonquières Quai Général Leclerc Parking du Général Leclerc 13056 Martigues 13056 MARTIGUES,2026-07-23,2026-07-23,,,,,,
Festivals,Delta festival - pass 1 jour,,MARSEILLE,13016,13, 13016 MARSEILLE,2026-07-23,2026-07-23,,,,,,
Festivals,Delta Festival 2026 - Pass 2J Jeu+Ven,,MARSEILLE,13016,13, 13016 MARSEILLE,2026-07-23,2026-07-23,,,,,,
Festivals,Delta Festival 2026 - L2B + ACID ARAB + MOSIMANN + BENNETT + ...,,MARSEILLE,13016,13, 13016 MARSEILLE,2026-07-23,2026-07-23,,,,,,
Festivals,Delta festival - pass vip 1 jour,,MARSEILLE,13016,13, 13016 MARSEILLE,2026-07-23,2026-07-23,,,,,,
Marchés,Marché hebdomadaire de Mas-Blanc-des-Alpilles,Marché hebdomadaire de Mas-Blanc-des-Alpilles Mairie de Mas Blanc les Alpilles RN 99 13057 Mas-Blanc-des-Alpilles,MAS-BLANC-DES-ALPILLES,13057,13,Marché hebdomadaire de Mas-Blanc-des-Alpilles Mairie de Mas Blanc les Alpilles RN 99 13057 Mas-Blanc-des-Alpilles 13057 MAS-BLANC-DES-ALPILLES,2026-07-23,2026-07-23,,,,,,
Marchés,Marché de Roquefort la Bédoule,Marché de Roquefort la Bédoule Parking de La Poste Parking de la Poste 13085 Roquefort-la-Bédoule,ROQUEFORT-LA-BEDOULE,13085,13,Marché de Roquefort la Bédoule Parking de La Poste Parking de la Poste 13085 Roquefort-la-Bédoule 13085 ROQUEFORT-LA-BEDOULE,2026-07-23,2026-07-23,,,,,,
Marchés,Marché de Velaux,Marché de Velaux Place François Caire 13112 Velaux,VELAUX,13112,13,Marché de Velaux Place François Caire 13112 Velaux 13112 VELAUX,2026-07-23,2026-07-23,,,,,,
Food Truck commerces ambulants,"Les Vendredis de food-truck, bière artisanale et plein de choses à Arlatina, Microbrasserie Arlésien",70 VC 10 dit draille du mas mollin Arlatina Microbrasserie Arlésienne 13200 Arles,ARLES,13200,13,70 VC 10 dit draille du mas mollin Arlatina Microbrasserie Arlésienne 13200 Arles 13200 ARLES,2026-07-24,2026-07-24,,,,,,
Marchés,Marché du jeudi,Parking des plaisanciers 13104 Sausset-les-Pins,SAUSSET-LES-PINS,13104,13,Parking des plaisanciers 13104 Sausset-les-Pins 13104 SAUSSET-LES-PINS,2026-07-23,2026-07-23,,,,,,
Evènements,AFTER-WORK AIX-EN-PROVENCE,2690 CHEMIN DE LIGNANE 13540 Puyricard ( Aix-en-Provence),AIX-EN-PROVENCE,13540,13,2690 CHEMIN DE LIGNANE 13540 Puyricard ( Aix-en-Provence) 13540 AIX-EN-PROVENCE,2026-07-24,2026-07-24,,,,,,
Marchés,Le marché forain,Ville 13560 Sénas,SENAS,13560,13,Ville 13560 Sénas 13560 SENAS,2026-07-23,2026-07-23,,,,,,
Marchés,Marché de Puyricard,Marché de Puyricard Place de l'église 13001 Aix-en-Provence,AIX-EN-PROVENCE,13001,13,Marché de Puyricard Place de l'église 13001 Aix-en-Provence 13001 AIX-EN-PROVENCE,2026-07-24,2026-07-24,,,,,,
Cirques,Sortie de résidence · AmAs - Cie À bras les corps,,AIX-EN-PROVENCE,13540,13, 13540 AIX-EN-PROVENCE,2026-07-24,2026-07-24,,,,,,
Marchés,Marché de Ceyreste,Place du Général de Gaulle,CEYRESTE,13600,13,Place du Général de Gaulle 13600 CEYRESTE,2026-07-24,2026-07-24,,,,,,
Marchés en Provence,Marché Provençal - tous les vendredis,Quai des Moulins,CASSIS,13260,13,Quai des Moulins 13260 CASSIS,2026-07-24,2026-07-24,,,,,,
Marchés,Marché hebdomadaire,Marché hebdomadaire Centre Ville 13026 Châteauneuf-les-Martigues,CHATEAUNEUF-LES-MARTIGUES,13026,13,Marché hebdomadaire Centre Ville 13026 Châteauneuf-les-Martigues 13026 CHATEAUNEUF-LES-MARTIGUES,2026-07-24,2026-07-24,,,,,,
Marchés,Marché d'Eyragues,Marché d'Eyragues place Saint Paul Place Saint Paul 13036 Eyragues,EYRAGUES,13036,13,Marché d'Eyragues place Saint Paul Place Saint Paul 13036 Eyragues 13036 EYRAGUES,2026-07-24,2026-07-24,,,,,,
Marchés en Provence,Marché provençal d'Eygalières,Marché provençal d'Eygalières Rue de la République Eygalières 13034 Eygalières,EYGALIERES,13034,13,Marché provençal d'Eygalières Rue de la République Eygalières 13034 Eygalières 13034 EYGALIERES,2026-07-24,2026-07-24,,,,,,
Marchés de Producteurs,Mini marché à La Robine,"le Dôme 48 Avenue de Saint-Just, 13004 Marseille",MARSEILLE,13004,13,"le Dôme 48 Avenue de Saint-Just, 13004 Marseille 13004 MARSEILLE",2026-07-24,2026-07-24,,,,,,
Marchés,Marché d'Entressen,Marché d'Entressen Centre ville Entressen Place Louis Blagiaire 13047 Istres,ISTRES,13047,13,Marché d'Entressen Centre ville Entressen Place Louis Blagiaire 13047 Istres 13047 ISTRES,2026-07-24,2026-07-24,,,,,,
Festivals,Delta Festival 2026 - Pass 3J Ven+Sam+Dim,,MARSEILLE,13016,13, 13016 MARSEILLE,2026-07-24,2026-07-24,,,,,,
Marchés de Producteurs,Marché Paysan,Bourg Graveson,GRAVESON,13690,13,Bourg Graveson 13690 GRAVESON,2026-07-24,2026-07-24,,,,,,
Marchés en Provence,Marché provençal à Fontvieille,Marché provençal à Fontvieille 8 Rue Marcel Honorat Mairie de Fontvieille 13038 Fontvieille,FONTVIEILLE,13038,13,Marché provençal à Fontvieille 8 Rue Marcel Honorat Mairie de Fontvieille 13038 Fontvieille 13038 FONTVIEILLE,2026-07-24,2026-07-24,,,,,,
Marchés,Marché,Marché Place Raoul Coustet 13053 Mallemort,MALLEMORT,13053,13,Marché Place Raoul Coustet 13053 Mallemort 13053 MALLEMORT,2026-07-24,2026-07-24,,,,,,
Festivals,Delta festival - pass 2 jours,,MARSEILLE,13016,13, 13016 MARSEILLE,2026-07-24,2026-07-24,,,,,,
Festivals,Delta Festival 2026 - Pass 2J Ven+Sam,,MARSEILLE,13016,13, 13016 MARSEILLE,2026-07-24,2026-07-24,,,,,,
Festivals,Delta Festival 2026 - ADAM BEYER + MIKI + THYLACINE + TK + ...,,MARSEILLE,13016,13, 13016 MARSEILLE,2026-07-24,2026-07-24,,,,,,
Lotos Quines et Rifles,Loto tous les vendredis,Chemin des Pennes aux Pins Plan de Campagne 13170 Les-Pennes-Mirabeau,LES PENNES-MIRABEAU,13170,13,Chemin des Pennes aux Pins Plan de Campagne 13170 Les-Pennes-Mirabeau 13170 LES PENNES-MIRABEAU,2026-07-24,2026-07-24,,,,,,
Festivals,Styleto + helena,,MARTIGUES,13500,13, 13500 MARTIGUES,2026-07-24,2026-07-24,,,,,,
Festivals,STYLETO + HELENA,,MARTIGUES,13500,13, 13500 MARTIGUES,2026-07-24,2026-07-24,,,,,,
Marchés en Provence,Marché Provençal,Avenue de la République place des gitans. Place des Gitans. 13460 Saintes-Maries-de-la-Mer,SAINTES-MARIES-DE-LA-MER,13460,13,Avenue de la République place des gitans. Place des Gitans. 13460 Saintes-Maries-de-la-Mer 13460 SAINTES-MARIES-DE-LA-MER,2026-07-24,2026-07-24,,,,,,
Marchés nocturnes,Marché Nocturne vendredi,Port de Plaisance Port-de-Bouc - 13110,PORT-DE-BOUC,13110,13,Port de Plaisance Port-de-Bouc - 13110 13110 PORT-DE-BOUC,2026-07-24,2026-07-24,,,,,,
Marchés de Producteurs,Marché des producteurs locaux,Mail Provençal Rognac - 13340,ROGNAC,13340,13,Mail Provençal Rognac - 13340 13340 ROGNAC,2026-07-24,2026-07-24,,,,,,
Marchés de Producteurs,marché paysan de la Friche,"Friche Belle de Mai, 41 Rue Jobin 13003 Marseille 3e",MARSEILLE,13003,13,"Friche Belle de Mai, 41 Rue Jobin 13003 Marseille 3e 13003 MARSEILLE",2026-07-24,2026-07-24,,,,,,
Marchés,Marché de Saint-Andiol,Marché de Saint-Andiol Place du Général de Gaulle 13089 Saint-Andiol,SAINT-ANDIOL,13089,13,Marché de Saint-Andiol Place du Général de Gaulle 13089 Saint-Andiol 13089 SAINT-ANDIOL,2026-07-24,2026-07-24,,,,,,
Marchés de Producteurs,Tarascon Marché des produits locaux de Tarascon,Place du marché 13150 Tarascon,TARASCON,13150,13,Place du marché 13150 Tarascon 13150 TARASCON,2026-07-24,2026-07-24,,,,,,
Marchés,Marché hebdomadaire,Marché hebdomadaire Centre-ville Avenue de la République et place du Général de Gaulle 13097 Saint-Martin-de-Crau,SAINT-MARTIN-DE-CRAU,13097,13,Marché hebdomadaire Centre-ville Avenue de la République et place du Général de Gaulle 13097 Saint-Martin-de-Crau 13097 SAINT-MARTIN-DE-CRAU,2026-07-24,2026-07-24,,,,,,
Fêtes locales,Fête votive au Sambuc,Le Sambuc Le Sambuc 13200 Arles,ARLES,13200,13,Le Sambuc Le Sambuc 13200 Arles 13200 ARLES,2026-07-25,2026-07-25,,,,,,
Marchés nocturnes,marché nocturne,"COURS CARNOT,PLACE DES CENTURIES , PLACE ST MICHEL",SALON-DE-PROVENCE,13300,13,"COURS CARNOT,PLACE DES CENTURIES , PLACE ST MICHEL 13300 SALON-DE-PROVENCE",2026-07-24,2026-07-24,,,,,,
Marchés en Provence,MARCHÉ PROVENÇAL,ROQUEVAIRE COURS NÉGREL FÉRAUD,ROQUEVAIRE,13360,13,ROQUEVAIRE COURS NÉGREL FÉRAUD 13360 ROQUEVAIRE,2026-07-24,2026-07-24,,,,,,
Marchés,MARCHE DES PINS (place de la Liberté),MARCHE DES PINS (place de la Liberté) Marché sur la Place de la Liberté devant la MédiathèqueAvenue des Salyens 13117 Vitrolles,VITROLLES,13117,13,MARCHE DES PINS (place de la Liberté) Marché sur la Place de la Liberté devant la MédiathèqueAvenue des Salyens 13117 Vitrolles 13117 VITROLLES,2026-07-24,2026-07-24,,,,,,
Marchés nocturnes,Les Nocturnes du Vendredi,Av de la République Parvis de La Mairie 13460 Saintes-Maries-de-la-Mer,SAINTES-MARIES-DE-LA-MER,13460,13,Av de la République Parvis de La Mairie 13460 Saintes-Maries-de-la-Mer 13460 SAINTES-MARIES-DE-LA-MER,2026-07-24,2026-07-24,,,,,,
Marchés,Jour de Marché,Centre-ville centre-ville 13530 Trets,TRETS,13530,13,Centre-ville centre-ville 13530 Trets 13530 TRETS,2026-07-24,2026-07-24,,,,,,
Marchés,Marché d'Auriol samedi,Marché d'Auriol Cours du 4 Septembre 13007 Auriol,AURIOL,13007,13,Marché d'Auriol Cours du 4 Septembre 13007 Auriol 13007 AURIOL,2026-07-25,2026-07-25,,,,,,
Concerts,"Concert à Aix-En-Provence : Ravel, Debussy, Cantemir, Mozart, Bach, Puccini, Piazzolla, Vivaldi",,AIX-EN-PROVENCE,13540,13, 13540 AIX-EN-PROVENCE,2026-07-25,2026-07-25,,,,,,
Fêtes locales,FÊTE DE LA SAINT ÉLOI,Bourg Graveson,GRAVESON,13690,13,Bourg Graveson 13690 GRAVESON,2026-07-25,2026-07-25,,,,,,
Spectacles,Dîner Spectacle dansant – Sortie Cabaret le samedi soir,1395 avenue de la meditérranée,GIGNAC-LA-NERTHE,13180,13,1395 avenue de la meditérranée 13180 GIGNAC-LA-NERTHE,2026-07-25,2026-07-25,,,,,,
Marchés,Marché d'Arles samedi,Centre-ville 13200 Arles,ARLES,13200,13,Centre-ville 13200 Arles 13200 ARLES,2026-07-25,2026-07-25,,,,,,
Marchés en Provence,Marché provençal de producteurs locaux,Marché provençal de producteurs locaux centre village de Gréasque,GREASQUE,13850,13,Marché provençal de producteurs locaux centre village de Gréasque 13850 GREASQUE,2026-07-25,2026-07-25,,,,,,
Fêtes locales,Festines par le COFALS,Centre ville Lambesc - 13410,LAMBESC,13410,13,Centre ville Lambesc - 13410 13410 LAMBESC,2026-07-25,2026-07-25,,,,,,
Marchés,le marché,place Stanislas Fabre Cuges-les-Pins,CUGES-LES-PINS,13780,13,place Stanislas Fabre Cuges-les-Pins 13780 CUGES-LES-PINS,2026-07-25,2026-07-25,,,,,,
Marchés,Le petit marché de La Crau de Chateaurenard,Le petit marché de La Crau de Châteaurenard La Crau Parking du Bistrot de Mathieu 13027 Châteaurenard,CHATEAURENARD,13027,13,Le petit marché de La Crau de Châteaurenard La Crau Parking du Bistrot de Mathieu 13027 Châteaurenard 13027 CHATEAURENARD,2026-07-25,2026-07-25,,,,,,
Marchés de Producteurs,Marché des Producteurs et des Produits Biologiques,Marché des Producteurs et des Produits Biologiques Port Vieux Quai François Mitterrand 13028 La Ciotat,LA CIOTAT,13028,13,Marché des Producteurs et des Produits Biologiques Port Vieux Quai François Mitterrand 13028 La Ciotat 13028 LA CIOTAT,2026-07-25,2026-07-25,,,,,,
Marchés,Le marché,COURS CHARLES GALLAND La Fare-les-Oliviers - 13580,LA FARE-LES-OLIVIERS,13580,13,COURS CHARLES GALLAND La Fare-les-Oliviers - 13580 13580 LA FARE-LES-OLIVIERS,2026-07-25,2026-07-25,,,,,,
Marchés en Provence,Marché provençal,"le Dôme 48 Avenue de Saint-Just, 13004 Marseille",MARSEILLE,13004,13,"le Dôme 48 Avenue de Saint-Just, 13004 Marseille 13004 MARSEILLE",2026-07-25,2026-07-25,,,,,,
Festivals,Delta festival - pass 3 jours,,MARSEILLE,13016,13, 13016 MARSEILLE,2026-07-25,2026-07-25,,,,,,
Festivals,Delta Festival 2026 - CASCADA + GUY2BEZBAR + TRINIX +...,,MARSEILLE,13016,13, 13016 MARSEILLE,2026-07-25,2026-07-25,,,,,,
Marchés de Producteurs,LE MARCHÉ DES PRODUCTEURS,MIN,CHATEAURENARD,13160,13,MIN 13160 CHATEAURENARD,2026-07-25,2026-07-25,,,,,,
Festivals,Delta Festival 2026 - Pass 2J Sam+Dim,,MARSEILLE,13016,13, 13016 MARSEILLE,2026-07-25,2026-07-25,,,,,,
Fêtes,Fêtes Votives,place Jourdan,MIRAMAS,13140,13,place Jourdan 13140 MIRAMAS,2026-07-25,2026-07-25,,,,,,
Festivals,GEORGIO + RILES,,MARTIGUES,13500,13, 13500 MARTIGUES,2026-07-25,2026-07-25,,,,,,
Festivals,Georgio + riles,,MARTIGUES,13500,13, 13500 MARTIGUES,2026-07-25,2026-07-25,,,,,,
Marchés en Provence,Marché provençal hebdomadaire samedi,Halle Cessieux Faubourg Hardon 13230 Port-Saint-Louis-du-Rhône,PORT-SAINT-LOUIS-DU-RHONE,13230,13,Halle Cessieux Faubourg Hardon 13230 Port-Saint-Louis-du-Rhône 13230 PORT-SAINT-LOUIS-DU-RHONE,2026-07-25,2026-07-25,,,,,,
Marchés nocturnes,Marché Nocturne Samedi,Port de Plaisance Port-de-Bouc - 13110,PORT-DE-BOUC,13110,13,Port de Plaisance Port-de-Bouc - 13110 13110 PORT-DE-BOUC,2026-07-25,2026-07-25,,,,,,
Marchés,Marché de Plan de Cuques,Marché de Plan de Cuques Marché de Plan de Cuques Place de l'église de la fontaine et Mail De Gaulle 13076 Plan-d'Orgon,PLAN-DE-CUQUES,13076,13,Marché de Plan de Cuques Marché de Plan de Cuques Place de l'église de la fontaine et Mail De Gaulle 13076 Plan-d'Orgon 13076 PLAN-DE-CUQUES,2026-07-25,2026-07-25,,,,,,
Vide-greniers,Vide - grenier NOCTURNE,Salon-de-Provence Rue Fontaine de Lurian Parking du collège de Lurian,SALON-DE-PROVENCE,13300,13,Salon-de-Provence Rue Fontaine de Lurian Parking du collège de Lurian 13300 SALON-DE-PROVENCE,2026-07-25,2026-07-25,,,,,,
Marchés de Producteurs,Le marché paysan du samedi matin,Place du Monument aux Morts Rognes,ROGNES,13840,13,Place du Monument aux Morts Rognes 13840 ROGNES,2026-07-25,2026-07-25,,,,,,
Marchés de Producteurs,MARCHÉ PAYSAN TOUS LES SAMEDIS,Espace Jean Moulin (Parking de la Poste Gavotte) Pennes-Mirabeau - 13170,LES PENNES-MIRABEAU,13170,13,Espace Jean Moulin (Parking de la Poste Gavotte) Pennes-Mirabeau - 13170 13170 LES PENNES-MIRABEAU,2026-07-25,2026-07-25,,,,,,
Marchés,Petit marché du samedi matin,place de la République,SAINT-REMY-DE-PROVENCE,13210,13,place de la République 13210 SAINT-REMY-DE-PROVENCE,2026-07-25,2026-07-25,,,,,,
Marchés de Producteurs,Marché des Producteurs,13560 Sénas,SENAS,13560,13,13560 Sénas 13560 SENAS,2026-07-25,2026-07-25,,,,,,
Marchés nocturnes,Marché nocturne artisanal,Marché nocturne musical Port de Sausset les Pins 13104 Sausset-les-Pins,SAUSSET-LES-PINS,13104,13,Marché nocturne musical Port de Sausset les Pins 13104 Sausset-les-Pins 13104 SAUSSET-LES-PINS,2026-07-25,2026-07-25,,,,,,
Marchés,Marché du samedi matin,Marché du samedi matin Place des Droits de l'Homme 13112 Velaux,VELAUX,13112,13,Marché du samedi matin Place des Droits de l'Homme 13112 Velaux 13112 VELAUX,2026-07-25,2026-07-25,,,,,,
Marchés de Producteurs,PETIT MARCHE PRODUCTEURS,centre commercial des Claux (avenue Victor Hugo) Ventabren - 13122,VENTABREN,13122,13,centre commercial des Claux (avenue Victor Hugo) Ventabren - 13122 13122 VENTABREN,2026-07-25,2026-07-25,,,,,,
Marchés,Marché de Simiane Collongue,Marché de Simiane Collongue Cours des Héros 13107 Simiane-Collongue,SIMIANE-COLLONGUE,13107,13,Marché de Simiane Collongue Cours des Héros 13107 Simiane-Collongue 13107 SIMIANE-COLLONGUE,2026-07-25,2026-07-25,,,,,,
Marchés,Marché du quartier d'Encagnane,Encagnane Aix-en-Provence - 13080,AIX-EN-PROVENCE,13080,13,Encagnane Aix-en-Provence - 13080 13080 AIX-EN-PROVENCE,2026-07-26,2026-07-26,,,,,,
Sorties,Les dimanches détentes,Rond-Point des Messageries Maritimes,LA CIOTAT,13600,13,Rond-Point des Messageries Maritimes 13600 LA CIOTAT,2026-07-26,2026-07-26,,,,,,
Brocantes,Brocante à Eygalières tous les derniers dimanches du mois !,Place Marcel Bonein et rue de la République,EYGALIERES,13810,13,Place Marcel Bonein et rue de la République 13810 EYGALIERES,2026-07-26,2026-07-26,,,,,,
Fêtes locales,Fete votive,Cabannes,CABANNES,13440,13,Cabannes 13440 CABANNES,2026-07-26,2026-07-26,,,,,,
Marchés,Marchés du dimanche,Marchés du dimanche Parvis de l'Hôtel de Ville 13014 Berre-l'Étang,BERRE-L'ETANG,13014,13,Marchés du dimanche Parvis de l'Hôtel de Ville 13014 Berre-l'Étang 13014 BERRE-L'ETANG,2026-07-26,2026-07-26,,,,,,
Vide-greniers,Vide grenier Relais des Chasseurs,relais des chasseurs Berre-l'Étang - 13130,BERRE-L'ETANG,13130,13,relais des chasseurs Berre-l'Étang - 13130 13130 BERRE-L'ETANG,2026-07-26,2026-07-26,,,,,,
Marchés,Marché de Chateaurenard,Marché de Châteaurenard Centre ville Cours Carnot 13027 Châteaurenard,CHATEAURENARD,13027,13,Marché de Châteaurenard Centre ville Cours Carnot 13027 Châteaurenard 13027 CHATEAURENARD,2026-07-26,2026-07-26,,,,,,
Vide-greniers,Foire à la brocante,Espace des Libertés,AUBAGNE,13400,13,Espace des Libertés 13400 AUBAGNE,2026-07-26,2026-07-26,,,,,,
Bals Danses,Thés dansants tous les dimanches à La Ciotat,365 avenue des genvriers,LA CIOTAT,13600,13,365 avenue des genvriers 13600 LA CIOTAT,2026-07-26,2026-07-26,,,,,,
Manifestations Automobiles,Rassemblement Mensuel de Véhicules Anciens à Fos sur Mer,Fos sur Mer,FOS-SUR-MER,13270,13,Fos sur Mer 13270 FOS-SUR-MER,2026-07-26,2026-07-26,,,,,,
Vide-greniers,Vide Greniers à Gardanne dimanche,"QUARTIER DES PRES, chemin des pres 300 metre apres le garage peugeot des pres",GARDANNE,13120,13,"QUARTIER DES PRES, chemin des pres 300 metre apres le garage peugeot des pres 13120 GARDANNE",2026-07-26,2026-07-26,,,,,,
Marchés,Marché de Gignac-la-Nerthe,Marché de Gignac-la-Nerthe Place de la Mairie Place de la mairie 13043 Gignac-la-Nerthe,GIGNAC-LA-NERTHE,13043,13,Marché de Gignac-la-Nerthe Place de la Mairie Place de la mairie 13043 Gignac-la-Nerthe 13043 GIGNAC-LA-NERTHE,2026-07-26,2026-07-26,,,,,,
Vide-greniers,Mega Vide Grenier Marseille,Parking de l'Hippodrome Vivaux - 139 Boulevard Mireille Lauze - 13010 Marseille,MARSEILLE,13010,13,Parking de l'Hippodrome Vivaux - 139 Boulevard Mireille Lauze - 13010 Marseille 13010 MARSEILLE,2026-07-26,2026-07-26,,,,,,
Festivals,Delta festival - pass vip 4 jours,,MARSEILLE,13016,13, 13016 MARSEILLE,2026-07-26,2026-07-26,,,,,,
Festivals,Delta festival - pass 4 jours,,MARSEILLE,13016,13, 13016 MARSEILLE,2026-07-26,2026-07-26,,,,,,
Festivals,Delta Festival 2026 - CERRONE + FRANGLISH + KUNGS + FEDER + ...,,MARSEILLE,13016,13, 13016 MARSEILLE,2026-07-26,2026-07-26,,,,,,
Festivals,JULIEN LIEB + JEAN-LOUIS AUBERT,,MARTIGUES,13500,13, 13500 MARTIGUES,2026-07-26,2026-07-26,,,,,,
Festivals,Julien lieb + jean-louis aubert,,MARTIGUES,13500,13, 13500 MARTIGUES,2026-07-26,2026-07-26,,,,,,
Vide-greniers,Vide greniers miramas brico-cash,Miramas Avenue du 8 Mai 1945,MIRAMAS,13140,13,Miramas Avenue du 8 Mai 1945 13140 MIRAMAS,2026-07-26,2026-07-26,,,,,,
Vide-greniers,Le rendez-vous des beaux vide-greniers,Le rendez-vous des beaux vide-greniers Place du marché Route de Saint-Rémy 13094 Saint-Étienne-du-Grès,SAINT-ETIENNE-DU-GRES,13094,13,Le rendez-vous des beaux vide-greniers Place du marché Route de Saint-Rémy 13094 Saint-Étienne-du-Grès 13094 SAINT-ETIENNE-DU-GRES,2026-07-26,2026-07-26,,,,,,
Marchés,marché aux puces de Port de bouc,Route du pavillon du roy,PORT-DE-BOUC,13110,13,Route du pavillon du roy 13110 PORT-DE-BOUC,2026-07-26,2026-07-26,,,,,,
Marchés en Provence,Marché Provençal,Marché Provençal Place Louis Philibert 13080 Le Puy-Sainte-Réparade,LE PUY-SAINTE-REPARADE,13080,13,Marché Provençal Place Louis Philibert 13080 Le Puy-Sainte-Réparade 13080 LE PUY-SAINTE-REPARADE,2026-07-26,2026-07-26,,,,,,
Marchés aux puces,Grand Marché Aux Puces/Vide Grenier De Tarascon,Za du Roubian rue des Charpentiers,TARASCON,13150,13,Za du Roubian rue des Charpentiers 13150 TARASCON,2026-07-26,2026-07-26,,,,,,
Sorties,Messe dominicale,église Saint-Jacques - 14 avenue pasteur 13890 Mouriès,MOURIES,13890,13,église Saint-Jacques - 14 avenue pasteur 13890 Mouriès 13890 MOURIES,2026-07-26,2026-07-26,,,,,,
Fêtes locales,Festo Vierginenco,Centre ville 13460 Saintes-Maries-de-la-Mer,SAINTES-MARIES-DE-LA-MER,13460,13,Centre ville 13460 Saintes-Maries-de-la-Mer 13460 SAINTES-MARIES-DE-LA-MER,2026-07-26,2026-07-26,,,,,,
Vide-greniers,Grand Marché aux Puces Parking Bricomarche et Kiabi,ZAC du Roubian parking Bricomarché Parking Bricomarché&nbsp;,TARASCON,13150,13,ZAC du Roubian parking Bricomarché Parking Bricomarché&nbsp; 13150 TARASCON,2026-07-26,2026-07-26,,,,,,
Concerts,CALOGERO,,ARLES,13280,13, 13280 ARLES,2026-07-27,2026-07-27,,,,,,
Théatres,Les aventures de pinocchio,,CARRY-LE-ROUET,13620,13, 13620 CARRY-LE-ROUET,2026-07-29,2026-07-29,,,,,,
Concerts,DEAD MEADOW + GUEST,,MARSEILLE,13016,13, 13016 MARSEILLE,2026-07-27,2026-07-27,,,,,,
Vide-greniers,TROC KOOL 13 Vide Grenier,Salon-de-Provence Impasse de Lurian Parking du collège de Lurian,SALON-DE-PROVENCE,13300,13,Salon-de-Provence Impasse de Lurian Parking du collège de Lurian 13300 SALON-DE-PROVENCE,2026-07-26,2026-07-26,,,,,,
Concerts,Calogero,,ARLES,13280,13, 13280 ARLES,2026-07-27,2026-07-27,,,,,,
Concerts,Mon brel prefere,,CARRY-LE-ROUET,13620,13, 13620 CARRY-LE-ROUET,2026-07-29,2026-07-29,,,,,,
Marchés,Marché de Sauset les Pins,Marché de Sauset les Pins Avenue Adolphe Fouque. Boulevard Armand Audibert 13104 Sausset-les-Pins,SAUSSET-LES-PINS,13104,13,Marché de Sauset les Pins Avenue Adolphe Fouque. Boulevard Armand Audibert 13104 Sausset-les-Pins 13104 SAUSSET-LES-PINS,2026-07-26,2026-07-26,,,,,,
Concerts,SONIDO GALLO NEGRO,,MARSEILLE,13016,13, 13016 MARSEILLE,2026-07-29,2026-07-29,,,,,,
Soirée,Maraboutage anniversaire Toit Terrasse + Petit Cab,,MARSEILLE,13016,13, 13016 MARSEILLE,2026-07-30,2026-07-30,,,,,,
Théatres,L'arapede,,BEAURECUEIL,13100,13, 13100 BEAURECUEIL,2026-07-29,2026-07-29,,,,,,
Soirée,Maraboutage anniversaire Toit Terrasse,,MARSEILLE,13016,13, 13016 MARSEILLE,2026-07-30,2026-07-30,,,,,,
Fêtes locales,Fête votive à Saliers,"Saliers, 13123 Saliers",ARLES,13123,13,"Saliers, 13123 Saliers 13123 ARLES",2026-08-01,2026-08-01,,,,,,
Théatres,On a echange nos ados,,SAINT-CHAMAS,13250,13, 13250 SAINT-CHAMAS,2026-07-30,2026-07-30,,,,,,
Soirée,Maraboutage anniversaire Petit Cab,,MARSEILLE,13016,13, 13016 MARSEILLE,2026-07-30,2026-07-30,,,,,,
Théatres,Arrete de pleurer penelope 2 la suite,,BEAURECUEIL,13100,13, 13100 BEAURECUEIL,2026-08-01,2026-08-01,,,,,,
Théatres,Les aventures de pinocchio,,SAINT-CHAMAS,13250,13, 13250 SAINT-CHAMAS,2026-07-30,2026-07-30,,,,,,
Fêtes locales,La fête de la Saint-Laurent,,EYGALIERES,13810,13, 13810 EYGALIERES,2026-08-01,2026-08-01,,,,,,
Fêtes locales,Fêtes votives de la St Sauveur La Barben,La Barben,LA BARBEN,13330,13,La Barben 13330 LA BARBEN,2026-08-01,2026-08-01,,,,,,
Concerts,BIOHAZARD + GUEST,,MARSEILLE,13016,13, 13016 MARSEILLE,2026-07-30,2026-07-30,,,,,,
Fêtes locales,fete du village de la saint pierre,Fontvieille,FONTVIEILLE,13990,13,Fontvieille 13990 FONTVIEILLE,2026-08-01,2026-08-01,,,,,,
Marchés de potiers,Marché potier,Parc du Moulin Peyre,MOURIES,13890,13,Parc du Moulin Peyre 13890 MOURIES,2026-08-02,2026-08-02,,,,,,
Concours de Belote et de Coinchée,Concours de contrée,15 av. de la Libération 13840 Rognes,ROGNES,13840,13,15 av. de la Libération 13840 Rognes 13840 ROGNES,2026-08-01,2026-08-01,,,,,,
Fêtes médiévales,Les médiévales,Village trets,TRETS,13530,13,Village trets 13530 TRETS,2026-08-01,2026-08-01,,,,,,
Fêtes locales,Fêtes Votives de la St Pierre,Alleins,ALLEINS,13980,13,Alleins 13980 ALLEINS,2026-08-02,2026-08-02,,,,,,
Brocantes,FOIRE À LA BROCANTE,centre ville Aubagne - 13400,AUBAGNE,13400,13,centre ville Aubagne - 13400 13400 AUBAGNE,2026-08-02,2026-08-02,,,,,,
Manifestations Automobiles,Mensuelle la Cabre d'Or,Parking de la Trébillane 13480 Calas,CABRIES,13480,13,Parking de la Trébillane 13480 Calas 13480 CABRIES,2026-08-03,2026-08-03,,,,,,
Sorties,Journée mensuelle du livre ancien et moderne,Journée mensuelle du livre ancien et moderne Place de l'hôtel de ville 13001 Aix-en-Provence,AIX-EN-PROVENCE,13001,13,Journée mensuelle du livre ancien et moderne Place de l'hôtel de ville 13001 Aix-en-Provence 13001 AIX-EN-PROVENCE,2026-08-03,2026-08-03,,,,,,
Fêtes locales,LA MADELEINE,Centre ville,CHATEAURENARD,13160,13,Centre ville 13160 CHATEAURENARD,2026-08-02,2026-08-02,,,,,,
Brocantes,Antiquités et brocantes,cours Mirabeau Aix-en-Provence - 13080,AIX-EN-PROVENCE,13080,13,cours Mirabeau Aix-en-Provence - 13080 13080 AIX-EN-PROVENCE,2026-08-03,2026-08-03,,,,,,
Manifestations Automobiles,Rdv mensuel de véhicules anciens,grand parking de Biver en face l'église Gardanne,GARDANNE,13120,13,grand parking de Biver en face l'église Gardanne 13120 GARDANNE,2026-08-03,2026-08-03,,,,,,
Brocantes,Brocante chaque 1er mercredi du mois Arles,boulevard des Lices 13200 Arles,ARLES,13200,13,boulevard des Lices 13200 Arles 13200 ARLES,2026-08-06,2026-08-06,,,,,,
Concerts,UNEARTH + EMPLOYED TO SERVE,,MARSEILLE,13016,13, 13016 MARSEILLE,2026-08-11,2026-08-11,,,,,,
Brocantes,"Brocante decoration collections , exposants professionnels à Salon-de-Provence",Place Morgan 13300 SALON DE PROVENCE,SALON-DE-PROVENCE,13300,13,Place Morgan 13300 SALON DE PROVENCE 13300 SALON-DE-PROVENCE,2026-08-03,2026-08-03,,,,,,
Théatres,Heloise au royaume des betises,,CARRY-LE-ROUET,13620,13, 13620 CARRY-LE-ROUET,2026-08-12,2026-08-12,,,,,,
Fêtes locales,Fête de Saint Éloi,Village Cuges-les-Pins - 13780,CUGES-LES-PINS,13780,13,Village Cuges-les-Pins - 13780 13780 CUGES-LES-PINS,2026-08-09,2026-08-09,,,,,,
Théatres,Charge mentale sauve qui peut,,CARRY-LE-ROUET,13620,13, 13620 CARRY-LE-ROUET,2026-08-12,2026-08-12,,,,,,
Concerts,PACT (JOACHIM PASTOR + JORIS DELACROIX + TEHO),,MARSEILLE,13016,13, 13016 MARSEILLE,2026-08-06,2026-08-06,,,,,,
Manifestations Automobiles,The Car a Van Passion Vintage,Château Virant 13680 Lançon Provence,LANCON-PROVENCE,13680,13,Château Virant 13680 Lançon Provence 13680 LANCON-PROVENCE,2026-08-03,2026-08-03,,,,,,
Fêtes locales,Fête de la Saint-Roch,Hôtel de Ville Mairie d'Aureille Rue Du Mistral 13930 Aureille,AUREILLE,13930,13,Hôtel de Ville Mairie d'Aureille Rue Du Mistral 13930 Aureille 13930 AUREILLE,2026-08-08,2026-08-08,,,,,,
Théatres,Charge mentale sauve qui peut,,SAINT-CHAMAS,13250,13, 13250 SAINT-CHAMAS,2026-08-13,2026-08-13,,,,,,
Théatres,Heloise au royaume des betises,,SAINT-CHAMAS,13250,13, 13250 SAINT-CHAMAS,2026-08-13,2026-08-13,,,,,,
Feux d'artifice,feu d´artifice du 15 août,Le port,CARRY-LE-ROUET,13620,13,Le port 13620 CARRY-LE-ROUET,2026-08-15,2026-08-15,,,,,,
Feux d'artifice,Festivités du 15 août à Berre l'Etang,village Berre-l'Étang - 13130,BERRE-L'ETANG,13130,13,village Berre-l'Étang - 13130 13130 BERRE-L'ETANG,2026-08-15,2026-08-15,,,,,,
Feux d'artifice,Festivités du 15 août à Cassis,village Cassis,CASSIS,13260,13,village Cassis 13260 CASSIS,2026-08-15,2026-08-15,,,,,,
Fêtes locales,Fetes Votives,13028 La Ciotat,LA CIOTAT,13028,13,13028 La Ciotat 13028 LA CIOTAT,2026-08-15,2026-08-15,,,,,,
Messes,Bénédiction des bateaux le 15 Août,Port Vieux de La Ciotat,LA CIOTAT,13600,13,Port Vieux de La Ciotat 13600 LA CIOTAT,2026-08-15,2026-08-15,,,,,,
Fêtes locales,Fête du 14 Août,le port CD 49 Route de la couronne 13960 Sausset-les-Pins,SAUSSET-LES-PINS,13960,13,le port CD 49 Route de la couronne 13960 Sausset-les-Pins 13960 SAUSSET-LES-PINS,2026-08-14,2026-08-14,,,,,,
Fêtes foraines,Fête Votive des Paluds de Noves,Avenue de la République aux Paluds de Noves,NOVES,13550,13,Avenue de la République aux Paluds de Noves 13550 NOVES,2026-08-15,2026-08-15,,,,,,
Fêtes locales,Fete patronale,Orgon,ORGON,13660,13,Orgon 13660 ORGON,2026-08-15,2026-08-15,,,,,,
Fêtes locales,FÊTE VOTIVE DE ROQUEVAIRE,Village Roquevaire,ROQUEVAIRE,13360,13,Village Roquevaire 13360 ROQUEVAIRE,2026-08-15,2026-08-15,,,,,,
Feux d'artifice,Saint-Mitre les Remparts 15 août,Massane Saint-Mitre-les-Remparts - 13920,SAINT-MITRE-LES-REMPARTS,13920,13,Massane Saint-Mitre-les-Remparts - 13920 13920 SAINT-MITRE-LES-REMPARTS,2026-08-15,2026-08-15,,,,,,
Fêtes locales,Quatre jours de fête pour la Libération,Village Gardanne - 13120,GARDANNE,13120,13,Village Gardanne - 13120 13120 GARDANNE,2026-08-16,2026-08-16,,,,,,
Fêtes locales,Féria de Saint-Remy (autour du 15 août),,SAINT-REMY-DE-PROVENCE,13210,13, 13210 SAINT-REMY-DE-PROVENCE,2026-08-15,2026-08-15,,,,,,
Evènements,Libération par les troupes alliées,13330 La Barben,LA BARBEN,13330,13,13330 La Barben 13330 LA BARBEN,2026-08-22,2026-08-22,,,,,,
Théatres,Faites l'apero pas la guerre,,SAINT-CHAMAS,13250,13, 13250 SAINT-CHAMAS,2026-08-20,2026-08-20,,,,,,
Evènements,Libération du 20 Aout,Village Cuges-les-Pins,CUGES-LES-PINS,13780,13,Village Cuges-les-Pins 13780 CUGES-LES-PINS,2026-08-20,2026-08-20,,,,,,
Feux d'artifice,Feu d'artifice du 15 août,Plage des Amphores Saintes-Maries-de-la-Mer - 13460,SAINTES-MARIES-DE-LA-MER,13460,13,Plage des Amphores Saintes-Maries-de-la-Mer - 13460 13460 SAINTES-MARIES-DE-LA-MER,2026-08-15,2026-08-15,,,,,,
Fêtes locales,La Carreto Ramado,,SAINT-REMY-DE-PROVENCE,13210,13, 13210 SAINT-REMY-DE-PROVENCE,2026-08-15,2026-08-15,,,,,,
Fêtes locales,Fête de la libération de Marignane,Village Marignane,MARIGNANE,13700,13,Village Marignane 13700 MARIGNANE,2026-08-22,2026-08-22,,,,,,
Fêtes locales,Fete paysanne,Charleval,CHARLEVAL,13350,13,Charleval 13350 CHARLEVAL,2026-08-16,2026-08-16,,,,,,
Fêtes locales,Fête de la Libération à Martigues,Martigues - 13117,MARTIGUES,13117,13,Martigues - 13117 13117 MARTIGUES,2026-08-22,2026-08-22,,,,,,
Théatres,Faites l'apero pas la guerre,,CARRY-LE-ROUET,13620,13, 13620 CARRY-LE-ROUET,2026-08-26,2026-08-26,,,,,,
Fêtes locales,fête du club taurin fontvieillois,champ de foire,FONTVIEILLE,13990,13,champ de foire 13990 FONTVIEILLE,2026-08-29,2026-08-29,,,,,,
Fêtes locales,Fête de la libération - 22 août,Centre ville Salon-de-Provence - 13300,SALON-DE-PROVENCE,13300,13,Centre ville Salon-de-Provence - 13300 13300 SALON-DE-PROVENCE,2026-08-22,2026-08-22,,,,,,
Manifestations Automobiles,Rassemblement trimestriel Véhicules Anciens à Rognes,Rognes Parc des Garrigues à Rognes,ROGNES,13840,13,Rognes Parc des Garrigues à Rognes 13840 ROGNES,2026-08-22,2026-08-22,,,,,,
Concerts,LES OGRES DE BARBACK &amp; LA RUE KETANOU TOUT EN COMMUN !,,ARLES,13280,13, 13280 ARLES,2026-08-28,2026-08-28,,,,,,
Concerts,Les ogres de barback & la rue ketanou,,ARLES,13280,13, 13280 ARLES,2026-08-28,2026-08-28,,,,,,
Fêtes locales,Fete de Notre Dame de Grâce,13052 Maillane,MAILLANE,13052,13,13052 Maillane 13052 MAILLANE,2026-08-28,2026-08-28,,,,,,
Fêtes locales,Pélissanne en fête,Pélissanne,PELISSANNE,13330,13,Pélissanne 13330 PELISSANNE,2026-08-29,2026-08-29,,,,,,
Fêtes locales,Fête de la Saint Baudile et de la Libération,Noves,NOVES,13550,13,Noves 13550 NOVES,2026-08-29,2026-08-29,,,,,,
Fêtes locales,Fete votive,Sénas,SENAS,13560,13,Sénas 13560 SENAS,2026-08-30,2026-08-30,,,,,,
Fêtes locales,la fête de la Saint Césaire,Charleval,CHARLEVAL,13350,13,Charleval 13350 CHARLEVAL,2026-09-05,2026-09-05,,,,,,
Fêtes locales,Fete votive,Peyrolles-en-Provence,PEYROLLES-EN-PROVENCE,13860,13,Peyrolles-en-Provence 13860 PEYROLLES-EN-PROVENCE,2026-09-05,2026-09-05,,,,,,
Sorties,La fête de la saucisse et du boudin,place Denise et Marius Roubaud Auriol,AURIOL,13390,13,place Denise et Marius Roubaud Auriol 13390 AURIOL,2026-09-06,2026-09-06,,,,,,
Fêtes locales,Bénédiction de calissons - Grande fête de l'amande et du calisson,34 Place Des Martyrs de la Résistance Cathédrale Saint-Sauveur / Cours Mirabeau / Eglise Saint Jean de Malte 13100 Aix-en-Provence,AIX-EN-PROVENCE,13100,13,34 Place Des Martyrs de la Résistance Cathédrale Saint-Sauveur / Cours Mirabeau / Eglise Saint Jean de Malte 13100 Aix-en-Provence 13100 AIX-EN-PROVENCE,2026-09-06,2026-09-06,,,,,,
Concerts,DENUIT + EMMON,,MARSEILLE,13016,13, 13016 MARSEILLE,2026-09-06,2026-09-06,,,,,,
Théatres,Passe moi l ciel,,BEAURECUEIL,13100,13, 13100 BEAURECUEIL,2026-09-10,2026-09-10,,,,,,
Concerts,LA COKA NOSTRA,,MARSEILLE,13016,13, 13016 MARSEILLE,2026-09-08,2026-09-08,,,,,,
Concerts,Bon Entendeur (Dj Set) + Carla Mo,,MARSEILLE,13016,13, 13016 MARSEILLE,2026-09-06,2026-09-06,,,,,,
Concerts,Alizée,Le Cepac Silo 35 Quai du Lazaret 13002 MARSEILLE,MARSEILLE,13002,13,Le Cepac Silo 35 Quai du Lazaret 13002 MARSEILLE 13002 MARSEILLE,2026-09-10,2026-09-26,,,,,,
Marchés de potiers,Marché Potier de Cassis,Place Baragnon devant la Mairie de Cassis,CASSIS,13260,13,Place Baragnon devant la Mairie de Cassis 13260 CASSIS,2026-09-12,2026-09-12,,,,,,
Concerts,ALIZEE,,MARSEILLE,13016,13, 13016 MARSEILLE,2026-09-10,2026-09-10,,,,,,
Concerts,Marie sarah,,MARSEILLE,13016,13, 13016 MARSEILLE,2026-09-10,2026-09-10,,,,,,
Concerts,M.pokora,,MARSEILLE,13016,13, 13016 MARSEILLE,2026-09-12,2026-09-12,,,,,,
Fêtes locales,TROPHÉE DES MARAÎCHERS,Centre ville,CHATEAURENARD,13160,13,Centre ville 13160 CHATEAURENARD,2026-09-12,2026-09-12,,,,,,
Concerts,Alizée,,MARSEILLE,13016,13, 13016 MARSEILLE,2026-09-10,2026-09-10,,,,,,
Concerts,AEPHANEMER + GUESTS,,MARSEILLE,13016,13, 13016 MARSEILLE,2026-09-11,2026-09-11,,,,,,
Concerts,M.POKORA,,MARSEILLE,13016,13, 13016 MARSEILLE,2026-09-12,2026-09-12,,,,,,
Concerts,DUCTAPE + GUEST,,MARSEILLE,13016,13, 13016 MARSEILLE,2026-09-11,2026-09-11,,,,,,
Concerts,MAC DEMARCO,,MARSEILLE,13016,13, 13016 MARSEILLE,2026-09-13,2026-09-13,,,,,,
Concerts,BLOCKHEAD + PROLETER + ARMS &amp; SLEEPERS,,MARSEILLE,13016,13, 13016 MARSEILLE,2026-09-18,2026-09-18,,,,,,
Humour et one (wo)man show,Philippe lellouche,,CHATEAUNEUF-LE-ROUGE,13790,13, 13790 CHATEAUNEUF-LE-ROUGE,2026-09-17,2026-09-17,,,,,,
Théatres,Sos d'une libido en detresse,,BEAURECUEIL,13100,13, 13100 BEAURECUEIL,2026-09-16,2026-09-16,,,,,,
Festivals,Festival Jazz à St Rémy,,SAINT-REMY-DE-PROVENCE,13210,13, 13210 SAINT-REMY-DE-PROVENCE,2026-09-19,2026-09-19,,,,,,
Spectacles,Monte Cristo,"Le Dôme 48, av de Saint­-Just 13004 MARSEILLE",MARSEILLE,13004,13,"Le Dôme 48, av de Saint­-Just 13004 MARSEILLE 13004 MARSEILLE",2026-09-19,2027-01-23,,,,,,
Concerts,Mac demarco,,MARSEILLE,13016,13, 13016 MARSEILLE,2026-09-13,2026-09-13,,,,,,
Spectacle et comedie musicale,La dame de pierre,,MARSEILLE,13016,13, 13016 MARSEILLE,2026-09-22,2026-09-22,,,,,,
Concerts,LE CLUB INDÉ / THE YOUNG GODS + PREMIÈRE PARTIE,,AIX-EN-PROVENCE,13540,13, 13540 AIX-EN-PROVENCE,2026-09-17,2026-09-17,,,,,,
Théatres,Le coach,,BEAURECUEIL,13100,13, 13100 BEAURECUEIL,2026-09-23,2026-09-23,,,,,,
Concerts,THEN COMES SILENCE + GUEST,,MARSEILLE,13016,13, 13016 MARSEILLE,2026-09-17,2026-09-17,,,,,,
Concerts,DEVIN TOWNSEND,,MARSEILLE,13016,13, 13016 MARSEILLE,2026-09-23,2026-09-23,,,,,,
Cirques,Festival Jours [et nuits] de cirque(s) 2026,,AIX-EN-PROVENCE,13540,13, 13540 AIX-EN-PROVENCE,2026-09-19,2026-09-27,,,,,,
Concerts,BLACK MILK + GUEST,,MARSEILLE,13016,13, 13016 MARSEILLE,2026-09-23,2026-09-23,,,,,,
Humour et one (wo)man show,Laurent febvay,,MARSEILLE,13016,13, 13016 MARSEILLE,2026-09-26,2026-09-26,,,,,,
Foires,Foire internationale de Marseille,Foire internationale de Marseille Rond-point Du Prado Le Parc des Expositions Parc Chanot 13055 Marseille,MARSEILLE,13055,13,Foire internationale de Marseille Rond-point Du Prado Le Parc des Expositions Parc Chanot 13055 Marseille 13055 MARSEILLE,2026-09-25,2026-10-05,,,,,,
Humour et one (wo)man show,Bienveillante !?,,CHATEAUNEUF-LE-ROUGE,13790,13, 13790 CHATEAUNEUF-LE-ROUGE,2026-09-26,2026-09-26,,,,,,
Spectacles,LAURENT FEBVAY,,MARSEILLE,13016,13, 13016 MARSEILLE,2026-09-26,2026-09-26,,,,,,
Concerts,Djadja & Dinaz,"Le Dôme 48, av de Saint­-Just 13004 MARSEILLE",MARSEILLE,13004,13,"Le Dôme 48, av de Saint­-Just 13004 MARSEILLE 13004 MARSEILLE",2026-09-26,2026-11-05,,,,,,
Fêtes locales,Fête de l'amande et de l'amandier,Fête de l'amande et de l'amandier Place De la République Place de la République à Alleins 13003 Alleins,ALLEINS,13003,13,Fête de l'amande et de l'amandier Place De la République Place de la République à Alleins 13003 Alleins 13003 ALLEINS,2026-09-26,2026-09-26,,,,,,
Fêtes locales,Fêtes votives,,SAINT-REMY-DE-PROVENCE,13210,13, 13210 SAINT-REMY-DE-PROVENCE,2026-09-26,2026-09-26,,,,,,
Fêtes locales,FÊTE DE SAINT MICHEL,SAINT MARTIN DE CRAU - à Caphan,SAINT-MARTIN-DE-CRAU,13310,13,SAINT MARTIN DE CRAU - à Caphan 13310 SAINT-MARTIN-DE-CRAU,2026-09-26,2026-09-26,,,,,,
Fêtes locales,Fete patronale,Mallemort,MALLEMORT,13370,13,Mallemort 13370 MALLEMORT,2026-09-27,2026-09-27,,,,,,
Concerts,CALOGERO,,AIX-EN-PROVENCE,13540,13, 13540 AIX-EN-PROVENCE,2026-10-01,2026-10-01,,,,,,
Théatres,Le velo de course,,BEAURECUEIL,13100,13, 13100 BEAURECUEIL,2026-09-30,2026-09-30,,,,,,
Concerts,Letz zep,,MARSEILLE,13016,13, 13016 MARSEILLE,2026-09-30,2026-09-30,,,,,,
Fêtes,Fête de l'Abeille et du Miel,Salle Raymond Reynaud,ROQUEVAIRE,13360,13,Salle Raymond Reynaud 13360 ROQUEVAIRE,2026-09-27,2026-09-27,,,,,,
Concerts,LINH,,AIX-EN-PROVENCE,13540,13, 13540 AIX-EN-PROVENCE,2026-09-29,2026-09-29,,,,,,
Concerts,LETZ ZEP,,MARSEILLE,13016,13, 13016 MARSEILLE,2026-09-30,2026-09-30,,,,,,
Concerts,HUBRIS. + GUEST,,MARSEILLE,13016,13, 13016 MARSEILLE,2026-09-27,2026-09-27,,,,,,
Théatres,Le gang des chieuses,,CHATEAURENARD,13160,13, 13160 CHATEAURENARD,2026-10-01,2026-10-01,,,,,,
Concerts,GENERATION CELINE,,MARSEILLE,13016,13, 13016 MARSEILLE,2026-10-01,2026-10-01,,,,,,
Spectacles,Michèle Laroque & Kad Merad,Le Cepac Silo 35 Quai du Lazaret 13002 MARSEILLE,MARSEILLE,13002,13,Le Cepac Silo 35 Quai du Lazaret 13002 MARSEILLE 13002 MARSEILLE,2026-10-01,2026-12-19,,,,,,
Concerts,THE SISTERS OF MERCY,,MARSEILLE,13016,13, 13016 MARSEILLE,2026-10-01,2026-10-01,,,,,,
Concerts,The sisters of mercy,,MARSEILLE,13016,13, 13016 MARSEILLE,2026-10-01,2026-10-01,,,,,,
Concerts,Gauvain sers,,CHATEAURENARD,13160,13, 13160 CHATEAURENARD,2026-10-02,2026-10-02,,,,,,
Concerts,Generation celine,,MARSEILLE,13016,13, 13016 MARSEILLE,2026-10-01,2026-10-01,,,,,,
Concerts,Talisco,,ISTRES,13800,13, 13800 ISTRES,2026-10-02,2026-10-02,,,,,,
Concerts,VINCENT DELERM,,MARSEILLE,13016,13, 13016 MARSEILLE,2026-10-02,2026-10-02,,,,,,
Concerts,TALISCO,,ISTRES,13800,13, 13800 ISTRES,2026-10-02,2026-10-02,,,,,,
Concerts,Laura cox,,CHATEAURENARD,13160,13, 13160 CHATEAURENARD,2026-10-03,2026-10-03,,,,,,
Concerts,DUB INC,,AIX-EN-PROVENCE,13540,13, 13540 AIX-EN-PROVENCE,2026-10-03,2026-10-03,,,,,,
Concerts,Vincent delerm,,MARSEILLE,13016,13, 13016 MARSEILLE,2026-10-02,2026-10-02,,,,,,
Fêtes locales,Fete Votive,Jouques,JOUQUES,13490,13,Jouques 13490 JOUQUES,2026-10-04,2026-10-04,,,,,,
Concerts,STAND HIGH PATROL + Marina P &amp; The Radiators,,MARSEILLE,13016,13, 13016 MARSEILLE,2026-10-03,2026-10-03,,,,,,
Humour et one (wo)man show,Jeanfi janssens,,CHATEAURENARD,13160,13, 13160 CHATEAURENARD,2026-10-04,2026-10-04,,,,,,
Théatres,Brel ! le spectacle,,MARSEILLE,13016,13, 13016 MARSEILLE,2026-10-04,2026-10-04,,,,,,
Concerts,Djadja & dinaz,,MARSEILLE,13016,13, 13016 MARSEILLE,2026-10-04,2026-10-04,,,,,,
Spectacles,AKIM OMIRI,,AIX-EN-PROVENCE,13540,13, 13540 AIX-EN-PROVENCE,2026-10-06,2026-10-06,,,,,,
Concerts,THE MOLOTOVS + 1ere partie,,MARSEILLE,13016,13, 13016 MARSEILLE,2026-10-08,2026-10-08,,,,,,
Festivals,FIESTA DES SUDS 2026 - PASS 2 JOURS JEUDI / VENDREDI,,MARSEILLE,13016,13, 13016 MARSEILLE,2026-10-08,2026-10-08,,,,,,
Festivals,FIESTA DES SUDS 2026 - VERONIQUE SANSON + IMANY + ...,,MARSEILLE,13016,13, 13016 MARSEILLE,2026-10-08,2026-10-08,,,,,,
Spectacles,ISSA DOUMBIA,,AIX-EN-PROVENCE,13540,13, 13540 AIX-EN-PROVENCE,2026-10-07,2026-10-07,,,,,,
Humour et one (wo)man show,Les jobastres,,BEAURECUEIL,13100,13, 13100 BEAURECUEIL,2026-10-09,2026-10-09,,,,,,
Concerts,Fakear @ Grand Cab,,MARSEILLE,13016,13, 13016 MARSEILLE,2026-10-08,2026-10-08,,,,,,
Concerts,LES NEGRESSES VERTES,,AIX-EN-PROVENCE,13540,13, 13540 AIX-EN-PROVENCE,2026-10-09,2026-10-09,,,,,,
Festivals,FIESTA DES SUDS 2026 - PASS 2 JOURS JEUDI / SAMEDI,,MARSEILLE,13016,13, 13016 MARSEILLE,2026-10-08,2026-10-08,,,,,,
Festivals,FIESTA DES SUDS 2026 - PASS 3 JOURS,,MARSEILLE,13016,13, 13016 MARSEILLE,2026-10-08,2026-10-08,,,,,,
Festivals,Fiesta des suds - pass 1 jour,,MARSEILLE,13016,13, 13016 MARSEILLE,2026-10-08,2026-10-08,,,,,,
Humour et one (wo)man show,"Daniel ""certifie"" morin",,CHATEAURENARD,13160,13, 13160 CHATEAURENARD,2026-10-09,2026-10-09,,,,,,
Humour et one (wo)man show,Veronique gallo dans la vraie vie,,CHATEAUNEUF-LE-ROUGE,13790,13, 13790 CHATEAUNEUF-LE-ROUGE,2026-10-09,2026-10-09,,,,,,
Festivals,FIESTA DES SUDS 2026 - BERTRAND BELIN + STEPHAN EICHER + ...,,MARSEILLE,13016,13, 13016 MARSEILLE,2026-10-09,2026-10-09,,,,,,
Festivals,FIESTA DES SUDS 2026 - PASS 2 JOURS VENDREDI / SAMEDI,,MARSEILLE,13016,13, 13016 MARSEILLE,2026-10-09,2026-10-09,,,,,,
Concerts,47TER,,MARSEILLE,13016,13, 13016 MARSEILLE,2026-10-10,2026-10-10,,,,,,
Concerts,WORLDS APART,,MARSEILLE,13016,13, 13016 MARSEILLE,2026-10-10,2026-10-10,,,,,,
Festivals,FIESTA DES SUDS 2026 - DELUXE +SELAH SUE &amp; THE GALLANDS +LUIZA...,,MARSEILLE,13016,13, 13016 MARSEILLE,2026-10-10,2026-10-10,,,,,,
Humour et one (wo)man show,Clement blouin,,CHATEAURENARD,13160,13, 13160 CHATEAURENARD,2026-10-10,2026-10-10,,,,,,
Fêtes locales,Fête de la chèvre du Rove,,LE ROVE,13740,13, 13740 LE ROVE,2026-10-10,2026-10-10,,,,,,
Concerts,47ter,,MARSEILLE,13016,13, 13016 MARSEILLE,2026-10-10,2026-10-10,,,,,,
Concerts,Worlds apart,,MARSEILLE,13016,13, 13016 MARSEILLE,2026-10-10,2026-10-10,,,,,,
Parc,Ok corral,,CUGES-LES-PINS,13780,13, 13780 CUGES-LES-PINS,2026-10-11,2026-10-11,,,,,,
Concerts,RONNIE ROMERO &amp; GUS G,,ISTRES,13800,13, 13800 ISTRES,2026-10-13,2026-10-13,,,,,,
Humour et one (wo)man show,Les imitatueurs,,BEAURECUEIL,13100,13, 13100 BEAURECUEIL,2026-10-10,2026-10-10,,,,,,
Concerts,"BARBARA PRAVI, DALIDA DIVA TZIGANE",,ISTRES,13800,13, 13800 ISTRES,2026-10-11,2026-10-11,,,,,,
Vide-greniers,Mega Vide Greniers,1 Allées Jean Jaurès Centre-ville d'Istres 13800 Istres,ISTRES,13800,13,1 Allées Jean Jaurès Centre-ville d'Istres 13800 Istres 13800 ISTRES,2026-10-11,2026-10-11,,,,,,
Concerts,Forever Nu - The Ultimate British Tribute Festival,,MARSEILLE,13016,13, 13016 MARSEILLE,2026-10-11,2026-10-11,,,,,,
Théatres,Sherlock holmes,,CARNOUX-EN-PROVENCE,13470,13, 13470 CARNOUX-EN-PROVENCE,2026-10-10,2026-10-10,,,,,,
Concerts,Ronnie romero gus g,,ISTRES,13800,13, 13800 ISTRES,2026-10-13,2026-10-13,,,,,,
Concerts,AUTECHRE,,MARSEILLE,13016,13, 13016 MARSEILLE,2026-10-13,2026-10-13,,,,,,
Concerts,Autechre,,MARSEILLE,13016,13, 13016 MARSEILLE,2026-10-13,2026-10-13,,,,,,
Spectacles,RÉMI BOYES - BOMBUS TERRESTRIS,,ARLES,13280,13, 13280 ARLES,2026-10-14,2026-10-14,,,,,,
Concerts,Fredz,,MARSEILLE,13016,13, 13016 MARSEILLE,2026-10-15,2026-10-15,,,,,,
Concerts,FREDZ,,MARSEILLE,13016,13, 13016 MARSEILLE,2026-10-15,2026-10-15,,,,,,
Concerts,HÄLLAS + GUEST,,MARSEILLE,13016,13, 13016 MARSEILLE,2026-10-15,2026-10-15,,,,,,
Spectacles,THE JEFF PANACLOC COMPANY,,MARSEILLE,13016,13, 13016 MARSEILLE,2026-10-15,2026-10-15,,,,,,
Humour et one (wo)man show,The jeff panacloc company,,MARSEILLE,13016,13, 13016 MARSEILLE,2026-10-15,2026-10-15,,,,,,
Concerts,DJ KRUSH,,AIX-EN-PROVENCE,13540,13, 13540 AIX-EN-PROVENCE,2026-10-15,2026-10-15,,,,,,
Spectacles,BERNARD WERBER,,AIX-EN-PROVENCE,13540,13, 13540 AIX-EN-PROVENCE,2026-10-15,2026-10-15,,,,,,
Humour et one (wo)man show,Zize,,AURIOL,13390,13, 13390 AURIOL,2026-10-16,2026-10-16,,,,,,
Humour et one (wo)man show,Julien bing,,BEAURECUEIL,13100,13, 13100 BEAURECUEIL,2026-10-16,2026-10-16,,,,,,
Humour et one (wo)man show,Hugues lavigne,,CHATEAUNEUF-LE-ROUGE,13790,13, 13790 CHATEAUNEUF-LE-ROUGE,2026-10-16,2026-10-16,,,,,,
Concerts,BILAL HASSANI,,AIX-EN-PROVENCE,13540,13, 13540 AIX-EN-PROVENCE,2026-10-16,2026-10-16,,,,,,
Concerts,DAVID WALTERS - TI LOVE TOUR,,ARLES,13280,13, 13280 ARLES,2026-10-16,2026-10-16,,,,,,
Concerts,DOMINIQUE FILS-AIMÉ,,AIX-EN-PROVENCE,13540,13, 13540 AIX-EN-PROVENCE,2026-10-16,2026-10-16,,,,,,
Concerts,Les wampas,,CHATEAURENARD,13160,13, 13160 CHATEAURENARD,2026-10-16,2026-10-16,,,,,,
Humour et one (wo)man show,William pilet,,BEAURECUEIL,13100,13, 13100 BEAURECUEIL,2026-10-17,2026-10-17,,,,,,
Concerts,VEN1,,MARSEILLE,13016,13, 13016 MARSEILLE,2026-10-16,2026-10-16,,,,,,
Concerts,BLOWSOM,,MARSEILLE,13016,13, 13016 MARSEILLE,2026-10-16,2026-10-16,,,,,,
Humour et one (wo)man show,Julien bing,,CABRIES,13480,13, 13480 CABRIES,2026-10-17,2026-10-17,,,,,,
Concerts,Ven1,,MARSEILLE,13016,13, 13016 MARSEILLE,2026-10-16,2026-10-16,,,,,,
Concerts,ABD AL MALIK,,AIX-EN-PROVENCE,13540,13, 13540 AIX-EN-PROVENCE,2026-10-17,2026-10-17,,,,,,
Concerts,MARTIN DUPONT + KAS PRODUCT,,AIX-EN-PROVENCE,13540,13, 13540 AIX-EN-PROVENCE,2026-10-17,2026-10-17,,,,,,
Concerts,LAS MIGAS,,ISTRES,13800,13, 13800 ISTRES,2026-10-17,2026-10-17,,,,,,
Humour et one (wo)man show,Amine radi,,MARSEILLE,13016,13, 13016 MARSEILLE,2026-10-17,2026-10-17,,,,,,
Humour et one (wo)man show,Elies zoghlami,,MARSEILLE,13016,13, 13016 MARSEILLE,2026-10-18,2026-10-18,,,,,,
Salons,Le Rendez-Vous du Bien-être,Château de Saint-Andiol 13670 Saint-Andiol,SAINT-ANDIOL,13670,13,Château de Saint-Andiol 13670 Saint-Andiol 13670 SAINT-ANDIOL,2026-10-17,2026-10-18,,,,,,
Spectacles,AMINE RADI,,MARSEILLE,13016,13, 13016 MARSEILLE,2026-10-17,2026-10-17,,,,,,
Concerts,LENAIG,,AIX-EN-PROVENCE,13540,13, 13540 AIX-EN-PROVENCE,2026-10-21,2026-10-21,,,,,,
Concerts,TINA ARENA,,MARSEILLE,13016,13, 13016 MARSEILLE,2026-10-21,2026-10-21,,,,,,
Concerts,Tina arena,,MARSEILLE,13016,13, 13016 MARSEILLE,2026-10-21,2026-10-21,,,,,,
Concerts,SYNDROME 81 + GUEST,,MARSEILLE,13016,13, 13016 MARSEILLE,2026-10-22,2026-10-22,,,,,,
Concerts,LA CHICA (Trio) + GILDAA (Solo),,AIX-EN-PROVENCE,13540,13, 13540 AIX-EN-PROVENCE,2026-10-22,2026-10-22,,,,,,
Concerts,THE VOICE OF GEORGE MICHAEL,,MARSEILLE,13016,13, 13016 MARSEILLE,2026-10-22,2026-10-22,,,,,,
Humour et one (wo)man show,Caroline estremo,,BEAURECUEIL,13100,13, 13100 BEAURECUEIL,2026-10-23,2026-10-23,,,,,,
Spectacles,D'JAL - En pleine Conscience,,VELAUX,13880,13, 13880 VELAUX,2026-10-23,2026-10-23,,,,,,
Concerts,Leman,,MARSEILLE,13016,13, 13016 MARSEILLE,2026-10-24,2026-10-24,,,,,,
Humour et one (wo)man show,Naïm - chapitre 3,,MARSEILLE,13016,13, 13016 MARSEILLE,2026-10-24,2026-10-24,,,,,,
Concerts,ELEINE + GUEST,,MARSEILLE,13016,13, 13016 MARSEILLE,2026-10-23,2026-10-23,,,,,,
Concerts,The voice of george michael,,MARSEILLE,13016,13, 13016 MARSEILLE,2026-10-22,2026-10-22,,,,,,
"Randonnées, Trail ou Running",semi-marathon Marseille - Cassis,1 avenue de Boisbaudran,MARSEILLE,13016,13,1 avenue de Boisbaudran 13016 MARSEILLE,2026-10-25,2026-10-25,,,,,,
Concerts,Vanessa paradis,,MARSEILLE,13016,13, 13016 MARSEILLE,2026-10-25,2026-10-25,,,,,,
Concerts,MESSA + GUEST,,MARSEILLE,13016,13, 13016 MARSEILLE,2026-10-27,2026-10-27,,,,,,
Evènements,Prise d'armes de la Légion Etrangère à Aubagne,Cours Foch Aubagne,AUBAGNE,13400,13,Cours Foch Aubagne 13400 AUBAGNE,2026-10-26,2026-10-26,,,,,,
Concerts,VANESSA PARADIS,,MARSEILLE,13016,13, 13016 MARSEILLE,2026-10-25,2026-10-25,,,,,,
Humour et one (wo)man show,Samuel bambi,,MARSEILLE,13016,13, 13016 MARSEILLE,2026-10-29,2026-10-29,,,,,,
Concerts,JEAN-BAPTISTE GUEGAN,,AIX-EN-PROVENCE,13540,13, 13540 AIX-EN-PROVENCE,2026-10-28,2026-10-28,,,,,,
Théatres,Ne dites pas a ma femme,,BEAURECUEIL,13100,13, 13100 BEAURECUEIL,2026-10-28,2026-10-28,,,,,,
Spectacle et comedie musicale,Clement blouin,,CABRIES,13480,13, 13480 CABRIES,2026-10-28,2026-10-28,,,,,,
Concerts,ISHA &amp; LIMSA D'AULNAY + GUEST,,ISTRES,13800,13, 13800 ISTRES,2026-10-29,2026-10-29,,,,,,
Concerts,Zoufris maracas,,MARSEILLE,13016,13, 13016 MARSEILLE,2026-10-29,2026-10-29,,,,,,
Concerts,CHARLIE WINSTON,,ISTRES,13800,13, 13800 ISTRES,2026-10-30,2026-10-30,,,,,,
Concerts,Charlie winston,,ISTRES,13800,13, 13800 ISTRES,2026-10-30,2026-10-30,,,,,,
Concerts,NeS,,MARSEILLE,13016,13, 13016 MARSEILLE,2026-10-30,2026-10-30,,,,,,
Concerts,ZOUFRIS MARACAS,,MARSEILLE,13016,13, 13016 MARSEILLE,2026-10-29,2026-10-29,,,,,,
Concerts,Nes,,MARSEILLE,13016,13, 13016 MARSEILLE,2026-10-30,2026-10-30,,,,,,
Concerts,Fff,,CHATEAURENARD,13160,13, 13160 CHATEAURENARD,2026-10-31,2026-10-31,,,,,,
Humour et one (wo)man show,Noam sinseau,,MARSEILLE,13016,13, 13016 MARSEILLE,2026-10-31,2026-10-31,,,,,,
Concerts,VIOFLESH + GUEST,,MARSEILLE,13016,13, 13016 MARSEILLE,2026-10-31,2026-10-31,,,,,,
Festivals,WALKING BASS FESTIVAL : THE LAST RAVER,,MARSEILLE,13016,13, 13016 MARSEILLE,2026-10-31,2026-10-31,,,,,,
Concerts,EYEHATEGOD + MEZCAL WIZARD,,MARSEILLE,13016,13, 13016 MARSEILLE,2026-11-01,2026-11-01,,,,,,
Concerts,Belinda davids-tribute whitney houston,,MARSEILLE,13016,13, 13016 MARSEILLE,2026-11-04,2026-11-04,,,,,,
Spectacles,AUDREY VERNON - COMMENT EPOUSER UN MILLIARDAIRE (2),,ARLES,13280,13, 13280 ARLES,2026-11-05,2026-11-05,,,,,,
Foires,FOIRE DE LA TOUSSAINT,place des Allées Marcel Jullian Châteaurenard - 13160,CHATEAURENARD,13160,13,place des Allées Marcel Jullian Châteaurenard - 13160 13160 CHATEAURENARD,2026-11-01,2026-11-01,,,,,,
Concerts,NEJ,,MARSEILLE,13016,13, 13016 MARSEILLE,2026-11-04,2026-11-04,,,,,,
Concerts,BELINDA DAVIDS,,MARSEILLE,13016,13, 13016 MARSEILLE,2026-11-04,2026-11-04,,,,,,
Concerts,THE CELTIC SOCIAL CLUB,,AIX-EN-PROVENCE,13540,13, 13540 AIX-EN-PROVENCE,2026-11-05,2026-11-05,,,,,,
Concerts,SNIPER,,AIX-EN-PROVENCE,13540,13, 13540 AIX-EN-PROVENCE,2026-11-05,2026-11-05,,,,,,
Concerts,Nej,,MARSEILLE,13016,13, 13016 MARSEILLE,2026-11-04,2026-11-04,,,,,,
Fêtes locales,Fete et Randonnée de la Courge,13082 Rognes,ROGNES,13082,13,13082 Rognes 13082 ROGNES,2026-11-01,2026-11-01,,,,,,
Concerts,THE 5 ROSIES - TRIBUTE TO AC/DC,,MARSEILLE,13016,13, 13016 MARSEILLE,2026-11-05,2026-11-05,,,,,,
Humour et one (wo)man show,Edouard deloignon,,CHATEAURENARD,13160,13, 13160 CHATEAURENARD,2026-11-06,2026-11-06,,,,,,
Concerts,The 5 rosies - tribute to ac/dc,,MARSEILLE,13016,13, 13016 MARSEILLE,2026-11-05,2026-11-05,,,,,,
Concerts,JOSMAN,,MARSEILLE,13016,13, 13016 MARSEILLE,2026-11-06,2026-11-06,,,,,,
Humour et one (wo)man show,Tano,,CARNOUX-EN-PROVENCE,13470,13, 13470 CARNOUX-EN-PROVENCE,2026-11-07,2026-11-07,,,,,,
Concerts,MASTER BOOT RECORD + FULCI + AROTTENBIT,,MARSEILLE,13016,13, 13016 MARSEILLE,2026-11-06,2026-11-06,,,,,,
Concerts,Josman,,MARSEILLE,13016,13, 13016 MARSEILLE,2026-11-06,2026-11-06,,,,,,
Spectacles,Redouane Bougheraba,"Le Dôme 48, av de Saint­-Just 13004 MARSEILLE",MARSEILLE,13004,13,"Le Dôme 48, av de Saint­-Just 13004 MARSEILLE 13004 MARSEILLE",2026-11-07,2027-02-19,,,,,,
Concerts,JWLES,,MARSEILLE,13016,13, 13016 MARSEILLE,2026-11-06,2026-11-06,,,,,,
Spectacles,THOMAS VDB - Rodage,,VELAUX,13880,13, 13880 VELAUX,2026-11-07,2026-11-07,,,,,,
Lotos Quines et Rifles,Fête des bergers : loto,,ISTRES,13800,13, 13800 ISTRES,2026-11-08,2026-11-08,,,,,,
Concerts,Roshi,,MARSEILLE,13016,13, 13016 MARSEILLE,2026-11-07,2026-11-07,,,,,,
Concerts,HUBERT FELIX THIEFAINE,,MARSEILLE,13016,13, 13016 MARSEILLE,2026-11-08,2026-11-08,,,,,,
Concerts,Hubert felix thiefaine,,MARSEILLE,13016,13, 13016 MARSEILLE,2026-11-08,2026-11-08,,,,,,
Concerts,Bigflo & oli,,MARSEILLE,13016,13, 13016 MARSEILLE,2026-11-08,2026-11-08,,,,,,
Foires,Foire de la st martin Salon de Provence,centre ville de Salon de Provence,SALON-DE-PROVENCE,13300,13,centre ville de Salon de Provence 13300 SALON-DE-PROVENCE,2026-11-08,2026-11-08,,,,,,
Concerts,ROBERT FINLEY,,MARSEILLE,13016,13, 13016 MARSEILLE,2026-11-10,2026-11-10,,,,,,
Manifestations Automobiles,Rassemblement février Véhicules Anciens,Rognes Parc des Garrigues à Rognes,ROGNES,13840,13,Rognes Parc des Garrigues à Rognes 13840 ROGNES,2026-11-10,2026-11-10,,,,,,
Parc,Magic park land,,ENSUES-LA-REDONNE,13820,13, 13820 ENSUES-LA-REDONNE,2026-11-11,2026-11-11,,,,,,
Concerts,ALELA DIANE + THE HACKLES,,AIX-EN-PROVENCE,13540,13, 13540 AIX-EN-PROVENCE,2026-11-11,2026-11-11,,,,,,
Fêtes locales,FESTIVAL D'ABRIVADO,plages des Saintes Maries,SAINTES-MARIES-DE-LA-MER,13460,13,plages des Saintes Maries 13460 SAINTES-MARIES-DE-LA-MER,2026-11-11,2026-11-11,,,,,,
Concerts,STILL FRESH + 1ère partie,,MARSEILLE,13016,13, 13016 MARSEILLE,2026-11-11,2026-11-11,,,,,,
Concerts,Still fresh,,MARSEILLE,13016,13, 13016 MARSEILLE,2026-11-11,2026-11-11,,,,,,
Concerts,DANYL,,AIX-EN-PROVENCE,13540,13, 13540 AIX-EN-PROVENCE,2026-11-13,2026-11-13,,,,,,
Concerts,Lilly wood and the prick,,ISTRES,13800,13, 13800 ISTRES,2026-11-12,2026-11-12,,,,,,
Concerts,ZONE6 - GUERTA et SHELDON,,AIX-EN-PROVENCE,13540,13, 13540 AIX-EN-PROVENCE,2026-11-12,2026-11-12,,,,,,
Concerts,I muvrini,,CHATEAUNEUF-LES-MARTIGUES,13220,13, 13220 CHATEAUNEUF-LES-MARTIGUES,2026-11-13,2026-11-13,,,,,,
Concerts,SO LA LUNE,,MARSEILLE,13016,13, 13016 MARSEILLE,2026-11-13,2026-11-13,,,,,,
Humour et one (wo)man show,Cecile marx,,BEAURECUEIL,13100,13, 13100 BEAURECUEIL,2026-11-13,2026-11-13,,,,,,
Concerts,LILLY WOOD AND THE PRICK,,ISTRES,13800,13, 13800 ISTRES,2026-11-12,2026-11-12,,,,,,
Théatres,Secret(s) medical,,MARSEILLE,13016,13, 13016 MARSEILLE,2026-11-12,2026-11-12,,,,,,
Humour et one (wo)man show,Ils exagerent,,BEAURECUEIL,13100,13, 13100 BEAURECUEIL,2026-11-12,2026-11-12,,,,,,
Concerts,MENTISSA,,AIX-EN-PROVENCE,13540,13, 13540 AIX-EN-PROVENCE,2026-11-12,2026-11-12,,,,,,
Concerts,EMMA,,AIX-EN-PROVENCE,13540,13, 13540 AIX-EN-PROVENCE,2026-11-14,2026-11-14,,,,,,
Humour et one (wo)man show,Un con peut en cacher un autre,,BEAURECUEIL,13100,13, 13100 BEAURECUEIL,2026-11-14,2026-11-14,,,,,,
Marchés de Noël,Foire aux Santons et Marché de Noël,,FONTVIEILLE,13990,13, 13990 FONTVIEILLE,2026-11-14,2026-11-14,,,,,,
Spectacle et comedie musicale,Drag race france live saison 4,,MARSEILLE,13016,13, 13016 MARSEILLE,2026-11-14,2026-11-14,,,,,,
Humour et one (wo)man show,Kevin levy,,CHATEAURENARD,13160,13, 13160 CHATEAURENARD,2026-11-14,2026-11-14,,,,,,
Concerts,So la lune,,MARSEILLE,13016,13, 13016 MARSEILLE,2026-11-13,2026-11-13,,,,,,
Concerts,NOBODYLIKESBIRDIE / JAYMEE,,MARSEILLE,13016,13, 13016 MARSEILLE,2026-11-14,2026-11-14,,,,,,
Humour et one (wo)man show,Louis cattelat,,MARSEILLE,13016,13, 13016 MARSEILLE,2026-11-15,2026-11-15,,,,,,
Spectacles,LES FRENCH TWINS,,AIX-EN-PROVENCE,13540,13, 13540 AIX-EN-PROVENCE,2026-11-15,2026-11-15,,,,,,
Foires,"Foire photo, occasion collection, édition, expositions","Hippodrome de pont de Vivaux, 190,Bd Mireille Lauze",MARSEILLE,13016,13,"Hippodrome de pont de Vivaux, 190,Bd Mireille Lauze 13016 MARSEILLE",2026-11-15,2026-11-15,,,,,,
Humour et one (wo)man show,Erick baert dans illusions vocales,,AURIOL,13390,13, 13390 AURIOL,2026-11-19,2026-11-19,,,,,,
Concerts,ELEPHANZ,,AIX-EN-PROVENCE,13540,13, 13540 AIX-EN-PROVENCE,2026-11-18,2026-11-18,,,,,,
Spectacle et comedie musicale,Mary candies,,MARSEILLE,13016,13, 13016 MARSEILLE,2026-11-15,2026-11-15,,,,,,
Spectacles,LOUIS CATTELAT,,MARSEILLE,13016,13, 13016 MARSEILLE,2026-11-15,2026-11-15,,,,,,
Festivals,Festival tous courts,salle Sévigné Lambesc - 13410,LAMBESC,13410,13,salle Sévigné Lambesc - 13410 13410 LAMBESC,2026-11-16,2026-11-16,,,,,,
Concerts,FFF,,AIX-EN-PROVENCE,13540,13, 13540 AIX-EN-PROVENCE,2026-11-19,2026-11-19,,,,,,
Concerts,NONO LA GRINTA,,AIX-EN-PROVENCE,13540,13, 13540 AIX-EN-PROVENCE,2026-11-19,2026-11-19,,,,,,
Spectacle et comedie musicale,Tutu,,MARSEILLE,13016,13, 13016 MARSEILLE,2026-11-19,2026-11-19,,,,,,
Spectacle et comedie musicale,Prestation danse avec les stars,,MARSEILLE,13016,13, 13016 MARSEILLE,2026-11-20,2026-11-20,,,,,,
Concerts,ROADRUNNERS,,ARLES,13280,13, 13280 ARLES,2026-11-20,2026-11-20,,,,,,
Concerts,BENJAMIN BIOLAY,,AIX-EN-PROVENCE,13540,13, 13540 AIX-EN-PROVENCE,2026-11-20,2026-11-20,,,,,,
Concerts,BEN L'ONCLE SOUL,,ISTRES,13800,13, 13800 ISTRES,2026-11-19,2026-11-19,,,,,,
Spectacles,TUTU,,MARSEILLE,13016,13, 13016 MARSEILLE,2026-11-19,2026-11-19,,,,,,
Spectacle et comedie musicale,Danse avec les stars,,MARSEILLE,13016,13, 13016 MARSEILLE,2026-11-20,2026-11-20,,,,,,
Théatres,Parents,,BEAURECUEIL,13100,13, 13100 BEAURECUEIL,2026-11-20,2026-11-20,,,,,,
Concerts,Svinkels family et friends,,ISTRES,13800,13, 13800 ISTRES,2026-11-20,2026-11-20,,,,,,
Concerts,SVINKELS FAMILY &amp; FRIENDS + GUEST,,ISTRES,13800,13, 13800 ISTRES,2026-11-20,2026-11-20,,,,,,
Concerts,SAM SAUVAGE,,MARSEILLE,13016,13, 13016 MARSEILLE,2026-11-20,2026-11-20,,,,,,
Concerts,Sam sauvage,,MARSEILLE,13016,13, 13016 MARSEILLE,2026-11-20,2026-11-20,,,,,,
Concerts,ZINÉE,,MARSEILLE,13016,13, 13016 MARSEILLE,2026-11-21,2026-11-21,,,,,,
Concerts,MARCUS GAD &amp; TRIBE,,MARSEILLE,13016,13, 13016 MARSEILLE,2026-11-20,2026-11-20,,,,,,
Concerts,DIDIER SUPER,,ARLES,13280,13, 13280 ARLES,2026-11-21,2026-11-21,,,,,,
Humour et one (wo)man show,Michele laroque et kad merad,,MARSEILLE,13016,13, 13016 MARSEILLE,2026-11-21,2026-11-21,,,,,,
Concerts,SPIDER ZED + GUEST,,MARSEILLE,13016,13, 13016 MARSEILLE,2026-11-21,2026-11-21,,,,,,
Humour et one (wo)man show,Tanguy pastureau,,BEAURECUEIL,13100,13, 13100 BEAURECUEIL,2026-11-21,2026-11-21,,,,,,
Concerts,Mass hysteria,,CHATEAURENARD,13160,13, 13160 CHATEAURENARD,2026-11-21,2026-11-21,,,,,,
Concerts,IBEYI + 1ère partie,,MARSEILLE,13016,13, 13016 MARSEILLE,2026-11-21,2026-11-21,,,,,,
Manifestations Automobiles,Rassemblement novembre Véhicules Anciens,Rognes Parc des Garrigues à Rognes,ROGNES,13840,13,Rognes Parc des Garrigues à Rognes 13840 ROGNES,2026-11-21,2026-11-21,,,,,,
Marchés de Noël,Marché de Noel,Salle Jean Moulin et Gymnase,GREASQUE,13850,13,Salle Jean Moulin et Gymnase 13850 GREASQUE,2026-11-21,2026-11-21,,,,,,
Théatres,MICHELE LAROQUE ET KAD MERAD,,MARSEILLE,13016,13, 13016 MARSEILLE,2026-11-21,2026-11-21,,,,,,
Sorties,Patate d'or,21ème Patate d'or Foirail Arènes Louis Thiers 13097 Saint-Martin-de-Crau,SAINT-MARTIN-DE-CRAU,13097,13,21ème Patate d'or Foirail Arènes Louis Thiers 13097 Saint-Martin-de-Crau 13097 SAINT-MARTIN-DE-CRAU,2026-11-21,2026-11-21,,,,,,
Foires,Grande Foire gourmande au gras de Fontvieille,Grande Foire gourmande au gras de Fontvieille Les halles Cours Hyacinthe Bellon 13038 Fontvieille,FONTVIEILLE,13038,13,Grande Foire gourmande au gras de Fontvieille Les halles Cours Hyacinthe Bellon 13038 Fontvieille 13038 FONTVIEILLE,2026-11-22,2026-11-22,,,,,,
Spectacles,JESSE,,MARSEILLE,13016,13, 13016 MARSEILLE,2026-11-22,2026-11-22,,,,,,
Concerts,GVLLOW,,MARSEILLE,13016,13, 13016 MARSEILLE,2026-11-24,2026-11-24,,,,,,
Humour et one (wo)man show,Jessé,,MARSEILLE,13016,13, 13016 MARSEILLE,2026-11-22,2026-11-22,,,,,,
Concerts,JEREMY HABABOU,,AIX-EN-PROVENCE,13540,13, 13540 AIX-EN-PROVENCE,2026-11-25,2026-11-25,,,,,,
Concerts,Spider-man : into the spider-verse,,MARSEILLE,13016,13, 13016 MARSEILLE,2026-11-22,2026-11-22,,,,,,
Concerts,FOLIE'S,,MARSEILLE,13016,13, 13016 MARSEILLE,2026-11-26,2026-11-26,,,,,,
Concerts,EIFFEL + CYRIL MOKAIESH,,AIX-EN-PROVENCE,13540,13, 13540 AIX-EN-PROVENCE,2026-11-26,2026-11-26,,,,,,
Concerts,SOEN + TRIBULATION + GUEST,,ISTRES,13800,13, 13800 ISTRES,2026-11-26,2026-11-26,,,,,,
Humour et one (wo)man show,Arnaud demanche,,BEAURECUEIL,13100,13, 13100 BEAURECUEIL,2026-11-27,2026-11-27,,,,,,
Concerts,Souad massi,,MARSEILLE,13016,13, 13016 MARSEILLE,2026-11-26,2026-11-26,,,,,,
Concerts,KALIKA,,AIX-EN-PROVENCE,13540,13, 13540 AIX-EN-PROVENCE,2026-11-27,2026-11-27,,,,,,
Concerts,SOUAD MASSI,,MARSEILLE,13016,13, 13016 MARSEILLE,2026-11-26,2026-11-26,,,,,,
Humour et one (wo)man show,Noelle perna,,MARTIGUES,13500,13, 13500 MARTIGUES,2026-11-27,2026-11-27,,,,,,
Concerts,Ladaniva,,CHATEAURENARD,13160,13, 13160 CHATEAURENARD,2026-11-27,2026-11-27,,,,,,
Concerts,OAI REGGAE PARTY + GUEST,,ISTRES,13800,13, 13800 ISTRES,2026-11-27,2026-11-27,,,,,,
Concerts,SALMO,,MARSEILLE,13016,13, 13016 MARSEILLE,2026-11-27,2026-11-27,,,,,,
Classique et opera,Monroe,,MARSEILLE,13016,13, 13016 MARSEILLE,2026-11-28,2026-11-28,,,,,,
Humour et one (wo)man show,Olivia moore,,CHATEAUNEUF-LE-ROUGE,13790,13, 13790 CHATEAUNEUF-LE-ROUGE,2026-11-28,2026-11-28,,,,,,
Marchés de Noël,&#127877; Marché de Noël,Salle des Arcades R8N,CUGES-LES-PINS,13780,13,Salle des Arcades R8N 13780 CUGES-LES-PINS,2026-11-28,2026-11-28,,,,,,
Spectacles,NOELLE PERNA,,MARTIGUES,13500,13, 13500 MARTIGUES,2026-11-27,2026-11-27,,,,,,
Concerts,THE STRANGLERS,,AIX-EN-PROVENCE,13540,13, 13540 AIX-EN-PROVENCE,2026-11-28,2026-11-28,,,,,,
Humour et one (wo)man show,Titoff,,MARSEILLE,13016,13, 13016 MARSEILLE,2026-11-28,2026-11-28,,,,,,
Concerts,Salmo,,MARSEILLE,13016,13, 13016 MARSEILLE,2026-11-27,2026-11-27,,,,,,
Concerts,NEG'MARRONS,,AIX-EN-PROVENCE,13540,13, 13540 AIX-EN-PROVENCE,2026-11-28,2026-11-28,,,,,,
Concerts,BEN plg,,MARSEILLE,13016,13, 13016 MARSEILLE,2026-11-28,2026-11-28,,,,,,
Concerts,Disney en concert - suivez vos reves,,MARSEILLE,13016,13, 13016 MARSEILLE,2026-11-27,2026-11-27,,,,,,
Foires,Foire aux santons,Salle Léo Lagrange Av du 4 septembre,CHATEAUNEUF-LES-MARTIGUES,13220,13,Salle Léo Lagrange Av du 4 septembre 13220 CHATEAUNEUF-LES-MARTIGUES,2026-11-28,2026-11-28,,,,,,
Marchés de Noël,Foire aux santons,Salle Frédéric Mistral,SENAS,13560,13,Salle Frédéric Mistral 13560 SENAS,2026-11-28,2026-11-28,,,,,,
Concerts,MONROE,,MARSEILLE,13016,13, 13016 MARSEILLE,2026-11-28,2026-11-28,,,,,,
Spectacles,TITOFF,,MARSEILLE,13016,13, 13016 MARSEILLE,2026-11-28,2026-11-28,,,,,,
Marchés de Noël,MARCHÉ AUX SANTONS,Centre ville,TARASCON,13150,13,Centre ville 13150 TARASCON,2026-11-28,2026-11-28,,,,,,
Concerts,Goldmen - concert 100% goldman a fgj,,MARSEILLE,13016,13, 13016 MARSEILLE,2026-11-28,2026-11-28,,,,,,
Danse,Casse-noisette,,MARSEILLE,13016,13, 13016 MARSEILLE,2026-11-29,2026-11-29,,,,,,
Concerts,GOLDMEN,,MARSEILLE,13016,13, 13016 MARSEILLE,2026-11-28,2026-11-28,,,,,,
Humour et one (wo)man show,Lou trotignon,,MARSEILLE,13016,13, 13016 MARSEILLE,2026-11-29,2026-11-29,,,,,,
Spectacles,CASSE-NOISETTE,,MARSEILLE,13016,13, 13016 MARSEILLE,2026-11-29,2026-11-29,,,,,,
Spectacles,LOU TROTIGNON,,MARSEILLE,13016,13, 13016 MARSEILLE,2026-11-29,2026-11-29,,,,,,
Théatres,Les soeurs dalton,,CHATEAURENARD,13160,13, 13160 CHATEAURENARD,2026-11-29,2026-11-29,,,,,,
Concerts,FOREVER PAVOT,,MARSEILLE,13016,13, 13016 MARSEILLE,2026-12-02,2026-12-02,,,,,,
Concerts,FUSION SONORE - PHOTONS + JEAN PAUL,,AIX-EN-PROVENCE,13540,13, 13540 AIX-EN-PROVENCE,2026-12-03,2026-12-03,,,,,,
Concerts,Orelsan,,MARSEILLE,13016,13, 13016 MARSEILLE,2026-12-02,2026-12-02,,,,,,
Spectacles,MADAME ARTHUR ENSORCELLE DISNEY,,MARSEILLE,13016,13, 13016 MARSEILLE,2026-12-03,2026-12-03,,,,,,
Spectacles,LA TROUPE DU JAMEL COMEDY CLUB,,MARSEILLE,13016,13, 13016 MARSEILLE,2026-12-02,2026-12-02,,,,,,
Concerts,TÉTÉ,,AIX-EN-PROVENCE,13540,13, 13540 AIX-EN-PROVENCE,2026-12-03,2026-12-03,,,,,,
Concerts,KEZIAH JONES,,AIX-EN-PROVENCE,13540,13, 13540 AIX-EN-PROVENCE,2026-12-04,2026-12-04,,,,,,
Fêtes,Célébration de la Ste Barbe,Puits Hély d'Oissel,GREASQUE,13850,13,Puits Hély d'Oissel 13850 GREASQUE,2026-12-04,2026-12-04,,,,,,
Concerts,LA P'TITE FUMÉE,,AIX-EN-PROVENCE,13540,13, 13540 AIX-EN-PROVENCE,2026-12-04,2026-12-04,,,,,,
Concerts,THE SHEEPDOGS,,MARSEILLE,13016,13, 13016 MARSEILLE,2026-12-04,2026-12-04,,,,,,
Concerts,Plk,,MARSEILLE,13016,13, 13016 MARSEILLE,2026-12-04,2026-12-04,,,,,,
Concerts,FATOUMATA DIAWARA,,ISTRES,13800,13, 13800 ISTRES,2026-12-04,2026-12-04,,,,,,
Concerts,The sheepdogs,,MARSEILLE,13016,13, 13016 MARSEILLE,2026-12-04,2026-12-04,,,,,,
Concerts,KID FRANCESCOLI,,MARSEILLE,13016,13, 13016 MARSEILLE,2026-12-05,2026-12-05,,,,,,
Spectacle et comedie musicale,Burlesk,,BEAURECUEIL,13100,13, 13100 BEAURECUEIL,2026-12-05,2026-12-05,,,,,,
Concerts,Fatoumata diawara,,ISTRES,13800,13, 13800 ISTRES,2026-12-04,2026-12-04,,,,,,
Concerts,CASCADEUR,,AIX-EN-PROVENCE,13540,13, 13540 AIX-EN-PROVENCE,2026-12-05,2026-12-05,,,,,,
Marchés de Noël,Marché de Noël du Château du Petit Sonnailler,Aurons,AURONS,13121,13,Aurons 13121 AURONS,2026-12-05,2026-12-05,,,,,,
Marchés de Noël,L'Avent des créateurs,zi les paluds,AUBAGNE,13400,13,zi les paluds 13400 AUBAGNE,2026-12-05,2026-12-05,,,,,,
Humour et one (wo)man show,Zize,,SALON-DE-PROVENCE,13300,13, 13300 SALON-DE-PROVENCE,2026-12-05,2026-12-05,,,,,,
Concerts,Joyful tour,,CHATEAUNEUF-LES-MARTIGUES,13220,13, 13220 CHATEAUNEUF-LES-MARTIGUES,2026-12-05,2026-12-05,,,,,,
Concerts,SETH GUEKO,,MARSEILLE,13016,13, 13016 MARSEILLE,2026-12-05,2026-12-05,,,,,,
Concerts,Kid francescoli,,MARSEILLE,13016,13, 13016 MARSEILLE,2026-12-05,2026-12-05,,,,,,
Marchés de Noël,Marché De NOËL FOIRE AUX SANTONS CHATEAURENARD,,CHATEAURENARD,13160,13, 13160 CHATEAURENARD,2026-12-05,2026-12-05,,,,,,
Concerts,AJNA,,MARSEILLE,13016,13, 13016 MARSEILLE,2026-12-05,2026-12-05,,,,,,
Marchés de Noël,Marché de Noël,Pélissanne,PELISSANNE,13330,13,Pélissanne 13330 PELISSANNE,2026-12-05,2026-12-05,,,,,,
Marchés de Noël,Marché de Noël,"9, cours Albéric Laurent",PEYNIER,13790,13,"9, cours Albéric Laurent 13790 PEYNIER",2026-12-05,2026-12-05,,,,,,
Marchés de Noël,Marché de Noël,Parvis du Château,SAINT-ANDIOL,13670,13,Parvis du Château 13670 SAINT-ANDIOL,2026-12-05,2026-12-05,,,,,,
Marchés de Noël,le Monde Merveilleux de Noël,Centre ville Tarascon - 13150,TARASCON,13150,13,Centre ville Tarascon - 13150 13150 TARASCON,2026-12-05,2026-12-05,,,,,,
Fêtes locales,FETE DE L'ANE AU VILLAGE D'ALLAUCH,vieux village Allauch - 13190,ALLAUCH,13190,13,vieux village Allauch - 13190 13190 ALLAUCH,2026-12-06,2026-12-06,,,,,,
Marchés de Noël,Noel Merveilleux des Enfants,Place Frédéric Mistral,TARASCON,13150,13,Place Frédéric Mistral 13150 TARASCON,2026-12-05,2026-12-05,,,,,,
Humour et one (wo)man show,Amandine lourdel,,MARSEILLE,13016,13, 13016 MARSEILLE,2026-12-06,2026-12-06,,,,,,
Humour et one (wo)man show,Lalou,,MARSEILLE,13016,13, 13016 MARSEILLE,2026-12-09,2026-12-09,,,,,,
Spectacles,LALOU : Qui n'a pas de nom de spectacle,,MARSEILLE,13016,13, 13016 MARSEILLE,2026-12-09,2026-12-09,,,,,,
Concerts,Lynda lemay & jean felix lalanne,,MARSEILLE,13016,13, 13016 MARSEILLE,2026-12-08,2026-12-08,,,,,,
Messes,TRANSLATION DES RELIQUES,13460 Saintes-Maries-de-la-Mer,SAINTES-MARIES-DE-LA-MER,13460,13,13460 Saintes-Maries-de-la-Mer 13460 SAINTES-MARIES-DE-LA-MER,2026-12-06,2026-12-06,,,,,,
Humour et one (wo)man show,David castello-lopes,,MARSEILLE,13016,13, 13016 MARSEILLE,2026-12-10,2026-12-10,,,,,,
Marchés de Noël,marché de Noel,Venelles - 13770,VENELLES,13770,13,Venelles - 13770 13770 VENELLES,2026-12-05,2026-12-05,,,,,,
Concerts,Feu! chatterton,,MARSEILLE,13016,13, 13016 MARSEILLE,2026-12-10,2026-12-10,,,,,,
Spectacles,DAVID CASTELLO-LOPES,,MARSEILLE,13016,13, 13016 MARSEILLE,2026-12-10,2026-12-10,,,,,,
Concerts,LES FATALS PICARDS,,MARSEILLE,13016,13, 13016 MARSEILLE,2026-12-12,2026-12-12,,,,,,
Danse,Pietragalla barbara,,MARSEILLE,13016,13, 13016 MARSEILLE,2026-12-11,2026-12-11,,,,,,
Concerts,Feu! Chatterton,,MARSEILLE,13016,13, 13016 MARSEILLE,2026-12-10,2026-12-10,,,,,,
Concerts,COEUR DE PIRATE,,AIX-EN-PROVENCE,13540,13, 13540 AIX-EN-PROVENCE,2026-12-11,2026-12-11,,,,,,
Foires,Foires et Marchés,Office de Tourisme de Port de Bouc 22 Cours Landrivon Port-de-Bouc Bouches-du-Rhône Provence-Alpes-Côte d'Azur,PORT-DE-BOUC,13110,13,Office de Tourisme de Port de Bouc 22 Cours Landrivon Port-de-Bouc Bouches-du-Rhône Provence-Alpes-Côte d'Azur 13110 PORT-DE-BOUC,2026-12-11,2026-07-05,,,,,,
Concerts,"ELMER FOOD BEAT, Le Re-Tour",,AIX-EN-PROVENCE,13540,13, 13540 AIX-EN-PROVENCE,2026-12-11,2026-12-11,,,,,,
Marchés de Noël,Marché de Noel,,ALLAUCH,13190,13, 13190 ALLAUCH,2026-12-12,2026-12-12,,,,,,
Marchés de Noël,Foire provençale de Noël et les 13 desserts,"Auriol, Dans les rues du centre ancien",AURIOL,13390,13,"Auriol, Dans les rues du centre ancien 13390 AURIOL",2026-12-12,2026-12-12,,,,,,
Humour et one (wo)man show,Jean baptiste mazoyer le maitre du jeu,,BEAURECUEIL,13100,13, 13100 BEAURECUEIL,2026-12-12,2026-12-12,,,,,,
Concerts,Les fatals picards,,MARSEILLE,13016,13, 13016 MARSEILLE,2026-12-12,2026-12-12,,,,,,
Concerts,Legendes arabes,,MARSEILLE,13016,13, 13016 MARSEILLE,2026-12-12,2026-12-12,,,,,,
Marchés de Noël,Marché de noel à Eyguières,"Grenier de l'Alcazar place Thiers, 13430 Eyguieres",EYGUIERES,13430,13,"Grenier de l'Alcazar place Thiers, 13430 Eyguieres 13430 EYGUIERES",2026-12-12,2026-12-12,,,,,,
Marchés de Noël,Marché de Noël,salle des fêtes et extérieur Le Puy-Sainte-Réparade - 13610,LE PUY-SAINTE-REPARADE,13610,13,salle des fêtes et extérieur Le Puy-Sainte-Réparade - 13610 13610 LE PUY-SAINTE-REPARADE,2026-12-12,2026-12-12,,,,,,
Marchés de Noël,Marché de Noel,Place Du Marché,GRAVESON,13690,13,Place Du Marché 13690 GRAVESON,2026-12-12,2026-12-12,,,,,,
Marchés de Noël,Marché de Noel,,SAINT-MARTIN-DE-CRAU,13310,13, 13310 SAINT-MARTIN-DE-CRAU,2026-12-12,2026-12-12,,,,,,
Marchés de Noël,marché de Noël,Centre Ville 13530 Trets,TRETS,13530,13,Centre Ville 13530 Trets 13530 TRETS,2026-12-12,2026-12-12,,,,,,
Humour et one (wo)man show,Jeremy charbonnel,,MARSEILLE,13016,13, 13016 MARSEILLE,2026-12-13,2026-12-13,,,,,,
Théatres,Un soir avec pierre arditi,,MARSEILLE,13016,13, 13016 MARSEILLE,2026-12-14,2026-12-14,,,,,,
Concerts,Hiba tawaji invite ibrahim maalouf,,MARSEILLE,13016,13, 13016 MARSEILLE,2026-12-15,2026-12-15,,,,,,
Spectacles,UN SOIR AVEC PIERRE ARDITI,,MARSEILLE,13016,13, 13016 MARSEILLE,2026-12-14,2026-12-14,,,,,,
Concerts,Oldelaf,,ISTRES,13800,13, 13800 ISTRES,2026-12-17,2026-12-17,,,,,,
Concerts,LUTHER,,MARSEILLE,13016,13, 13016 MARSEILLE,2026-12-18,2026-12-18,,,,,,
Concerts,OLDELAF,,ISTRES,13800,13, 13800 ISTRES,2026-12-17,2026-12-17,,,,,,
Spectacles,JEREMY CHARBONNEL,,MARSEILLE,13016,13, 13016 MARSEILLE,2026-12-13,2026-12-13,,,,,,
Concerts,Benjamin biolay,,MARSEILLE,13016,13, 13016 MARSEILLE,2026-12-16,2026-12-16,,,,,,
Concerts,ROUNHAA,,MARSEILLE,13016,13, 13016 MARSEILLE,2026-12-17,2026-12-17,,,,,,
Humour et one (wo)man show,Caroline estremo,,CABRIES,13480,13, 13480 CABRIES,2026-12-16,2026-12-16,,,,,,
Humour et one (wo)man show,Laurent gerra,,MARSEILLE,13016,13, 13016 MARSEILLE,2026-12-19,2026-12-19,,,,,,
Danse,Casse-noisette - ballet et orchestre,,MARSEILLE,13016,13, 13016 MARSEILLE,2026-12-18,2026-12-18,,,,,,
Spectacles,LAURENT GERRA,,MARSEILLE,13016,13, 13016 MARSEILLE,2026-12-19,2026-12-19,,,,,,
Lotos Quines et Rifles,Traditionnel LOTO de Noël,Salle de l'amitié - Paluds de Noves,NOVES,13550,13,Salle de l'amitié - Paluds de Noves 13550 NOVES,2026-12-25,2026-12-25,,,,,,
Marchés de Noël,Noël à Saint-Rémy-de-Provence,Centre Ville Saint-Remy-De-Provence,SAINT-REMY-DE-PROVENCE,13210,13,Centre Ville Saint-Remy-De-Provence 13210 SAINT-REMY-DE-PROVENCE,2026-12-26,2026-12-26,,,,,,
Concerts,K-pop forever !,,MARSEILLE,13016,13, 13016 MARSEILLE,2026-12-28,2026-12-28,,,,,,
Fêtes locales,CÉRÉMONIE DE L’AUBADE,village,LES BAUX-DE-PROVENCE,13520,13,village 13520 LES BAUX-DE-PROVENCE,2026-12-24,2026-12-24,,,,,,
Fêtes locales,JOURNÉE GIVRÉE,La Crau de Chateaurenard,CHATEAURENARD,13160,13,La Crau de Chateaurenard 13160 CHATEAURENARD,2026-12-28,2026-12-28,,,,,,
Spectacle et comedie musicale,La reine des neiges,,CHATEAUNEUF-LES-MARTIGUES,13220,13, 13220 CHATEAUNEUF-LES-MARTIGUES,2026-12-20,2026-12-20,,,,,,
Feux d'artifice,Feu d'artifice du nouvel an,Mairie Saintes-Maries-de-la-Mer - 13460,SAINTES-MARIES-DE-LA-MER,13460,13,Mairie Saintes-Maries-de-la-Mer - 13460 13460 SAINTES-MARIES-DE-LA-MER,2026-12-31,2026-12-31,,,,,,
Feux d'artifice,Feu d’artifice 1er janvier,Stade E.Boyer Auriol - 13390,AURIOL,13390,13,Stade E.Boyer Auriol - 13390 13390 AURIOL,2027-01-01,2027-01-01,,,,,,
Messes,Messe de Noel,église Saint Pierre aux Liens,SAUSSET-LES-PINS,13960,13,église Saint Pierre aux Liens 13960 SAUSSET-LES-PINS,2026-12-25,2026-12-25,,,,,,
Fêtes locales,Grand défilé des Rois Mages,Rond-Point des Messageries Maritimes,LA CIOTAT,13600,13,Rond-Point des Messageries Maritimes 13600 LA CIOTAT,2027-01-02,2027-01-02,,,,,,
Spectacles,"MONTE-CRISTO, LE SPECTACLE MUSICAL",,MARSEILLE,13016,13, 13016 MARSEILLE,2027-01-08,2027-01-08,,,,,,
Fêtes locales,La marche des Rois,Centre ville 13090 Aix-en-Provence,AIX-EN-PROVENCE,13090,13,Centre ville 13090 Aix-en-Provence 13090 AIX-EN-PROVENCE,2027-01-10,2027-01-10,,,,,,
Feux d'artifice,Feu d’artifice du nouvel an,"9, cours Albéric Laurent",PEYNIER,13790,13,"9, cours Albéric Laurent 13790 PEYNIER",2027-01-01,2027-01-01,,,,,,
Concerts,Forever,"Le Dôme 48, av de Saint­-Just 13004 MARSEILLE",MARSEILLE,13004,13,"Le Dôme 48, av de Saint­-Just 13004 MARSEILLE 13004 MARSEILLE",2027-01-12,2027-02-07,,,,,,
Concerts,ZAOUI,,MARSEILLE,13016,13, 13016 MARSEILLE,2027-01-14,2027-01-14,,,,,,
Spectacles,"SELLIG - ""Episode 7""",,MARSEILLE,13016,13, 13016 MARSEILLE,2027-01-14,2027-01-14,,,,,,
Danse,Ballets et legendes de tahiti,,MARSEILLE,13016,13, 13016 MARSEILLE,2027-01-17,2027-01-17,,,,,,
Spectacles,CLEMENT VIKTOROVITCH,,MARSEILLE,13016,13, 13016 MARSEILLE,2027-01-17,2027-01-17,,,,,,
Classique et opera,Levi.sct,,MARSEILLE,13016,13, 13016 MARSEILLE,2027-01-21,2027-01-21,,,,,,
Spectacles,Mask Singer,Le Cepac Silo 35 Quai du Lazaret 13002 MARSEILLE,MARSEILLE,13002,13,Le Cepac Silo 35 Quai du Lazaret 13002 MARSEILLE 13002 MARSEILLE,2027-01-23,2027-03-07,,,,,,
Spectacles,ILYES DJADEL,,MARSEILLE,13016,13, 13016 MARSEILLE,2027-01-23,2027-01-23,,,,,,
Concerts,LEVI.SCT,,MARSEILLE,13016,13, 13016 MARSEILLE,2027-01-21,2027-01-21,,,,,,
Danse,Les quatre saisons - ballet,,MARSEILLE,13016,13, 13016 MARSEILLE,2027-01-22,2027-01-22,,,,,,
Concerts,CHARLES DORÉ &amp; CHILOO,,AIX-EN-PROVENCE,13540,13, 13540 AIX-EN-PROVENCE,2027-01-23,2027-01-23,,,,,,
Humour et one (wo)man show,Nawell madani,,MARSEILLE,13016,13, 13016 MARSEILLE,2027-01-22,2027-01-22,,,,,,
Concerts,KID FRANCESCOLI + WOODY,,AIX-EN-PROVENCE,13540,13, 13540 AIX-EN-PROVENCE,2027-01-28,2027-01-28,,,,,,
Humour et one (wo)man show,Edgar-yves jr,,MARSEILLE,13016,13, 13016 MARSEILLE,2027-01-28,2027-01-28,,,,,,
Spectacles,PAUL DE SAINT SERNIN,,MARSEILLE,13016,13, 13016 MARSEILLE,2027-01-23,2027-01-23,,,,,,
Humour et one (wo)man show,Sofia belabbes,,MARSEILLE,13016,13, 13016 MARSEILLE,2027-01-30,2027-01-30,,,,,,
Spectacle et comedie musicale,Mathieu stepson,,CHATEAURENARD,13160,13, 13160 CHATEAURENARD,2027-01-29,2027-01-29,,,,,,
Humour et one (wo)man show,Moguiz,,MARSEILLE,13016,13, 13016 MARSEILLE,2027-01-30,2027-01-30,,,,,,
Concerts,SUZANE,,AIX-EN-PROVENCE,13540,13, 13540 AIX-EN-PROVENCE,2027-01-30,2027-01-30,,,,,,
Humour et one (wo)man show,Remi boyes,,BEAURECUEIL,13100,13, 13100 BEAURECUEIL,2027-01-29,2027-01-29,,,,,,
Concerts,So floyd – the pink floyd show,,MARSEILLE,13016,13, 13016 MARSEILLE,2027-01-30,2027-01-30,,,,,,
Concerts,SO FLOYD,,MARSEILLE,13016,13, 13016 MARSEILLE,2027-01-30,2027-01-30,,,,,,
Humour et one (wo)man show,Az,,MARSEILLE,13016,13, 13016 MARSEILLE,2027-01-31,2027-01-31,,,,,,
Spectacles,SOFIA BELABBES,,MARSEILLE,13016,13, 13016 MARSEILLE,2027-01-30,2027-01-30,,,,,,
Théatres,Le barbier de seville,,CHATEAURENARD,13160,13, 13160 CHATEAURENARD,2027-01-30,2027-01-30,,,,,,
Concerts,JEREMY HABABOU,,MARSEILLE,13016,13, 13016 MARSEILLE,2027-01-31,2027-01-31,,,,,,
Théatres,Denise jardiniere vous invite chez elle,,CABRIES,13480,13, 13480 CABRIES,2027-01-31,2027-01-31,,,,,,
Concerts,Jeremy hababou,,MARSEILLE,13016,13, 13016 MARSEILLE,2027-01-31,2027-01-31,,,,,,
Fêtes locales,Pastrage,"Pastrage Eglise, place de l'église. 13097 Saint-Martin-de-Crau",SAINT-MARTIN-DE-CRAU,13097,13,"Pastrage Eglise, place de l'église. 13097 Saint-Martin-de-Crau 13097 SAINT-MARTIN-DE-CRAU",2027-01-31,2027-01-31,,,,,,
Spectacles,BLANDINE LEHOUT,,AIX-EN-PROVENCE,13540,13, 13540 AIX-EN-PROVENCE,2027-02-03,2027-02-03,,,,,,
Concerts,Rfm party 80,,MARSEILLE,13016,13, 13016 MARSEILLE,2027-02-03,2027-02-03,,,,,,
Humour et one (wo)man show,Tom baldetti,,MARSEILLE,13016,13, 13016 MARSEILLE,2027-02-03,2027-02-03,,,,,,
Spectacles,LES ETOILES DU CIRQUE DE PEKIN - ODYSSEE,,MARSEILLE,13016,13, 13016 MARSEILLE,2027-02-04,2027-02-04,,,,,,
Carnavals,Carnaval de Pélissanne,Place Roux de Brignoles,PELISSANNE,13330,13,Place Roux de Brignoles 13330 PELISSANNE,2027-02-06,2027-02-06,,,,,,
Spectacles,PASION DE BUENA VISTA,,AIX-EN-PROVENCE,13540,13, 13540 AIX-EN-PROVENCE,2027-02-07,2027-02-07,,,,,,
Concerts,FOREVER,,MARSEILLE,13016,13, 13016 MARSEILLE,2027-02-06,2027-02-06,,,,,,
Concerts,Forever - tribute to michael jackson,,MARSEILLE,13016,13, 13016 MARSEILLE,2027-02-06,2027-02-06,,,,,,
Jeux-sports,Meeting Athlétisme Miramas,boulevard de l'Olympie,MIRAMAS,13140,13,boulevard de l'Olympie 13140 MIRAMAS,2027-02-05,2027-02-05,,,,,,
Cirques,Les etoiles du cirque de pekin - odyssee,,MARSEILLE,13016,13, 13016 MARSEILLE,2027-02-04,2027-02-04,,,,,,
Humour et one (wo)man show,Leandre,,BEAURECUEIL,13100,13, 13100 BEAURECUEIL,2027-02-04,2027-02-04,,,,,,
Concerts,BÉNABAR,,AIX-EN-PROVENCE,13540,13, 13540 AIX-EN-PROVENCE,2027-02-05,2027-02-05,,,,,,
Concerts,LIO,,AIX-EN-PROVENCE,13540,13, 13540 AIX-EN-PROVENCE,2027-02-07,2027-02-07,,,,,,
Théatres,Mon brel prefere,,BEAURECUEIL,13100,13, 13100 BEAURECUEIL,2027-02-07,2027-02-07,,,,,,
Annonces cyclistes et cyclosportives,Epreuve VTT La Ronde des Costes,Pélissanne,PELISSANNE,13330,13,Pélissanne 13330 PELISSANNE,2027-02-07,2027-02-07,,,,,,
Humour et one (wo)man show,Le paname comedy club,,MARSEILLE,13016,13, 13016 MARSEILLE,2027-02-09,2027-02-09,,,,,,
Concerts,The wall,,MARSEILLE,13016,13, 13016 MARSEILLE,2027-02-09,2027-02-09,,,,,,
Concerts,GAROU,,AIX-EN-PROVENCE,13540,13, 13540 AIX-EN-PROVENCE,2027-02-10,2027-02-10,,,,,,
Spectacles,LE PANAME COMEDY CLUB,,MARSEILLE,13016,13, 13016 MARSEILLE,2027-02-09,2027-02-09,,,,,,
Spectacles,Le Seigneur des Anneaux &amp; Le Hobbit,,MARSEILLE,13016,13, 13016 MARSEILLE,2027-02-10,2027-02-10,,,,,,
Théatres,Les fo'plafonds,,MARSEILLE,13016,13, 13016 MARSEILLE,2027-02-10,2027-02-10,,,,,,
Concerts,Le seigneur des anneaux & le hobbit,,MARSEILLE,13016,13, 13016 MARSEILLE,2027-02-10,2027-02-10,,,,,,
Concerts,The magical music of harry potter,,MARSEILLE,13016,13, 13016 MARSEILLE,2027-02-10,2027-02-10,,,,,,
Concerts,LES FO'PLAFONDS,,MARSEILLE,13016,13, 13016 MARSEILLE,2027-02-10,2027-02-10,,,,,,
Foires,Foire agricole de la Saint-Valentin,Foirail Saint-Martin-de-Crau - 13310,SAINT-MARTIN-DE-CRAU,13310,13,Foirail Saint-Martin-de-Crau - 13310 13310 SAINT-MARTIN-DE-CRAU,2027-02-10,2027-02-10,,,,,,
Humour et one (wo)man show,Jean-benoit diallo,,BEAURECUEIL,13100,13, 13100 BEAURECUEIL,2027-02-12,2027-02-12,,,,,,
Salons,"Salon de la maquette, du modélisme",11 rue Pitrat -quartier de la gare,SAINT-MARTIN-DE-CRAU,13310,13,11 rue Pitrat -quartier de la gare 13310 SAINT-MARTIN-DE-CRAU,2027-02-13,2027-02-13,,,,,,
Humour et one (wo)man show,Elisabeth buffet,,BEAURECUEIL,13100,13, 13100 BEAURECUEIL,2027-02-13,2027-02-13,,,,,,
Humour et one (wo)man show,Guillaume guisset,,BEAURECUEIL,13100,13, 13100 BEAURECUEIL,2027-02-11,2027-02-11,,,,,,
Spectacles,49.3 NUANCES DE RIRE,,AIX-EN-PROVENCE,13540,13, 13540 AIX-EN-PROVENCE,2027-02-14,2027-02-14,,,,,,
Concerts,Please,,MARSEILLE,13016,13, 13016 MARSEILLE,2027-02-13,2027-02-13,,,,,,
Concerts,PLEASE,,MARSEILLE,13016,13, 13016 MARSEILLE,2027-02-13,2027-02-13,,,,,,
Spectacles,PABLO MIRA,,AIX-EN-PROVENCE,13540,13, 13540 AIX-EN-PROVENCE,2027-02-11,2027-02-11,,,,,,
Humour et one (wo)man show,Greg duth,,MARSEILLE,13016,13, 13016 MARSEILLE,2027-02-14,2027-02-14,,,,,,
Concerts,MAGIC SYSTEM,,MARSEILLE,13016,13, 13016 MARSEILLE,2027-02-14,2027-02-14,,,,,,
Concerts,JAZZY BAZZ,,MARSEILLE,13016,13, 13016 MARSEILLE,2027-02-18,2027-02-18,,,,,,
Spectacles,REDOUANE BOUGHERABA,,MARSEILLE,13016,13, 13016 MARSEILLE,2027-02-17,2027-02-17,,,,,,
Spectacles,ROLAND MAGDANE,,MARSEILLE,13016,13, 13016 MARSEILLE,2027-02-14,2027-02-14,,,,,,
Humour et one (wo)man show,Roland magdane,,MARSEILLE,13016,13, 13016 MARSEILLE,2027-02-14,2027-02-14,,,,,,
Humour et one (wo)man show,Veronic dicaire,,MARSEILLE,13016,13, 13016 MARSEILLE,2027-02-19,2027-02-19,,,,,,
Concerts,Lewis OfMan + 1ère partie,,MARSEILLE,13016,13, 13016 MARSEILLE,2027-02-18,2027-02-18,,,,,,
Concerts,Jazzy bazz,,MARSEILLE,13016,13, 13016 MARSEILLE,2027-02-18,2027-02-18,,,,,,
Humour et one (wo)man show,Redouane bougheraba,,MARSEILLE,13016,13, 13016 MARSEILLE,2027-02-17,2027-02-17,,,,,,
Concerts,JEANJASS,,AIX-EN-PROVENCE,13540,13, 13540 AIX-EN-PROVENCE,2027-02-20,2027-02-20,,,,,,
Spectacles,VÉRONIC DICAIRE,,MARSEILLE,13016,13, 13016 MARSEILLE,2027-02-19,2027-02-19,,,,,,
Théatres,La lettre,,MARSEILLE,13016,13, 13016 MARSEILLE,2027-02-19,2027-02-19,,,,,,
Spectacles,KEVIN LEVY,,MARSEILLE,13016,13, 13016 MARSEILLE,2027-02-20,2027-02-20,,,,,,
Spectacles,AKIM OMIRI,,MARSEILLE,13016,13, 13016 MARSEILLE,2027-02-25,2027-02-25,,,,,,
Humour et one (wo)man show,Marine leonardi,,MARSEILLE,13016,13, 13016 MARSEILLE,2027-02-20,2027-02-20,,,,,,
Humour et one (wo)man show,Kevin levy,,MARSEILLE,13016,13, 13016 MARSEILLE,2027-02-20,2027-02-20,,,,,,
Fêtes locales,Les Oursinades,Sur le port,CARRY-LE-ROUET,13620,13,Sur le port 13620 CARRY-LE-ROUET,2027-02-21,2027-02-21,,,,,,
Humour et one (wo)man show,Akim omiri,,MARSEILLE,13016,13, 13016 MARSEILLE,2027-02-25,2027-02-25,,,,,,
Concerts,NOE PRESZOW,,AIX-EN-PROVENCE,13540,13, 13540 AIX-EN-PROVENCE,2027-02-26,2027-02-26,,,,,,
Humour et one (wo)man show,Dany boon,,MARSEILLE,13016,13, 13016 MARSEILLE,2027-02-26,2027-02-26,,,,,,
Spectacles,DANY BOON,,MARSEILLE,13016,13, 13016 MARSEILLE,2027-02-26,2027-02-26,,,,,,
Concerts,HATIK,,AIX-EN-PROVENCE,13540,13, 13540 AIX-EN-PROVENCE,2027-02-26,2027-02-26,,,,,,
"Randonnées, Trail ou Running",Critérium des calanques,"Départ de la calanque de Port Miou, Luminy et du centre aéré Pastré 13008 Marseille 8e Arrondissement",MARSEILLE,13008,13,"Départ de la calanque de Port Miou, Luminy et du centre aéré Pastré 13008 Marseille 8e Arrondissement 13008 MARSEILLE",2027-02-28,2027-02-28,,,,,,
Théatres,Le colis,,BEAURECUEIL,13100,13, 13100 BEAURECUEIL,2027-03-03,2027-03-03,,,,,,
Concerts,THYLACINE,,MARSEILLE,13016,13, 13016 MARSEILLE,2027-03-04,2027-03-04,,,,,,
Spectacles,PABLO MIRA,,MARSEILLE,13016,13, 13016 MARSEILLE,2027-03-05,2027-03-05,,,,,,
Humour et one (wo)man show,Pablo mira,,MARSEILLE,13016,13, 13016 MARSEILLE,2027-03-05,2027-03-05,,,,,,
Carnavals,carnaval à ÉGUILLES,"Troc N Roll 150 Rue Corindon, ZI les Jalassières 13510 Éguilles",EGUILLES,13510,13,"Troc N Roll 150 Rue Corindon, ZI les Jalassières 13510 Éguilles 13510 EGUILLES",2027-03-06,2027-03-06,,,,,,
Spectacle et comedie musicale,Prestation mask singer,,MARSEILLE,13016,13, 13016 MARSEILLE,2027-03-07,2027-03-07,,,,,,
Spectacles,TRISTAN LOPIN,,MARSEILLE,13016,13, 13016 MARSEILLE,2027-03-11,2027-03-11,,,,,,
Spectacles,DON QUICHOTTE,,MARSEILLE,13016,13, 13016 MARSEILLE,2027-03-10,2027-03-10,,,,,,
Vide-greniers,vide-grenier ATTELAGE EYRAGUAIS,Centre ville Eyragues - 13630,EYRAGUES,13630,13,Centre ville Eyragues - 13630 13630 EYRAGUES,2027-03-07,2027-03-07,,,,,,
Spectacle et comedie musicale,Mask singer,,MARSEILLE,13016,13, 13016 MARSEILLE,2027-03-07,2027-03-07,,,,,,
Concerts,SKIP THE USE,,AIX-EN-PROVENCE,13540,13, 13540 AIX-EN-PROVENCE,2027-03-11,2027-03-11,,,,,,
Spectacles,MASK SINGER,,MARSEILLE,13016,13, 13016 MARSEILLE,2027-03-07,2027-03-07,,,,,,
Danse,Don quichotte pietragalla derouault,,MARSEILLE,13016,13, 13016 MARSEILLE,2027-03-10,2027-03-10,,,,,,
Humour et one (wo)man show,Tristan lopin,,MARSEILLE,13016,13, 13016 MARSEILLE,2027-03-11,2027-03-11,,,,,,
Foires,foire aux chevaux,champ de foire Fontvieille - 13990,FONTVIEILLE,13990,13,champ de foire Fontvieille - 13990 13990 FONTVIEILLE,2027-03-14,2027-03-14,,,,,,
Humour et one (wo)man show,Thomas marty,,MARSEILLE,13016,13, 13016 MARSEILLE,2027-03-14,2027-03-14,,,,,,
Concerts,THE WORLD OF QUEEN,,MARSEILLE,13016,13, 13016 MARSEILLE,2027-03-12,2027-03-12,,,,,,
Concerts,The world of queen,,MARSEILLE,13016,13, 13016 MARSEILLE,2027-03-12,2027-03-12,,,,,,
Concerts,MARGUERITE,,MARSEILLE,13016,13, 13016 MARSEILLE,2027-03-16,2027-03-16,,,,,,
Humour et one (wo)man show,Fabrice eboue,,MARSEILLE,13016,13, 13016 MARSEILLE,2027-03-18,2027-03-18,,,,,,
Concerts,The u2 experience,,MARSEILLE,13016,13, 13016 MARSEILLE,2027-03-17,2027-03-17,,,,,,
Spectacle et comedie musicale,Abba gold the concert show,,MARSEILLE,13016,13, 13016 MARSEILLE,2027-03-18,2027-03-18,,,,,,
Spectacles,RODRIGUE,,MARSEILLE,13016,13, 13016 MARSEILLE,2027-03-19,2027-03-19,,,,,,
Spectacles,NAIM - CHAPITRE 3,,MARSEILLE,13016,13, 13016 MARSEILLE,2027-03-20,2027-03-20,,,,,,
Spectacle et comedie musicale,Celtic legends,,MARSEILLE,13016,13, 13016 MARSEILLE,2027-03-21,2027-03-21,,,,,,
Concerts,ADELE CASTILLON,,MARSEILLE,13016,13, 13016 MARSEILLE,2027-03-19,2027-03-19,,,,,,
Humour et one (wo)man show,Rodrigue,,MARSEILLE,13016,13, 13016 MARSEILLE,2027-03-19,2027-03-19,,,,,,
Spectacles,OLIVIER DE BENOIST,,MARSEILLE,13016,13, 13016 MARSEILLE,2027-03-23,2027-03-23,,,,,,
Foires,La foire aux plantes,boulevard des Lices Arles - 13104,ARLES,13104,13,boulevard des Lices Arles - 13104 13104 ARLES,2027-03-21,2027-03-21,,,,,,
Spectacles,CELTIC LEGENDS,,MARSEILLE,13016,13, 13016 MARSEILLE,2027-03-21,2027-03-21,,,,,,
Concerts,CLUB INDÉ - TRAMHAUS + LA FLEMME,,AIX-EN-PROVENCE,13540,13, 13540 AIX-EN-PROVENCE,2027-03-23,2027-03-23,,,,,,
Concerts,GOLDMAN,,AIX-EN-PROVENCE,13540,13, 13540 AIX-EN-PROVENCE,2027-03-25,2027-03-25,,,,,,
Spectacle et comedie musicale,Messmer - 13hz,,MARSEILLE,13016,13, 13016 MARSEILLE,2027-03-25,2027-03-25,,,,,,
Spectacles,MESSMER - 13Hz,,MARSEILLE,13016,13, 13016 MARSEILLE,2027-03-25,2027-03-25,,,,,,
Concerts,Benabar,,CHATEAURENARD,13160,13, 13160 CHATEAURENARD,2027-03-28,2027-03-28,,,,,,
Carnavals,Carnaval de Martigues défilés dans les quartiers,13500 Martigues,MARTIGUES,13500,13,13500 Martigues 13500 MARTIGUES,2027-03-27,2027-03-27,,,,,,
Concerts,HOOVERPHONIC,,AIX-EN-PROVENCE,13540,13, 13540 AIX-EN-PROVENCE,2027-03-26,2027-03-26,,,,,,
Concerts,THEA,,MARSEILLE,13016,13, 13016 MARSEILLE,2027-03-26,2027-03-26,,,,,,
Spectacles,VICTORIA DAUBERVILLE,,MARSEILLE,13016,13, 13016 MARSEILLE,2027-03-27,2027-03-27,,,,,,
Concerts,PONY PONY RUN RUN,,AIX-EN-PROVENCE,13540,13, 13540 AIX-EN-PROVENCE,2027-03-27,2027-03-27,,,,,,
Fêtes locales,FÉRIA DE PAQUES,Ville Arles - 13104,ARLES,13104,13,Ville Arles - 13104 13104 ARLES,2027-03-28,2027-03-28,,,,,,
Fêtes locales,Fête du cheval et bénédiction des chevaux,Fête du cheval et bénédiction des chevaux Eglise de Calas / Chapelle Notre Dame de la Salette Cabriès,CABRIES,13480,13,Fête du cheval et bénédiction des chevaux Eglise de Calas / Chapelle Notre Dame de la Salette Cabriès 13480 CABRIES,2027-03-28,2027-03-28,,,,,,
Messes,Bénédiction des chevaux,Place du 24 avril 1915,CABRIES,13480,13,Place du 24 avril 1915 13480 CABRIES,2027-03-29,2027-03-29,,,,,,
Fêtes locales,La Muleta,,FONTVIEILLE,13990,13, 13990 FONTVIEILLE,2027-03-29,2027-03-29,,,,,,
Concerts,CAMILLE,,MARSEILLE,13016,13, 13016 MARSEILLE,2027-04-02,2027-04-02,,,,,,
Concerts,L2B,,MARSEILLE,13016,13, 13016 MARSEILLE,2027-04-03,2027-04-03,,,,,,
Théatres,Madagascar une aventure musicale,,MARSEILLE,13016,13, 13016 MARSEILLE,2027-04-03,2027-04-03,,,,,,
Festivals,Camille,,MARSEILLE,13016,13, 13016 MARSEILLE,2027-04-02,2027-04-02,,,,,,
Spectacles,MADAGASCAR,,MARSEILLE,13016,13, 13016 MARSEILLE,2027-04-03,2027-04-03,,,,,,
Concerts,FRENCH 79,,MARSEILLE,13016,13, 13016 MARSEILLE,2027-04-03,2027-04-03,,,,,,
Théatres,MICHÈLE LAROQUE ET KAD MERAD,,MARSEILLE,13016,13, 13016 MARSEILLE,2027-04-02,2027-04-02,,,,,,
Concerts,L2b,,MARSEILLE,13016,13, 13016 MARSEILLE,2027-04-03,2027-04-03,,,,,,
Spectacles,YANN GUILLARME,,AIX-EN-PROVENCE,13540,13, 13540 AIX-EN-PROVENCE,2027-04-03,2027-04-03,,,,,,
Foires,Foire aux Chevaux et Bestiaux,Cours du 4 Septembre et parking de l’Espace Plumier Auriol - 13390,AURIOL,13390,13,Cours du 4 Septembre et parking de l’Espace Plumier Auriol - 13390 13390 AURIOL,2027-04-04,2027-04-04,,,,,,
Sorties Moto,Road And Rock,La Barben chemin de la carraire salle Alain Ruault 13330 pelissanne,PELISSANNE,13330,13,La Barben chemin de la carraire salle Alain Ruault 13330 pelissanne 13330 PELISSANNE,2027-04-03,2027-04-03,,,,,,
Spectacle et comedie musicale,Car/men,,MARSEILLE,13016,13, 13016 MARSEILLE,2027-04-08,2027-04-08,,,,,,
Humour et one (wo)man show,Philippe caveriviere,,MARSEILLE,13016,13, 13016 MARSEILLE,2027-04-10,2027-04-10,,,,,,
Concerts,ASSASSIN,,AIX-EN-PROVENCE,13540,13, 13540 AIX-EN-PROVENCE,2027-04-10,2027-04-10,,,,,,
Vide-greniers,vide greniers,Charleval,CHARLEVAL,13350,13,Charleval 13350 CHARLEVAL,2027-04-04,2027-04-04,,,,,,
Spectacles,CAR/MEN,,MARSEILLE,13016,13, 13016 MARSEILLE,2027-04-08,2027-04-08,,,,,,
Fêtes locales,Fête de la Chèvre,"Centre village, Boulevard des Ecoles, Place du Monument aux Morts 13840 Rognes",ROGNES,13840,13,"Centre village, Boulevard des Ecoles, Place du Monument aux Morts 13840 Rognes 13840 ROGNES",2027-04-04,2027-04-04,,,,,,
Spectacles,PHILIPPE CAVERIVIERE,,MARSEILLE,13016,13, 13016 MARSEILLE,2027-04-10,2027-04-10,,,,,,
Concerts,THE MUSE EXPERIENCE,,MARSEILLE,13016,13, 13016 MARSEILLE,2027-04-15,2027-04-15,,,,,,
Spectacles,SHEN YUN,,AIX-EN-PROVENCE,13540,13, 13540 AIX-EN-PROVENCE,2027-04-14,2027-04-14,,,,,,
Concerts,MEUTE,,AIX-EN-PROVENCE,13540,13, 13540 AIX-EN-PROVENCE,2027-04-16,2027-04-16,,,,,,
Concerts,ORANGE BLOSSOM,,MARSEILLE,13016,13, 13016 MARSEILLE,2027-04-14,2027-04-14,,,,,,
Théatres,Le schpountz,,CHATEAURENARD,13160,13, 13160 CHATEAURENARD,2027-04-11,2027-04-11,,,,,,
Foires,Floralies,Parc du Château,SAINT-ANDIOL,13670,13,Parc du Château 13670 SAINT-ANDIOL,2027-04-11,2027-04-11,,,,,,
Spectacle et comedie musicale,Flashdance - the musical,,MARSEILLE,13016,13, 13016 MARSEILLE,2027-04-11,2027-04-11,,,,,,
Humour et one (wo)man show,Remi boyes,,MARSEILLE,13016,13, 13016 MARSEILLE,2027-04-17,2027-04-17,,,,,,
Spectacles,REMI BOYES,,MARSEILLE,13016,13, 13016 MARSEILLE,2027-04-17,2027-04-17,,,,,,
Concerts,ULTRA VOMIT,,VELAUX,13880,13, 13880 VELAUX,2027-04-23,2027-04-23,,,,,,
Fêtes médiévales,Foire du Roi René Animations et Marché médiéval,Peyrolles-en-Provence,PEYROLLES-EN-PROVENCE,13860,13,Peyrolles-en-Provence 13860 PEYROLLES-EN-PROVENCE,2027-04-17,2027-04-17,,,,,,
Spectacles,ILYES DJADEL,,AIX-EN-PROVENCE,13540,13, 13540 AIX-EN-PROVENCE,2027-04-28,2027-04-28,,,,,,
Humour et one (wo)man show,Jean-benoit diallo,,MARSEILLE,13016,13, 13016 MARSEILLE,2027-04-21,2027-04-21,,,,,,
Carnavals,Carnaval,13800 Istres,ISTRES,13800,13,13800 Istres 13800 ISTRES,2027-04-25,2027-04-25,,,,,,
Humour et one (wo)man show,Pierre thevenoux,,MARSEILLE,13016,13, 13016 MARSEILLE,2027-04-28,2027-04-28,,,,,,
Spectacles,JEAN-BENOIT DIALLO,,MARSEILLE,13016,13, 13016 MARSEILLE,2027-04-21,2027-04-21,,,,,,
Spectacles,PIERRE EMMANUEL BARRE &amp; AYMERIC LOMPRET,,MARSEILLE,13016,13, 13016 MARSEILLE,2027-04-28,2027-04-28,,,,,,
Concerts,TAYC,,MARSEILLE,13016,13, 13016 MARSEILLE,2027-04-28,2027-04-28,,,,,,
Concerts,GOLDMEN - CONCERT 100% GOLDMAN,,AIX-EN-PROVENCE,13540,13, 13540 AIX-EN-PROVENCE,2027-04-25,2027-04-25,,,,,,
Humour et one (wo)man show,Arthur gomez,,BEAURECUEIL,13100,13, 13100 BEAURECUEIL,2027-04-29,2027-04-29,,,,,,
Spectacles,NOELLE PERNA,,AIX-EN-PROVENCE,13540,13, 13540 AIX-EN-PROVENCE,2027-04-29,2027-04-29,,,,,,
Spectacles,ANA GODEFROY,,AIX-EN-PROVENCE,13540,13, 13540 AIX-EN-PROVENCE,2027-04-30,2027-04-30,,,,,,
Fêtes locales,Fête des Gardians,arles,ARLES,13280,13,arles 13280 ARLES,2027-05-01,2027-05-01,,,,,,
Vide-greniers,Vide-greniers et marché aux puces,,CHATEAUNEUF-LES-MARTIGUES,13220,13, 13220 CHATEAUNEUF-LES-MARTIGUES,2027-05-01,2027-05-01,,,,,,
Vide-greniers,Cadolive Vide grenier annuel 1ER mai,village,CADOLIVE,13950,13,village 13950 CADOLIVE,,,,,,,,
Vide-greniers,Vide-greniers et marché aux puces,,MALLEMORT,13370,13, 13370 MALLEMORT,2027-05-01,2027-05-01,,,,,,
Vide-greniers,Vide-greniers et marché aux puces,,PEYROLLES-EN-PROVENCE,13860,13, 13860 PEYROLLES-EN-PROVENCE,2027-05-01,2027-05-01,,,,,,
Fêtes locales,Fête de l'Ane et des animaux de la Ferme,Village Roquevaire - 13360,ROQUEVAIRE,13360,13,Village Roquevaire - 13360 13360 ROQUEVAIRE,2027-05-01,2027-05-01,,,,,,
Vide-greniers,Vide-greniers et marché aux puces,,ROQUEVAIRE,13360,13, 13360 ROQUEVAIRE,2027-05-01,2027-05-01,,,,,,
Marchés de Producteurs,Marché de producteurs et artisans locaux à la Manade Caillan,Marché de producteurs et artisans locaux à la Manade Caillan Route de la Massane D27 Manade Caillan 13100 Saint-Rémy-de-Provence,SAINT-REMY-DE-PROVENCE,13100,13,Marché de producteurs et artisans locaux à la Manade Caillan Route de la Massane D27 Manade Caillan 13100 Saint-Rémy-de-Provence 13100 SAINT-REMY-DE-PROVENCE,2027-05-01,2027-05-01,,,,,,
Vide-greniers,"Foire aux Chevaux, Brocante et Foire aux Croutes",Place du Général de Gaulle et parking d'Intermarché,SAINT-REMY-DE-PROVENCE,13210,13,Place du Général de Gaulle et parking d'Intermarché 13210 SAINT-REMY-DE-PROVENCE,2027-05-01,2027-05-01,,,,,,
Vide-greniers,Vide-greniers et marché aux puces,,GRANS,13450,13, 13450 GRANS,2027-05-01,2027-05-01,,,,,,
Marchés de Producteurs,MARCHÉ AUX FLEURS,Port-vieux de La Ciotat,LA CIOTAT,13600,13,Port-vieux de La Ciotat 13600 LA CIOTAT,2027-05-08,2027-05-08,,,,,,
Vide-greniers,Vide-greniers et marché aux puces,,SAINT-REMY-DE-PROVENCE,13210,13, 13210 SAINT-REMY-DE-PROVENCE,2027-05-01,2027-05-01,,,,,,
Concerts,Les Hommes viennent de Mars et les Femmes de Vénus,,AIX-EN-PROVENCE,13540,13, 13540 AIX-EN-PROVENCE,2027-05-05,2027-05-05,,,,,,
Foires,les rusticales,1845 hameau de beaudinard,AUBAGNE,13400,13,1845 hameau de beaudinard 13400 AUBAGNE,2027-05-08,2027-05-08,,,,,,
"Randonnées, Trail ou Running",Trail des Eaux Vives,Domaine Départmental de la Barasse 13011 13011 Marseille 11e Arrondissement,MARSEILLE,13011,13,Domaine Départmental de la Barasse 13011 13011 Marseille 11e Arrondissement 13011 MARSEILLE,2027-05-08,2027-05-08,,,,,,
Fêtes médiévales,Lou Mirabeou,Les Pennes-Mirabeau,LES PENNES-MIRABEAU,13170,13,Les Pennes-Mirabeau 13170 LES PENNES-MIRABEAU,2027-05-16,2027-05-16,,,,,,
Fêtes locales,Fête de la grenouille &#128056;,13850 Gréasque,GREASQUE,13850,13,13850 Gréasque 13850 GREASQUE,2027-05-14,2027-05-14,,,,,,
Fêtes locales,Fête du Jacquemard,centre ville Lambesc - 13410,LAMBESC,13410,13,centre ville Lambesc - 13410 13410 LAMBESC,2027-05-16,2027-05-16,,,,,,
Vide-greniers,Fetes du Printemps Vide Greniers,rue Léo Lelée,SAINT-MARTIN-DE-CRAU,13310,13,rue Léo Lelée 13310 SAINT-MARTIN-DE-CRAU,2027-05-10,2027-05-10,,,,,,
Fêtes locales,Fete patronale,Le Puy-Sainte-Réparade,LE PUY-SAINTE-REPARADE,13610,13,Le Puy-Sainte-Réparade 13610 LE PUY-SAINTE-REPARADE,2027-05-14,2027-05-14,,,,,,
Fêtes locales,Fête de la Transhumance et Foire de Printemps,Pélissanne,PELISSANNE,13330,13,Pélissanne 13330 PELISSANNE,2027-05-25,2027-05-25,,,,,,
Fêtes locales,Fête de la Crau,centre ancien,FOS-SUR-MER,13270,13,centre ancien 13270 FOS-SUR-MER,2027-05-24,2027-05-24,,,,,,
Messes,Pèlerinage Saintes Maries de la Mer,,SAINTES-MARIES-DE-LA-MER,13460,13, 13460 SAINTES-MARIES-DE-LA-MER,2027-05-25,2027-05-25,,,,,,
Sorties Moto,La bénédiction des motards,Bonne Mère 13000 Marseille,MARSEILLE,13000,13,Bonne Mère 13000 Marseille 13000 MARSEILLE,,,,,,,,
Humour et one (wo)man show,Cedric salaun,,BEAURECUEIL,13100,13, 13100 BEAURECUEIL,2027-05-29,2027-05-29,,,,,,
Fêtes locales,Transhumance - Fête de la Transhumance,"Office de Tourisme de Saint Rémy de Provence, Place Jean Jaurès, 13210 Saint Rémy de Provence",SAINT-REMY-DE-PROVENCE,13210,13,"Office de Tourisme de Saint Rémy de Provence, Place Jean Jaurès, 13210 Saint Rémy de Provence 13210 SAINT-REMY-DE-PROVENCE",2027-05-25,2027-05-25,,,,,,
Humour et one (wo)man show,Marie de brauer,,BEAURECUEIL,13100,13, 13100 BEAURECUEIL,2027-05-27,2027-05-27,,,,,,
Danse,Le lac des cygnes - ballet et orchestre,,MARSEILLE,13016,13, 13016 MARSEILLE,2027-05-28,2027-05-28,,,,,,
Fêtes locales,Fête du jeu de la MJC,Maison de la Jeunesse et de la Culture de Lambesc 6 avenue Léo Lagrange - 13410 Lambesc,LAMBESC,13410,13,Maison de la Jeunesse et de la Culture de Lambesc 6 avenue Léo Lagrange - 13410 Lambesc 13410 LAMBESC,2027-05-30,2027-05-30,,,,,,
Humour et one (wo)man show,Nino arial,,MARSEILLE,13016,13, 13016 MARSEILLE,2027-05-30,2027-05-30,,,,,,
Fêtes médiévales,GRANNUS VILLAGE GAULOIS MARIGNANE,colline Notre dame de pitié,MARIGNANE,13700,13,colline Notre dame de pitié 13700 MARIGNANE,2027-05-30,2027-05-30,,,,,,
Spectacles,FABIEN OLICARD,,AIX-EN-PROVENCE,13540,13, 13540 AIX-EN-PROVENCE,2027-06-01,2027-06-01,,,,,,
Annonces cyclistes et cyclosportives,FÊTE DU VELO,centre-ville Salon-de-Provence - 13300,SALON-DE-PROVENCE,13300,13,centre-ville Salon-de-Provence - 13300 13300 SALON-DE-PROVENCE,2027-06-06,2027-06-06,,,,,,
Salons,salon Vivre Côté Sud,Parc Jourdan - Avenue Anatole France - 13 100 Aix-en-Provence.,AIX-EN-PROVENCE,13540,13,Parc Jourdan - Avenue Anatole France - 13 100 Aix-en-Provence. 13540 AIX-EN-PROVENCE,2027-06-06,2027-06-06,,,,,,
Spectacles,NINO ARIAL,,MARSEILLE,13016,13, 13016 MARSEILLE,2027-05-30,2027-05-30,,,,,,
Fêtes locales,Fête de Saint Antoine,Village Cuges-les-Pins - 13780,CUGES-LES-PINS,13780,13,Village Cuges-les-Pins - 13780 13780 CUGES-LES-PINS,2027-06-13,2027-06-13,,,,,,
Humour et one (wo)man show,Edouard deloignon,,MARSEILLE,13016,13, 13016 MARSEILLE,2027-06-05,2027-06-05,,,,,,
Fêtes locales,Fête des voisins,Village Fos-sur-Mer - 13270,FOS-SUR-MER,13270,13,Village Fos-sur-Mer - 13270 13270 FOS-SUR-MER,2027-06-06,2027-06-06,,,,,,
Spectacles,EDOUARD DELOIGNON,,MARSEILLE,13016,13, 13016 MARSEILLE,2027-06-05,2027-06-05,,,,,,
Spectacles,CHARLIE HAID,,AIX-EN-PROVENCE,13540,13, 13540 AIX-EN-PROVENCE,2027-06-15,2027-06-15,,,,,,
Festivals,Festival Quand les fanfares,centre-ville Salon-de-Provence - 13300,SALON-DE-PROVENCE,13300,13,centre-ville Salon-de-Provence - 13300 13300 SALON-DE-PROVENCE,2027-06-13,2027-06-13,,,,,,
Fêtes médiévales,Salon de Provence fête son histoire,CENTRE-VILLE SALON-DE-PROVENCE,SALON-DE-PROVENCE,13300,13,CENTRE-VILLE SALON-DE-PROVENCE 13300 SALON-DE-PROVENCE,2027-06-27,2027-06-27,,,,,,
Feux d'artifice,Feu de la St Jean,Centre ville Lambesc - 13410,LAMBESC,13410,13,Centre ville Lambesc - 13410 13410 LAMBESC,2027-06-23,2027-06-23,,,,,,
Fêtes locales,SAINT ELOI,centre ville eyragues,EYRAGUES,13630,13,centre ville eyragues 13630 EYRAGUES,2027-06-28,2027-06-28,,,,,,
Jeux-sports,Championnat du monde de soupe au pistou,Championnat du monde de soupe au pistou Place Jourdan en centre ville 13063 Miramas,MIRAMAS,13063,13,Championnat du monde de soupe au pistou Place Jourdan en centre ville 13063 Miramas 13063 MIRAMAS,2027-07-04,2027-07-04,,,,,,
Fêtes locales,Fetes de la Tarasque,13108 Tarascon,TARASCON,13108,13,13108 Tarascon 13108 TARASCON,2027-06-27,2027-06-27,,,,,,
Fêtes locales,La Fête des Gens de Mer,village Port-de-Bouc - 13110,PORT-DE-BOUC,13110,13,village Port-de-Bouc - 13110 13110 PORT-DE-BOUC,2027-06-28,2027-06-28,,,,,,
Fêtes locales,Fete communale,Mallemort,MALLEMORT,13370,13,Mallemort 13370 MALLEMORT,2027-06-28,2027-06-28,,,,,,
Concerts,Gims,,MARSEILLE,13016,13, 13016 MARSEILLE,2027-06-19,2027-06-19,,,,,,
Fêtes locales,FÊTE DE LA SAINT ELOI,Village Auriol - 13390,AURIOL,13390,13,Village Auriol - 13390 13390 AURIOL,2027-07-04,2027-07-04,,,,,,
Fêtes locales,FETES VOTIVES ENTRESSEN,ENTRESSEN place blagaire,ISTRES,13800,13,ENTRESSEN place blagaire 13800 ISTRES,2027-07-04,2027-07-04,,,,,,
Fêtes locales,SAINT ELOI,Centre ville,CHATEAURENARD,13160,13,Centre ville 13160 CHATEAURENARD,2027-07-05,2027-07-05,,,,,,
Fêtes locales,Fete du Grand Vallat,13104 Sausset-les-Pins,SAUSSET-LES-PINS,13104,13,13104 Sausset-les-Pins 13104 SAUSSET-LES-PINS,2027-07-04,2027-07-04,,,,,,
Fêtes locales,LA COCARDE D'OR,Amphithéâtre romain Arles - 13104,ARLES,13104,13,Amphithéâtre romain Arles - 13104 13104 ARLES,2027-07-06,2027-07-06,,,,,,
Feux d'artifice,Feux d'artifice Fête nationale du 14 juillet,Aix-en-Provence,AIX-EN-PROVENCE,13540,13,Aix-en-Provence 13540 AIX-EN-PROVENCE,2027-07-13,2027-07-13,,,,,,
Feux d'artifice,Feux d'artifice Fête nationale du 14 juillet,La Ciotat,LA CIOTAT,13600,13,La Ciotat 13600 LA CIOTAT,2027-07-13,2027-07-13,,,,,,
Feux d'artifice,Feux d'artifice Fête nationale du 14 juillet,Arles,ARLES,13280,13,Arles 13280 ARLES,2027-07-13,2027-07-13,,,,,,
Fêtes locales,La Fête Nationale à Arles,Quais du Rhône et Place de la République 13200 Arles,ARLES,13200,13,Quais du Rhône et Place de la République 13200 Arles 13200 ARLES,2027-07-13,2027-07-13,,,,,,
Feux d'artifice,Feu d'artifice,Feu d'artifice Avenue Maréchal Leclerc D 46 Parking de la gare routière 13040 Fuveau,FUVEAU,13040,13,Feu d'artifice Avenue Maréchal Leclerc D 46 Parking de la gare routière 13040 Fuveau 13040 FUVEAU,2027-07-13,2027-07-13,,,,,,
Bals Danses,Bal de la Fête Nationale,,LAMBESC,13410,13, 13410 LAMBESC,2027-07-13,2027-07-13,,,,,,
Feux d'artifice,Feux d'artifice Fête nationale du 14 juillet,Istres,ISTRES,13800,13,Istres 13800 ISTRES,2027-07-13,2027-07-13,,,,,,
Feux d'artifice,Feux d'artifice Fête nationale du 14 juillet,Marignane,MARIGNANE,13700,13,Marignane 13700 MARIGNANE,2027-07-13,2027-07-13,,,,,,
Feux d'artifice,Feux d'artifice Fête nationale du 14 juillet,Allauch,ALLAUCH,13190,13,Allauch 13190 ALLAUCH,2027-07-14,2027-07-14,,,,,,
Feux d'artifice,Fête 14 juillet,Stade Emmanuel Boyer,AURIOL,13390,13,Stade Emmanuel Boyer 13390 AURIOL,2027-07-14,2027-07-14,,,,,,
Festivals,Feu d'artifice du 14 Juillet,Allauch Village,ALLAUCH,13190,13,Allauch Village 13190 ALLAUCH,2027-07-14,2027-07-14,,,,,,
Bals Danses,Bal du 14 juillet,Alleins,ALLEINS,13980,13,Alleins 13980 ALLEINS,2027-07-14,2027-07-14,,,,,,
Fêtes locales,Fete nationale,"Fête nationale Cours Foch, stade de Lattre de Tassigny 13005 Aubagne",AUBAGNE,13005,13,"Fête nationale Cours Foch, stade de Lattre de Tassigny 13005 Aubagne 13005 AUBAGNE",2027-07-14,2027-07-14,,,,,,
Fêtes locales,La feria du rire,Palais des congrès Avenue de la 1ere division française libre 13200 Arles,ARLES,13200,13,Palais des congrès Avenue de la 1ere division française libre 13200 Arles 13200 ARLES,2027-07-14,2027-07-14,,,,,,
Feux d'artifice,Feux d'artifice Fête nationale du 14 juillet,Aubagne,AUBAGNE,13400,13,Aubagne 13400 AUBAGNE,2027-07-14,2027-07-14,,,,,,
Feux d'artifice,feu d'artifice,Charleval,CHARLEVAL,13350,13,Charleval 13350 CHARLEVAL,2027-07-14,2027-07-14,,,,,,
Bals Danses,Bal du 14 juillet,Aurons,AURONS,13121,13,Aurons 13121 AURONS,2027-07-14,2027-07-14,,,,,,
Bals Danses,Bal du 14 juillet,La Barben,LA BARBEN,13330,13,La Barben 13330 LA BARBEN,2027-07-14,2027-07-14,,,,,,
Fêtes locales,Fête nationale,Centre ville Cours Carnot 13160 Châteaurenard,CHATEAURENARD,13160,13,Centre ville Cours Carnot 13160 Châteaurenard 13160 CHATEAURENARD,2027-07-14,2027-07-14,,,,,,
Feux d'artifice,Fête du 14 juillet,Village Cuges-les-Pins,CUGES-LES-PINS,13780,13,Village Cuges-les-Pins 13780 CUGES-LES-PINS,2027-07-14,2027-07-14,,,,,,
Feux d'artifice,Feux d'artifice Fête nationale du 14 juillet,Gardanne,GARDANNE,13120,13,Gardanne 13120 GARDANNE,2027-07-14,2027-07-14,,,,,,
Fêtes locales,Fete Nationale,Place Gabriel Payeur 13032 Éguilles,EGUILLES,13032,13,Place Gabriel Payeur 13032 Éguilles 13032 EGUILLES,2027-07-14,2027-07-14,,,,,,
Spectacles,NASH,,MARSEILLE,13016,13, 13016 MARSEILLE,2027-11-05,2027-11-05,,,,,,
Feux d'artifice,Feux d'artifice Fête nationale du 14 juillet,Marseille,MARSEILLE,13016,13,Marseille 13016 MARSEILLE,2027-07-14,2027-07-14,,,,,,
Feux d'artifice,Feux d'artifice Fête nationale du 14 juillet,Salon-de-Provence,SALON-DE-PROVENCE,13300,13,Salon-de-Provence 13300 SALON-DE-PROVENCE,2027-07-14,2027-07-14,,,,,,
Feux d'artifice,Feux d'artifice Fête nationale du 14 juillet,Martigues,MARTIGUES,13500,13,Martigues 13500 MARTIGUES,2027-07-14,2027-07-14,,,,,,
Humour et one (wo)man show,Nash,,MARSEILLE,13016,13, 13016 MARSEILLE,2027-11-05,2027-11-05,,,,,,
Fêtes locales,Fete du 14 juillet,13052 Maillane,MAILLANE,13052,13,13052 Maillane 13052 MAILLANE,2027-07-14,2027-07-14,,,,,,
Bals Danses,Bal du 14 juillet,"Rue Jentelin, La Placette",CHATEAURENARD,13160,13,"Rue Jentelin, La Placette 13160 CHATEAURENARD",2027-07-14,2027-07-14,,,,,,
Concerts,VIANNEY,,MARSEILLE,13016,13, 13016 MARSEILLE,2027-10-09,2027-10-09,,,,,,
Humour et one (wo)man show,Arnaud tsamere,,MARSEILLE,13016,13, 13016 MARSEILLE,2027-11-20,2027-11-20,,,,,,
Spectacle et comedie musicale,The rise,,MARSEILLE,13016,13, 13016 MARSEILLE,2027-11-23,2027-11-23,,,,,,
Spectacles,The Rise,,MARSEILLE,13016,13, 13016 MARSEILLE,2027-11-23,2027-11-23,,,,,,
Concerts,GRAND CORPS MALADE,,MARSEILLE,13016,13, 13016 MARSEILLE,2027-12-03,2027-12-03,,,,,,
Spectacles,TRISTAN LOPIN,,AIX-EN-PROVENCE,13540,13, 13540 AIX-EN-PROVENCE,2027-11-27,2027-11-27,,,,,,
Concerts,Grand corps malade,,MARSEILLE,13016,13, 13016 MARSEILLE,2027-12-03,2027-12-03,,,,,,
Concerts,I gotta feeling - saison 3,,MARSEILLE,13016,13, 13016 MARSEILLE,2027-12-09,2027-12-09,,,,,,
Concerts,I GOTTA FEELING - SAISON 3,,MARSEILLE,13016,13, 13016 MARSEILLE,2027-12-09,2027-12-09,,,,,,
Loisirs et tourisme,Site de glanum,,SAINT-REMY-DE-PROVENCE,13210,13, 13210 SAINT-REMY-DE-PROVENCE,2027-12-31,2027-12-31,,,,,,
Parc,Parc animalier de la barben,,LA BARBEN,13330,13, 13330 LA BARBEN,2029-12-31,2029-12-31,,,,,,
Spectacle et comedie musicale,Festival mondial de la magie,,MARSEILLE,13016,13, 13016 MARSEILLE,2027-12-10,2027-12-10,,,,,,
Loisirs et tourisme,Abbaye de montmajour,,ARLES,13280,13, 13280 ARLES,2027-12-31,2027-12-31,,,,,,
Marchés,Marché Hebdomadaire,Place du Marché,BALLEROY,14490,14,Place du Marché 14490 BALLEROY,2026-07-21,2026-07-21,,,,,,
Marchés,Marché Hebdomadaire,Rue des Bayeux,CAEN,14000,14,Rue des Bayeux 14000 CAEN,2026-07-21,2026-07-21,,,,,,
Festivals,Festival des Arts de la rue,,BERNIERES-SUR-MER,14990,14, 14990 BERNIERES-SUR-MER,2026-07-21,2026-07-21,,,,,,
Marchés,Marché Hebdomadaire,,DOZULE,14430,14, 14430 DOZULE,2026-07-21,2026-07-21,,,,,,
Marchés,Marché Hebdomadaire,Place du marché et rue de la Mer,COURSEULLES-SUR-MER,14470,14,Place du marché et rue de la Mer 14470 COURSEULLES-SUR-MER,2026-07-21,2026-07-21,,,,,,
Marchés,Marché Hebdomadaire,"Au bourg, devant la Mairie toute l'année",OUISTREHAM,14150,14,"Au bourg, devant la Mairie toute l'année 14150 OUISTREHAM",2026-07-21,2026-07-21,,,,,,
Marchés,Marché Hebdomadaire,rue Aristide Briand,GRANDCAMP-MAISY,14450,14,rue Aristide Briand 14450 GRANDCAMP-MAISY,2026-07-21,2026-07-21,,,,,,
Marchés,Marché de la Grâce de Dieu,Grace de Dieu,CAEN,14000,14,Grace de Dieu 14000 CAEN,2026-07-21,2026-07-21,,,,,,
Marchés,Marché Hebdomadaire,Halles Place du Marché,BLONVILLE-SUR-MER,14910,14,Halles Place du Marché 14910 BLONVILLE-SUR-MER,2026-07-21,2026-07-21,,,,,,
Messes,Messe mardi,Saint Ursin,EPRON,14610,14,Saint Ursin 14610 EPRON,2026-07-21,2026-07-21,,,,,,
Marchés,Marché Hebdomadaire,,THURY-HARCOURT,14220,14, 14220 THURY-HARCOURT,2026-07-21,2026-07-21,,,,,,
Marchés,Marché Hebdomadaire,Centre commercial Villers 2000,VILLERS-SUR-MER,14640,14,Centre commercial Villers 2000 14640 VILLERS-SUR-MER,2026-07-21,2026-07-21,,,,,,
Marchés,Marché Hebdomadaire,Place du Lavoir,VILLERVILLE,14113,14,Place du Lavoir 14113 VILLERVILLE,2026-07-21,2026-07-21,,,,,,
Marchés,Marché Hebdomadaire,"Place du Colonel Candau, devant la Mairie annexe de Vassy",VASSY,14410,14,"Place du Colonel Candau, devant la Mairie annexe de Vassy 14410 VASSY",2026-07-21,2026-07-21,,,,,,
Marchés,Marché de Venoix,avenue Charlemagne,CAEN,14000,14,avenue Charlemagne 14000 CAEN,2026-07-22,2026-07-22,,,,,,
Marchés,Marché Hebdomadaire,,BONNEBOSQ,14340,14, 14340 BONNEBOSQ,2026-07-22,2026-07-22,,,,,,
Marchés de Producteurs,MARCHÉ DE FRUITS ET LÉGUMES,,BRETTEVILLE-SUR-DIVES,14170,14, 14170 BRETTEVILLE-SUR-DIVES,2026-07-22,2026-07-22,,,,,,
Marchés,Marché Saint-Jean,rue Saint Jean,BAYEUX,14400,14,rue Saint Jean 14400 BAYEUX,2026-07-22,2026-07-22,,,,,,
Marchés,Marché Boulevard Leroy,Boulevard Leroy,CAEN,14000,14,Boulevard Leroy 14000 CAEN,2026-07-22,2026-07-22,,,,,,
Marchés,Marché Hebdomadaire,,BERNIERES-SUR-MER,14990,14, 14990 BERNIERES-SUR-MER,2026-07-22,2026-07-22,,,,,,
Marchés,grand marché,Halle du Marché,CABOURG,14390,14,Halle du Marché 14390 CABOURG,2026-07-22,2026-07-22,,,,,,
Marchés,Marché Hebdomadaire,Halle du Marché,CABOURG,14390,14,Halle du Marché 14390 CABOURG,2026-07-22,2026-07-22,,,,,,
Marchés,Marché du Calvaire Saint-Pierre,rue de la Défense passive,CAEN,14000,14,rue de la Défense passive 14000 CAEN,2026-07-22,2026-07-22,,,,,,
Marchés,Le marché des saveurs,Place Lelièvre Douvres-la-Délivrande - 14440,DOUVRES-LA-DELIVRANDE,14440,14,Place Lelièvre Douvres-la-Délivrande - 14440 14440 DOUVRES-LA-DELIVRANDE,2026-07-22,2026-07-22,,,,,,
Marchés,Marché Hebdomadaire,Place de l'Hotel de Ville,COLOMBELLES,14460,14,Place de l'Hotel de Ville 14460 COLOMBELLES,2026-07-22,2026-07-22,,,,,,
Marchés,Marché Hebdomadaire,,EVRECY,14210,14, 14210 EVRECY,2026-07-22,2026-07-22,,,,,,
Marchés,Marché Hebdomadaire,,CREULLY SUR SEULES,14480,14, 14480 CREULLY SUR SEULES,2026-07-22,2026-07-22,,,,,,
Marchés,Marché Hebdomadaire,halle rue Pierre de Coubertin,GIBERVILLE,14730,14,halle rue Pierre de Coubertin 14730 GIBERVILLE,2026-07-22,2026-07-22,,,,,,
Marchés,Marché Hebdomadaire,parking haute folie,HEROUVILLE-SAINT-CLAIR,14200,14,parking haute folie 14200 HEROUVILLE-SAINT-CLAIR,2026-07-22,2026-07-22,,,,,,
Marchés bio,Marché Bio,Place Sainte-Catherine,HONFLEUR,14600,14,Place Sainte-Catherine 14600 HONFLEUR,2026-07-22,2026-07-22,,,,,,
Marchés,Marché Hebdomadaire,Rue Grande,ORBEC,14290,14,Rue Grande 14290 ORBEC,2026-07-22,2026-07-22,,,,,,
Marchés,Marché Hebdomadaire,,LANDELLES-ET-COUPIGNY,14380,14, 14380 LANDELLES-ET-COUPIGNY,2026-07-22,2026-07-22,,,,,,
Marchés,Marché Hebdomadaire,Place du Marché,ISIGNY-SUR-MER,14230,14,Place du Marché 14230 ISIGNY-SUR-MER,2026-07-22,2026-07-22,,,,,,
Marchés d'été,marché alimentaire,place du pays d'Auge Lisieux,LISIEUX,14100,14,place du pays d'Auge Lisieux 14100 LISIEUX,2026-07-22,2026-07-22,,,,,,
Marchés,Marché Hebdomadaire,,MERY-CORBON,14370,14, 14370 MERY-CORBON,2026-07-22,2026-07-22,,,,,,
Marchés d'été,Marché d'été,Boulevard de la République,LUC-SUR-MER,14530,14,Boulevard de la République 14530 LUC-SUR-MER,2026-07-22,2026-07-22,,,,,,
Marchés nocturnes,Marché Nocturne,Cours des Fossés et Rue de la Ville,HONFLEUR,14600,14,Cours des Fossés et Rue de la Ville 14600 HONFLEUR,2026-07-22,2026-07-22,,,,,,
Marchés,Marché mercredi,place Debussy,IFS,14123,14,place Debussy 14123 IFS,2026-07-22,2026-07-22,,,,,,
Marchés d'été,Marché d'été,Francois Mitterrand,LISIEUX,14100,14,Francois Mitterrand 14100 LISIEUX,2026-07-22,2026-07-22,,,,,,
Marchés,Marché Hebdomadaire,,POTIGNY,14420,14, 14420 POTIGNY,2026-07-22,2026-07-22,,,,,,
Marchés,Marché Hebdomadaire,Bd Fernand Mourceaux,TROUVILLE-SUR-MER,14360,14,Bd Fernand Mourceaux 14360 TROUVILLE-SUR-MER,2026-07-22,2026-07-22,,,,,,
Marchés,jour de marché,Place de la mairie SAINTE-MARGUERITE-DE-VIETTE,SAINTE-MARGUERITE-DE-VIETTE,14140,14,Place de la mairie SAINTE-MARGUERITE-DE-VIETTE 14140 SAINTE-MARGUERITE-DE-VIETTE,2026-07-22,2026-07-22,,,,,,
Marchés,Marché Hebdomadaire,Place Ch de Gaulle et Leclerc,VILLERS-BOCAGE,14310,14,Place Ch de Gaulle et Leclerc 14310 VILLERS-BOCAGE,2026-07-22,2026-07-22,,,,,,
Marchés,Marché Hebdomadaire,,LE BENY-BOCAGE,14350,14, 14350 LE BENY-BOCAGE,2026-07-23,2026-07-23,,,,,,
Marchés de créateurs,Marché du terroir et de l'artisanat,parvis de l’Hôtel de ville,BAYEUX,14400,14,parvis de l’Hôtel de ville 14400 BAYEUX,2026-07-23,2026-07-23,,,,,,
Marchés d'été,Marché estival,,ASNELLES,14960,14, 14960 ASNELLES,2026-07-23,2026-07-23,,,,,,
Marchés,Marché Hebdomadaire,,BRETTEVILLE-SUR-LAIZE,14680,14, 14680 BRETTEVILLE-SUR-LAIZE,2026-07-23,2026-07-23,,,,,,
Marchés,Marché Hebdomadaire,,BLANGY-LE-CHATEAU,14130,14, 14130 BLANGY-LE-CHATEAU,2026-07-23,2026-07-23,,,,,,
Marchés,Marché du Chemin Vert,Chemin Vert,CAEN,14000,14,Chemin Vert 14000 CAEN,2026-07-23,2026-07-23,,,,,,
Marchés,Marché de la Guérinière,"Guérinière, place de la liberté",CAEN,14000,14,"Guérinière, place de la liberté 14000 CAEN",2026-07-23,2026-07-23,,,,,,
Sorties,Caen Soirs d'été,,CAEN,14000,14, 14000 CAEN,2026-07-23,2026-07-23,,,,,,
Marchés,Marché Hebdomadaire,,CAUMONT-L'EVENTE,14240,14, 14240 CAUMONT-L'EVENTE,2026-07-23,2026-07-23,,,,,,
Marchés bio,MARCHE BIO DE DEAUVILLE,Square de l'église Saint-Augustin,DEAUVILLE,14800,14,Square de l'église Saint-Augustin 14800 DEAUVILLE,2026-07-23,2026-07-23,,,,,,
Marchés,Marché Hebdomadaire,,CONDE-SUR-NOIREAU,14110,14, 14110 CONDE-SUR-NOIREAU,2026-07-23,2026-07-23,,,,,,
Marchés de Producteurs,MARCHE DU TERROIR,Halle à poissons,GRANDCAMP-MAISY,14450,14,Halle à poissons 14450 GRANDCAMP-MAISY,2026-07-23,2026-07-23,,,,,,
Marchés,Marché Hebdomadaire,,HOULGATE,14510,14, 14510 HOULGATE,2026-07-23,2026-07-23,,,,,,
Marchés,Marché Hebdomadaire,,LIVAROT,14140,14, 14140 LIVAROT,2026-07-23,2026-07-23,,,,,,
Concerts,Les nuits musicales,place du Petit Enfer,LUC-SUR-MER,14530,14,place du Petit Enfer 14530 LUC-SUR-MER,2026-07-23,2026-07-23,,,,,,
Marchés,Marché Hebdomadaire,,LE MOLAY-LITTRY,14330,14, 14330 LE MOLAY-LITTRY,2026-07-23,2026-07-23,,,,,,
Marchés nocturnes,Marché Nocturne,Parc Pillier,SAINT-AUBIN-SUR-MER,14750,14,Parc Pillier 14750 SAINT-AUBIN-SUR-MER,2026-07-23,2026-07-23,,,,,,
Marchés,Marché Hebdomadaire,,LA RIVIERE-SAINT-SAUVEUR,14600,14, 14600 LA RIVIERE-SAINT-SAUVEUR,2026-07-23,2026-07-23,,,,,,
Marchés,Marché Hebdomadaire,devant l'église et rue du Dr OPOIS,LION-SUR-MER,14780,14,devant l'église et rue du Dr OPOIS 14780 LION-SUR-MER,2026-07-23,2026-07-23,,,,,,
"Randonnées, Trail ou Running",Balades du jeudi,,PONT-L'EVEQUE,14130,14, 14130 PONT-L'EVEQUE,2026-07-23,2026-07-23,,,,,,
Marchés,Marché Hebdomadaire,,MONDEVILLE,14120,14, 14120 MONDEVILLE,2026-07-23,2026-07-23,,,,,,
Marchés,Marché jeudi,Place de la Gare,SAINT-AUBIN-SUR-MER,14750,14,Place de la Gare 14750 SAINT-AUBIN-SUR-MER,2026-07-23,2026-07-23,,,,,,
Marchés,Marché Hebdomadaire,,MERVILLE-FRANCEVILLE-PLAGE,14810,14, 14810 MERVILLE-FRANCEVILLE-PLAGE,2026-07-23,2026-07-23,,,,,,
Marchés,TOUQUES Marché Hebdomadaire,place Lemercier,TOUQUES,14800,14,place Lemercier 14800 TOUQUES,2026-07-23,2026-07-23,,,,,,
Marchés,Marché Hebdomadaire,Allée de l'Amitié,VERSON,14790,14,Allée de l'Amitié 14790 VERSON,2026-07-23,2026-07-23,,,,,,
Marchés de Producteurs,Marché des producteurs,place du presbytère Bonnebosq - 14340,BONNEBOSQ,14340,14,place du presbytère Bonnebosq - 14340 14340 BONNEBOSQ,2026-07-24,2026-07-24,,,,,,
Bals Danses,CLUB DE NUIT Le Gatsby Club,Le Gatsby Club 7 Jardin du Casino 14390 Cabourg,CABOURG,14390,14,Le Gatsby Club 7 Jardin du Casino 14390 Cabourg 14390 CABOURG,2026-07-24,2026-07-24,,,,,,
Marchés,Marché Hebdomadaire,,BLAINVILLE-SUR-ORNE,14550,14, 14550 BLAINVILLE-SUR-ORNE,2026-07-24,2026-07-24,,,,,,
Festivals,Festival de Musique,,BERNIERES-SUR-MER,14990,14, 14990 BERNIERES-SUR-MER,2026-07-24,2026-07-24,,,,,,
Marchés,Marché St Sauveur,Place Saint-Sauveur,CAEN,14000,14,Place Saint-Sauveur 14000 CAEN,2026-07-24,2026-07-24,,,,,,
Marchés nocturnes,Marchés nocturnes,,COLOMBIERS-SUR-SEULLES,14480,14, 14480 COLOMBIERS-SUR-SEULLES,2026-07-24,2026-07-24,,,,,,
Marchés,Marché vendredi,place des Jonquilles,IFS,14123,14,place des Jonquilles 14123 IFS,2026-07-24,2026-07-24,,,,,,
Marchés,Marché Hebdomadaire,,LANGRUNE-SUR-MER,14830,14, 14830 LANGRUNE-SUR-MER,2026-07-24,2026-07-24,,,,,,
Marchés,Le petit marché,Rue du 23e régiment,GRAINVILLE-SUR-ODON,14210,14,Rue du 23e régiment 14210 GRAINVILLE-SUR-ODON,2026-07-24,2026-07-24,,,,,,
Marchés,Marché Hebdomadaire,,MAY-SUR-ORNE,14320,14, 14320 MAY-SUR-ORNE,2026-07-24,2026-07-24,,,,,,
Marchés d'été,Marché estival vendredi,Riva Bella,OUISTREHAM,14150,14,Riva Bella 14150 OUISTREHAM,2026-07-24,2026-07-24,,,,,,
Marchés nocturnes,Marché nocturne,Quai P. Oblet et Ave du Général de Gaulle,PORT-EN-BESSIN-HUPPAIN,14520,14,Quai P. Oblet et Ave du Général de Gaulle 14520 PORT-EN-BESSIN-HUPPAIN,2026-07-24,2026-07-24,,,,,,
Marchés,Marché vendredi matin,"Place du chateau, Place du Champ de Foire",VIRE,14500,14,"Place du chateau, Place du Champ de Foire 14500 VIRE",2026-07-24,2026-07-24,,,,,,
Marchés,Marché Hebdomadaire,,AMFREVILLE,14860,14, 14860 AMFREVILLE,2026-07-25,2026-07-25,,,,,,
Marchés,Marché Hebdomadaire,,AUNAY-SUR-ODON,14260,14, 14260 AUNAY-SUR-ODON,2026-07-25,2026-07-25,,,,,,
Marchés,Marché Hebdomadaire,,TREVIERES,14710,14, 14710 TREVIERES,2026-07-24,2026-07-24,,,,,,
Marchés,Marché Saint-Patrice,Place Saint Patrice,BAYEUX,14400,14,Place Saint Patrice 14400 BAYEUX,2026-07-25,2026-07-25,,,,,,
Marchés,Marché Hebdomadaire,,BEAUMONT-EN-AUGE,14950,14, 14950 BEAUMONT-EN-AUGE,2026-07-25,2026-07-25,,,,,,
Fêtes locales,Fête de la Saint-Christophe,Plage 14910 Benerville-sur-Mer,BENERVILLE-SUR-MER,14910,14,Plage 14910 Benerville-sur-Mer 14910 BENERVILLE-SUR-MER,2026-07-25,2026-07-25,,,,,,
Marchés de Producteurs,Marché de producteur,place dans le village,BEUVRON-EN-AUGE,14430,14,place dans le village 14430 BEUVRON-EN-AUGE,2026-07-25,2026-07-25,,,,,,
Marchés,Marché Hebdomadaire,place des Canadiens,BRETTEVILLE-L'ORGUEILLEUSE,14740,14,place des Canadiens 14740 BRETTEVILLE-L'ORGUEILLEUSE,2026-07-25,2026-07-25,,,,,,
Marchés,Marché Hebdomadaire samedi,Boulevard Leroy,CAEN,14000,14,Boulevard Leroy 14000 CAEN,2026-07-25,2026-07-25,,,,,,
Marchés nocturnes,marché nocturne,Place du Marché,CABOURG,14390,14,Place du Marché 14390 CABOURG,2026-07-25,2026-07-25,,,,,,
Marchés,Marché de la Pierre-Heuzé,place Champlain,CAEN,14000,14,place Champlain 14000 CAEN,2026-07-25,2026-07-25,,,,,,
Messes,Messe samedi,,CAMBREMER,14340,14, 14340 CAMBREMER,2026-07-25,2026-07-25,,,,,,
Marchés d'été,Marché estivale,Quai des Alliés,COURSEULLES-SUR-MER,14470,14,Quai des Alliés 14470 COURSEULLES-SUR-MER,2026-07-25,2026-07-25,,,,,,
Brocantes,Brocante mensuelle,Square de l'Eglise Saint-Augustin 14220 Deauville,DEAUVILLE,14220,14,Square de l'Eglise Saint-Augustin 14220 Deauville 14220 DEAUVILLE,2026-07-25,2026-07-25,,,,,,
Messes,Messe,6 route de Caumont l'Eventé 14240 CAHAGNES,CAHAGNES,14240,14,6 route de Caumont l'Eventé 14240 CAHAGNES 14240 CAHAGNES,2026-07-25,2026-07-25,,,,,,
Marchés,Le marché de Saint Rémi,place de l'Eglise Saint Rémi,DOUVRES-LA-DELIVRANDE,14440,14,place de l'Eglise Saint Rémi 14440 DOUVRES-LA-DELIVRANDE,2026-07-25,2026-07-25,,,,,,
Marchés,marché hebdomadaire,13 bis rue du manoir centre de loisirs Cuverville - 14840,CUVERVILLE,14840,14,13 bis rue du manoir centre de loisirs Cuverville - 14840 14840 CUVERVILLE,2026-07-25,2026-07-25,,,,,,
Marchés,Marché Hebdomadaire,Halles,DIVES-SUR-MER,14160,14,Halles 14160 DIVES-SUR-MER,2026-07-25,2026-07-25,,,,,,
Marchés,Marché Hebdomadaire,centre ville,FALAISE,14700,14,centre ville 14700 FALAISE,2026-07-25,2026-07-25,,,,,,
Messes,Messe samedi,Saint Ursin,EPRON,14610,14,Saint Ursin 14610 EPRON,2026-07-25,2026-07-25,,,,,,
Jeux-sports,Concours de pétanque le samedi,63 rue de la liberté direction Giberville centre (anciennement entreprise Paimboeuf) 14730 Giberville . Ligne 11 du bus,GIBERVILLE,14730,14,63 rue de la liberté direction Giberville centre (anciennement entreprise Paimboeuf) 14730 Giberville . Ligne 11 du bus 14730 GIBERVILLE,2026-07-25,2026-07-25,,,,,,
Marchés,Marché Hebdomadaire,,FLEURY-SUR-ORNE,14123,14, 14123 FLEURY-SUR-ORNE,2026-07-25,2026-07-25,,,,,,
Fêtes médiévales,TEMPS FORT - Les Grandes Fêtes Vikings à Ornavik,Domaine de Beauregard Parc Ornavik 14200 Hérouville-Saint-Clair,HEROUVILLE-SAINT-CLAIR,14200,14,Domaine de Beauregard Parc Ornavik 14200 Hérouville-Saint-Clair 14200 HEROUVILLE-SAINT-CLAIR,2026-07-25,2026-07-25,,,,,,
Marchés,Marché Hebdomadaire,place de la République,LISIEUX,14100,14,place de la République 14100 LISIEUX,2026-07-25,2026-07-25,,,,,,
Marchés,Marché Hebdomadaire,Boulevard de la République,LUC-SUR-MER,14530,14,Boulevard de la République 14530 LUC-SUR-MER,2026-07-25,2026-07-25,,,,,,
Marchés,Marché traditionnel,Place Sainte-Catherine,HONFLEUR,14600,14,Place Sainte-Catherine 14600 HONFLEUR,2026-07-25,2026-07-25,,,,,,
Marchés,Marché Hebdomadaire,Place du marché,LOUVIGNY,14111,14,Place du marché 14111 LOUVIGNY,2026-07-25,2026-07-25,,,,,,
Bals Danses,Repas dansant,Casino,OUISTREHAM,14150,14,Casino 14150 OUISTREHAM,2026-07-25,2026-07-25,,,,,,
Concerts,Concerts,entrée de la plage,OUISTREHAM,14150,14,entrée de la plage 14150 OUISTREHAM,2026-07-25,2026-07-25,,,,,,
Marchés,marché hebdomadaire,centre ville,SAINT-HYMER,14130,14,centre ville 14130 SAINT-HYMER,2026-07-25,2026-07-25,,,,,,
Bals Danses,Soirée Le Club,"3 Zone Artisanale de l'abbaye, Saint-Vigor-le-Grand, France",SAINT-VIGOR-LE-GRAND,14400,14,"3 Zone Artisanale de l'abbaye, Saint-Vigor-le-Grand, France 14400 SAINT-VIGOR-LE-GRAND",2026-07-25,2026-07-25,,,,,,
Marchés bio,MARCHÉ BIO,"Parking des bains, à coté de la halle aux poissons Quai Fernand Moureaux 14360 TROUVILLE-SUR-MER",TROUVILLE-SUR-MER,14360,14,"Parking des bains, à coté de la halle aux poissons Quai Fernand Moureaux 14360 TROUVILLE-SUR-MER 14360 TROUVILLE-SUR-MER",2026-07-25,2026-07-25,,,,,,
Marchés bio,Marché bio,place des Écoles,SAINT-GERMAIN-DE-TALLEVENDE-LA-LANDE-VAUMONT,14500,14,place des Écoles 14500 SAINT-GERMAIN-DE-TALLEVENDE-LA-LANDE-VAUMONT,2026-07-25,2026-07-25,,,,,,
Concerts,"Concert ""Echo d'un âge - Bach en miroir""",Cathédrale Notre-Dame,BAYEUX,14400,14,Cathédrale Notre-Dame 14400 BAYEUX,2026-07-26,2026-07-26,,,,,,
Bals Danses,Les p'tits bals,ASTROBAL HAMEAU DE SAINT LEGER - 14740 Carcagny,CARCAGNY,14740,14,ASTROBAL HAMEAU DE SAINT LEGER - 14740 Carcagny 14740 CARCAGNY,2026-07-26,2026-07-26,,,,,,
Marchés de créateurs,Le Marché à l'Ancienne,,CAMBREMER,14340,14, 14340 CAMBREMER,2026-07-26,2026-07-26,,,,,,
Marchés,Marché Saint-Pierre,"Place Courtonne, quai Vendeuvre de la Place Courtonne à la rue des Carmes",CAEN,14000,14,"Place Courtonne, quai Vendeuvre de la Place Courtonne à la rue des Carmes 14000 CAEN",2026-07-26,2026-07-26,,,,,,
Marchés,Marché Hebdomadaire,,CAIRON,14610,14, 14610 CAIRON,2026-07-26,2026-07-26,,,,,,
Marchés d'été,Marché estival,,CLECY,14570,14, 14570 CLECY,2026-07-26,2026-07-26,,,,,,
Marchés d'été,Marché estival,derrière la Criée et sur le Quai Sud,GRANDCAMP-MAISY,14450,14,derrière la Criée et sur le Quai Sud 14450 GRANDCAMP-MAISY,2026-07-26,2026-07-26,,,,,,
Marchés nocturnes,MARCHES NOCTURNES,Quai Crampon,GRANDCAMP-MAISY,14450,14,Quai Crampon 14450 GRANDCAMP-MAISY,2026-07-26,2026-07-26,,,,,,
Marchés,marché,Centre ville Le Mesnil-Guillaume - 14100,LE MESNIL-GUILLAUME,14100,14,Centre ville Le Mesnil-Guillaume - 14100 14100 LE MESNIL-GUILLAUME,2026-07-26,2026-07-26,,,,,,
Marchés,Marché Hebdomadaire,,MEZIDON-CANON,14270,14, 14270 MEZIDON-CANON,2026-07-26,2026-07-26,,,,,,
Marchés,Marché Hebdomadaire,,MOYAUX,14590,14, 14590 MOYAUX,2026-07-26,2026-07-26,,,,,,
Messes,Eglise protestante unie,temple Bd Carnot – Lion sur mer,LION-SUR-MER,14780,14,temple Bd Carnot – Lion sur mer 14780 LION-SUR-MER,2026-07-26,2026-07-26,,,,,,
Marchés de Producteurs,MARCHE CAMPAGNARD A L'ANCIENNE,place des Dominicaines,PONT-L'EVEQUE,14130,14,place des Dominicaines 14130 PONT-L'EVEQUE,2026-07-26,2026-07-26,,,,,,
Marchés d'été,Marché estival dimanche,Riva Bella,OUISTREHAM,14150,14,Riva Bella 14150 OUISTREHAM,2026-07-26,2026-07-26,,,,,,
Messes,Horaire messe,église de Lion sur Mer,LION-SUR-MER,14780,14,église de Lion sur Mer 14780 LION-SUR-MER,2026-07-26,2026-07-26,,,,,,
Marchés de Producteurs,Marché aux poissons,Jetée de Transit,HONFLEUR,14600,14,Jetée de Transit 14600 HONFLEUR,2026-07-26,2026-07-26,,,,,,
Marchés,Grand marché,Quai P. Oblet et Ave du Général de Gaulle,PORT-EN-BESSIN-HUPPAIN,14520,14,Quai P. Oblet et Ave du Général de Gaulle 14520 PORT-EN-BESSIN-HUPPAIN,2026-07-26,2026-07-26,,,,,,
Fêtes locales,Fête des peintres,,PONT-L'EVEQUE,14130,14, 14130 PONT-L'EVEQUE,2026-07-26,2026-07-26,,,,,,
Marchés,Marché Hebdomadaire,,PONT-D'OUILLY,14690,14, 14690 PONT-D'OUILLY,2026-07-26,2026-07-26,,,,,,
Marchés,Marché dimanche,Place de la Gare,SAINT-AUBIN-SUR-MER,14750,14,Place de la Gare 14750 SAINT-AUBIN-SUR-MER,2026-07-26,2026-07-26,,,,,,
Bals Danses,Repas dansant,salle guinguette la roche à bunel Thury-Harcourt(14),THURY-HARCOURT,14220,14,salle guinguette la roche à bunel Thury-Harcourt(14) 14220 THURY-HARCOURT,2026-07-26,2026-07-26,,,,,,
Fêtes locales,Fête de la mer,Centre-ville et rue des Bains 14113 Villerville,VILLERVILLE,14113,14,Centre-ville et rue des Bains 14113 Villerville 14113 VILLERVILLE,2026-07-26,2026-07-26,,,,,,
Fêtes locales,FÊTE SAINT GERMAIN,Village Moyaux - 14590,MOYAUX,14590,14,Village Moyaux - 14590 14590 MOYAUX,2026-08-01,2026-08-01,,,,,,
Fêtes locales,Foire aux fromages Livarot &#129472;,Village,LIVAROT,14140,14,Village 14140 LIVAROT,2026-08-01,2026-08-01,,,,,,
Brocantes,marché à la brocante,place François-Mitterrand Lisieux - 14100,LISIEUX,14100,14,place François-Mitterrand Lisieux - 14100 14100 LISIEUX,2026-08-02,2026-08-02,,,,,,
Brocantes,Marché aux livres,&nbsp;Eglise du Vieux Saint-Sauveur. Place Saint-Sauveur,CAEN,14000,14,&nbsp;Eglise du Vieux Saint-Sauveur. Place Saint-Sauveur 14000 CAEN,2026-08-02,2026-08-02,,,,,,
Messes,Messe,église de Courtonne la Meurdrac,COURTONNE-LA-MEURDRAC,14100,14,église de Courtonne la Meurdrac 14100 COURTONNE-LA-MEURDRAC,2026-08-02,2026-08-02,,,,,,
Bals Danses,Aprés-midi Dansant,salle des Fêtes Saint-Paul-du-Vernay(14),SAINT-PAUL-DU-VERNAY,14490,14,salle des Fêtes Saint-Paul-du-Vernay(14) 14490 SAINT-PAUL-DU-VERNAY,2026-07-28,2026-07-28,,,,,,
Fêtes locales,La Fête de la Saint-Exupère,Village Trévières - 14710,TREVIERES,14710,14,Village Trévières - 14710 14710 TREVIERES,2026-08-02,2026-08-02,,,,,,
Foires,Foire aux Picots,Centre ville Lisieux,LISIEUX,14100,14,Centre ville Lisieux 14100 LISIEUX,2026-08-02,2026-08-02,,,,,,
Sorties,RV mensuel Rétro Auto Club Normand,"cours Koenig, près du pont de Bir-Hakeim",CAEN,14000,14,"cours Koenig, près du pont de Bir-Hakeim 14000 CAEN",2026-08-03,2026-08-03,,,,,,
Fêtes médiévales,Les Médiévales,Fondation Musée Schlumberger Crèvecoeur-en-Auge Château de Crèvecœur Mézidon Vallée d'Auge Calvados Normandie,MEZIDON-CANON,14270,14,Fondation Musée Schlumberger Crèvecoeur-en-Auge Château de Crèvecœur Mézidon Vallée d'Auge Calvados Normandie 14270 MEZIDON-CANON,2026-08-02,2026-08-09,,,,,,
Sorties,RV mensuel Bayeux Rétro Auto Club dimanche,place Saint-Patrice,BAYEUX,14400,14,place Saint-Patrice 14400 BAYEUX,2026-08-03,2026-08-03,,,,,,
Brocantes,Honfleur Brocante,Place Sainte-Catherine Honfleur,HONFLEUR,14600,14,Place Sainte-Catherine Honfleur 14600 HONFLEUR,2026-08-03,2026-08-03,,,,,,
Bals Danses,après-midi dansants,"3 Zone Artisanale de l'abbaye, Saint-Vigor-le-Grand, France",SAINT-VIGOR-LE-GRAND,14400,14,"3 Zone Artisanale de l'abbaye, Saint-Vigor-le-Grand, France 14400 SAINT-VIGOR-LE-GRAND",2026-08-03,2026-08-03,,,,,,
Bals Danses,Après-midi dansant,salle polyvalente Saint-Germain-de-Tallevende-la-Lande-Vaumont(14),SAINT-GERMAIN-DE-TALLEVENDE-LA-LANDE-VAUMONT,14500,14,salle polyvalente Saint-Germain-de-Tallevende-la-Lande-Vaumont(14) 14500 SAINT-GERMAIN-DE-TALLEVENDE-LA-LANDE-VAUMONT,2026-08-04,2026-08-04,,,,,,
Brocantes,"Antiquité, brocante et collections dimanche 6 décembre 2020",Halle médiévale,SAINT-PIERRE-EN-AUGE,14170,14,Halle médiévale 14170 SAINT-PIERRE-EN-AUGE,2026-08-03,2026-08-03,,,,,,
Brocantes,Touques Brocante mensuelle,Place Lemercier,TOUQUES,14800,14,Place Lemercier 14800 TOUQUES,2026-08-03,2026-08-03,,,,,,
Conférences Débats,"Conférence ""Osez la Médiévale Attitude !""",46 rue Saint Laurent,BAYEUX,14400,14,46 rue Saint Laurent 14400 BAYEUX,2026-08-07,2026-08-07,,,,,,
Festivals,Garten on the beach,,TOURGEVILLE,14800,14, 14800 TOURGEVILLE,2026-08-08,2026-08-08,,,,,,
Stages Ateliers,"Stage de danse médiévale ""Osez la Médiévale Attitude !""",Complexe Sportif Eindhoven Voie du 18 septembre,BAYEUX,14400,14,Complexe Sportif Eindhoven Voie du 18 septembre 14400 BAYEUX,2026-08-06,2026-08-09,,,,,,
Festivals,Garten on the beach - 2 jours,,TOURGEVILLE,14800,14, 14800 TOURGEVILLE,2026-08-09,2026-08-09,,,,,,
Festivals,"Festival ""La semaine acadienne"" / 21e édition",toute la ville,SAINT-AUBIN-SUR-MER,14750,14,toute la ville 14750 SAINT-AUBIN-SUR-MER,2026-08-07,2026-08-15,,,,,,
Messes,Bénédiction de la mer,Asnelles - 14960,ASNELLES,14960,14,Asnelles - 14960 14960 ASNELLES,2026-08-15,2026-08-15,,,,,,
Concerts,"Concert avec Jonathan Dassin ""L'héritage Dassin"" / Festival la semaine acadienne""","Gymnase, Route de Tailleville , à Saint-Aubin-sur-mer",SAINT-AUBIN-SUR-MER,14750,14,"Gymnase, Route de Tailleville , à Saint-Aubin-sur-mer 14750 SAINT-AUBIN-SUR-MER",2026-08-14,2026-08-14,,,,,,
Vide-greniers,Vide-greniers et marché aux puces,,COLLEVILLE-MONTGOMERY,14880,14, 14880 COLLEVILLE-MONTGOMERY,2026-08-15,2026-08-15,,,,,,
Vide-greniers,Vide-greniers et marché aux puces,,DOZULE,14430,14, 14430 DOZULE,2026-08-15,2026-08-15,,,,,,
Messes,Lisieux Procession de la Vierge du sourire pour L’Assomption,Basilique Lisieux - 14100,LISIEUX,14100,14,Basilique Lisieux - 14100 14100 LISIEUX,2026-08-15,2026-08-15,,,,,,
Bals Danses,Thé dansant à Saint Pierre Sur Dives,"Salle des fêtes Place du marché, Saint-Pierre-sur-Dives",SAINT-PIERRE-EN-AUGE,14170,14,"Salle des fêtes Place du marché, Saint-Pierre-sur-Dives 14170 SAINT-PIERRE-EN-AUGE",2026-08-05,2026-08-05,,,,,,
Vide-greniers,Vide greniers du 15 aout,Coudray-Rabut,PONT-L'EVEQUE,14130,14,Coudray-Rabut 14130 PONT-L'EVEQUE,2026-08-15,2026-08-15,,,,,,
Fêtes locales,fête du Bourg,,OUISTREHAM,14150,14, 14150 OUISTREHAM,2026-08-15,2026-08-15,,,,,,
Messes,Fête du 15 aout Assomption,Assomption Notre Dame 14220 Hamars,HAMARS,14220,14,Assomption Notre Dame 14220 Hamars 14220 HAMARS,2026-08-15,2026-08-15,,,,,,
Messes,Fête du 15 aout Assomption,Assomption Notre Dame 14210 Trois-Monts,TROIS-MONTS,14210,14,Assomption Notre Dame 14210 Trois-Monts 14210 TROIS-MONTS,2026-08-15,2026-08-15,,,,,,
Vide-greniers,Vide-greniers d'aout,,LUC-SUR-MER,14530,14, 14530 LUC-SUR-MER,2026-08-16,2026-08-16,,,,,,
Vide-greniers,Vide-grenier.,,VILLERVILLE,14113,14, 14113 VILLERVILLE,2026-08-15,2026-08-15,,,,,,
Bals Danses,après-midi dansante,salle des fêtes Vaudry(14),VAUDRY,14500,14,salle des fêtes Vaudry(14) 14500 VAUDRY,2026-08-18,2026-08-18,,,,,,
Fêtes médiévales,Fêtes Médiévales de Falaise,Château Guillaume le Conquérant Falaise - 14700,FALAISE,14700,14,Château Guillaume le Conquérant Falaise - 14700 14700 FALAISE,2026-08-15,2026-08-15,,,,,,
Bals Danses,dejeuner dansant,salle la Roche à Bunel Thury-Harcourt(14),THURY-HARCOURT,14220,14,salle la Roche à Bunel Thury-Harcourt(14) 14220 THURY-HARCOURT,2026-08-23,2026-08-23,,,,,,
Feux d'artifice,Feu d'artifice,41 rue Henri Dobert Plage devant le casino 14510 Houlgate,HOULGATE,14510,14,41 rue Henri Dobert Plage devant le casino 14510 Houlgate 14510 HOULGATE,2026-08-21,2026-07-18,,,,,,
Bals Danses,Aprés-midi Dansant,salle des fêtes Le Molay-Littry(14),LE MOLAY-LITTRY,14330,14,salle des fêtes Le Molay-Littry(14) 14330 LE MOLAY-LITTRY,2026-08-27,2026-08-27,,,,,,
Sorties Moto,Fête de la moto,Place du marché Saint-Pierre-sur-Dives 14654 Saint-Pierre-sur-Dives,SAINT-PIERRE-EN-AUGE,14654,14,Place du marché Saint-Pierre-sur-Dives 14654 Saint-Pierre-sur-Dives 14654 SAINT-PIERRE-EN-AUGE,2026-08-30,2026-08-30,,,,,,
Théatres,Ados en vacances parents en souffrance,,CAEN,14000,14, 14000 CAEN,2026-08-28,2026-08-28,,,,,,
Sorties Moto,Montée Historique Orbec La Madeleine,Orbec,ORBEC,14290,14,Orbec 14290 ORBEC,2026-08-29,2026-08-29,,,,,,
Théatres,Le pommier des comptines,,CAEN,14000,14, 14000 CAEN,2026-08-26,2026-08-26,,,,,,
Brocantes,Brocante,,CREULLY SUR SEULES,14480,14, 14480 CREULLY SUR SEULES,2026-08-29,2026-08-29,,,,,,
Feux d'artifice,Festival à Villerville,,VILLERVILLE,14113,14, 14113 VILLERVILLE,2026-08-29,2026-08-29,,,,,,
Brocantes,Brocante,,BEUVRON-EN-AUGE,14430,14, 14430 BEUVRON-EN-AUGE,2026-08-30,2026-08-30,,,,,,
Brocantes,La brocante,Asnelles - 14960,ASNELLES,14960,14,Asnelles - 14960 14960 ASNELLES,2026-09-04,2026-09-04,,,,,,
Humour et one (wo)man show,Cecile coves,,CAEN,14000,14, 14000 CAEN,2026-09-03,2026-09-03,,,,,,
Théatres,Ce soir les femmes se lachent,,CAEN,14000,14, 14000 CAEN,2026-09-04,2026-09-04,,,,,,
Fêtes locales,La Saint-Gorgon,14130 Blangy-le-Château,BLANGY-LE-CHATEAU,14130,14,14130 Blangy-le-Château 14130 BLANGY-LE-CHATEAU,2026-09-05,2026-09-05,,,,,,
Bals Danses,Aprés-midi Dansant,salle des Fêtes Saint-Pierre-sur-Dives(14),DIVES-SUR-MER,14160,14,salle des Fêtes Saint-Pierre-sur-Dives(14) 14160 DIVES-SUR-MER,2026-09-08,2026-09-08,,,,,,
Humour et one (wo)man show,Yann guillarme,,HONFLEUR,14600,14, 14600 HONFLEUR,2026-09-09,2026-09-09,,,,,,
Fêtes locales,fête du pays,,BRETTEVILLE-L'ORGUEILLEUSE,14740,14, 14740 BRETTEVILLE-L'ORGUEILLEUSE,2026-09-05,2026-09-05,,,,,,
Humour et one (wo)man show,Ana godefroy,,HONFLEUR,14600,14, 14600 HONFLEUR,2026-09-10,2026-09-10,,,,,,
Humour et one (wo)man show,Alex vizorek,,HONFLEUR,14600,14, 14600 HONFLEUR,2026-09-08,2026-09-08,,,,,,
Bals Danses,Aprés-midi Dansant,salle Astrobal hameau de saint leger Carcagny(14),CARCAGNY,14740,14,salle Astrobal hameau de saint leger Carcagny(14) 14740 CARCAGNY,2026-09-06,2026-09-06,,,,,,
Concerts,Night fever-a tribute to the bee gees,,CAEN,14000,14, 14000 CAEN,2026-09-10,2026-09-10,,,,,,
Bals Danses,Après-midi dansante,Soliers(14),SOLIERS,14540,14,Soliers(14) 14540 SOLIERS,2026-09-10,2026-09-10,,,,,,
Salons,Salon des Artistes et l'Art des Mots,salle des fêtes,ESQUAY-NOTRE-DAME,14210,14,salle des fêtes 14210 ESQUAY-NOTRE-DAME,2026-09-05,2026-09-05,,,,,,
Humour et one (wo)man show,Geremy credeville,,HONFLEUR,14600,14, 14600 HONFLEUR,2026-09-11,2026-09-11,,,,,,
Soirée,Miss 15/17 normandie 2026,,CAEN,14000,14, 14000 CAEN,2026-09-12,2026-09-12,,,,,,
Evènements,forum des associations,,AMFREVILLE,14860,14, 14860 AMFREVILLE,2026-09-12,2026-09-12,,,,,,
Humour et one (wo)man show,Jesse,,HONFLEUR,14600,14, 14600 HONFLEUR,2026-09-12,2026-09-12,,,,,,
Humour et one (wo)man show,Gil alma,,CAEN,14000,14, 14000 CAEN,2026-09-12,2026-09-12,,,,,,
Salons,24h Emploi Formation,13 avenue Albert Sorel,CAEN,14000,14,13 avenue Albert Sorel 14000 CAEN,2026-09-15,2026-09-15,,,,,,
Humour et one (wo)man show,Julie villers,,CAEN,14000,14, 14000 CAEN,2026-09-12,2026-09-12,,,,,,
Humour et one (wo)man show,Malik belkhodja,,CAEN,14000,14, 14000 CAEN,2026-09-17,2026-09-17,,,,,,
Bals Danses,Aprés-midi Dansant,salle des fêtes Les Oubeaux(14),LES OUBEAUX,14230,14,salle des fêtes Les Oubeaux(14) 14230 LES OUBEAUX,2026-09-17,2026-09-17,,,,,,
Humour et one (wo)man show,Gregory vacher,,CAEN,14000,14, 14000 CAEN,2026-09-17,2026-09-17,,,,,,
Humour et one (wo)man show,Anne depetrini,,CAEN,14000,14, 14000 CAEN,2026-09-18,2026-09-18,,,,,,
Bals Danses,après-midi dansante,salle des fêtes Landelles-et-Coupigny(14),LANDELLES-ET-COUPIGNY,14380,14,salle des fêtes Landelles-et-Coupigny(14) 14380 LANDELLES-ET-COUPIGNY,2026-09-17,2026-09-17,,,,,,
Humour et one (wo)man show,Soun dembele,,CAEN,14000,14, 14000 CAEN,2026-09-19,2026-09-19,,,,,,
Théatres,Sois parfaite et tais toi,,CAEN,14000,14, 14000 CAEN,2026-09-19,2026-09-19,,,,,,
Humour et one (wo)man show,Francois mallet,,CAEN,14000,14, 14000 CAEN,2026-09-18,2026-09-18,,,,,,
Spectacles,Monte Cristo,Zénith de Caen - Normandie Rue Joseph Philippon 14000 CAEN,CAEN,14000,14,Zénith de Caen - Normandie Rue Joseph Philippon 14000 CAEN 14000 CAEN,2026-09-19,2027-01-23,,,,,,
Journées du patrimoine,Journées du patrimoine,,COURTONNE-LA-MEURDRAC,14100,14, 14100 COURTONNE-LA-MEURDRAC,2026-09-19,2026-09-19,,,,,,
Concerts,Asgeir,,HEROUVILLE-SAINT-CLAIR,14200,14, 14200 HEROUVILLE-SAINT-CLAIR,2026-09-19,2026-09-19,,,,,,
Journées du patrimoine,Visite libre de l'église Saint-Martin,"Église Saint-Martin Le bourg, 14600 Criqueboeuf",CRICQUEBOEUF,14600,14,"Église Saint-Martin Le bourg, 14600 Criqueboeuf 14600 CRICQUEBOEUF",2026-09-19,2026-09-19,,,,,,
"Randonnées, Trail ou Running",Frappadingue Blangy-Le-Chateau 2026,"Le bourg, 14130 Blangy-le-Château",BLANGY-LE-CHATEAU,14130,14,"Le bourg, 14130 Blangy-le-Château 14130 BLANGY-LE-CHATEAU",2026-09-20,2026-09-20,,,,,,
Humour et one (wo)man show,Les jumeaux,,CAEN,14000,14, 14000 CAEN,2026-09-26,2026-09-26,,,,,,
Fêtes locales,Les traditions normandes,,MEZIDON-CANON,14270,14, 14270 MEZIDON-CANON,2026-09-19,2026-09-19,,,,,,
Fêtes médiévales,Festival Cidre et Dragon,Merville-Franceville-Plage,MERVILLE-FRANCEVILLE-PLAGE,14810,14,Merville-Franceville-Plage 14810 MERVILLE-FRANCEVILLE-PLAGE,2026-09-19,2026-09-19,,,,,,
Concerts,Djadja & Dinaz,Zénith de Caen - Normandie Rue Joseph Philippon 14000 CAEN,CAEN,14000,14,Zénith de Caen - Normandie Rue Joseph Philippon 14000 CAEN 14000 CAEN,2026-09-26,2026-11-05,,,,,,
Théatres,Les chicoufs - a partager en famille,,CAEN,14000,14, 14000 CAEN,2026-09-26,2026-09-26,,,,,,
Messes,Fêtes Thérésiennes à Lisieux,Lisieux - 14100,LISIEUX,14100,14,Lisieux - 14100 14100 LISIEUX,2026-09-26,2026-09-26,,,,,,
Fêtes locales,Fête de la rose et du jardin,Avenue du Château Mézidon Vallée d'Auge Calvados Normandie,MEZIDON-CANON,14270,14,Avenue du Château Mézidon Vallée d'Auge Calvados Normandie 14270 MEZIDON-CANON,2026-09-26,2026-09-27,,,,,,
Bals Danses,après-midi dansante,salle Municipale Dives-sur-Mer(14),DIVES-SUR-MER,14160,14,salle Municipale Dives-sur-Mer(14) 14160 DIVES-SUR-MER,2026-09-30,2026-09-30,,,,,,
Bals Danses,Aprés-midi Dansant,salle du vaudeville Vire(14),VIRE,14500,14,salle du vaudeville Vire(14) 14500 VIRE,2026-09-29,2026-09-29,,,,,,
Bals Danses,Repas dansant,salle socio-culturelle Clécy(14),CLECY,14570,14,salle socio-culturelle Clécy(14) 14570 CLECY,2026-09-27,2026-09-27,,,,,,
Théatres,Charge mentale sauve qui peut,,CAEN,14000,14, 14000 CAEN,2026-09-24,2026-09-24,,,,,,
Humour et one (wo)man show,Solay - daron,,CAEN,14000,14, 14000 CAEN,2026-10-02,2026-10-02,,,,,,
Spectacles,Michèle Laroque & Kad Merad,Zénith de Caen - Normandie Rue Joseph Philippon 14000 CAEN,CAEN,14000,14,Zénith de Caen - Normandie Rue Joseph Philippon 14000 CAEN 14000 CAEN,2026-10-01,2026-12-19,,,,,,
Humour et one (wo)man show,Romain barreda - inspire,,CAEN,14000,14, 14000 CAEN,2026-10-01,2026-10-01,,,,,,
Humour et one (wo)man show,Julie bigot,,CAEN,14000,14, 14000 CAEN,2026-10-02,2026-10-02,,,,,,
Humour et one (wo)man show,The jeff panacloc company,,CAEN,14000,14, 14000 CAEN,2026-10-02,2026-10-02,,,,,,
Humour et one (wo)man show,Tano,,CAEN,14000,14, 14000 CAEN,2026-10-02,2026-10-02,,,,,,
Humour et one (wo)man show,The band from new york,,CAEN,14000,14, 14000 CAEN,2026-10-03,2026-10-03,,,,,,
Humour et one (wo)man show,Le colis,,CAEN,14000,14, 14000 CAEN,2026-10-03,2026-10-03,,,,,,
Bals Danses,Aprés-midi Dansant,Hérouville-Saint-Clair(14),HEROUVILLE-SAINT-CLAIR,14200,14,Hérouville-Saint-Clair(14) 14200 HEROUVILLE-SAINT-CLAIR,2026-10-04,2026-10-04,,,,,,
Spectacles,THE JEFF PANACLOC COMPANY,,CAEN,14000,14, 14000 CAEN,2026-10-02,2026-10-02,,,,,,
Humour et one (wo)man show,David sun,,CAEN,14000,14, 14000 CAEN,2026-10-08,2026-10-08,,,,,,
Spectacle et comedie musicale,La dame de pierre,,CAEN,14000,14, 14000 CAEN,2026-10-04,2026-10-04,,,,,,
Fêtes locales,Fête de la Crevette et de la pêche,Vieux Bassin 14600 HONFLEUR,HONFLEUR,14600,14,Vieux Bassin 14600 HONFLEUR 14600 HONFLEUR,2026-10-03,2026-10-03,,,,,,
Concerts,Covertramp hommage a supertramp,,CAEN,14000,14, 14000 CAEN,2026-10-03,2026-10-03,,,,,,
Concerts,CHRISTOPHE MAE,,CAEN,14000,14, 14000 CAEN,2026-10-08,2026-10-08,,,,,,
Danse,Pietragalla barbara,,CAEN,14000,14, 14000 CAEN,2026-10-06,2026-10-06,,,,,,
Concerts,Christophe mae,,CAEN,14000,14, 14000 CAEN,2026-10-08,2026-10-08,,,,,,
Bals Danses,après-midi dansante,salle des fêtes Le Molay-Littry(14),LE MOLAY-LITTRY,14330,14,salle des fêtes Le Molay-Littry(14) 14330 LE MOLAY-LITTRY,2026-10-08,2026-10-08,,,,,,
Bals Danses,Après midi dansant,salle Municipale Soliers(14),SOLIERS,14540,14,salle Municipale Soliers(14) 14540 SOLIERS,2026-10-08,2026-10-08,,,,,,
Bals Danses,Aprés-midi Dansant,salle des fêtes Saint-Germain-du-Crioult(14),SAINT-GERMAIN-DU-CRIOULT,14110,14,salle des fêtes Saint-Germain-du-Crioult(14) 14110 SAINT-GERMAIN-DU-CRIOULT,2026-10-08,2026-10-08,,,,,,
Concerts,Laurent voulzy,,CAEN,14000,14, 14000 CAEN,2026-10-09,2026-10-09,,,,,,
Humour et one (wo)man show,Sebastien wust,,CAEN,14000,14, 14000 CAEN,2026-10-09,2026-10-09,,,,,,
Humour et one (wo)man show,Bord elles en coulisses,,CAEN,14000,14, 14000 CAEN,2026-10-10,2026-10-10,,,,,,
Concerts,Fredz,,HEROUVILLE-SAINT-CLAIR,14200,14, 14200 HEROUVILLE-SAINT-CLAIR,2026-10-09,2026-10-09,,,,,,
Concerts,DJADJA &amp; DINAZ,,CAEN,14000,14, 14000 CAEN,2026-10-10,2026-10-10,,,,,,
Concerts,Djadja & dinaz,,CAEN,14000,14, 14000 CAEN,2026-10-10,2026-10-10,,,,,,
Concerts,Dick annegarn,,MEZIDON-CANON,14270,14, 14270 MEZIDON-CANON,2026-10-10,2026-10-10,,,,,,
Concerts,Nej,,CAEN,14000,14, 14000 CAEN,2026-10-11,2026-10-11,,,,,,
Concerts,NEJ',,CAEN,14000,14, 14000 CAEN,2026-10-11,2026-10-11,,,,,,
Théatres,Les femmes ont toujours raison,,CAEN,14000,14, 14000 CAEN,2026-10-11,2026-10-11,,,,,,
Danse,Le lac des cygnes - ballet et orchestre,,CAEN,14000,14, 14000 CAEN,2026-10-13,2026-10-13,,,,,,
Spectacles,LES GOGUETTES,,CERNAY,14290,14, 14290 CERNAY,2026-10-14,2026-10-14,,,,,,
Humour et one (wo)man show,Audrey baldassare,,CAEN,14000,14, 14000 CAEN,2026-10-13,2026-10-13,,,,,,
Concerts,COLDPLAY by LIVEPLAY,,CAEN,14000,14, 14000 CAEN,2026-10-15,2026-10-15,,,,,,
Fêtes locales,&nbsp;Fête de la saint-Denis,,CAMBREMER,14340,14, 14340 CAMBREMER,2026-10-10,2026-10-10,,,,,,
Concerts,Coldplay by liveplay,,CAEN,14000,14, 14000 CAEN,2026-10-15,2026-10-15,,,,,,
Concerts,JOSMAN,,CAEN,14000,14, 14000 CAEN,2026-10-16,2026-10-16,,,,,,
Humour et one (wo)man show,Sylvain fergot,,CAEN,14000,14, 14000 CAEN,2026-10-16,2026-10-16,,,,,,
Concerts,Swing,,HEROUVILLE-SAINT-CLAIR,14200,14, 14200 HEROUVILLE-SAINT-CLAIR,2026-10-15,2026-10-15,,,,,,
Concerts,Laura cox,,HEROUVILLE-SAINT-CLAIR,14200,14, 14200 HEROUVILLE-SAINT-CLAIR,2026-10-16,2026-10-16,,,,,,
Théatres,L'amour c'est mieux a trois,,CAEN,14000,14, 14000 CAEN,2026-10-15,2026-10-15,,,,,,
Concerts,Josman,,CAEN,14000,14, 14000 CAEN,2026-10-16,2026-10-16,,,,,,
Bals Danses,après-midi dansante,salle polyvalente Les Oubeaux(14),LES OUBEAUX,14230,14,salle polyvalente Les Oubeaux(14) 14230 LES OUBEAUX,2026-10-15,2026-10-15,,,,,,
Humour et one (wo)man show,Daniel camus - happy hour,,CAEN,14000,14, 14000 CAEN,2026-10-17,2026-10-17,,,,,,
Concerts,GENERATION CELINE,,CAEN,14000,14, 14000 CAEN,2026-10-17,2026-10-17,,,,,,
Théatres,Chocottes et chamallows,,CAEN,14000,14, 14000 CAEN,2026-10-17,2026-10-17,,,,,,
Théatres,Dommages,,CAEN,14000,14, 14000 CAEN,2026-10-17,2026-10-17,,,,,,
Concerts,Generation celine,,CAEN,14000,14, 14000 CAEN,2026-10-17,2026-10-17,,,,,,
Concerts,M.pokora,,CAEN,14000,14, 14000 CAEN,2026-10-18,2026-10-18,,,,,,
Spectacle et comedie musicale,Encore une histoire,,CAEN,14000,14, 14000 CAEN,2026-10-18,2026-10-18,,,,,,
Salons,Salon du Livre et de la Gourmandise,,LIVAROT,14140,14, 14140 LIVAROT,2026-10-17,2026-10-17,,,,,,
Concerts,M.POKORA,,CAEN,14000,14, 14000 CAEN,2026-10-18,2026-10-18,,,,,,
Spectacles,"MONTE-CRISTO, LE SPECTACLE MUSICAL",,CAEN,14000,14, 14000 CAEN,2026-10-23,2026-10-23,,,,,,
Humour et one (wo)man show,Benedicte bousquet - d ecole et moi,,CAEN,14000,14, 14000 CAEN,2026-10-21,2026-10-21,,,,,,
Humour et one (wo)man show,Jovany,,CAEN,14000,14, 14000 CAEN,2026-10-22,2026-10-22,,,,,,
Humour et one (wo)man show,Les demoiselles du k-barre - minuit,,CAEN,14000,14, 14000 CAEN,2026-10-24,2026-10-24,,,,,,
"Randonnées, Trail ou Running",Trail Pom'Haies Vergers,Stade Claude Bisson et centre du village 14340 Cambremer,CAMBREMER,14340,14,Stade Claude Bisson et centre du village 14340 Cambremer 14340 CAMBREMER,2026-10-18,2026-10-18,,,,,,
Théatres,Une drole de sorciere,,CAEN,14000,14, 14000 CAEN,2026-10-24,2026-10-24,,,,,,
Concerts,Florent pagny,,CAEN,14000,14, 14000 CAEN,2026-10-27,2026-10-27,,,,,,
Fêtes locales,Fête du cidre et du terroir,Dans tout le village 14430 Beuvron-en-Auge,BEUVRON-EN-AUGE,14430,14,Dans tout le village 14430 Beuvron-en-Auge 14430 BEUVRON-EN-AUGE,2026-10-25,2026-10-25,,,,,,
Humour et one (wo)man show,Jojo bernard - le monde il est beauf,,CAEN,14000,14, 14000 CAEN,2026-10-27,2026-10-27,,,,,,
Concerts,FLORENT PAGNY,,CAEN,14000,14, 14000 CAEN,2026-10-27,2026-10-27,,,,,,
Fêtes locales,fête du cidre,,BEUVRON-EN-AUGE,14430,14, 14430 BEUVRON-EN-AUGE,2026-10-25,2026-10-25,,,,,,
Concerts,VERONIQUE SANSON,,CAEN,14000,14, 14000 CAEN,2026-10-30,2026-10-30,,,,,,
Humour et one (wo)man show,David azria,,CAEN,14000,14, 14000 CAEN,2026-10-29,2026-10-29,,,,,,
Concerts,Ebony,,HEROUVILLE-SAINT-CLAIR,14200,14, 14200 HEROUVILLE-SAINT-CLAIR,2026-10-30,2026-10-30,,,,,,
Humour et one (wo)man show,Leurs desirs font desordres,,CAEN,14000,14, 14000 CAEN,2026-10-29,2026-10-29,,,,,,
Foires,Foire d'Etouvy,,ETOUVY,14350,14, 14350 ETOUVY,2026-10-31,2026-10-31,,,,,,
Foires,festival de la pomme,Village Trévières,TREVIERES,14710,14,Village Trévières 14710 TREVIERES,2026-10-31,2026-10-31,,,,,,
Concerts,YVES DUTEIL,,CERNAY,14290,14, 14290 CERNAY,2026-10-31,2026-10-31,,,,,,
Humour et one (wo)man show,Quentin vana,,CAEN,14000,14, 14000 CAEN,2026-10-31,2026-10-31,,,,,,
Concerts,Veronique sanson,,CAEN,14000,14, 14000 CAEN,2026-10-30,2026-10-30,,,,,,
Fêtes locales,Foire à l’Andouille,Hippodrome Robert Auvray de Vire,VIRE,14500,14,Hippodrome Robert Auvray de Vire 14500 VIRE,2026-11-01,2026-11-01,,,,,,
Fêtes locales,Fête de la coquille Saint-Jacques,Centre-ville de Villers-sur-Mer - 14640 Villers-sur-Mer,VILLERS-SUR-MER,14640,14,Centre-ville de Villers-sur-Mer - 14640 Villers-sur-Mer 14640 VILLERS-SUR-MER,2026-10-31,2026-10-31,,,,,,
Parc,Zoo de jurques,,AUNAY-SUR-ODON,14260,14, 14260 AUNAY-SUR-ODON,2026-11-01,2026-11-01,,,,,,
Fêtes locales,Fête du Singe en Hiver,Rue des Bains 14113 Villerville,VILLERVILLE,14113,14,Rue des Bains 14113 Villerville 14113 VILLERVILLE,2026-10-31,2026-10-31,,,,,,
Humour et one (wo)man show,Big s,,CAEN,14000,14, 14000 CAEN,2026-11-03,2026-11-03,,,,,,
Concerts,ORELSAN,,CAEN,14000,14, 14000 CAEN,2026-11-03,2026-11-03,,,,,,
Concerts,Orelsan,,CAEN,14000,14, 14000 CAEN,2026-11-02,2026-11-02,,,,,,
Concerts,Charlie winston,,HEROUVILLE-SAINT-CLAIR,14200,14, 14200 HEROUVILLE-SAINT-CLAIR,2026-11-03,2026-11-03,,,,,,
Humour et one (wo)man show,Maud melle,,CAEN,14000,14, 14000 CAEN,2026-11-05,2026-11-05,,,,,,
Concerts,LEMAN,,CAEN,14000,14, 14000 CAEN,2026-11-05,2026-11-05,,,,,,
Bals Danses,thé dansant,salle Astrobal hameau de saint leger Carcagny(14),CARCAGNY,14740,14,salle Astrobal hameau de saint leger Carcagny(14) 14740 CARCAGNY,2026-11-01,2026-11-01,,,,,,
Concerts,Talisco,,HEROUVILLE-SAINT-CLAIR,14200,14, 14200 HEROUVILLE-SAINT-CLAIR,2026-11-06,2026-11-06,,,,,,
Concerts,Syd matters,,HEROUVILLE-SAINT-CLAIR,14200,14, 14200 HEROUVILLE-SAINT-CLAIR,2026-11-05,2026-11-05,,,,,,
Concerts,Leman,,CAEN,14000,14, 14000 CAEN,2026-11-05,2026-11-05,,,,,,
Humour et one (wo)man show,Florian lex,,CAEN,14000,14, 14000 CAEN,2026-11-07,2026-11-07,,,,,,
Humour et one (wo)man show,Jean-benoit diallo,,CAEN,14000,14, 14000 CAEN,2026-11-07,2026-11-07,,,,,,
Concerts,PLK,,CAEN,14000,14, 14000 CAEN,2026-11-08,2026-11-08,,,,,,
Théatres,La folel histoire de france,,CAEN,14000,14, 14000 CAEN,2026-11-07,2026-11-07,,,,,,
Spectacles,JEAN-BENOIT DIALLO,,CAEN,14000,14, 14000 CAEN,2026-11-07,2026-11-07,,,,,,
Humour et one (wo)man show,Guihome vous detend,,CAEN,14000,14, 14000 CAEN,2026-11-12,2026-11-12,,,,,,
Concerts,Plk,,CAEN,14000,14, 14000 CAEN,2026-11-08,2026-11-08,,,,,,
Humour et one (wo)man show,Alex di mambro - stand up,,CAEN,14000,14, 14000 CAEN,2026-11-11,2026-11-11,,,,,,
Evènements,Commémoration du 11 novembre 1918,,COURTONNE-LA-MEURDRAC,14100,14, 14100 COURTONNE-LA-MEURDRAC,2026-11-11,2026-11-11,,,,,,
Bals Danses,Repas dansant,salle des fetes Tourville-sur-Odon(14),TOURVILLE-SUR-ODON,14210,14,salle des fetes Tourville-sur-Odon(14) 14210 TOURVILLE-SUR-ODON,2026-11-08,2026-11-08,,,,,,
Bals Danses,Aprés-midi Dansant,salle Polyvalente Soliers(14),SOLIERS,14540,14,salle Polyvalente Soliers(14) 14540 SOLIERS,2026-11-12,2026-11-12,,,,,,
Humour et one (wo)man show,Isabelle lefaucheur,,CAEN,14000,14, 14000 CAEN,2026-11-13,2026-11-13,,,,,,
Humour et one (wo)man show,Rodrigue,,CAEN,14000,14, 14000 CAEN,2026-11-13,2026-11-13,,,,,,
Théatres,Jose cruz,,CAEN,14000,14, 14000 CAEN,2026-11-14,2026-11-14,,,,,,
Spectacles,RODRIGUE,,CAEN,14000,14, 14000 CAEN,2026-11-13,2026-11-13,,,,,,
Humour et one (wo)man show,Veronique gallo - la vraie vie,,CAEN,14000,14, 14000 CAEN,2026-11-14,2026-11-14,,,,,,
Fêtes locales,Fête de la coquille Saint-Jacques,Place Gaudin 14520 PORT-EN-BESSIN-HUPPAIN,PORT-EN-BESSIN-HUPPAIN,14520,14,Place Gaudin 14520 PORT-EN-BESSIN-HUPPAIN 14520 PORT-EN-BESSIN-HUPPAIN,2026-11-14,2026-11-14,,,,,,
Concerts,HELENA,,CAEN,14000,14, 14000 CAEN,2026-11-14,2026-11-14,,,,,,
Humour et one (wo)man show,Rachel legrain-trapani,,CAEN,14000,14, 14000 CAEN,2026-11-17,2026-11-17,,,,,,
Concerts,Helena,,CAEN,14000,14, 14000 CAEN,2026-11-14,2026-11-14,,,,,,
Humour et one (wo)man show,Sofiane ettai,,CAEN,14000,14, 14000 CAEN,2026-11-19,2026-11-19,,,,,,
Concerts,LYNDA LEMAY &amp; JEAN-FELIX LALANNE,,CAEN,14000,14, 14000 CAEN,2026-11-17,2026-11-17,,,,,,
Bals Danses,Après-midi dansant,salle Astrobal hameau de saint leger Carcagny(14),CARCAGNY,14740,14,salle Astrobal hameau de saint leger Carcagny(14) 14740 CARCAGNY,2026-11-15,2026-11-15,,,,,,
Concerts,Lynda lemay & jean-felix lalanne,,CAEN,14000,14, 14000 CAEN,2026-11-17,2026-11-17,,,,,,
Humour et one (wo)man show,Julien schmidt,,CAEN,14000,14, 14000 CAEN,2026-11-19,2026-11-19,,,,,,
Théatres,Muriel montossey - belle mère à vendre,,CAEN,14000,14, 14000 CAEN,2026-11-15,2026-11-15,,,,,,
Concerts,Claudio Capéo,Zénith de Caen - Normandie Rue Joseph Philippon 14000 CAEN,CAEN,14000,14,Zénith de Caen - Normandie Rue Joseph Philippon 14000 CAEN 14000 CAEN,2026-11-19,2027-02-06,,,,,,
Concerts,ERIC SERRA LIVE,,CAEN,14000,14, 14000 CAEN,2026-11-19,2026-11-19,,,,,,
Concerts,Eric serra live,,CAEN,14000,14, 14000 CAEN,2026-11-19,2026-11-19,,,,,,
Humour et one (wo)man show,Harold barbe,,CAEN,14000,14, 14000 CAEN,2026-11-20,2026-11-20,,,,,,
Humour et one (wo)man show,Les normales,,CAEN,14000,14, 14000 CAEN,2026-11-20,2026-11-20,,,,,,
Concerts,Shaarghot + solitaris + ghost dance,,HEROUVILLE-SAINT-CLAIR,14200,14, 14200 HEROUVILLE-SAINT-CLAIR,2026-11-20,2026-11-20,,,,,,
Classique et opera,Monroe,,LISIEUX,14100,14, 14100 LISIEUX,2026-11-21,2026-11-21,,,,,,
Théatres,Ca vous ehpad,,CAEN,14000,14, 14000 CAEN,2026-11-21,2026-11-21,,,,,,
Concerts,JOSEPH KAMEL,,CAEN,14000,14, 14000 CAEN,2026-11-21,2026-11-21,,,,,,
Concerts,Joseph kamel,,CAEN,14000,14, 14000 CAEN,2026-11-21,2026-11-21,,,,,,
Danse,Les quatre saisons - ballet,,CAEN,14000,14, 14000 CAEN,2026-11-22,2026-11-22,,,,,,
Foires,La Foire aux Arbres,Marché Couvert et Parc du Bras d’or,PONT-L'EVEQUE,14130,14,Marché Couvert et Parc du Bras d’or 14130 PONT-L'EVEQUE,2026-11-21,2026-11-22,,,,,,
Concerts,MONROE,,LISIEUX,14100,14, 14100 LISIEUX,2026-11-21,2026-11-21,,,,,,
Brocantes,Brocante Vide-Greniers en centre-ville,Centre ville de Lisieux 14366 Lisieux,LISIEUX,14366,14,Centre ville de Lisieux 14366 Lisieux 14366 LISIEUX,2026-11-21,2026-11-21,,,,,,
Bals Danses,après-midi dansante,salle des fêtes Saint-Paul-du-Vernay(14),SAINT-PAUL-DU-VERNAY,14490,14,salle des fêtes Saint-Paul-du-Vernay(14) 14490 SAINT-PAUL-DU-VERNAY,2026-11-24,2026-11-24,,,,,,
Concerts,Saez,,CAEN,14000,14, 14000 CAEN,2026-11-25,2026-11-25,,,,,,
Concerts,Sniper,,CAEN,14000,14, 14000 CAEN,2026-11-25,2026-11-25,,,,,,
Humour et one (wo)man show,Victoria pianasso - reste simple,,CAEN,14000,14, 14000 CAEN,2026-11-25,2026-11-25,,,,,,
Concerts,SAEZ,,CAEN,14000,14, 14000 CAEN,2026-11-25,2026-11-25,,,,,,
Concerts,"Balavoine, ma bataille",,CAEN,14000,14, 14000 CAEN,2026-11-26,2026-11-26,,,,,,
Humour et one (wo)man show,Olivia moore,,CAEN,14000,14, 14000 CAEN,2026-11-26,2026-11-26,,,,,,
Bals Danses,Aprés-midi Dansant,salle des fêtes Mondeville(14),MONDEVILLE,14120,14,salle des fêtes Mondeville(14) 14120 MONDEVILLE,2026-11-25,2026-11-25,,,,,,
Concerts,"BALAVOINE, MA BATAILLE",,CAEN,14000,14, 14000 CAEN,2026-11-26,2026-11-26,,,,,,
Humour et one (wo)man show,Naim,,CAEN,14000,14, 14000 CAEN,2026-11-27,2026-11-27,,,,,,
Fêtes locales,Fete de la Coquille des produits de la mer et de la gastronomie,Port de Courseulles-sur-Mer Quai des Alliés 14470 COURSEULLES-SUR-MER 14470 Courseulles-sur-Mer,COURSEULLES-SUR-MER,14470,14,Port de Courseulles-sur-Mer Quai des Alliés 14470 COURSEULLES-SUR-MER 14470 Courseulles-sur-Mer 14470 COURSEULLES-SUR-MER,2026-11-28,2026-11-28,,,,,,
Humour et one (wo)man show,Jeanfi janssens,,CAEN,14000,14, 14000 CAEN,2026-11-28,2026-11-28,,,,,,
Concerts,Luiza,,HEROUVILLE-SAINT-CLAIR,14200,14, 14200 HEROUVILLE-SAINT-CLAIR,2026-11-28,2026-11-28,,,,,,
Concerts,Nes,,HEROUVILLE-SAINT-CLAIR,14200,14, 14200 HEROUVILLE-SAINT-CLAIR,2026-11-26,2026-11-26,,,,,,
Concerts,Java & winston mcanuff,,HEROUVILLE-SAINT-CLAIR,14200,14, 14200 HEROUVILLE-SAINT-CLAIR,2026-11-27,2026-11-27,,,,,,
Marchés de Noël,Marché de Noel,Maison du temps libre Boulon,BOULON,14220,14,Maison du temps libre Boulon 14220 BOULON,2026-11-29,2026-11-29,,,,,,
Fêtes locales,Fête de la coquille Saint-Jacques,,GRANDCAMP-MAISY,14450,14, 14450 GRANDCAMP-MAISY,2026-11-28,2026-11-28,,,,,,
Parc,Parc zoologique cerza,,HERMIVAL-LES-VAUX,14100,14, 14100 HERMIVAL-LES-VAUX,2026-11-30,2026-11-30,,,,,,
Théatres,Secret(s) medical,,CAEN,14000,14, 14000 CAEN,2026-11-29,2026-11-29,,,,,,
Humour et one (wo)man show,Michele laroque et kad merad,,CAEN,14000,14, 14000 CAEN,2026-12-03,2026-12-03,,,,,,
Humour et one (wo)man show,William pilet,,CAEN,14000,14, 14000 CAEN,2026-12-03,2026-12-03,,,,,,
Concerts,Folie's,,HEROUVILLE-SAINT-CLAIR,14200,14, 14200 HEROUVILLE-SAINT-CLAIR,2026-12-03,2026-12-03,,,,,,
Spectacles,BERNARD MABILLE,,CAEN,14000,14, 14000 CAEN,2026-12-03,2026-12-03,,,,,,
Concerts,BIGFLO &amp; OLI,,CAEN,14000,14, 14000 CAEN,2026-12-05,2026-12-05,,,,,,
Humour et one (wo)man show,Bernard mabille,,CAEN,14000,14, 14000 CAEN,2026-12-03,2026-12-03,,,,,,
Humour et one (wo)man show,Marie bo,,CAEN,14000,14, 14000 CAEN,2026-12-05,2026-12-05,,,,,,
Humour et one (wo)man show,Verino,,CAEN,14000,14, 14000 CAEN,2026-12-04,2026-12-04,,,,,,
Marchés de Noël,Marché de Noel,salle de la Mer,BERNIERES-SUR-MER,14990,14,salle de la Mer 14990 BERNIERES-SUR-MER,2026-12-05,2026-12-05,,,,,,
Théatres,"Faites l'amour, pas des gosses !",,CAEN,14000,14, 14000 CAEN,2026-12-04,2026-12-04,,,,,,
Marchés de Noël,Noël au Château,,THURY-HARCOURT,14220,14, 14220 THURY-HARCOURT,2026-12-05,2026-12-05,,,,,,
Théatres,Délivrés de famille,,CAEN,14000,14, 14000 CAEN,2026-12-05,2026-12-05,,,,,,
Concerts,Bigflo & oli,,CAEN,14000,14, 14000 CAEN,2026-12-05,2026-12-05,,,,,,
Concerts,CLAUDIO CAPEO,,CAEN,14000,14, 14000 CAEN,2026-12-10,2026-12-10,,,,,,
Fêtes locales,Trouville-sur-Mer fête la coquille,,TROUVILLE-SUR-MER,14360,14, 14360 TROUVILLE-SUR-MER,2026-12-05,2026-12-05,,,,,,
Danse,Casse-noisette - ballet et orchestre,,CAEN,14000,14, 14000 CAEN,2026-12-06,2026-12-06,,,,,,
Concerts,Claudio capeo,,CAEN,14000,14, 14000 CAEN,2026-12-10,2026-12-10,,,,,,
Humour et one (wo)man show,Ryad baxx sort de l'ombre,,CAEN,14000,14, 14000 CAEN,2026-12-10,2026-12-10,,,,,,
Spectacles,REDOUANE BOUGHERABA,,CAEN,14000,14, 14000 CAEN,2026-12-11,2026-12-11,,,,,,
Humour et one (wo)man show,Redouane bougheraba,,CAEN,14000,14, 14000 CAEN,2026-12-11,2026-12-11,,,,,,
Bals Danses,Thé dansant,salle des fêtes Soliers(14),SOLIERS,14540,14,salle des fêtes Soliers(14) 14540 SOLIERS,2026-12-10,2026-12-10,,,,,,
Humour et one (wo)man show,Tristan lopin,,CAEN,14000,14, 14000 CAEN,2026-12-11,2026-12-11,,,,,,
Concerts,Poesie zero + king kong meuf,,HEROUVILLE-SAINT-CLAIR,14200,14, 14200 HEROUVILLE-SAINT-CLAIR,2026-12-11,2026-12-11,,,,,,
Spectacles,TRISTAN LOPIN,,CAEN,14000,14, 14000 CAEN,2026-12-11,2026-12-11,,,,,,
Humour et one (wo)man show,La folle histoire de france - volet 2,,CAEN,14000,14, 14000 CAEN,2026-12-12,2026-12-12,,,,,,
Concerts,SO FLOYD,,DEAUVILLE,14800,14, 14800 DEAUVILLE,2026-12-11,2026-12-11,,,,,,
Concerts,DAVID HALLYDAY,,CAEN,14000,14, 14000 CAEN,2026-12-12,2026-12-12,,,,,,
Concerts,David hallyday,,CAEN,14000,14, 14000 CAEN,2026-12-12,2026-12-12,,,,,,
Marchés de Noël,Marché de Noël,,COURTONNE-LA-MEURDRAC,14100,14, 14100 COURTONNE-LA-MEURDRAC,2026-12-12,2026-12-12,,,,,,
Marchés de Noël,Noël à Lisieux Marché de Noël,place François Mitterrand Lisieux - 14100,LISIEUX,14100,14,place François Mitterrand Lisieux - 14100 14100 LISIEUX,2026-12-12,2026-12-12,,,,,,
Théatres,C'est aussi ta fille,,CAEN,14000,14, 14000 CAEN,2026-12-15,2026-12-15,,,,,,
Marchés de Noël,marché de Noel,Francois Mitterrand,LISIEUX,14100,14,Francois Mitterrand 14100 LISIEUX,2026-12-12,2026-12-12,,,,,,
Marchés de Noël,Marché de Noël,"Saint-Pierre-en-Auge Halle Médiévale, sur la place du Marché et à la salle des fêtes",SAINT-PIERRE-EN-AUGE,14170,14,"Saint-Pierre-en-Auge Halle Médiévale, sur la place du Marché et à la salle des fêtes 14170 SAINT-PIERRE-EN-AUGE",2026-12-12,2026-12-12,,,,,,
Humour et one (wo)man show,Manu joucla et eric massot,,CAEN,14000,14, 14000 CAEN,2026-12-15,2026-12-15,,,,,,
Concerts,K-pop forever !,,CAEN,14000,14, 14000 CAEN,2026-12-17,2026-12-17,,,,,,
Spectacle et comedie musicale,Festival mondial de la magie,,CAEN,14000,14, 14000 CAEN,2026-12-13,2026-12-13,,,,,,
Humour et one (wo)man show,Thierry garcia,,CAEN,14000,14, 14000 CAEN,2026-12-17,2026-12-17,,,,,,
Concerts,Danakil,,CAEN,14000,14, 14000 CAEN,2026-12-16,2026-12-16,,,,,,
Spectacles,Anne Roumanoff,,CERNAY,14290,14, 14290 CERNAY,2026-12-18,2026-12-18,,,,,,
Théatres,La folie des glandeurs,,CAEN,14000,14, 14000 CAEN,2026-12-17,2026-12-17,,,,,,
Théatres,Le pere noel a un incroyable talent,,CAEN,14000,14, 14000 CAEN,2026-12-19,2026-12-19,,,,,,
Marchés de Noël,Noël,Avenue du château Mézidon Vallée d'Auge Calvados Normandie,MEZIDON-CANON,14270,14,Avenue du château Mézidon Vallée d'Auge Calvados Normandie 14270 MEZIDON-CANON,2026-12-19,2026-12-31,,,,,,
Cirques,Le grand cirque de noel,,CAEN,14000,14, 14000 CAEN,2026-12-18,2026-12-18,,,,,,
Marchés de Noël,Marché de Noël,sous les Halles,DIVES-SUR-MER,14160,14,sous les Halles 14160 DIVES-SUR-MER,2026-12-20,2026-12-20,,,,,,
Messes,Bretteville-sur-Laize Notre Dame (Anciennement-Saint-Vigor) Messe de Noel,Notre Dame (Anciennement-Saint-Vigor) 14680 Bretteville-sur-Laize,BRETTEVILLE-SUR-LAIZE,14680,14,Notre Dame (Anciennement-Saint-Vigor) 14680 Bretteville-sur-Laize 14680 BRETTEVILLE-SUR-LAIZE,2026-12-24,2026-12-24,,,,,,
Bals Danses,Repas de noël,salle guinguette la roche à bunel Thury-Harcourt(14),THURY-HARCOURT,14220,14,salle guinguette la roche à bunel Thury-Harcourt(14) 14220 THURY-HARCOURT,2026-12-20,2026-12-20,,,,,,
Théatres,Au dodo pere noel,,CAEN,14000,14, 14000 CAEN,2026-12-21,2026-12-21,,,,,,
Messes,Dozulé Notre Dame Messe veille de Noel,Assomption Notre Dame 14430 Dozulé,DOZULE,14430,14,Assomption Notre Dame 14430 Dozulé 14430 DOZULE,2026-12-24,2026-12-24,,,,,,
Coups de coeur,Messe de la veille de Noël,Saint Sauveur,CONDE-SUR-NOIREAU,14110,14,Saint Sauveur 14110 CONDE-SUR-NOIREAU,2026-12-24,2026-12-24,,,,,,
Théatres,Le sapin de comptines,,CAEN,14000,14, 14000 CAEN,2026-12-28,2026-12-28,,,,,,
Messes,Ouistreham Chapelle-Sainte-Thérèse Riva Bella (Chapelle de Riva) Messe de Noel,Chapelle-Sainte-Thérèse Riva Bella (Chapelle de Riva) 14150 Ouistreham,OUISTREHAM,14150,14,Chapelle-Sainte-Thérèse Riva Bella (Chapelle de Riva) 14150 Ouistreham 14150 OUISTREHAM,2026-12-24,2026-12-24,,,,,,
Messes,Ouistreham Saint Samson Messe de Noel,Saint Samson 14150 Ouistreham,OUISTREHAM,14150,14,Saint Samson 14150 Ouistreham 14150 OUISTREHAM,2026-12-24,2026-12-24,,,,,,
Messes,Dozulé Assomption Notre Dame Messe de Noel,Assomption Notre Dame 14430 Dozulé,DOZULE,14430,14,Assomption Notre Dame 14430 Dozulé 14430 DOZULE,2026-12-25,2026-12-25,,,,,,
Humour et one (wo)man show,Arnaud cosson,,CAEN,14000,14, 14000 CAEN,2026-12-30,2026-12-30,,,,,,
Fêtes locales,La Fête du bouquet,,GRANDCAMP-MAISY,14450,14, 14450 GRANDCAMP-MAISY,2027-01-01,2027-01-01,,,,,,
Fêtes locales,La fête des Oeufs,,MEZIDON-CANON,14270,14, 14270 MEZIDON-CANON,2027-01-01,2027-01-01,,,,,,
Humour et one (wo)man show,Julien bing,,CAEN,14000,14, 14000 CAEN,2027-01-07,2027-01-07,,,,,,
Concerts,DE MICHEL BERGER A FRANCE GALL - TRIBUTE,,CAEN,14000,14, 14000 CAEN,2027-01-09,2027-01-09,,,,,,
Concerts,disiz,,CAEN,14000,14, 14000 CAEN,2027-01-07,2027-01-07,,,,,,
Humour et one (wo)man show,Sarah-anna,,CAEN,14000,14, 14000 CAEN,2027-01-15,2027-01-15,,,,,,
Théatres,J'adore l'amour,,CAEN,14000,14, 14000 CAEN,2027-01-14,2027-01-14,,,,,,
Concerts,FOREVER,,CAEN,14000,14, 14000 CAEN,2027-01-13,2027-01-13,,,,,,
Concerts,Forever - tribute to michael jackson,,CAEN,14000,14, 14000 CAEN,2027-01-13,2027-01-13,,,,,,
Humour et one (wo)man show,Gaetan petit,,CAEN,14000,14, 14000 CAEN,2027-01-15,2027-01-15,,,,,,
Humour et one (wo)man show,Jeffou le gnou,,CAEN,14000,14, 14000 CAEN,2027-01-13,2027-01-13,,,,,,
Spectacles,Forever - Tribute to Michael Jackson,Zénith de Caen - Normandie Rue Joseph Philippon 14000 CAEN,CAEN,14000,14,Zénith de Caen - Normandie Rue Joseph Philippon 14000 CAEN 14000 CAEN,2027-01-12,2027-02-07,,,,,,
Spectacles,PIERRE THEVENOUX,,CAEN,14000,14, 14000 CAEN,2027-01-16,2027-01-16,,,,,,
Humour et one (wo)man show,Walid jabbari,,CAEN,14000,14, 14000 CAEN,2027-01-16,2027-01-16,,,,,,
Humour et one (wo)man show,Marine leonardi,,CAEN,14000,14, 14000 CAEN,2027-01-16,2027-01-16,,,,,,
Humour et one (wo)man show,Pierre thevenoux,,CAEN,14000,14, 14000 CAEN,2027-01-16,2027-01-16,,,,,,
Concerts,ALDEBERT,,CAEN,14000,14, 14000 CAEN,2027-01-22,2027-01-22,,,,,,
Concerts,Aldebert,,CAEN,14000,14, 14000 CAEN,2027-01-22,2027-01-22,,,,,,
Humour et one (wo)man show,Mickael charles,,CAEN,14000,14, 14000 CAEN,2027-01-21,2027-01-21,,,,,,
Humour et one (wo)man show,Romuald maufras,,CAEN,14000,14, 14000 CAEN,2027-01-23,2027-01-23,,,,,,
Humour et one (wo)man show,Veronic dicaire,,CAEN,14000,14, 14000 CAEN,2027-01-17,2027-01-17,,,,,,
Spectacles,VÉRONIC DICAIRE,,CAEN,14000,14, 14000 CAEN,2027-01-17,2027-01-17,,,,,,
Concerts,Il etait une fois...,,CAEN,14000,14, 14000 CAEN,2027-01-26,2027-01-26,,,,,,
Concerts,Toujours vivant - 500 choristes,,CAEN,14000,14, 14000 CAEN,2027-01-24,2027-01-24,,,,,,
Humour et one (wo)man show,Helene vezier,,CAEN,14000,14, 14000 CAEN,2027-01-28,2027-01-28,,,,,,
Humour et one (wo)man show,Thomas marty,,CAEN,14000,14, 14000 CAEN,2027-01-29,2027-01-29,,,,,,
Théatres,Soiree entre meufs,,CAEN,14000,14, 14000 CAEN,2027-01-29,2027-01-29,,,,,,
Humour et one (wo)man show,Vanessa kayo,,CAEN,14000,14, 14000 CAEN,2027-01-29,2027-01-29,,,,,,
Spectacles,THOMAS MARTY,,CAEN,14000,14, 14000 CAEN,2027-01-29,2027-01-29,,,,,,
Humour et one (wo)man show,Guillaume guisset - en spectacle,,CAEN,14000,14, 14000 CAEN,2027-01-30,2027-01-30,,,,,,
Spectacles,LE ROI SOLEIL,,CAEN,14000,14, 14000 CAEN,2027-02-06,2027-02-06,,,,,,
Spectacle et comedie musicale,Celtic legends,,CAEN,14000,14, 14000 CAEN,2027-01-31,2027-01-31,,,,,,
Concerts,Grand corps malade,,CAEN,14000,14, 14000 CAEN,2027-01-30,2027-01-30,,,,,,
Concerts,GRAND CORPS MALADE,,CAEN,14000,14, 14000 CAEN,2027-01-30,2027-01-30,,,,,,
Spectacle et comedie musicale,Le roi soleil,,CAEN,14000,14, 14000 CAEN,2027-02-06,2027-02-06,,,,,,
Spectacles,CLEMENT VIKTOROVITCH,,CAEN,14000,14, 14000 CAEN,2027-02-02,2027-02-02,,,,,,
Humour et one (wo)man show,Nadege,,CAEN,14000,14, 14000 CAEN,2027-02-03,2027-02-03,,,,,,
Spectacles,PV,,CAEN,14000,14, 14000 CAEN,2027-01-30,2027-01-30,,,,,,
Humour et one (wo)man show,Caroline seba,,CAEN,14000,14, 14000 CAEN,2027-02-11,2027-02-11,,,,,,
Humour et one (wo)man show,Frederick sigrist,,CAEN,14000,14, 14000 CAEN,2027-02-19,2027-02-19,,,,,,
Humour et one (wo)man show,Fabrice eboue,,CAEN,14000,14, 14000 CAEN,2027-02-14,2027-02-14,,,,,,
Concerts,Hoshi,,CAEN,14000,14, 14000 CAEN,2027-02-18,2027-02-18,,,,,,
Concerts,HOSHI,,CAEN,14000,14, 14000 CAEN,2027-02-18,2027-02-18,,,,,,
Humour et one (wo)man show,Jarry,,CAEN,14000,14, 14000 CAEN,2027-02-19,2027-02-19,,,,,,
Spectacles,JARRY,,CAEN,14000,14, 14000 CAEN,2027-02-19,2027-02-19,,,,,,
Festivals,"Cabourg, capitale romantique",,CABOURG,14390,14, 14390 CABOURG,2027-02-14,2027-02-14,,,,,,
Bals Danses,Après-midi dansant,salle des fêtes Le Molay-Littry(14),LE MOLAY-LITTRY,14330,14,salle des fêtes Le Molay-Littry(14) 14330 LE MOLAY-LITTRY,2027-02-11,2027-02-11,,,,,,
Cirques,Les etoiles du cirque de pekin - odyssee,,CAEN,14000,14, 14000 CAEN,2027-02-11,2027-02-11,,,,,,
Concerts,Bernard lavilliers,,CAEN,14000,14, 14000 CAEN,2027-02-13,2027-02-13,,,,,,
Concerts,Abba gold the concert show,,CAEN,14000,14, 14000 CAEN,2027-03-11,2027-03-11,,,,,,
Humour et one (wo)man show,Hugo pecheur,,CAEN,14000,14, 14000 CAEN,2027-02-25,2027-02-25,,,,,,
Humour et one (wo)man show,Margot demeurisse,,CAEN,14000,14, 14000 CAEN,2027-03-11,2027-03-11,,,,,,
"Randonnées, Trail ou Running",Trail Nocturne au Clair de Lune,Place de l'église Moyaux,MOYAUX,14590,14,Place de l'église Moyaux 14590 MOYAUX,2027-02-27,2027-02-27,,,,,,
Humour et one (wo)man show,Kosh,,CAEN,14000,14, 14000 CAEN,2027-03-05,2027-03-05,,,,,,
Concerts,The u2 experience,,CAEN,14000,14, 14000 CAEN,2027-03-03,2027-03-03,,,,,,
Foires,Foire aux Arbres et aux Plantes,centre ville,LISIEUX,14100,14,centre ville 14100 LISIEUX,2027-03-06,2027-03-06,,,,,,
Bourses,Bourse militaria,1055 Rue Édouard Branly Parc des expositions de Lisieux 14366 Lisieux,LISIEUX,14366,14,1055 Rue Édouard Branly Parc des expositions de Lisieux 14366 Lisieux 14366 LISIEUX,2027-03-07,2027-03-07,,,,,,
Humour et one (wo)man show,Lucas et veufla,,CAEN,14000,14, 14000 CAEN,2027-03-12,2027-03-12,,,,,,
Foires,FOIRE DE PRINTEMPS,Saint-Pierre-en-Auge,SAINT-PIERRE-EN-AUGE,14170,14,Saint-Pierre-en-Auge 14170 SAINT-PIERRE-EN-AUGE,2027-03-13,2027-03-13,,,,,,
Concerts,Hiba tawaji invite ibrahim maalouf,,CAEN,14000,14, 14000 CAEN,2027-03-16,2027-03-16,,,,,,
Concerts,The world of queen,,CAEN,14000,14, 14000 CAEN,2027-03-19,2027-03-19,,,,,,
Concerts,MAGIC SYSTEM,,CAEN,14000,14, 14000 CAEN,2027-03-12,2027-03-12,,,,,,
Théatres,Les parents viennent de mars,,CAEN,14000,14, 14000 CAEN,2027-03-13,2027-03-13,,,,,,
Concerts,KEBLACK,,CAEN,14000,14, 14000 CAEN,2027-03-17,2027-03-17,,,,,,
Humour et one (wo)man show,Jonathan o'donnell,,CAEN,14000,14, 14000 CAEN,2027-03-20,2027-03-20,,,,,,
Foires,Foire aux Anes,,MOYAUX,14590,14, 14590 MOYAUX,2027-03-20,2027-03-20,,,,,,
Concerts,THE WORLD OF QUEEN,,CAEN,14000,14, 14000 CAEN,2027-03-19,2027-03-19,,,,,,
Théatres,Un chateau de cartes,,CAEN,14000,14, 14000 CAEN,2027-03-21,2027-03-21,,,,,,
Humour et one (wo)man show,Les bodin's,,CAEN,14000,14, 14000 CAEN,2027-03-26,2027-03-26,,,,,,
Spectacles,LES BODIN'S,,CAEN,14000,14, 14000 CAEN,2027-03-26,2027-03-26,,,,,,
Bals Danses,Repas dansant,salle des fêtes Saint-Germain-du-Crioult(14),SAINT-GERMAIN-DU-CRIOULT,14110,14,salle des fêtes Saint-Germain-du-Crioult(14) 14110 SAINT-GERMAIN-DU-CRIOULT,2027-03-21,2027-03-21,,,,,,
Vide-greniers,Bourse des couturières,,CREULLY SUR SEULES,14480,14, 14480 CREULLY SUR SEULES,2027-03-28,2027-03-28,,,,,,
Humour et one (wo)man show,Zize,,CAEN,14000,14, 14000 CAEN,2027-03-27,2027-03-27,,,,,,
Bals Danses,Repas dansant,salle des fête Le Molay-Littry(14),LE MOLAY-LITTRY,14330,14,salle des fête Le Molay-Littry(14) 14330 LE MOLAY-LITTRY,2027-03-28,2027-03-28,,,,,,
Marchés de Producteurs,MARCHE CAMPAGNARD A L'ANCIENNE Pâques,place des Dominicaines,PONT-L'EVEQUE,14130,14,place des Dominicaines 14130 PONT-L'EVEQUE,2027-03-28,2027-03-28,,,,,,
Foires,Vide grenier,"Le bourg, route de Bonnoeil",PIERREFITTE-EN-CINGLAIS,14690,14,"Le bourg, route de Bonnoeil 14690 PIERREFITTE-EN-CINGLAIS",2027-03-28,2027-03-28,,,,,,
Fêtes locales,&nbsp;Fête de Pâques&nbsp;,,CAMBREMER,14340,14, 14340 CAMBREMER,2027-03-28,2027-03-28,,,,,,
Spectacle et comedie musicale,Flashdance - the musical,,CAEN,14000,14, 14000 CAEN,2027-04-04,2027-04-04,,,,,,
Manifestations Automobiles,Rétro Auto Moto Tracteur à Moyaux,Moyaux,MOYAUX,14590,14,Moyaux 14590 MOYAUX,2027-04-04,2027-04-04,,,,,,
Vide-greniers,Vide-greniers lundi de Pâques,"gymnase, rue des Écoles, 14320 Fontenay-le-Marmion",FONTENAY-LE-MARMION,14320,14,"gymnase, rue des Écoles, 14320 Fontenay-le-Marmion 14320 FONTENAY-LE-MARMION",2027-03-29,2027-03-29,,,,,,
Spectacle et comedie musicale,Messmer - 13hz,,CAEN,14000,14, 14000 CAEN,2027-04-07,2027-04-07,,,,,,
Concerts,"Les annees 80, la tournee",,CAEN,14000,14, 14000 CAEN,2027-04-03,2027-04-03,,,,,,
Manifestations Automobiles,Porsch’Color HONFLEUR Rallye touristique,centre ville d’Honfleur,HONFLEUR,14600,14,centre ville d’Honfleur 14600 HONFLEUR,2027-04-03,2027-04-03,,,,,,
Fêtes foraines,FOIRE DE PÂQUES ET FÊTE FORAINE,Place du Marché – Saint-Pierre-sur-Dives,SAINT-PIERRE-EN-AUGE,14170,14,Place du Marché – Saint-Pierre-sur-Dives 14170 SAINT-PIERRE-EN-AUGE,2027-03-28,2027-03-28,,,,,,
Spectacles,MESSMER - 13Hz,,CAEN,14000,14, 14000 CAEN,2027-04-07,2027-04-07,,,,,,
Concerts,Keen'v,,CAEN,14000,14, 14000 CAEN,2027-04-09,2027-04-09,,,,,,
Concerts,KEEN'V,,CAEN,14000,14, 14000 CAEN,2027-04-09,2027-04-09,,,,,,
Humour et one (wo)man show,Dany boon,,CAEN,14000,14, 14000 CAEN,2027-04-14,2027-04-14,,,,,,
Humour et one (wo)man show,Cedric salaun en rodage,,CAEN,14000,14, 14000 CAEN,2027-04-10,2027-04-10,,,,,,
Humour et one (wo)man show,Arnaud tsamere,,CAEN,14000,14, 14000 CAEN,2027-04-24,2027-04-24,,,,,,
Concerts,Hubert felix thiefaine,,CAEN,14000,14, 14000 CAEN,2027-04-16,2027-04-16,,,,,,
Concerts,HUBERT FELIX THIEFAINE,,CAEN,14000,14, 14000 CAEN,2027-04-16,2027-04-16,,,,,,
Fêtes locales,La fête patronale,Village Épinay-sur-Odon - 14310,EPINAY-SUR-ODON,14310,14,Village Épinay-sur-Odon - 14310 14310 EPINAY-SUR-ODON,2027-05-01,2027-05-01,,,,,,
Vide-greniers,Vide-greniers et marché aux puces,,ARGENCES,14370,14, 14370 ARGENCES,2027-05-01,2027-05-01,,,,,,
Marchés de potiers,marché des potiers,prieure de Saint Gabriel-Brecy,SAINT-GABRIEL-BRECY,14480,14,prieure de Saint Gabriel-Brecy 14480 SAINT-GABRIEL-BRECY,2027-05-02,2027-05-02,,,,,,
Vide-greniers,Touques Vide-greniers,centre-ville,TOUQUES,14800,14,centre-ville 14800 TOUQUES,2027-04-26,2027-04-26,,,,,,
Brocantes,Foires à tout,boulevard Kennedy,MERVILLE-FRANCEVILLE-PLAGE,14810,14,boulevard Kennedy 14810 MERVILLE-FRANCEVILLE-PLAGE,2027-05-01,2027-05-01,,,,,,
Fêtes locales,fête du moulin de Marcy,,LE MOLAY-LITTRY,14330,14, 14330 LE MOLAY-LITTRY,2027-05-03,2027-05-03,,,,,,
Salons,Festival des AOC/AOP,CAMBREMER CAMBREMER,CAMBREMER,14340,14,CAMBREMER CAMBREMER 14340 CAMBREMER,2027-05-02,2027-05-02,,,,,,
Manifestations Automobiles,Fun Car de mai,,MOYAUX,14590,14, 14590 MOYAUX,2027-05-02,2027-05-02,,,,,,
Evènements,Commémoration du 8 mai 1945,,COURTONNE-LA-MEURDRAC,14100,14, 14100 COURTONNE-LA-MEURDRAC,2027-05-08,2027-05-08,,,,,,
Vide-greniers,Vide-greniers,le bourg,EPINAY-SUR-ODON,14310,14,le bourg 14310 EPINAY-SUR-ODON,2027-05-01,2027-05-01,,,,,,
Evènements,Commémorations du 8 mai 1945,,CAMPANDRE-VALCONGRAIN,14260,14, 14260 CAMPANDRE-VALCONGRAIN,2027-05-08,2027-05-08,,,,,,
Vide-greniers,Foire à tout du Stade saint-sauveurais,Chemin du Banc,LA RIVIERE-SAINT-SAUVEUR,14600,14,Chemin du Banc 14600 LA RIVIERE-SAINT-SAUVEUR,2027-05-08,2027-05-08,,,,,,
Fêtes locales,Fête du nautisme,,OUISTREHAM,14150,14, 14150 OUISTREHAM,2027-05-09,2027-05-09,,,,,,
Fêtes locales,&#129472;Fête du fromage à Pont-l'Évêque,Parc du bras d'Or 14130 Pont-l'Évêque,PONT-L'EVEQUE,14130,14,Parc du bras d'Or 14130 Pont-l'Évêque 14130 PONT-L'EVEQUE,2027-05-09,2027-05-09,,,,,,
Foires,foire des Rogations,,VIRE,14500,14, 14500 VIRE,2027-05-14,2027-05-14,,,,,,
Vide-greniers,FOIRE À TOUT,Place du marché à Saint-Pierre-sur-Dives,SAINT-PIERRE-EN-AUGE,14170,14,Place du marché à Saint-Pierre-sur-Dives 14170 SAINT-PIERRE-EN-AUGE,2027-05-14,2027-05-14,,,,,,
Vide-greniers,foire aux greniers,Village Trévières,TREVIERES,14710,14,Village Trévières 14710 TREVIERES,2027-05-14,2027-05-14,,,,,,
Carnavals,Carnaval des Gens de Mer,Honfleur 14600 Honfleur,HONFLEUR,14600,14,Honfleur 14600 Honfleur 14600 HONFLEUR,2027-05-17,2027-05-17,,,,,,
Vide-greniers,Vide-greniers Pentecôte,Vide-greniers Pentecôte BANVILLE,BANVILLE,14480,14,Vide-greniers Pentecôte BANVILLE 14480 BANVILLE,2027-05-24,2027-05-24,,,,,,
Vide-greniers,Vide-greniers Pentecôte,Vide-greniers Pentecôte CRESSERONS,CRESSERONS,14440,14,Vide-greniers Pentecôte CRESSERONS 14440 CRESSERONS,2027-05-24,2027-05-24,,,,,,
Evènements,&#129472;Chapitre de la Confrérie des Chevaliers du Fromage,,LIVAROT,14140,14, 14140 LIVAROT,2027-05-16,2027-05-16,,,,,,
Vide-greniers,Foire à tout lundi de Pentecôte,"au complexe sportif, 31 rue Éole.",EPRON,14610,14,"au complexe sportif, 31 rue Éole. 14610 EPRON",2027-05-25,2027-05-25,,,,,,
Carnavals,féeries vénitiennes de dives sur mer,rue du general de gaulle mairie,DIVES-SUR-MER,14160,14,rue du general de gaulle mairie 14160 DIVES-SUR-MER,2027-05-24,2027-05-24,,,,,,
Vide-greniers,Vide-greniers Pentecôte,14210 Tourville sur odon,GRAINVILLE-SUR-ODON,14210,14,14210 Tourville sur odon 14210 GRAINVILLE-SUR-ODON,2027-05-24,2027-05-24,,,,,,
Marchés de Producteurs,MARCHE CAMPAGNARD A L'ANCIENNE Pentecote,place des Dominicaines,PONT-L'EVEQUE,14130,14,place des Dominicaines 14130 PONT-L'EVEQUE,2027-05-24,2027-05-24,,,,,,
Brocantes,Brocante Lundi Pentecôte,"Brocante, 14910 Benerville-sur-Mer",BENERVILLE-SUR-MER,14910,14,"Brocante, 14910 Benerville-sur-Mer 14910 BENERVILLE-SUR-MER",2027-05-25,2027-05-25,,,,,,
Fêtes locales,Fête des Marins,Vieux Bassin 14600 HONFLEUR,HONFLEUR,14600,14,Vieux Bassin 14600 HONFLEUR 14600 HONFLEUR,2027-05-25,2027-05-25,,,,,,
Vide-greniers,Grande foire à tout de la Pentecôte,du cimetière au rond-point de l’Espérance,LISIEUX,14100,14,du cimetière au rond-point de l’Espérance 14100 LISIEUX,2027-05-25,2027-05-25,,,,,,
Vide-greniers,Vide greniers lundi pentecote,Coudray-Rabut,PONT-L'EVEQUE,14130,14,Coudray-Rabut 14130 PONT-L'EVEQUE,2027-05-25,2027-05-25,,,,,,
Festivals,festival d'art de rue,,MONDEVILLE,14120,14, 14120 MONDEVILLE,2027-05-30,2027-05-30,,,,,,
Vide-greniers,VIDE JARDINS,place du marché Le Molay-Littry - 14330,LE MOLAY-LITTRY,14330,14,place du marché Le Molay-Littry - 14330 14330 LE MOLAY-LITTRY,2027-05-25,2027-05-25,,,,,,
Evènements,Normandy-Day,,ISIGNY-SUR-MER,14230,14, 14230 ISIGNY-SUR-MER,2027-06-06,2027-06-06,,,,,,
Salons,Salon des Alternatives,,COURTONNE-LA-MEURDRAC,14100,14, 14100 COURTONNE-LA-MEURDRAC,2027-06-06,2027-06-06,,,,,,
Salons,Journées des radio-amateurs,château de Creully,CREULLY SUR SEULES,14480,14,château de Creully 14480 CREULLY SUR SEULES,2027-06-06,2027-06-06,,,,,,
Vide-greniers,Bingo bouse et foire à tout,,CAMBREMER,14340,14, 14340 CAMBREMER,2027-06-06,2027-06-06,,,,,,
Evènements,commémorations du Débarquement,,VIERVILLE-SUR-MER,14710,14, 14710 VIERVILLE-SUR-MER,2027-06-06,2027-06-06,,,,,,
Fêtes locales,FÊTE DU CAMEMBERT LANQUETOT,Centre ville Orbec,ORBEC,14290,14,Centre ville Orbec 14290 ORBEC,2027-06-07,2027-06-07,,,,,,
Festivals,festival Vassy Fais-Moi Rire,,VASSY,14410,14, 14410 VASSY,2027-06-13,2027-06-13,,,,,,
Sorties Moto,Le Rallye du Rétro Moto Club,,LUC-SUR-MER,14530,14, 14530 LUC-SUR-MER,2027-06-21,2027-06-21,,,,,,
Fêtes locales,La fête de la pêche,,COURTONNE-LA-MEURDRAC,14100,14, 14100 COURTONNE-LA-MEURDRAC,2027-06-14,2027-06-14,,,,,,
Evènements,Isigny D Day parade,,ISIGNY-SUR-MER,14230,14, 14230 ISIGNY-SUR-MER,2027-06-08,2027-06-08,,,,,,
Foires,Foire d'Isigny,,ISIGNY-SUR-MER,14230,14, 14230 ISIGNY-SUR-MER,2027-06-20,2027-06-20,,,,,,
Manifestations Automobiles,RETROFESTIVAL,HIPPODROMME,CAEN,14000,14,HIPPODROMME 14000 CAEN,2027-06-27,2027-06-27,,,,,,
Courses,Les Foulées du Pays d'Auge,Le Bourg,COURTONNE-LA-MEURDRAC,14100,14,Le Bourg 14100 COURTONNE-LA-MEURDRAC,2027-06-21,2027-06-21,,,,,,
"Randonnées, Trail ou Running",rallye pédestre,,SAINTE-MARIE-LAUMONT,14350,14, 14350 SAINTE-MARIE-LAUMONT,2027-06-14,2027-06-14,,,,,,
Fêtes médiévales,Les Médiévales de Touques,village,TOUQUES,14800,14,village 14800 TOUQUES,2027-06-27,2027-06-27,,,,,,
Fêtes locales,Fête de l'Ecanet,,VILLERS-BOCAGE,14310,14, 14310 VILLERS-BOCAGE,2027-06-27,2027-06-27,,,,,,
Vide-greniers,Vide-greniers et marché aux puces,,FEUGUEROLLES-BULLY,14320,14, 14320 FEUGUEROLLES-BULLY,2027-06-28,2027-06-28,,,,,,
Fêtes locales,La fête de la Saint-Martin,Village 14340 Bonnebosq,BONNEBOSQ,14340,14,Village 14340 Bonnebosq 14340 BONNEBOSQ,2027-07-04,2027-07-04,,,,,,
Fêtes médiévales,Fête et Marché médiéval,Bayeux,BAYEUX,14400,14,Bayeux 14400 BAYEUX,2027-07-04,2027-07-04,,,,,,
Vide-greniers,Roucamps. Vide-greniers,Roucamps. Vide-greniers ROUCAMPS,ROUCAMPS,14260,14,Roucamps. Vide-greniers ROUCAMPS 14260 ROUCAMPS,2027-07-05,2027-07-05,,,,,,
Vide-greniers,Vide-greniers de juillet,,LUC-SUR-MER,14530,14, 14530 LUC-SUR-MER,2027-07-12,2027-07-12,,,,,,
Feux d'artifice,Feux d’artifice Fete nationale,Argences,ARGENCES,14370,14,Argences 14370 ARGENCES,2027-07-13,2027-07-13,,,,,,
Manifestations Automobiles,Fun Car de juillet.,,MOYAUX,14590,14, 14590 MOYAUX,2027-07-04,2027-07-04,,,,,,
Brocantes,Brocante,,LIVAROT,14140,14, 14140 LIVAROT,2027-07-04,2027-07-04,,,,,,
Vide-greniers,Vide greniers,,CARVILLE,14350,14, 14350 CARVILLE,2027-07-05,2027-07-05,,,,,,
Feux d'artifice,Feux d’artifice Fete nationale,Aunay-sur-Odon,AUNAY-SUR-ODON,14260,14,Aunay-sur-Odon 14260 AUNAY-SUR-ODON,2027-07-13,2027-07-13,,,,,,
Feux d'artifice,Feux d’artifice Fete nationale,Blonville-sur-Mer,BLONVILLE-SUR-MER,14910,14,Blonville-sur-Mer 14910 BLONVILLE-SUR-MER,2027-07-13,2027-07-13,,,,,,
Feux d'artifice,Feu d'artifice,château d’Outrelaise,GOUVIX,14680,14,château d’Outrelaise 14680 GOUVIX,2027-07-13,2027-07-13,,,,,,
Feux d'artifice,Feu d'artifice,avenue Michel-d’Ornano,DOZULE,14430,14,avenue Michel-d’Ornano 14430 DOZULE,2027-07-13,2027-07-13,,,,,,
Feux d'artifice,Feux d’artifice Fete nationale,Cambremer,CAMBREMER,14340,14,Cambremer 14340 CAMBREMER,2027-07-13,2027-07-13,,,,,,
Feux d'artifice,Feux d’artifice Fete nationale,Bayeux,BAYEUX,14400,14,Bayeux 14400 BAYEUX,2027-07-13,2027-07-13,,,,,,
Feux d'artifice,Feux d’artifice Fete nationale,Falaise,FALAISE,14700,14,Falaise 14700 FALAISE,2027-07-13,2027-07-13,,,,,,
Feux d'artifice,Feux d’artifice Fete nationale,Fleury-sur-Orne,FLEURY-SUR-ORNE,14123,14,Fleury-sur-Orne 14123 FLEURY-SUR-ORNE,2027-07-13,2027-07-13,,,,,,
Feux d'artifice,Feux d’artifice Fete nationale,Esquay-Notre-Dame,ESQUAY-NOTRE-DAME,14210,14,Esquay-Notre-Dame 14210 ESQUAY-NOTRE-DAME,2027-07-13,2027-07-13,,,,,,
Feux d'artifice,Feux d’artifice Fete nationale,Lisieux,LISIEUX,14100,14,Lisieux 14100 LISIEUX,2027-07-13,2027-07-13,,,,,,
Feux d'artifice,Feux d’artifice Fete nationale,Hérouville-Saint-Clair,HEROUVILLE-SAINT-CLAIR,14200,14,Hérouville-Saint-Clair 14200 HEROUVILLE-SAINT-CLAIR,2027-07-13,2027-07-13,,,,,,
Feux d'artifice,Feux d’artifice Fete nationale,Livarot,LIVAROT,14140,14,Livarot 14140 LIVAROT,2027-07-13,2027-07-13,,,,,,
Feux d'artifice,Feux d’artifice Fete nationale,Grandcamp-Maisy,GRANDCAMP-MAISY,14450,14,Grandcamp-Maisy 14450 GRANDCAMP-MAISY,2027-07-13,2027-07-13,,,,,,
Feux d'artifice,Feu d'artifice,Plage,LION-SUR-MER,14780,14,Plage 14780 LION-SUR-MER,2027-07-13,2027-07-13,,,,,,
Feux d'artifice,Feux d’artifice Fete nationale,Le Molay-Littry,LE MOLAY-LITTRY,14330,14,Le Molay-Littry 14330 LE MOLAY-LITTRY,2027-07-13,2027-07-13,,,,,,
Feux d'artifice,Feux d’artifice Fete nationale,Luc-sur-Mer,LUC-SUR-MER,14530,14,Luc-sur-Mer 14530 LUC-SUR-MER,2027-07-13,2027-07-13,,,,,,
Feux d'artifice,Feux d’artifice Fete nationale,Orbec,ORBEC,14290,14,Orbec 14290 ORBEC,2027-07-13,2027-07-13,,,,,,
Feux d'artifice,Feu d'artifice,parking de l’école,MAY-SUR-ORNE,14320,14,parking de l’école 14320 MAY-SUR-ORNE,2027-07-13,2027-07-13,,,,,,
Feux d'artifice,Feux d’artifice Fete nationale,Ouistreham,OUISTREHAM,14150,14,Ouistreham 14150 OUISTREHAM,2027-07-13,2027-07-13,,,,,,
Feux d'artifice,Feu d'artifice,jardins des coteaux de la Mue,ROTS,14980,14,jardins des coteaux de la Mue 14980 ROTS,2027-07-13,2027-07-13,,,,,,
Feux d'artifice,Feux d’artifice Fete nationale,Villerville,VILLERVILLE,14113,14,Villerville 14113 VILLERVILLE,2027-07-13,2027-07-13,,,,,,
Feux d'artifice,Feux d’artifice Fete nationale,Arromanches,ARROMANCHES-LES-BAINS,14117,14,Arromanches 14117 ARROMANCHES-LES-BAINS,2027-07-14,2027-07-14,,,,,,
Feux d'artifice,"Feu d'artifice, bal",,VILLERVILLE,14113,14, 14113 VILLERVILLE,2027-07-13,2027-07-13,,,,,,
Vide-greniers,Vide-Grenier,Parc communal,BEUVILLERS,14100,14,Parc communal 14100 BEUVILLERS,2027-07-14,2027-07-14,,,,,,
Feux d'artifice,Feux d’artifice Fete nationale,Pont-l'Évêque,PONT-L'EVEQUE,14130,14,Pont-l'Évêque 14130 PONT-L'EVEQUE,2027-07-13,2027-07-13,,,,,,
Feux d'artifice,Feux d’artifice Fete nationale,Saint-Pierre-en-Auge,SAINT-PIERRE-EN-AUGE,14170,14,Saint-Pierre-en-Auge 14170 SAINT-PIERRE-EN-AUGE,2027-07-13,2027-07-13,,,,,,
Feux d'artifice,Feu d'artifice,Plage,BERNIERES-SUR-MER,14990,14,Plage 14990 BERNIERES-SUR-MER,2027-07-14,2027-07-14,,,,,,
Salons,Salon des antiquaires,Esplanade Woolsery 14430 Beuvron-en-Auge,BEUVRON-EN-AUGE,14430,14,Esplanade Woolsery 14430 Beuvron-en-Auge 14430 BEUVRON-EN-AUGE,2027-07-14,2027-07-14,,,,,,
Feux d'artifice,Feux d’artifice Fete nationale,Caen,CAEN,14000,14,Caen 14000 CAEN,2027-07-14,2027-07-14,,,,,,
Feux d'artifice,Feux d’artifice Fete nationale,Vierville-sur-Mer,VIERVILLE-SUR-MER,14710,14,Vierville-sur-Mer 14710 VIERVILLE-SUR-MER,2027-07-13,2027-07-13,,,,,,
Vide-greniers,Vide-greniers et marché aux puces,,COLOMBELLES,14460,14, 14460 COLOMBELLES,2027-07-14,2027-07-14,,,,,,
Feux d'artifice,Feux d’artifice Fete nationale,Deauville,DEAUVILLE,14800,14,Deauville 14800 DEAUVILLE,2027-07-14,2027-07-14,,,,,,
Feux d'artifice,Feu d'artifice,Jetée,COURSEULLES-SUR-MER,14470,14,Jetée 14470 COURSEULLES-SUR-MER,2027-07-14,2027-07-14,,,,,,
Feux d'artifice,Feu d'artifice,port de pêche,DIVES-SUR-MER,14160,14,port de pêche 14160 DIVES-SUR-MER,2027-07-14,2027-07-14,,,,,,
Vide-greniers,Vide-Grenier,"Places de la mairie et du 18 juin 1940, digue",LION-SUR-MER,14780,14,"Places de la mairie et du 18 juin 1940, digue 14780 LION-SUR-MER",2027-07-14,2027-07-14,,,,,,
Feux d'artifice,Feu d'artifice,"terrain du manoir, au bas de la rue Jean-Moulin",POTIGNY,14420,14,"terrain du manoir, au bas de la rue Jean-Moulin 14420 POTIGNY",2027-07-14,2027-07-14,,,,,,
Feux d'artifice,Feu d'artifices à Port en Bessin-Huppain,"Avant-port, jetée Est 14520 Port-en-Bessin-Huppain",PORT-EN-BESSIN-HUPPAIN,14520,14,"Avant-port, jetée Est 14520 Port-en-Bessin-Huppain 14520 PORT-EN-BESSIN-HUPPAIN",2027-07-14,2027-07-14,,,,,,
Feux d'artifice,Feux d’artifice Fete nationale,Honfleur,HONFLEUR,14600,14,Honfleur 14600 HONFLEUR,2027-07-14,2027-07-14,,,,,,
Feux d'artifice,Fête Nationale,,TOUQUES,14800,14, 14800 TOUQUES,2027-07-14,2027-07-14,,,,,,
Feux d'artifice,Feu d'artifice,stade Eugène-Moulin,MEZIDON-CANON,14270,14,stade Eugène-Moulin 14270 MEZIDON-CANON,2027-07-14,2027-07-14,,,,,,
Bals Danses,Bal populaire,Parking de l'Hôtel de Ville 14360 Trouville-sur-Mer,TROUVILLE-SUR-MER,14360,14,Parking de l'Hôtel de Ville 14360 Trouville-sur-Mer 14360 TROUVILLE-SUR-MER,2027-07-14,2027-07-14,,,,,,
Feux d'artifice,Feu d'artifice et bal du 14 juillet,,VILLERS-SUR-MER,14640,14, 14640 VILLERS-SUR-MER,2027-07-14,2027-07-14,,,,,,
Feux d'artifice,Feu d'Artifice,Terrain du Manoir,SOUMONT-SAINT-QUENTIN,14420,14,Terrain du Manoir 14420 SOUMONT-SAINT-QUENTIN,2027-07-14,2027-07-14,,,,,,
Vide-greniers,Vide-grenier,,VILLERVILLE,14113,14, 14113 VILLERVILLE,2027-07-14,2027-07-14,,,,,,
Festivals,Festival de rues,,HOULGATE,14510,14, 14510 HOULGATE,2027-07-18,2027-07-18,,,,,,
Feux d'artifice,Feux d’artifice Fete nationale,Vire,VIRE,14500,14,Vire 14500 VIRE,2027-07-14,2027-07-14,,,,,,
Brocantes,Grande brocante du 15 aout,,ISIGNY-SUR-MER,14230,14, 14230 ISIGNY-SUR-MER,2027-07-15,2027-07-15,,,,,,
Fêtes locales,Fête des plantes,,CREULLY SUR SEULES,14480,14, 14480 CREULLY SUR SEULES,2027-07-18,2027-07-18,,,,,,
Concerts,ONE NIGHT OF QUEEN,,CAEN,14000,14, 14000 CAEN,2027-09-30,2027-09-30,,,,,,
Concerts,One night of queen,,CAEN,14000,14, 14000 CAEN,2027-09-30,2027-09-30,,,,,,
Théatres,Elles pardonnent mais n'oublient jamais,,CAEN,14000,14, 14000 CAEN,2027-10-09,2027-10-09,,,,,,
Concerts,GAEL FAYE,,CAEN,14000,14, 14000 CAEN,2027-11-04,2027-11-04,,,,,,
Concerts,Patrick fiori,,CAEN,14000,14, 14000 CAEN,2027-11-20,2027-11-20,,,,,,
Concerts,Christophe Willem 2027,,CAEN,14000,14, 14000 CAEN,2027-10-23,2027-10-23,,,,,,
Concerts,I gotta feeling - saison 3,,CAEN,14000,14, 14000 CAEN,2027-11-25,2027-11-25,,,,,,
Humour et one (wo)man show,Nino arial,,CAEN,14000,14, 14000 CAEN,2027-12-16,2027-12-16,,,,,,
Concerts,PATRICK FIORI,,CAEN,14000,14, 14000 CAEN,2027-11-20,2027-11-20,,,,,,
Humour et one (wo)man show,Edouard deloignon,,CAEN,14000,14, 14000 CAEN,2028-01-21,2028-01-21,,,,,,
Spectacles,EDOUARD DELOIGNON,,CAEN,14000,14, 14000 CAEN,2028-01-21,2028-01-21,,,,,,
Concerts,GOLDMEN - CONCERT BEST OF GOLDMAN,,CAEN,14000,14, 14000 CAEN,2028-06-09,2028-06-09,,,,,,
Spectacles,PHILIPPE CAVERIVIERE,,CAEN,14000,14, 14000 CAEN,2028-02-09,2028-02-09,,,,,,
Concerts,Goldmen - concert best of goldman,,CAEN,14000,14, 14000 CAEN,2028-06-09,2028-06-09,,,,,,
Concerts,VIANNEY,,CAEN,14000,14, 14000 CAEN,2028-03-17,2028-03-17,,,,,,
Concerts,DUO 6/4 ODEON,Auditorium du conservatoire 5 esplanade François Rabelais HEROUVILLE ST CLAIR,HEROUVILLE-SAINT-CLAIR,14200,14,Auditorium du conservatoire 5 esplanade François Rabelais HEROUVILLE ST CLAIR 14200 HEROUVILLE-SAINT-CLAIR,,,,,,,,
Marchés,MARCHÉ HEBDOMADAIRE,Place de l'Église,SAIGNES,15240,15,Place de l'Église 15240 SAIGNES,2026-07-21,2026-07-21,,,,,,
Marchés,Marché traditionnel,Place de la Fontaine,PIERREFORT,15230,15,Place de la Fontaine 15230 PIERREFORT,2026-07-22,2026-07-22,,,,,,
Marchés,MARCHE TRADITIONNEL D'ALLANCHE,MARCHE COUVERT,ALLANCHE,15160,15,MARCHE COUVERT 15160 ALLANCHE,2026-07-21,2026-07-21,,,,,,
Marchés,MARCHE TRADITIONNEL DE MARCENAT,Le Bourg,MARCENAT,15190,15,Le Bourg 15190 MARCENAT,2026-07-23,2026-07-23,,,,,,
Marchés,Marché Couvert mercredi,Marché couvert 14 rue de la coste à Aurillac,AURILLAC,15000,15,Marché couvert 14 rue de la coste à Aurillac 15000 AURILLAC,2026-07-22,2026-07-22,,,,,,
Marchés de Producteurs,TOUS LES MERCREDIS SOIRS MARCHE DE PRODUCTEURS,Place du Gravier 15110 CHAUDES-AIGUES,CHAUDES-AIGUES,15110,15,Place du Gravier 15110 CHAUDES-AIGUES 15110 CHAUDES-AIGUES,2026-07-22,2026-07-22,,,,,,
Marchés,MARCHE HEBDOMADAIRE MAURS,,MAURS,15600,15, 15600 MAURS,2026-07-23,2026-07-23,,,,,,
Marchés,MARCHÉ HEBDOMADAIRE,HALLE COUVERTE Place du 19 mars 1962,CHAMPS-SUR-TARENTAINE-MARCHAL,15270,15,HALLE COUVERTE Place du 19 mars 1962 15270 CHAMPS-SUR-TARENTAINE-MARCHAL,2026-07-23,2026-07-23,,,,,,
Vide-greniers,Brocante,15100 Saint-Flour,SAINT-FLOUR,15100,15,15100 Saint-Flour 15100 SAINT-FLOUR,2026-07-22,2026-07-22,,,,,,
Marchés,Marché Marmiers,à côté du Centre social de Marmiers Aurillac,AURILLAC,15000,15,à côté du Centre social de Marmiers Aurillac 15000 AURILLAC,2026-07-23,2026-07-23,,,,,,
Marchés,Marché hebdomadaire,place Tyssandier d'Escous Salers - 15140,SALERS,15140,15,place Tyssandier d'Escous Salers - 15140 15140 SALERS,2026-07-22,2026-07-22,,,,,,
"Randonnées, Trail ou Running","RANDONNEE ""LES RDV DU JEUDI""",Allées Georges Pompidou,SAINT-FLOUR,15100,15,Allées Georges Pompidou 15100 SAINT-FLOUR,2026-07-23,2026-07-23,,,,,,
Marchés,Marché du vendredi,parking de l’avenue des Prades Aurillac,AURILLAC,15000,15,parking de l’avenue des Prades Aurillac 15000 AURILLAC,2026-07-24,2026-07-24,,,,,,
Marchés de Producteurs,Drive fermier Aurillac (Village d'entreprises du Garric),Drive fermier Aurillac (Village d'entreprises du Garric) Avenue du Garric 15000 Aurillac,AURILLAC,15000,15,Drive fermier Aurillac (Village d'entreprises du Garric) Avenue du Garric 15000 Aurillac 15000 AURILLAC,2026-07-24,2026-07-24,,,,,,
Marchés,MARCHE HEBDOMADAIRE LAROQUEBROU,,LAROQUEBROU,15150,15, 15150 LAROQUEBROU,2026-07-24,2026-07-24,,,,,,
Marchés,Jour de marché,halle couverte Naucelles - 15000,NAUCELLES,15000,15,halle couverte Naucelles - 15000 15000 NAUCELLES,2026-07-24,2026-07-24,,,,,,
Marchés de Producteurs,Drive fermier Aurillac (ZI de Lescudillers),Drive fermier Aurillac (ZI de Lescudillers) Z.I. de Lescudillers rue Bernard Palissy (\u00e0 proximité du Leclerc Drive) 15000 Aurillac,AURILLAC,15000,15,Drive fermier Aurillac (ZI de Lescudillers) Z.I. de Lescudillers rue Bernard Palissy (\u00e0 proximité du Leclerc Drive) 15000 Aurillac 15000 AURILLAC,2026-07-24,2026-07-24,,,,,,
Marchés de Producteurs,Drive fermier Murat (Grange de la Haute-Vallée),Drive fermier Murat (Grange de la Haute-Vallée) Pignou\r 15300 Murat,MURAT,15300,15,Drive fermier Murat (Grange de la Haute-Vallée) Pignou\r 15300 Murat 15300 MURAT,2026-07-24,2026-07-24,,,,,,
Marchés,MARCHE TRADITIONNEL DE MURAT,,MURAT,15300,15, 15300 MURAT,2026-07-24,2026-07-24,,,,,,
Concours de pétanque et de boules,CONCOURS DE PETANQUE,Terrain de la Gare,MURAT,15300,15,Terrain de la Gare 15300 MURAT,2026-07-24,2026-07-24,,,,,,
Marchés,MARCHÉ HEBDOMADAIRE,Place Georges Pompidou,YDES,15210,15,Place Georges Pompidou 15210 YDES,2026-07-24,2026-07-24,,,,,,
Marchés de Producteurs,Drive fermier Prunet (Jardin de Jurlhes),Drive fermier Prunet (Jardin de Jurlhes) Chez Daniel Malvezin\r Jurlhes 15130 Prunet,PRUNET,15130,15,Drive fermier Prunet (Jardin de Jurlhes) Chez Daniel Malvezin\r Jurlhes 15130 Prunet 15130 PRUNET,2026-07-24,2026-07-24,,,,,,
Festivals,Festival de l'Accordéon,centre village Raulhac - 15800,RAULHAC,15800,15,centre village Raulhac - 15800 15800 RAULHAC,2026-07-25,2026-07-25,,,,,,
Fêtes locales,FÊTE PATRONALE DE LA SAINT-JACQUES,,LANOBRE,15270,15, 15270 LANOBRE,2026-07-25,2026-07-25,,,,,,
Marchés,Marché hebdomadaire,"Enclos de la médiathèque 15310, Saint-Cernin",SAINT-CERNIN,15310,15,"Enclos de la médiathèque 15310, Saint-Cernin 15310 SAINT-CERNIN",2026-07-24,2026-07-24,,,,,,
Fêtes,FETE DES PANIERS,,MONTSALVY,15120,15, 15120 MONTSALVY,2026-07-25,2026-07-25,,,,,,
Marchés,Marché Couvert samedi,Marché couvert 14 rue de la coste à Aurillac,AURILLAC,15000,15,Marché couvert 14 rue de la coste à Aurillac 15000 AURILLAC,2026-07-25,2026-07-25,,,,,,
Salons,Marché de la laine,MAISON DU TOURISME ET DU PARC DES VOLCANS,MURAT,15300,15,MAISON DU TOURISME ET DU PARC DES VOLCANS 15300 MURAT,2026-07-25,2026-07-25,,,,,,
Marchés,Marché hebdomadaire,Place Georges Pompidou 15200 Mauriac,MAURIAC,15200,15,Place Georges Pompidou 15200 Mauriac 15200 MAURIAC,2026-07-25,2026-07-25,,,,,,
Marchés nocturnes,MARCHÉ DE PAYS,SALLE POLYVALENTE HENRI MOINS Place du 19 mars 1962,CHAMPS-SUR-TARENTAINE-MARCHAL,15270,15,SALLE POLYVALENTE HENRI MOINS Place du 19 mars 1962 15270 CHAMPS-SUR-TARENTAINE-MARCHAL,2026-07-25,2026-07-25,,,,,,
Fêtes,FETE DE LA FENAISON ET DU BATTAGE,Orcières,NEUVEGLISE,15260,15,Orcières 15260 NEUVEGLISE,2026-07-25,2026-07-25,,,,,,
Fêtes locales,Fête de la lentille,Le bourg,TALIZAT,15170,15,Le bourg 15170 TALIZAT,2026-07-25,2026-07-25,,,,,,
Marchés,Le jour de marché,"Village Arpajon-sur-Cère Place de la République, Arpajon-sur-Cère",ARPAJON-SUR-CERE,15130,15,"Village Arpajon-sur-Cère Place de la République, Arpajon-sur-Cère 15130 ARPAJON-SUR-CERE",2026-07-26,2026-07-26,,,,,,
Fêtes locales,FETE DE LA SAINTE-CHRISTINE,,SAINT-FLOUR,15100,15, 15100 SAINT-FLOUR,2026-07-25,2026-07-25,,,,,,
Vide-greniers,Vide grenier à Crandelles,parking 15250 CRANDELLES,CRANDELLES,15250,15,parking 15250 CRANDELLES 15250 CRANDELLES,2026-07-26,2026-07-26,,,,,,
Marchés,MARCHÉ TRADITIONNEL,Marché traditionnel de Saint-Flour Halle aux Bleds Place de la Halle 15100 Saint-Flour,SAINT-FLOUR,15100,15,Marché traditionnel de Saint-Flour Halle aux Bleds Place de la Halle 15100 Saint-Flour 15100 SAINT-FLOUR,2026-07-25,2026-07-25,,,,,,
Vide-greniers,Vide-grenier à Brezons,Route des Montagnes 15230 Brezons,BREZONS,15230,15,Route des Montagnes 15230 Brezons 15230 BREZONS,2026-07-26,2026-07-26,,,,,,
Conférences Débats,"TOUS LES DIMANCHES, THE DANSANT AU CASINO",CASINO DE CHAUDES-AIGUES 29 Place du Gravier,CHAUDES-AIGUES,15110,15,CASINO DE CHAUDES-AIGUES 29 Place du Gravier 15110 CHAUDES-AIGUES,2026-07-26,2026-07-26,,,,,,
Annonces cyclistes et cyclosportives,SORTIES VELO TOUS LES DIMANCHES MATINS,15110 CHAUDES-AIGUES,CHAUDES-AIGUES,15110,15,15110 CHAUDES-AIGUES 15110 CHAUDES-AIGUES,2026-07-26,2026-07-26,,,,,,
Vide-greniers,Vide-greniers,Place du village 15320 Ruynes-en-Margeride,RUYNES-EN-MARGERIDE,15320,15,Place du village 15320 Ruynes-en-Margeride 15320 RUYNES-EN-MARGERIDE,2026-07-26,2026-07-26,,,,,,
Fêtes locales,FÊTE DU PAIN À CHEYROUSE,Le Bourg,TRIZAC,15400,15,Le Bourg 15400 TRIZAC,2026-07-25,2026-07-25,,,,,,
Marchés de Producteurs,Jour de marché,place de l’Eglise Jussac - 15250,JUSSAC,15250,15,place de l’Eglise Jussac - 15250 15250 JUSSAC,2026-07-26,2026-07-26,,,,,,
Bals Danses,Thé Dansant,15800 Vic-sur-Cère,VIC-SUR-CERE,15800,15,15800 Vic-sur-Cère 15800 VIC-SUR-CERE,2026-07-26,2026-07-26,,,,,,
Fêtes,POTS D'ACCUEIL,OFFICE DE TOURISME,PLEAUX,15700,15,OFFICE DE TOURISME 15700 PLEAUX,2026-07-26,2026-07-26,,,,,,
Concerts,Jean-Claude Borelly et sa Trompette d'Or à Massiac,,MASSIAC,15500,15, 15500 MASSIAC,2026-07-28,2026-07-28,,,,,,
Marchés,Marché,Place de la Mairie 15290 Le Rouget-Pers,LE ROUGET,15290,15,Place de la Mairie 15290 Le Rouget-Pers 15290 LE ROUGET,2026-07-26,2026-07-26,,,,,,
Marchés,Le Marché,Village Saint Paul des Landes,SAINT-PAUL-DES-LANDES,15250,15,Village Saint Paul des Landes 15250 SAINT-PAUL-DES-LANDES,2026-07-26,2026-07-26,,,,,,
Marchés,jour de marché,salle des fêtes Saint-Paul-des-Landes - 15250,SAINT-PAUL-DES-LANDES,15250,15,salle des fêtes Saint-Paul-des-Landes - 15250 15250 SAINT-PAUL-DES-LANDES,2026-07-26,2026-07-26,,,,,,
Concerts,Jean-Claude Borelly et sa Trompette d'Or à Cassaniouze,,CASSANIOUZE,15340,15, 15340 CASSANIOUZE,2026-07-29,2026-07-29,,,,,,
Fêtes locales,fête patronale,Le bourg 15230 Cézens,CEZENS,15230,15,Le bourg 15230 Cézens 15230 CEZENS,2026-08-01,2026-08-01,,,,,,
Concerts,Jean-Claude Borelly et sa Trompette d'Or à Laroquebrou,,LAROQUEBROU,15150,15, 15150 LAROQUEBROU,2026-07-30,2026-07-30,,,,,,
"Randonnées, Trail ou Running",Sortie running trail,ZAC de la Ponétie,AURILLAC,15000,15,ZAC de la Ponétie 15000 AURILLAC,2026-08-01,2026-08-01,,,,,,
Fêtes locales,Fête du four de Conroc,Conroc - Loupiac 15700 Pleaux,PLEAUX,15700,15,Conroc - Loupiac 15700 Pleaux 15700 PLEAUX,2026-08-02,2026-08-02,,,,,,
Brocantes,Brocante Mensuelle,Halle de Lescudilliers - Rue Denis Papin Aurillac - 15000,AURILLAC,15000,15,Halle de Lescudilliers - Rue Denis Papin Aurillac - 15000 15000 AURILLAC,2026-08-03,2026-08-03,,,,,,
Fêtes,FÊTE D'ETE,SALLE POLYVALENTE ANDRÉ BERGERON,ANGLARDS-DE-SALERS,15380,15,SALLE POLYVALENTE ANDRÉ BERGERON 15380 ANGLARDS-DE-SALERS,2026-08-02,2026-08-02,,,,,,
Fêtes,FÊTE DU LIVRE ET MARCHÉ ARTISANAL,SALLE POLYVALENTE HENRI MOINS Place du 19 mars 1962,CHAMPS-SUR-TARENTAINE-MARCHAL,15270,15,SALLE POLYVALENTE HENRI MOINS Place du 19 mars 1962 15270 CHAMPS-SUR-TARENTAINE-MARCHAL,2026-08-02,2026-08-02,,,,,,
Vide-greniers,MARCHE AUX PUCES - VIDE-GRENIERS,Place Georges Pompidou 15200 Mauriac,MAURIAC,15200,15,Place Georges Pompidou 15200 Mauriac 15200 MAURIAC,2026-08-03,2026-08-03,,,,,,
Marchés de Producteurs,Marché de producteurs,salle polyvalente Velzic - 15590,VELZIC,15590,15,salle polyvalente Velzic - 15590 15590 VELZIC,2026-08-03,2026-08-03,,,,,,
Marchés,MARCHE DE PAYS LES CASTANHADAS,,MOURJOU,15340,15, 15340 MOURJOU,2026-08-06,2026-08-06,,,,,,
Foires,FOIRE DE RIOM-ÈS-MONTAGNES,15400 RIOM-ES-MONTAGNES,RIOM-ES-MONTAGNES,15400,15,15400 RIOM-ES-MONTAGNES 15400 RIOM-ES-MONTAGNES,2026-08-06,2026-08-06,,,,,,
Brocantes,Foire à la brocante,Parking de la piscine 15110 Chaudes-Aigues,CHAUDES-AIGUES,15110,15,Parking de la piscine 15110 Chaudes-Aigues 15110 CHAUDES-AIGUES,2026-08-14,2026-08-14,,,,,,
Festivals,Festival International de Boogie Woogie,15150 Laroquebrou,LAROQUEBROU,15150,15,15150 Laroquebrou 15150 LAROQUEBROU,2026-08-08,2026-08-08,,,,,,
Fêtes locales,Fête Patronale de Cheylade,Cheylade - 15400 Cantal france,CHEYLADE,15400,15,Cheylade - 15400 Cantal france 15400 CHEYLADE,2026-08-15,2026-08-15,,,,,,
Fêtes locales,Drignac en fête,15700 Ally,ALLY,15700,15,15700 Ally 15700 ALLY,2026-08-15,2026-08-15,,,,,,
Vide-greniers,Vide-greniers,"Le bourg et bas du village 15380, Anglards-de-Salers",ANGLARDS-DE-SALERS,15380,15,"Le bourg et bas du village 15380, Anglards-de-Salers 15380 ANGLARDS-DE-SALERS",2026-08-14,2026-08-14,,,,,,
"Randonnées, Trail ou Running",Rainbow Run,15600 Boisset,BOISSET,15600,15,15600 Boisset 15600 BOISSET,2026-08-15,2026-08-15,,,,,,
Fêtes locales,Fête de l'Aiguade,MONTGRELEIX Cantal France,MONTGRELEIX,15190,15,MONTGRELEIX Cantal France 15190 MONTGRELEIX,2026-08-08,2026-08-08,,,,,,
Fêtes locales,Fête Patronale de Leynhac,15600 Leynhac,LEYNHAC,15600,15,15600 Leynhac 15600 LEYNHAC,2026-08-15,2026-08-15,,,,,,
"Randonnées, Trail ou Running",Les Foulées du Cézallier,Le bourg 15190 Marcenat,MARCENAT,15190,15,Le bourg 15190 Marcenat 15190 MARCENAT,2026-08-15,2026-08-15,,,,,,
Fêtes locales,Fête de la Saint-Roch,15190 Montgreleix,MONTGRELEIX,15190,15,15190 Montgreleix 15190 MONTGRELEIX,2026-08-15,2026-08-15,,,,,,
Fêtes locales,Fête Patronale de Montsalvy,15120 Montsalvy,MONTSALVY,15120,15,15120 Montsalvy 15120 MONTSALVY,2026-08-15,2026-08-15,,,,,,
Vide-greniers,Vide-greniers et marché aux puces,,PLEAUX,15700,15, 15700 PLEAUX,2026-08-15,2026-08-15,,,,,,
Fêtes locales,Fête patronale,"Loubaresse, Salle Polyvalente",LOUBARESSE,15390,15,"Loubaresse, Salle Polyvalente 15390 LOUBARESSE",2026-08-15,2026-08-15,,,,,,
Fêtes locales,Fête patronale de Saignes,15240 Saignes,SAIGNES,15240,15,15240 Saignes 15240 SAIGNES,2026-08-15,2026-08-15,,,,,,
Fêtes locales,Fête Patronale à Quézac,15600 Quézac,QUEZAC,15600,15,15600 Quézac 15600 QUEZAC,2026-08-15,2026-08-15,,,,,,
Fêtes locales,FETE PATRONALE DE LOUPIAC,LOUPIAC,PLEAUX,15700,15,LOUPIAC 15700 PLEAUX,2026-08-15,2026-08-15,,,,,,
Fêtes locales,Fête patronale du 15 août,Place du village 15320 Ruynes-en-Margeride,RUYNES-EN-MARGERIDE,15320,15,Place du village 15320 Ruynes-en-Margeride 15320 RUYNES-EN-MARGERIDE,2026-08-15,2026-08-15,,,,,,
Spectacles,Gala folklorique,PLACE TYSSANDIER D'ESCOUS 15140 Salers,SALERS,15140,15,PLACE TYSSANDIER D'ESCOUS 15140 Salers 15140 SALERS,2026-08-15,2026-08-15,,,,,,
Fêtes locales,Fête patronale de Sainte-Marie et embrasement du village,15230 Sainte-Marie,SAINTE-MARIE,15230,15,15230 Sainte-Marie 15230 SAINTE-MARIE,2026-08-15,2026-08-15,,,,,,
Festivals,gala folklorique,Centre ville Salers - 15140,SALERS,15140,15,Centre ville Salers - 15140 15140 SALERS,2026-08-15,2026-08-15,,,,,,
Fêtes locales,Fête de la Ségalassière,LA SEGALASSIERE,LA SEGALASSIERE,15290,15,LA SEGALASSIERE 15290 LA SEGALASSIERE,2026-08-15,2026-08-15,,,,,,
Fêtes locales,Fête de la myrtille,Place du village 15320 Ruynes-en-Margeride,RUYNES-EN-MARGERIDE,15320,15,Place du village 15320 Ruynes-en-Margeride 15320 RUYNES-EN-MARGERIDE,2026-08-16,2026-08-16,,,,,,
Fêtes locales,Fete du 15 aout,Dans le bourg et au théâtre de verdure 15800 Vic-sur-Cère,VIC-SUR-CERE,15800,15,Dans le bourg et au théâtre de verdure 15800 Vic-sur-Cère 15800 VIC-SUR-CERE,2026-08-15,2026-08-15,,,,,,
Fêtes locales,Fête de la Saint Roch à Boisset,15600 Boisset,BOISSET,15600,15,15600 Boisset 15600 BOISSET,2026-08-16,2026-08-16,,,,,,
Fêtes locales,FÊTE PATRONALE À LUGARDE,Le Bourg,LUGARDE,15190,15,Le Bourg 15190 LUGARDE,2026-08-22,2026-08-22,,,,,,
Fêtes locales,Fête de la Saint Césaire à Maurs,15600 Maurs,MAURS,15600,15,15600 Maurs 15600 MAURS,2026-08-22,2026-08-22,,,,,,
Fêtes locales,Fête de Maurs la Jolie,Tour de Ville à MAURS 15600,MAURS,15600,15,Tour de Ville à MAURS 15600 15600 MAURS,2026-08-22,2026-08-22,,,,,,
Vide-greniers,VIDE-GRENIERS,,SALERS,15140,15, 15140 SALERS,2026-08-22,2026-08-22,,,,,,
"Randonnées, Trail ou Running",Trail des 6 Burons,Place du Coudert 15400 Riom-ès-Montagnes,RIOM-ES-MONTAGNES,15400,15,Place du Coudert 15400 Riom-ès-Montagnes 15400 RIOM-ES-MONTAGNES,2026-08-29,2026-08-29,,,,,,
Fêtes locales,Fête patronale de la Sainte Croix,15340 Cassaniouze,CASSANIOUZE,15340,15,15340 Cassaniouze 15340 CASSANIOUZE,2026-09-05,2026-09-05,,,,,,
Fêtes,FÊTE PATRONALE DE MEALLET,Le bourg,MEALLET,15200,15,Le bourg 15200 MEALLET,2026-09-05,2026-09-05,,,,,,
Fêtes,FESTA DE L'OREILHA,SALLE DES FÊTES Rue du Stade,CHAMPS-SUR-TARENTAINE-MARCHAL,15270,15,SALLE DES FÊTES Rue du Stade 15270 CHAMPS-SUR-TARENTAINE-MARCHAL,2026-09-05,2026-09-05,,,,,,
Fêtes locales,fête de la Saint-Barthélémy,Village Crandelles - 15250,CRANDELLES,15250,15,Village Crandelles - 15250 15250 CRANDELLES,2026-08-29,2026-08-29,,,,,,
Journées du patrimoine,JOURNÉES EUROPÉENNES DU PATRIMOINE MOURJOU,,MOURJOU,15340,15, 15340 MOURJOU,2026-09-19,2026-09-19,,,,,,
Bals Danses,Bal de décembre,Salle des fêtes 15170 Talizat,TALIZAT,15170,15,Salle des fêtes 15170 Talizat 15170 TALIZAT,2026-09-06,2026-09-06,,,,,,
Fêtes,FETE PATRONALE A SAINT-JUST,Le bourg,LOUBARESSE,15390,15,Le bourg 15390 LOUBARESSE,2026-09-06,2026-09-06,,,,,,
Fêtes,LA FÊTE DE LA MOULE,SALLE POLYVALENTE HENRI MOINS Place du 19 mars 1962,CHAMPS-SUR-TARENTAINE-MARCHAL,15270,15,SALLE POLYVALENTE HENRI MOINS Place du 19 mars 1962 15270 CHAMPS-SUR-TARENTAINE-MARCHAL,2026-09-12,2026-09-12,,,,,,
Fêtes,FETE PATRONALE A MONTCHANSON,,LOUBARESSE,15390,15, 15390 LOUBARESSE,2026-09-12,2026-09-12,,,,,,
Evènements VTT,La Dériv'Chaines,15590 Velzic,VELZIC,15590,15,15590 Velzic 15590 VELZIC,2026-09-26,2026-09-26,,,,,,
Fêtes locales,Fête du Cornet,Mairie Place de l'Hôtel de Ville,MURAT,15300,15,Mairie Place de l'Hôtel de Ville 15300 MURAT,2026-09-20,2026-09-20,,,,,,
Annonces cyclistes et cyclosportives,SOUVENIR ALFRED RANCILLAC,MONTCHAMP,MONTCHAMP,15100,15,MONTCHAMP 15100 MONTCHAMP,2026-09-20,2026-09-20,,,,,,
Coups de coeur,Virade de l'espoir,Rue de la Fontaine Minérale 15140 Saint-Martin-Valmeroux,SAINT-MARTIN-VALMEROUX,15140,15,Rue de la Fontaine Minérale 15140 Saint-Martin-Valmeroux 15140 SAINT-MARTIN-VALMEROUX,2026-09-27,2026-09-27,,,,,,
Fêtes locales,FETE DU CORNET,Centre ville Murat - 15300,MURAT,15300,15,Centre ville Murat - 15300 15300 MURAT,2026-09-20,2026-09-20,,,,,,
Fêtes locales,Fête du battage du blé noir,Route de Pleaux 15200 Mauriac,MAURIAC,15200,15,Route de Pleaux 15200 Mauriac 15200 MAURIAC,2026-09-27,2026-09-27,,,,,,
Fêtes locales,Fête de la Pomme &#127822;,Crouzit-Haut 15200 Mauriac,MAURIAC,15200,15,Crouzit-Haut 15200 Mauriac 15200 MAURIAC,2026-10-11,2026-10-11,,,,,,
Fêtes locales,FETE DE LA TARTE A LA TOME,Raulhac,RAULHAC,15800,15,Raulhac 15800 RAULHAC,2026-10-03,2026-10-03,,,,,,
Fêtes locales,FETE DE LA NOIX - LES RASCALOUS,Village 15340 Sénezergues,SENEZERGUES,15340,15,Village 15340 Sénezergues 15340 SENEZERGUES,2026-10-03,2026-10-03,,,,,,
Fêtes locales,Fête de la pomme de terre,,VILLEDIEU,15100,15, 15100 VILLEDIEU,2026-10-11,2026-10-11,,,,,,
Fêtes locales,&#127904; fête d'automne &#127904;,Village 15340 Sénezergues,SENEZERGUES,15340,15,Village 15340 Sénezergues 15340 SENEZERGUES,2026-10-31,2026-10-31,,,,,,
Fêtes locales,FETE DU SARRASIN,,BOISSET,15600,15, 15600 BOISSET,2026-10-04,2026-10-04,,,,,,
Concerts,Chimene badi,,SAINT-FLOUR,15100,15, 15100 SAINT-FLOUR,2026-10-25,2026-10-25,,,,,,
Fêtes locales,Fête des Palhàs : foire aux pommes &#127822; et aux fruits de la tradition,Place de la Gare 15500 Massiac,MASSIAC,15500,15,Place de la Gare 15500 Massiac 15500 MASSIAC,2026-10-31,2026-10-31,,,,,,
Foires,Foire de la Chataigne à Mourjou,15340 Mourjou,MOURJOU,15340,15,15340 Mourjou 15340 MOURJOU,2026-10-17,2026-10-17,,,,,,
Salons,Les Ateliers de Raulhac,Centre village Raulhac - 15800,RAULHAC,15800,15,Centre village Raulhac - 15800 15800 RAULHAC,2026-10-31,2026-10-31,,,,,,
Concerts,La fiesta au prisme,,AURILLAC,15000,15, 15000 AURILLAC,2026-11-14,2026-11-14,,,,,,
Concerts,Feu! chatterton,,AURILLAC,15000,15, 15000 AURILLAC,2026-11-18,2026-11-18,,,,,,
Parc,Domaine des grottes de han,,SAINT-JACQUES-DES-BLATS,15580,15, 15580 SAINT-JACQUES-DES-BLATS,2026-11-11,2026-11-11,,,,,,
Foires,Foire chevaline,Marché au cadran 15200 Mauriac,MAURIAC,15200,15,Marché au cadran 15200 Mauriac 15200 MAURIAC,2026-12-03,2026-12-03,,,,,,
Concerts,Marine,,AURILLAC,15000,15, 15000 AURILLAC,2026-12-04,2026-12-04,,,,,,
Concerts,Christophe mae,,AURILLAC,15000,15, 15000 AURILLAC,2026-12-09,2026-12-09,,,,,,
"Randonnées, Trail ou Running",Ecir hivernal,15300 Murat,MURAT,15300,15,15300 Murat 15300 MURAT,2026-12-05,2026-12-05,,,,,,
Marchés de Noël,MARCHE DE NOEL,15100 SAINT-FLOUR,SAINT-FLOUR,15100,15,15100 SAINT-FLOUR 15100 SAINT-FLOUR,2026-12-12,2026-12-12,,,,,,
Marchés de Noël,Marché de Noël,Au gymnase municipal - Rue du 19 mars 15800 Vic-sur-Cère,VIC-SUR-CERE,15800,15,Au gymnase municipal - Rue du 19 mars 15800 Vic-sur-Cère 15800 VIC-SUR-CERE,2026-12-06,2026-12-06,,,,,,
Marchés de Noël,Marché de Noel à Clavières,Salle communale Le Bourg 15320 Clavières,CLAVIERES,15320,15,Salle communale Le Bourg 15320 Clavières 15320 CLAVIERES,2026-12-05,2026-12-05,,,,,,
Concerts,MARINE,,AURILLAC,15000,15, 15000 AURILLAC,2026-12-04,2026-12-04,,,,,,
Marchés de Noël,Marché de Noel,Salle polyvalente 15160 Allanche,ALLANCHE,15160,15,Salle polyvalente 15160 Allanche 15160 ALLANCHE,2026-12-13,2026-12-13,,,,,,
Marchés de Noël,Marché de Noel,Chapiteau chauffé 15200 Chalvignac,CHALVIGNAC,15200,15,Chapiteau chauffé 15200 Chalvignac 15200 CHALVIGNAC,2026-12-13,2026-12-13,,,,,,
Marchés de Noël,Marché de Noel à Lafeuillade-en-Vézie,15130 Lafeuillade-en-Vézie,LAFEUILLADE-EN-VEZIE,15130,15,15130 Lafeuillade-en-Vézie 15130 LAFEUILLADE-EN-VEZIE,2026-12-13,2026-12-13,,,,,,
Marchés de Noël,Marché de Noel à Montsalvy,Parc du Château 15120 Montsalvy,MONTSALVY,15120,15,Parc du Château 15120 Montsalvy 15120 MONTSALVY,2026-12-13,2026-12-13,,,,,,
Concerts,HUBERT FELIX THIEFAINE,,AURILLAC,15000,15, 15000 AURILLAC,2026-12-17,2026-12-17,,,,,,
Marchés de Noël,Journée de Noel à Saint Etienne de Chomeil,15400 Saint-Étienne-de-Chomeil,SAINT-ETIENNE-DE-CHOMEIL,15400,15,15400 Saint-Étienne-de-Chomeil 15400 SAINT-ETIENNE-DE-CHOMEIL,2026-12-13,2026-12-13,,,,,,
Concerts,Hubert felix thiefaine,,AURILLAC,15000,15, 15000 AURILLAC,2026-12-17,2026-12-17,,,,,,
Marchés de Noël,Marché de Noël,Rue des écoles 15310 Saint-Cernin,SAINT-CERNIN,15310,15,Rue des écoles 15310 Saint-Cernin 15310 SAINT-CERNIN,2026-12-20,2026-12-20,,,,,,
"Randonnées, Trail ou Running",Corrida de Noel,Gymnase de la Vigière 15100 Saint-Flour,SAINT-FLOUR,15100,15,Gymnase de la Vigière 15100 Saint-Flour 15100 SAINT-FLOUR,2026-12-19,2026-12-19,,,,,,
Marchés de Noël,Marché de Noel,Salle de la vidalie 15130 Arpajon-sur-Cère,ARPAJON-SUR-CERE,15130,15,Salle de la vidalie 15130 Arpajon-sur-Cère 15130 ARPAJON-SUR-CERE,2026-12-20,2026-12-20,,,,,,
Marchés de Noël,Marché de Noel,Saint-Martin-Valmeroux,SAINT-MARTIN-VALMEROUX,15140,15,Saint-Martin-Valmeroux 15140 SAINT-MARTIN-VALMEROUX,2026-12-20,2026-12-20,,,,,,
Parc,Areka,,DIENNE,15300,15, 15300 DIENNE,2027-01-03,2027-01-03,,,,,,
Spectacles,LES CHEVALIERS DU FIEL,,AURILLAC,15000,15, 15000 AURILLAC,2027-01-29,2027-01-29,,,,,,
Humour et one (wo)man show,Bernard mabille,,AURILLAC,15000,15, 15000 AURILLAC,2027-01-24,2027-01-24,,,,,,
"Randonnées, Trail ou Running",Raid des Garabiers,,CHALVIGNAC,15200,15, 15200 CHALVIGNAC,2027-02-13,2027-02-13,,,,,,
Annonces cyclistes et cyclosportives,PRIX D'OUVERTURE,SAINT-CONSTANT,SAINT-CONSTANT,15600,15,SAINT-CONSTANT 15600 SAINT-CONSTANT,2027-03-07,2027-03-07,,,,,,
Fêtes locales,Fête des Tersons Aubrac - La fête des boeuf gras de Paques à Pierrefort,"Bourg de Pierrefort Bureau de Tourisme de Pierrefort 29, Avenue Georges Pompidou 15230 Pierrefort",PIERREFORT,15230,15,"Bourg de Pierrefort Bureau de Tourisme de Pierrefort 29, Avenue Georges Pompidou 15230 Pierrefort 15230 PIERREFORT",2027-03-13,2027-03-13,,,,,,
Concerts,Benabar,,AURILLAC,15000,15, 15000 AURILLAC,2027-03-06,2027-03-06,,,,,,
Foires,La foire des Rameaux,Ville Saint-Flour - 15100,SAINT-FLOUR,15100,15,Ville Saint-Flour - 15100 15100 SAINT-FLOUR,2027-03-21,2027-03-21,,,,,,
Spectacle et comedie musicale,Celtic legends,,AURILLAC,15000,15, 15000 AURILLAC,2027-03-11,2027-03-11,,,,,,
Spectacles,LE LAC DES CYGNES,,AURILLAC,15000,15, 15000 AURILLAC,2027-03-18,2027-03-18,,,,,,
Brocantes,La Brocante,Boisset,BOISSET,15600,15,Boisset 15600 BOISSET,2027-04-04,2027-04-04,,,,,,
Fêtes locales,Fete des Tersons Aubrac,Dans le rues de la ville de Pierrefort 15230 Pierrefort,PIERREFORT,15230,15,Dans le rues de la ville de Pierrefort 15230 Pierrefort 15230 PIERREFORT,2027-03-13,2027-03-13,,,,,,
Foires,FOIRE AU Matériel Agricole,,MAURS,15600,15, 15600 MAURS,2027-04-10,2027-04-10,,,,,,
Vide-greniers,Vide-greniers et marché aux puces,Centre du village 6 Place de l'Église 15600 Saint-Constant-Fournoulès,SAINT-CONSTANT,15600,15,Centre du village 6 Place de l'Église 15600 Saint-Constant-Fournoulès 15600 SAINT-CONSTANT,2027-05-03,2027-05-03,,,,,,
Foires,Foire du premier mai à Faverolles,Loubaresse - 15390 Cantal France,LOUBARESSE,15390,15,Loubaresse - 15390 Cantal France 15390 LOUBARESSE,2027-05-01,2027-05-01,,,,,,
Vide-greniers,Vide-greniers et marché aux puces,,MURAT,15300,15, 15300 MURAT,2027-05-01,2027-05-01,,,,,,
Bals Danses,BAL DE LA FOIRE A FAVEROLLES,Salle des Fêtes Faverolles,LOUBARESSE,15390,15,Salle des Fêtes Faverolles 15390 LOUBARESSE,2027-04-30,2027-04-30,,,,,,
Foires,FOIRE DU 1ER MAI,"Saint-Illide CANTAL, France",SAINT-ILLIDE,15310,15,"Saint-Illide CANTAL, France 15310 SAINT-ILLIDE",2027-05-01,2027-05-01,,,,,,
Bals Danses,THÉ DANSANT DU MUGUET,CENTRE SOCIO-CULTUREL 17 rue du Professeur Henri Mondor,YDES,15210,15,CENTRE SOCIO-CULTUREL 17 rue du Professeur Henri Mondor 15210 YDES,2027-05-01,2027-05-01,,,,,,
Foires,foire du 8 mai,Village Chaudes-Aigues - 15110,CHAUDES-AIGUES,15110,15,Village Chaudes-Aigues - 15110 15110 CHAUDES-AIGUES,2027-05-08,2027-05-08,,,,,,
Fêtes locales,Montée libre à l'estive - Fete de l'estive,15160 Allanche,ALLANCHE,15160,15,15160 Allanche 15160 ALLANCHE,2027-05-24,2027-05-24,,,,,,
Foires,La Foire de la Saint-Urbain,,AURILLAC,15000,15, 15000 AURILLAC,2027-05-24,2027-05-24,,,,,,
Fêtes locales,Fête de l’Estive,"Allanche Place du Cézallier Allanche, 15160 France",ALLANCHE,15160,15,"Allanche Place du Cézallier Allanche, 15160 France 15160 ALLANCHE",2027-05-23,2027-05-23,,,,,,
"Randonnées, Trail ou Running",La Jussacoise,Gymnase municipale,JUSSAC,15250,15,Gymnase municipale 15250 JUSSAC,2027-06-07,2027-06-07,,,,,,
Vide-greniers,BROCANTE - VIDE GRENIERS,Place du docteur Moret,MASSIAC,15500,15,Place du docteur Moret 15500 MASSIAC,2027-06-21,2027-06-21,,,,,,
Fêtes locales,FÊTE PATRONALE DE SAINT-ÉTIENNE DE CHOMEIL,Le Bourg,SAINT-ETIENNE-DE-CHOMEIL,15400,15,Le Bourg 15400 SAINT-ETIENNE-DE-CHOMEIL,2027-06-13,2027-06-13,,,,,,
Bals Danses,Bal en juin,Salle des fêtes 15170 Talizat,TALIZAT,15170,15,Salle des fêtes 15170 Talizat 15170 TALIZAT,2027-06-07,2027-06-07,,,,,,
Foires,Foire à la Cerise,Centre village Saint-Constant - 15600,SAINT-CONSTANT,15600,15,Centre village Saint-Constant - 15600 15600 SAINT-CONSTANT,2027-06-06,2027-06-06,,,,,,
Fêtes locales,FETE DE LA CERISE,Place du docteur Moret,MASSIAC,15500,15,Place du docteur Moret 15500 MASSIAC,2027-06-14,2027-06-14,,,,,,
Fêtes locales,Fête Patronale de Roannes Saint-Mary,,ROANNES-SAINT-MARY,15220,15, 15220 ROANNES-SAINT-MARY,2027-06-20,2027-06-20,,,,,,
Fêtes locales,FETE DU PAIN DE LABONTAT,ANCIENNE ECOLE LABONTAT,SAINT-ILLIDE,15310,15,ANCIENNE ECOLE LABONTAT 15310 SAINT-ILLIDE,2027-06-27,2027-06-27,,,,,,
Fêtes locales,FETE PATRONALE DE COREN,,SAINT-FLOUR,15100,15, 15100 SAINT-FLOUR,2027-06-27,2027-06-27,,,,,,
Fêtes locales,Fête patronale de la Saint-Jean,15160 Allanche,ALLANCHE,15160,15,15160 Allanche 15160 ALLANCHE,2027-06-27,2027-06-27,,,,,,
Festivals,Festival C'Mouvoir,15270 Champs-sur-Tarentaine-Marchal,CHAMPS-SUR-TARENTAINE-MARCHAL,15270,15,15270 Champs-sur-Tarentaine-Marchal 15270 CHAMPS-SUR-TARENTAINE-MARCHAL,2027-07-04,2027-07-04,,,,,,
Fêtes locales,Jaleyrac en fête &#127919;,La Sapinière 15200 Jaleyrac,JALEYRAC,15200,15,La Sapinière 15200 Jaleyrac 15200 JALEYRAC,2027-07-04,2027-07-04,,,,,,
Concerts,Festival des Bruits de la Tete,"Eglise, Place du village",MARCENAT,15190,15,"Eglise, Place du village 15190 MARCENAT",2027-07-04,2027-07-04,,,,,,
Fêtes locales,FÊTE PATRONALE,SALLE DES FETES,SAINT-MARTIN-CANTALES,15140,15,SALLE DES FETES 15140 SAINT-MARTIN-CANTALES,2027-07-04,2027-07-04,,,,,,
Bals Danses,Bal du 14 juillet à Montsalvy,15120 Montsalvy,MONTSALVY,15120,15,15120 Montsalvy 15120 MONTSALVY,2027-07-13,2027-07-13,,,,,,
Fêtes locales,fête à Lavigerie,Lavigerie Cantal France,LAVIGERIE,15300,15,Lavigerie Cantal France 15300 LAVIGERIE,2027-07-11,2027-07-11,,,,,,
Evènements,Festa del Dallaires,15190 Marcenat,MARCENAT,15190,15,15190 Marcenat 15190 MARCENAT,2027-07-05,2027-07-05,,,,,,
Fêtes locales,Fête du 14 juillet feu d'artifice soirée dansante,Place de l'Hôtel de Ville et Stade Jean Jambon 15300 Murat,MURAT,15300,15,Place de l'Hôtel de Ville et Stade Jean Jambon 15300 Murat 15300 MURAT,2027-07-13,2027-07-13,,,,,,
"Randonnées, Trail ou Running",Tour Pédestre à Saint-Etienne de Chomeil,15400 Saint-Étienne-de-Chomeil,SAINT-ETIENNE-DE-CHOMEIL,15400,15,15400 Saint-Étienne-de-Chomeil 15400 SAINT-ETIENNE-DE-CHOMEIL,2027-07-13,2027-07-13,,,,,,
Feux d'artifice,Fête nationale du 14 juillet,Place du Haut du Bourg 15380 Anglards-de-Salers,ANGLARDS-DE-SALERS,15380,15,Place du Haut du Bourg 15380 Anglards-de-Salers 15380 ANGLARDS-DE-SALERS,2027-07-14,2027-07-14,,,,,,
Vide-greniers,Vide-greniers et marché aux puces,,LANDEYRAT,15160,15, 15160 LANDEYRAT,2027-07-14,2027-07-14,,,,,,
Fêtes locales,Fête nationale,Parc des gîtes 15140 Fontanges,FONTANGES,15140,15,Parc des gîtes 15140 Fontanges 15140 FONTANGES,2027-07-14,2027-07-14,,,,,,
Feux d'artifice,Fête Nationale,15500 Massiac,MASSIAC,15500,15,15500 Massiac 15500 MASSIAC,2027-07-14,2027-07-14,,,,,,
Foires,Foire aux livres,Le bourg Ruynes-en-Margeride,RUYNES-EN-MARGERIDE,15320,15,Le bourg Ruynes-en-Margeride 15320 RUYNES-EN-MARGERIDE,2027-07-14,2027-07-14,,,,,,
Fêtes locales,Fête nationale,15000 Aurillac,AURILLAC,15000,15,15000 Aurillac 15000 AURILLAC,2027-07-14,2027-07-14,,,,,,
Fêtes locales,Concours et fête de l'âne,Bellevue 15240 Saignes,SAIGNES,15240,15,Bellevue 15240 Saignes 15240 SAIGNES,2027-07-14,2027-07-14,,,,,,
Fêtes locales,Fête de la Pêche,15300 Murat,MURAT,15300,15,15300 Murat 15300 MURAT,2027-07-14,2027-07-14,,,,,,
Fêtes médiévales,Médiévale de Miremont,,CHALVIGNAC,15200,15, 15200 CHALVIGNAC,2027-07-14,2027-07-14,,,,,,
Fêtes locales,Fête du 14 juillet,Rue Fernand Talandier 15200 Mauriac,MAURIAC,15200,15,Rue Fernand Talandier 15200 Mauriac 15200 MAURIAC,2027-07-14,2027-07-14,,,,,,
Marchés de potiers,MARCHE DE POTIERS,Place du Cézallier,ALLANCHE,15160,15,Place du Cézallier 15160 ALLANCHE,2027-07-18,2027-07-18,,,,,,
Fêtes locales,FETE DE LA FENAISON,Village Coltines,COLTINES,15170,15,Village Coltines 15170 COLTINES,2027-07-18,2027-07-18,,,,,,
Concerts,Goldmen - concert best of goldman,,AURILLAC,15000,15, 15000 AURILLAC,2028-03-18,2028-03-18,,,,,,
Annonces cyclistes et cyclosportives,Chrono de la Bertrande,Saint-Chamant - 15140,SAINT-CHAMANT,15140,15,Saint-Chamant - 15140 15140 SAINT-CHAMANT,2027-07-18,2027-07-18,,,,,,
Concerts,GOLDMEN - CONCERT BEST OF GOLDMAN,,AURILLAC,15000,15, 15000 AURILLAC,2028-03-18,2028-03-18,,,,,,
Fêtes locales,Fête de Sainte Athilie,Le bourg 15190 Marcenat,MARCENAT,15190,15,Le bourg 15190 Marcenat 15190 MARCENAT,2027-07-18,2027-07-18,,,,,,
Concerts,The world of queen,,AURILLAC,15000,15, 15000 AURILLAC,2028-03-02,2028-03-02,,,,,,
Concerts,THE WORLD OF QUEEN,,AURILLAC,15000,15, 15000 AURILLAC,2028-03-02,2028-03-02,,,,,,
Foires,Foire mensuelle,16260 Chasseneuil sur Bonnieure,CHASSENEUIL-SUR-BONNIEURE,16260,16,16260 Chasseneuil sur Bonnieure 16260 CHASSENEUIL-SUR-BONNIEURE,2026-07-22,2026-07-22,,,,,,
Marchés,Marché du mercredi,Place Sarreguemines 16260 Chasseneuil sur Bonnieure,CHASSENEUIL-SUR-BONNIEURE,16260,16,Place Sarreguemines 16260 Chasseneuil sur Bonnieure 16260 CHASSENEUIL-SUR-BONNIEURE,2026-07-22,2026-07-22,,,,,,
Brocantes,Braderie de la caverne d'aliba chats,18 rue du Claud du Bourg 16410 Dignac,DIGNAC,16410,16,18 rue du Claud du Bourg 16410 Dignac 16410 DIGNAC,2026-07-25,2026-07-25,,,,,,
Marchés,Jour de marché,place de l'Hôtel de Ville devant la Mairie,AIGRE,16140,16,place de l'Hôtel de Ville devant la Mairie 16140 AIGRE,2026-07-23,2026-07-23,,,,,,
Marchés de Producteurs,Le marché de plein vent,MONS Place du Languedoc,MONS,16140,16,MONS Place du Languedoc 16140 MONS,2026-07-24,2026-07-24,,,,,,
Marchés,MARCHE HEBDOMADAIRE,MARCHÉ HEBDOMADAIRE 16390 Aubeterre-sur-Dronne,AUBETERRE-SUR-DRONNE,16390,16,MARCHÉ HEBDOMADAIRE 16390 Aubeterre-sur-Dronne 16390 AUBETERRE-SUR-DRONNE,2026-07-26,2026-07-26,,,,,,
Marchés,MARCHE HEBDOMADAIRE,MARCHÉ HEBDOMADAIRE 16320 Villebois-Lavalette,VILLEBOIS-LAVALETTE,16320,16,MARCHÉ HEBDOMADAIRE 16320 Villebois-Lavalette 16320 VILLEBOIS-LAVALETTE,2026-07-25,2026-07-25,,,,,,
Marchés,Le marché du samedi matin,,CHAMPNIERS,16430,16, 16430 CHAMPNIERS,2026-07-25,2026-07-25,,,,,,
Marchés,Marché du samedi,Place de l’église 16260 Chasseneuil sur Bonnieure,CHASSENEUIL-SUR-BONNIEURE,16260,16,Place de l’église 16260 Chasseneuil sur Bonnieure 16260 CHASSENEUIL-SUR-BONNIEURE,2026-07-25,2026-07-25,,,,,,
Marchés,marché hebdomadaire,place des Rochers à Saint-Yrieix,SAINT-YRIEIX-SUR-CHARENTE,16710,16,place des Rochers à Saint-Yrieix 16710 SAINT-YRIEIX-SUR-CHARENTE,2026-07-25,2026-07-25,,,,,,
Marchés,LE MARCHÉ HEBDOMADAIRE,"au pied de la collégiale Notre Dame, 16110 La Rochefoucauld en Angoumois",LA ROCHEFOUCAULD,16110,16,"au pied de la collégiale Notre Dame, 16110 La Rochefoucauld en Angoumois 16110 LA ROCHEFOUCAULD",2026-07-25,2026-07-25,,,,,,
Marchés,Marché du dimanche,"Roumazières-Loubert, sur la place du marché",ROUMAZIERES-LOUBERT,16270,16,"Roumazières-Loubert, sur la place du marché 16270 ROUMAZIERES-LOUBERT",2026-07-26,2026-07-26,,,,,,
Spectacle et comedie musicale,"Légendes, specatacle son et lumières",,VILLEBOIS-LAVALETTE,16320,16, 16320 VILLEBOIS-LAVALETTE,2026-07-31,2026-08-09,,,,,,
Marchés,Marché local vendredi,"Hangar, 1 route du Mas, 16410 Dignac, Charente, Nouvelle-Aquitaine",DIGNAC,16410,16,"Hangar, 1 route du Mas, 16410 Dignac, Charente, Nouvelle-Aquitaine 16410 DIGNAC",2026-08-01,2026-08-01,,,,,,
Spectacles,Coupe d'Europe de Montgolfières et meeting aérien,,MAINFONDS,16250,16, 16250 MAINFONDS,2026-08-01,2026-08-01,,,,,,
Vide-greniers,Marché des Brocanteurs,"Place Mulac, rue de Saintes (Quartier St Cybard)",ANGOULEME,16000,16,"Place Mulac, rue de Saintes (Quartier St Cybard) 16000 ANGOULEME",2026-08-03,2026-08-03,,,,,,
Fêtes locales,Fête des battages,MONS Charente,MONS,16140,16,MONS Charente 16140 MONS,2026-08-08,2026-08-08,,,,,,
Manifestations Automobiles,Rassemblement automobiles,place du Port Bourg-Charente - 16200,BOURG-CHARENTE,16200,16,place du Port Bourg-Charente - 16200 16200 BOURG-CHARENTE,2026-08-03,2026-08-03,,,,,,
Foires,La Foire Mensuelle,Place des Halles Aigre - 16140,AIGRE,16140,16,Place des Halles Aigre - 16140 16140 AIGRE,2026-08-07,2026-08-07,,,,,,
Coups de coeur,Repair Café,50 rue Herge,ANGOULEME,16000,16,50 rue Herge 16000 ANGOULEME,2026-08-02,2026-08-02,,,,,,
Foires,Foire mensuelle,Place de l'église,BARBEZIEUX-SAINT-HILAIRE,16300,16,Place de l'église 16300 BARBEZIEUX-SAINT-HILAIRE,2026-08-05,2026-08-05,,,,,,
Concerts,Trois cafes gourmands,,CONFOLENS,16500,16, 16500 CONFOLENS,2026-08-12,2026-08-12,,,,,,
Foires,CONFOLENS Foire mensuelle,Place de l'Hôtel de Ville Confolens - 16500,CONFOLENS,16500,16,Place de l'Hôtel de Ville Confolens - 16500 16500 CONFOLENS,2026-08-12,2026-08-12,,,,,,
Danse,Gala d'ouverture,,CONFOLENS,16500,16, 16500 CONFOLENS,2026-08-11,2026-08-11,,,,,,
Fêtes locales,fête traditionnelle du 15 août,Village Cressac,CRESSAC-SAINT-GENIS,16250,16,Village Cressac 16250 CRESSAC-SAINT-GENIS,2026-08-15,2026-08-15,,,,,,
Concerts,Amir,,CONFOLENS,16500,16, 16500 CONFOLENS,2026-08-13,2026-08-13,,,,,,
Marchés de potiers,Marché de Potiers de Montbron,Place de l'Hôtel de Ville,MONTBRON,16220,16,Place de l'Hôtel de Ville 16220 MONTBRON,2026-08-22,2026-08-22,,,,,,
Danse,Panorama,,CONFOLENS,16500,16, 16500 CONFOLENS,2026-08-16,2026-08-16,,,,,,
Marchés de potiers,9ème édition Marché de potiers,place de l'hotel de ville,MONTBRON,16220,16,place de l'hotel de ville 16220 MONTBRON,2026-08-22,2026-08-23,,,,,,
