key,cp,ville,lat,lon
33740_ARES,33740,ARES,44.768128,-1.132387
33980_AUDENGE,33980,AUDENGE,44.6981,-0.96155
33430_BAZAS,33430,BAZAS,44.437496,-0.217433
33800_BORDEAUX,33800,BORDEAUX,44.851895,-0.587877
33710_BOURG,33710,BOURG,45.047388,-0.551501
33450_SAINT-LOUBES,33450,SAINT-LOUBES,44.922032,-0.430094
33160_SAINT-MEDARD-EN-JALLES,33160,SAINT-MEDARD-EN-JALLES,44.891628,-0.761713
33340_LESPARRE-MEDOC,33340,LESPARRE-MEDOC,45.293097,-0.925815
33600_PESSAC,33600,PESSAC,44.787469,-0.675933
33540_SAUVETERRE-DE-GUYENNE,33540,SAUVETERRE-DE-GUYENNE,44.694921,-0.08149
33120_ARCACHON,33120,ARCACHON,44.651462,-1.173981
33130_BEGLES,33130,BEGLES,44.802062,-0.551187
33540_BLASIMON,33540,BLASIMON,44.753674,-0.092109
33800_BORDEAUX -,33800,BORDEAUX -,44.851895,-0.587877
33390_BLAYE,33390,BLAYE,45.127019,-0.655446
33190_CASSEUIL,33190,CASSEUIL,44.593602,-0.111615
33520_BRUGES,33520,BRUGES,44.881406,-0.60324
33270_FLOIRAC,33270,FLOIRAC,44.832452,-0.521121
33470_GUJAN-MESTRAS,33470,GUJAN-MESTRAS,44.618065,-1.076924
33580_MONSEGUR,33580,MONSEGUR,44.64834,0.081853
33140_VILLENAVE-D'ORNON,33140,VILLENAVE-D'ORNON,44.77508,-0.55453
33240_GAURIAGUET -,33240,GAURIAGUET -,45.046752,-0.394837
33420_RAUZAN,33420,RAUZAN,44.785262,-0.132483
33460_LABARDE,33460,LABARDE,45.015072,-0.638622
33730_VILLANDRAUT,33730,VILLANDRAUT,44.451932,-0.381864
33570_LUSSAC,33570,LUSSAC,44.96911,-0.090454
33510_ANDERNOS-LES-BAINS,33510,ANDERNOS-LES-BAINS,44.751412,-1.083375
33270_BOULIAC,33270,BOULIAC,44.81558,-0.499538
33320_EYSINES,33320,EYSINES,44.877199,-0.646018
33170_GRADIGNAN,33170,GRADIGNAN,44.7691,-0.616651
33310_LORMONT,33310,LORMONT,44.875952,-0.516136
33480_LISTRAC-MEDOC,33480,LISTRAC-MEDOC,45.074557,-0.817634
33460_MACAU,33460,MACAU,44.99743,-0.611365
33290_PAREMPUYRE,33290,PAREMPUYRE,44.952292,-0.589072
33670_SADIRAC,33670,SADIRAC,44.783436,-0.395149
33160_SAINT-AUBIN-DE-MEDOC,33160,SAINT-AUBIN-DE-MEDOC,44.924189,-0.737172
33220_SAINTE-FOY-LA-GRANDE,33220,SAINTE-FOY-LA-GRANDE,44.840339,0.217463
33112_SAINT-LAURENT-MEDOC,33112,SAINT-LAURENT-MEDOC,45.130896,-0.856936
33230_SAINT-MEDARD-DE-GUIZIERES,33230,SAINT-MEDARD-DE-GUIZIERES,45.009956,-0.062698
33480_AVENSAN,33480,AVENSAN,44.99629,-0.769636
33290_BLANQUEFORT,33290,BLANQUEFORT,44.921969,-0.614877
33650_LA BREDE,33650,LA BREDE,44.678947,-0.526691
33190_LA REOLE,33190,LA REOLE,44.591815,-0.044085
33360_CAMBLANES-ET-MEYNAC,33360,CAMBLANES-ET-MEYNAC,44.764364,-0.473133
33760_LADAUX -,33760,LADAUX -,44.70438,-0.248755
33610_CESTAS,33610,CESTAS,44.737498,-0.705264
33570_MONTAGNE,33570,MONTAGNE,44.932712,-0.13251
33250_PAUILLAC,33250,PAUILLAC,45.195143,-0.769924
33210_PREIGNAC,33210,PREIGNAC,44.569246,-0.308943
33560_SAINTE-EULALIE -,33560,SAINTE-EULALIE -,44.90275,-0.480888
33440_SAINT-VINCENT-DE-PAUL,33440,SAINT-VINCENT-DE-PAUL,44.970971,-0.479847
33600_PESSAC -,33600,PESSAC -,44.787469,-0.675933
33480_SAINTE-HELENE,33480,SAINTE-HELENE,44.974093,-0.920125
33770_SALLES,33770,SALLES,44.547749,-0.849214
33380_BIGANOS,33380,BIGANOS,44.64819,-0.949103
33110_LE BOUSCAT,33110,LE BOUSCAT,44.864761,-0.599933
33140_CADAUJAC,33140,CADAUJAC,44.742434,-0.534845
33410_CADILLAC,33410,CADILLAC,44.638217,-0.30673
33210_LANGON,33210,LANGON,44.535691,-0.241774
33138_LANTON,33138,LANTON,44.724028,-1.024392
33490_CAUDROT,33490,CAUDROT,44.587904,-0.145834
33950_LEGE-CAP-FERRET,33950,LEGE-CAP-FERRET,44.723963,-1.199455
33320_EYSINES -,33320,EYSINES -,44.877199,-0.646018
33720_LANDIRAS,33720,LANDIRAS,44.573518,-0.422741
33500_LIBOURNE,33500,LIBOURNE,44.920384,-0.226836
33870_VAYRES,33870,VAYRES,44.895936,-0.325352
33410_LOUPIAC,33410,LOUPIAC,44.626316,-0.293198
33660_PORCHERES,33660,PORCHERES,45.038086,0.008181
33710_PUGNAC,33710,PUGNAC,45.08558,-0.504649
33820_SAINT-CIERS-SUR-GIRONDE,33820,SAINT-CIERS-SUR-GIRONDE,45.291639,-0.631137
33910_SAINT-DENIS-DE-PILE,33910,SAINT-DENIS-DE-PILE,44.988284,-0.176759
33490_SAINT-MAIXANT,33490,SAINT-MAIXANT,44.58201,-0.244228
33650_SAINT-MEDARD-D'EYRANS,33650,SAINT-MEDARD-D'EYRANS,44.70968,-0.510767
33660_SAINT-SEURIN-SUR-L'ISLE,33660,SAINT-SEURIN-SUR-L'ISLE,45.008137,-0.003744
33780_SOULAC-SUR-MER,33780,SOULAC-SUR-MER,45.497638,-1.116894
33680_LE TEMPLE,33680,LE TEMPLE,44.866986,-0.968412
33150_CENON -,33150,CENON -,44.854935,-0.523227
33121_CARCANS,33121,CARCANS,45.085103,-1.055088
33240_SAINT-LAURENT-D'ARCE,33240,SAINT-LAURENT-D'ARCE,45.041185,-0.468012
33370_SALLEBOEUF -,33370,SALLEBOEUF -,44.841825,-0.38992
33370_ARTIGUES-PRES-BORDEAUX -,33370,ARTIGUES-PRES-BORDEAUX -,44.858616,-0.48696
33240_VERAC,33240,VERAC,44.99248,-0.34001
33590_TALAIS,33590,TALAIS,45.472506,-1.05076
33440_AMBARES-ET-LAGRAVE -,33440,AMBARES-ET-LAGRAVE -,44.938277,-0.491384
33640_BEAUTIRAN,33640,BEAUTIRAN,44.703945,-0.455519
33380_BIGANOS -,33380,BIGANOS -,44.64819,-0.949103
33150_CENON,33150,CENON,44.854935,-0.523227
33610_CANEJAN,33610,CANEJAN,44.760587,-0.654768
33670_CREON,33670,CREON,44.76719,-0.34455
33185_LE HAILLAN,33185,LE HAILLAN,44.86943,-0.690404
33930_VENDAYS-MONTALIVET,33930,VENDAYS-MONTALIVET,45.34446,-1.089784
33310_LORMONT -,33310,LORMONT -,44.875952,-0.516136
33460_MACAU -,33460,MACAU -,44.99743,-0.611365
33127_MARTIGNAS-SUR-JALLE,33127,MARTIGNAS-SUR-JALLE,44.844464,-0.778922
33700_MERIGNAC,33700,MERIGNAC,44.83337,-0.674682
33450_MONTUSSAN,33450,MONTUSSAN,44.882483,-0.43088
33720_PODENSAC,33720,PODENSAC,44.648701,-0.357522
33680_LE PORGE,33680,LE PORGE,44.875625,-1.113831
33360_QUINSAC -,33360,QUINSAC -,44.749542,-0.483012
33410_RIONS,33410,RIONS,44.670358,-0.326458
33240_SAINT-ANDRE-DE-CUBZAC -,33240,SAINT-ANDRE-DE-CUBZAC -,44.99533,-0.439459
33330_SAINT-EMILION,33330,SAINT-EMILION,44.897921,-0.173846
33560_SAINTE-EULALIE,33560,SAINTE-EULALIE,44.90275,-0.480888
33160_SAINT-MEDARD-EN-JALLES -,33160,SAINT-MEDARD-EN-JALLES -,44.891628,-0.761713
33650_SAINT-SELVE,33650,SAINT-SELVE,44.665384,-0.476116
33180_SAINT-SEURIN-DE-CADOURNE,33180,SAINT-SEURIN-DE-CADOURNE,45.29332,-0.81275
33660_SAINT-SEURIN-SUR-L'ISLE -,33660,SAINT-SEURIN-SUR-L'ISLE -,45.008137,-0.003744
33590_SAINT-VIVIEN-DE-MEDOC,33590,SAINT-VIVIEN-DE-MEDOC,45.450938,-1.031894
33770_SALLES -,33770,SALLES -,44.547749,-0.849214
33320_LE TAILLAN-MEDOC,33320,LE TAILLAN-MEDOC,44.914814,-0.679029
33260_LA TESTE-DE-BUCH,33260,LA TESTE-DE-BUCH,44.616272,-1.157052
33550_LE TOURNE -,33550,LE TOURNE -,44.716555,-0.399357
33380_MARCHEPRIME -,33380,MARCHEPRIME -,44.696646,-0.845952
33370_ARTIGUES-PRES-BORDEAUX,33370,ARTIGUES-PRES-BORDEAUX,44.858616,-0.48696
33830_BELIN-BELIET,33830,BELIN-BELIET,44.485885,-0.78199
33430_BIRAC,33430,BIRAC,44.417545,-0.145156
33270_BOULIAC -,33270,BOULIAC -,44.81558,-0.499538
33820_BRAUD-ET-SAINT-LOUIS,33820,BRAUD-ET-SAINT-LOUIS,45.249016,-0.63195
33880_CAMBES,33880,CAMBES,44.739497,-0.463449
33450_IZON -,33450,IZON -,44.915883,-0.3568
33840_CAPTIEUX,33840,CAPTIEUX,44.261682,-0.256881
33121_CARCANS -,33121,CARCANS -,45.085103,-1.055088
33230_LAGORCE,33230,LAGORCE,45.074061,-0.161125
33480_CASTELNAU-DE-MEDOC -,33480,CASTELNAU-DE-MEDOC -,45.018694,-0.80553
33480_CASTELNAU-DE-MEDOC,33480,CASTELNAU-DE-MEDOC,45.018694,-0.80553
33230_COUTRAS,33230,COUTRAS,45.046958,-0.09521
33460_CUSSAC-FORT-MEDOC,33460,CUSSAC-FORT-MEDOC,45.115946,-0.733793
33250_PAUILLAC -,33250,PAUILLAC -,45.195143,-0.769924
33990_HOURTIN,33990,HOURTIN,45.182804,-1.085146
33680_LACANAU,33680,LACANAU,44.982416,-1.09762
33550_LESTIAC-SUR-GARONNE -,33550,LESTIAC-SUR-GARONNE -,44.690914,-0.373009
33400_TALENCE,33400,TALENCE,44.806418,-0.592018
33460_MARGAUX,33460,MARGAUX,45.035305,-0.66974
33380_MIOS -,33380,MIOS -,44.623515,-0.902244
33290_LE PIAN-MEDOC,33290,LE PIAN-MEDOC,44.955839,-0.669792
33910_SAINT-CIERS-D'ABZAC,33910,SAINT-CIERS-D'ABZAC,45.033011,-0.287839
33470_LE TEICH,33470,LE TEICH,44.622612,-1.017533
33123_LE VERDON-SUR-MER,33123,LE VERDON-SUR-MER,45.542951,-1.083102
33350_BELVES-DE-CASTILLON -,33350,BELVES-DE-CASTILLON -,44.87654,-0.022759
33550_LANGOIRAN,33550,LANGOIRAN,44.707937,-0.37282
33740_ARES -,33740,ARES -,44.768128,-1.132387
33120_ARCACHON -,33120,ARCACHON -,44.651462,-1.173981
33720_BARSAC,33720,BARSAC,44.597014,-0.324107
33230_GUITRES,33230,GUITRES,45.045255,-0.182928
33990_NAUJAC-SUR-MER -,33990,NAUJAC-SUR-MER -,45.26776,-1.072639
33890_PESSAC-SUR-DORDOGNE,33890,PESSAC-SUR-DORDOGNE,44.822089,0.091372
33340_QUEYRAC -,33340,QUEYRAC -,45.348591,-1.0024
33540_SAINT-FELIX-DE-FONCAUDE,33540,SAINT-FELIX-DE-FONCAUDE,44.655826,-0.110951
33710_VILLENEUVE,33710,VILLENEUVE,45.084118,-0.627123
33380_MARCHEPRIME,33380,MARCHEPRIME,44.696646,-0.845952
33920_SAINT-GIRONS-D'AIGUEVIVES,33920,SAINT-GIRONS-D'AIGUEVIVES,45.143534,-0.53978
33220_PINEUILH,33220,PINEUILH,44.82883,0.227546
33240_GAURIAGUET,33240,GAURIAGUET,45.046752,-0.394837
33860_DONNEZAC,33860,DONNEZAC,45.241241,-0.445512
33910_SAINT-DENIS-DE-PILE -,33910,SAINT-DENIS-DE-PILE -,44.988284,-0.176759
33240_SAINT-GERVAIS,33240,SAINT-GERVAIS,45.017595,-0.462386
33130_BEGLES -,33130,BEGLES -,44.802062,-0.551187
33260_LA TESTE-DE-BUCH -,33260,LA TESTE-DE-BUCH -,44.616272,-1.157052
33460_ARSAC,33460,ARSAC,44.986117,-0.701703
33760_ROMAGNE -,33760,ROMAGNE -,44.769021,-0.203529
33220_SAINT-ANDRE-ET-APPELLES,33220,SAINT-ANDRE-ET-APPELLES,44.808147,0.194685
33220_EYNESSE,33220,EYNESSE,44.82141,0.14807
33750_SAINT-GERMAIN-DU-PUCH,33750,SAINT-GERMAIN-DU-PUCH,44.851626,-0.337466
33240_VIRSAC,33240,VIRSAC,45.024308,-0.43789
33125_LOUCHATS,33125,LOUCHATS,44.502145,-0.577305
33210_FARGUES,33210,FARGUES,44.542212,-0.287942
33350_CASTILLON-LA-BATAILLE,33350,CASTILLON-LA-BATAILLE,44.858346,-0.027246
33850_LEOGNAN,33850,LEOGNAN,44.718997,-0.60521
33640_BEAUTIRAN -,33640,BEAUTIRAN -,44.703945,-0.455519
33820_ETAULIERS,33820,ETAULIERS,45.220535,-0.573446
33610_CESTAS -,33610,CESTAS -,44.737498,-0.705264
33170_GRADIGNAN -,33170,GRADIGNAN -,44.7691,-0.616651
33660_CAMPS-SUR-L'ISLE,33660,CAMPS-SUR-L'ISLE,45.019124,-0.036252
33700_MERIGNAC -,33700,MERIGNAC -,44.83337,-0.674682
33230_LES EGLISOTTES-ET-CHALAURES -,33230,LES EGLISOTTES-ET-CHALAURES -,45.095571,-0.036822
33760_FRONTENAC,33760,FRONTENAC,44.727825,-0.153758
33240_LA LANDE-DE-FRONSAC,33240,LA LANDE-DE-FRONSAC,44.983277,-0.381199
33790_PELLEGRUE,33790,PELLEGRUE,44.741309,0.101406
33210_TOULENNE,33210,TOULENNE,44.558109,-0.273217
33230_ABZAC,33230,ABZAC,45.012262,-0.120491
33670_SADIRAC -,33670,SADIRAC -,44.783436,-0.395149
33410_CADILLAC -,33410,CADILLAC -,44.638217,-0.30673
33670_LA SAUVE -,33670,LA SAUVE -,44.761627,-0.315027
56400_AURAY -,56400,AURAY -,47.668099,-2.990838
56750_DAMGAN,56750,DAMGAN,47.518541,-2.588881
56380_GUER,56380,GUER,,
56100_LORIENT,56100,LORIENT,47.750364,-3.378025
56890_PLESCOP,56890,PLESCOP,47.697201,-2.83093
56620_PONT-SCORFF,56620,PONT-SCORFF,47.835532,-3.419328
56670_RIANTEC,56670,RIANTEC,47.722021,-3.310604
56360_SAUZON,56360,SAUZON,47.355724,-3.225409
56400_SAINTE-ANNE-D'AURAY,56400,SAINTE-ANNE-D'AURAY,47.701681,-2.945891
56400_AURAY,56400,AURAY,47.668099,-2.990838
56260_LARMOR-PLAGE,56260,LARMOR-PLAGE,47.715667,-3.391565
56320_LE FAOUET,56320,LE FAOUET,48.043995,-3.512004
56160_GUEMENE-SUR-SCORFF,56160,GUEMENE-SUR-SCORFF,48.066219,-3.20439
56560_GUISCRIFF,56560,GUISCRIFF,48.054133,-3.607509
56700_HENNEBONT,56700,HENNEBONT,47.807325,-3.27075
56700_KERVIGNAC,56700,KERVIGNAC,47.774982,-3.25472
56390_LOCQUELTAS,56390,LOCQUELTAS,47.755979,-2.760191
56130_LA ROCHE-BERNARD,56130,LA ROCHE-BERNARD,47.519705,-2.301893
56110_ROUDOUALLEC,56110,ROUDOUALLEC,48.112716,-3.691165
56450_SURZUR,56450,SURZUR,47.564376,-2.621763
56870_BADEN,56870,BADEN,47.61569,-2.903116
56400_BRECH,56400,BRECH,47.70418,-3.022113
56190_MUZILLAC,56190,MUZILLAC,47.550098,-2.469881
56310_QUISTINIC,56310,QUISTINIC,47.91289,-3.132854
56370_SARZEAU,56370,SARZEAU,47.520907,-2.756351
56860_SENE,56860,SENE,47.624371,-2.740046
56130_FEREL,56130,FEREL,47.488083,-2.33407
56650_INZINZAC-LOCHRIST -,56650,INZINZAC-LOCHRIST -,47.861971,-3.265459
56650_INZINZAC-LOCHRIST,56650,INZINZAC-LOCHRIST,,
56120_JOSSELIN,56120,JOSSELIN,47.95471,-2.547028
56300_KERGRIST,56300,KERGRIST,48.146484,-2.911917
56740_LOCMARIAQUER,56740,LOCMARIAQUER,47.580731,-2.958523
56430_MAURON,56430,MAURON,48.090045,-2.307242
56920_NOYAL-PONTIVY,56920,NOYAL-PONTIVY,48.053581,-2.887464
56530_QUEVEN,56530,QUEVEN,47.788456,-3.41623
56250_SAINT-NOLFF,56250,SAINT-NOLFF,47.705581,-2.669453
56890_SAINT-AVE,56890,SAINT-AVE,47.701398,-2.742536
56490_MOHON,56490,MOHON,48.061804,-2.498785
56760_PENESTIN,56760,PENESTIN,47.470977,-2.467459
56400_PLUNERET,56400,PLUNERET,47.679005,-2.943458
56400_PLUNERET -,56400,PLUNERET -,47.679005,-2.943458
56220_ROCHEFORT-EN-TERRE,56220,ROCHEFORT-EN-TERRE,47.698592,-2.341185
56450_THEIX-NOYALO,56450,THEIX-NOYALO,47.630397,-2.649735
56000_VANNES,56000,VANNES,47.659971,-2.752192
56110_GOURIN,56110,GOURIN,48.1275,-3.598166
56300_PONTIVY,56300,PONTIVY,48.065625,-2.975174
56190_MUZILLAC -,56190,MUZILLAC -,47.550098,-2.469881
56800_PLOERMEL,56800,PLOERMEL,47.914472,-2.375543
56680_PLOUHINEC,56680,PLOUHINEC,47.693989,-3.24097
56340_CARNAC,56340,CARNAC,47.602146,-3.066068
56000_VANNES -,56000,VANNES -,47.659971,-2.752192
56640_ARZON,56640,ARZON,47.548935,-2.891423
56170_QUIBERON,56170,QUIBERON,47.486711,-3.120228
56610_ARRADON,56610,ARRADON,47.633837,-2.825238
56230_QUESTEMBERT,56230,QUESTEMBERT,47.665587,-2.435474
56370_LE TOUR-DU-PARC,56370,LE TOUR-DU-PARC,47.527672,-2.652816
56430_TREHORENTEUC,56430,TREHORENTEUC,48.006451,-2.289131
56310_BUBRY,56310,BUBRY,47.971017,-3.171959
56250_SAINT-NOLFF -,56250,SAINT-NOLFF -,47.705581,-2.669453
56310_MELRAND,56310,MELRAND,47.972726,-3.103592
56230_BERRIC -,56230,BERRIC -,47.636558,-2.530011
56150_BAUD,56150,BAUD,47.870481,-3.03298
56330_CAMORS,56330,CAMORS,47.831204,-3.002336
56480_CLEGUEREC,56480,CLEGUEREC,48.126998,-3.06261
56430_CONCORET,56430,CONCORET,48.064221,-2.20887
56410_ERDEVEN,56410,ERDEVEN,47.639164,-3.155599
56290_GAVRES,56290,GAVRES,47.705313,-3.352945
56600_LANESTER,56600,LANESTER,47.768777,-3.330862
56220_LIMERZEL,56220,LIMERZEL,47.638705,-2.363749
56160_LANGOELAN,56160,LANGOELAN,48.118496,-3.235607
56320_LANVENEGEN,56320,LANVENEGEN,48.004246,-3.536855
56870_LARMOR-BADEN,56870,LARMOR-BADEN,47.592551,-2.901833
56500_LOCMINE,56500,LOCMINE,47.880895,-2.835186
56230_MOLAC,56230,MOLAC,47.727031,-2.443527
56340_PLOUHARNEL,56340,PLOUHARNEL,47.604059,-3.116522
56580_ROHAN,56580,ROHAN,48.088096,-2.746309
56340_CARNAC -,56340,CARNAC -,47.602146,-3.066068
56870_BADEN -,56870,BADEN -,47.61569,-2.903116
56190_BILLIERS,56190,BILLIERS,47.527121,-2.484177
56950_CRACH,56950,CRACH,47.633606,-2.993476
56440_LANGUIDIC,56440,LANGUIDIC,47.827952,-3.150877
56550_LOCOAL-MENDON,56550,LOCOAL-MENDON,47.698187,-3.10669
56140_MALESTROIT,56140,MALESTROIT,47.8078,-2.38677
56190_NOYAL-MUZILLAC,56190,NOYAL-MUZILLAC,47.593711,-2.463195
56930_PLUMELIAU,56930,PLUMELIAU,47.970027,-2.995378
56330_PLUVIGNER,56330,PLUVIGNER,47.781616,-3.020092
56670_RIANTEC -,56670,RIANTEC -,47.722021,-3.310604
56200_GLENAC,56200,GLENAC,47.730217,-2.121157
56130_PEAULE,56130,PEAULE,47.584624,-2.338699
56750_DAMGAN -,56750,DAMGAN -,47.518541,-2.588881
56230_LE COURS,56230,LE COURS,47.743022,-2.504574
56420_PLUMELEC -,56420,PLUMELEC -,47.827251,-2.618295
56320_PRIZIAC,56320,PRIZIAC,48.053723,-3.424599
56110_GOURIN -,56110,GOURIN -,48.1275,-3.598166
56100_LORIENT -,56100,LORIENT -,47.750364,-3.378025
56410_ETEL,56410,ETEL,47.656057,-3.197338
56190_ARZAL,56190,ARZAL,47.527651,-2.401424
56140_PLEUCADEUC,56140,PLEUCADEUC,47.777983,-2.384674
56310_GUERN,56310,GUERN,48.034345,-3.098305
56800_MONTERTELOT -,56800,MONTERTELOT -,47.884944,-2.412143
56380_PORCARO,56380,PORCARO,47.914573,-2.199052
56140_RUFFIAC,56140,RUFFIAC,47.817066,-2.289312
56480_SAINT-AIGNAN -,56480,SAINT-AIGNAN -,48.175504,-3.040655
56470_LA TRINITE-SUR-MER,56470,LA TRINITE-SUR-MER,47.589229,-3.038799
56250_TREFFLEAN,56250,TREFFLEAN,47.680911,-2.62049
56910_SAINT-NICOLAS-DU-TERTRE,56910,SAINT-NICOLAS-DU-TERTRE,47.79604,-2.216605
56200_COURNON -,56200,COURNON -,47.750561,-2.097406
56540_SAINT-TUGDUAL,56540,SAINT-TUGDUAL,48.098224,-3.373665
56600_LANESTER -,56600,LANESTER -,47.768777,-3.330862
56220_SAINT-GRAVE,56220,SAINT-GRAVE,47.721226,-2.298723
56850_CAUDAN,56850,CAUDAN,47.81142,-3.343143
56500_PLUMELIN -,56500,PLUMELIN -,47.871937,-2.890121
56130_NIVILLAC -,56130,NIVILLAC -,47.535577,-2.251333
56250_SULNIAC,56250,SULNIAC,47.659952,-2.557065
56390_GRAND-CHAMP,56390,GRAND-CHAMP,47.753028,-2.848749
56390_GRAND-CHAMP -,56390,GRAND-CHAMP -,47.753028,-2.848749
56270_PLOEMEUR -,56270,PLOEMEUR -,47.728773,-3.445603
56420_PLAUDREN,56420,PLAUDREN,47.783016,-2.693873
56240_PLOUAY,56240,PLOUAY,47.932232,-3.340242
56190_LE GUERNO -,56190,LE GUERNO -,47.5864,-2.405093
56390_COLPO,56390,COLPO,47.816505,-2.813306
56200_LA GACILLY,56200,LA GACILLY,47.762666,-2.131961
56270_PLOEMEUR,56270,PLOEMEUR,47.728773,-3.445603
56920_NOYAL-PONTIVY -,56920,NOYAL-PONTIVY -,48.053581,-2.887464
56530_QUEVEN -,56530,QUEVEN -,47.788456,-3.41623
56910_CARENTOIR -,56910,CARENTOIR -,47.818772,-2.12145
56480_SILFIAC,56480,SILFIAC,48.143457,-3.170095
56350_ALLAIRE -,56350,ALLAIRE -,47.633466,-2.183297
56190_AMBON -,56190,AMBON -,47.562581,-2.539591
56520_GUIDEL -,56520,GUIDEL -,47.790921,-3.488034
56700_HENNEBONT -,56700,HENNEBONT -,47.807325,-3.27075
56320_MESLAN -,56320,MESLAN -,47.988642,-3.452173
56170_QUIBERON -,56170,QUIBERON -,47.486711,-3.120228
56500_BIGNAN,56500,BIGNAN,47.876964,-2.753551
56800_CAMPENEAC,56800,CAMPENEAC,47.955571,-2.299558
56740_LOCMARIAQUER -,56740,LOCMARIAQUER -,47.580731,-2.958523
57360_AMNEVILLE,57360,AMNEVILLE,49.244708,6.123114
57710_AUMETZ,57710,AUMETZ,,
57800_FREYMING-MERLEBACH,57800,FREYMING-MERLEBACH,49.151577,6.802633
57700_HAYANGE,57700,HAYANGE,49.333471,6.068399
57000_METZ,57000,METZ,49.108385,6.194891
57540_PETITE-ROSSELLE,57540,PETITE-ROSSELLE,49.20715,6.858435
57430_SARRALBE,57430,SARRALBE,48.992751,7.024748
57570_CATTENOM,57570,CATTENOM,49.406377,6.238493
57260_DIEUZE,57260,DIEUZE,48.811468,6.720321
57300_HAGONDANGE,57300,HAGONDANGE,49.248393,6.160283
57740_LONGEVILLE-LES-SAINT-AVOLD,57740,LONGEVILLE-LES-SAINT-AVOLD,49.115513,6.657237
57370_PHALSBOURG,57370,PHALSBOURG,48.765612,7.2622
57410_ROHRBACH-LES-BITCHE,57410,ROHRBACH-LES-BITCHE,49.047382,7.275199
57500_SAINT-AVOLD,57500,SAINT-AVOLD,49.127523,6.719764
57118_SAINTE-MARIE-AUX-CHENES,57118,SAINTE-MARIE-AUX-CHENES,47.356476,0.934565
57560_SAINT-QUIRIN,57560,SAINT-QUIRIN,48.615402,7.073149
57200_SARREGUEMINES,57200,SARREGUEMINES,49.110922,7.07705
57180_TERVILLE,57180,TERVILLE,49.347648,6.13459
57230_BITCHE,57230,BITCHE,49.047606,7.444178
57670_MUNSTER,57670,MUNSTER,48.915051,6.905733
57570_RODEMACK,57570,RODEMACK,49.468982,6.246867
57400_SARREBOURG,57400,SARREBOURG,48.736347,7.053883
57600_FOLKLING,57600,FOLKLING,49.152455,6.902997
57210_SEMECOURT,57210,SEMECOURT,49.193945,6.133078
57480_HAUTE-KONTZ,57480,HAUTE-KONTZ,49.449203,6.319928
57800_FREYMING-MERLEBACH -,57800,FREYMING-MERLEBACH -,49.151577,6.802633
57930_MITTERSHEIM -,57930,MITTERSHEIM -,48.857241,6.940401
57100_THIONVILLE -,57100,THIONVILLE -,49.370681,6.150548
57290_FAMECK,57290,FAMECK,49.299164,6.103328
57630_MARSAL,57630,MARSAL,48.788665,6.605916
57100_THIONVILLE,57100,THIONVILLE,49.370681,6.150548
57000_METZ -,57000,METZ -,49.108385,6.194891
57530_BAZONCOURT,57530,BAZONCOURT,49.052485,6.370177
57660_MAXSTADT,57660,MAXSTADT,49.043028,6.791674
57220_BOULAY-MOSELLE,57220,BOULAY-MOSELLE,49.17479,6.494882
57670_LHOR,57670,LHOR,48.88868,6.870921
57580_HERNY,57580,HERNY,48.999162,6.479937
57310_RURANGE-LES-THIONVILLE,57310,RURANGE-LES-THIONVILLE,49.273221,6.225939
57580_AUBE,57580,AUBE,49.02748,6.338545
57480_SIERCK-LES-BAINS,57480,SIERCK-LES-BAINS,49.434316,6.35897
57350_STIRING-WENDEL -,57350,STIRING-WENDEL -,49.200616,6.932486
57530_VILLERS-STONCOURT,57530,VILLERS-STONCOURT,49.055954,6.429497
57330_HETTANGE-GRANDE,57330,HETTANGE-GRANDE,49.406857,6.151718
57310_BOUSSE,57310,BOUSSE,49.276597,6.200563
57960_MEISENTHAL -,57960,MEISENTHAL -,48.968015,7.352525
57200_WOELFLING-LES-SARREGUEMINES,57200,WOELFLING-LES-SARREGUEMINES,49.089448,7.176463
57360_AMNEVILLE -,57360,AMNEVILLE -,49.244708,6.123114
57190_FLORANGE -,57190,FLORANGE -,49.320972,6.128261
57960_MEISENTHAL,57960,MEISENTHAL,48.968015,7.352525
57240_NILVANGE -,57240,NILVANGE -,49.34288,6.048597
57050_LE BAN-SAINT-MARTIN,57050,LE BAN-SAINT-MARTIN,49.123687,6.143731
57180_TERVILLE -,57180,TERVILLE -,49.347648,6.13459
57150_CREUTZWALD -,57150,CREUTZWALD -,49.209495,6.690135
57175_GANDRANGE,57175,GANDRANGE,49.272674,6.13274
57155_MARLY -,57155,MARLY -,49.072517,6.153746
57850_DABO,57850,DABO,48.658948,7.236376
57500_SAINT-AVOLD -,57500,SAINT-AVOLD -,49.127523,6.719764
57520_GROSBLIEDERSTROFF,57520,GROSBLIEDERSTROFF,49.150997,7.027215
57130_JOUY-AUX-ARCHES -,57130,JOUY-AUX-ARCHES -,49.067321,6.084689
57810_RHODES -,57810,RHODES -,48.753175,6.907119
57270_RICHEMONT -,57270,RICHEMONT -,49.285028,6.166885
57880_GUERTING,57880,GUERTING,49.18837,6.623741
57320_BOUZONVILLE,57320,BOUZONVILLE,49.295281,6.542711
57600_FORBACH,57600,FORBACH,49.190789,6.893798
57160_SCY-CHAZELLES,57160,SCY-CHAZELLES,49.113622,6.116618
57710_TRESSANGE -,57710,TRESSANGE -,49.405855,5.984678
57350_SCHOENECK,57350,SCHOENECK,49.213973,6.928024
57970_YUTZ -,57970,YUTZ -,49.356317,6.195276
57117_RETONFEY,57117,RETONFEY,49.136608,6.308741
57110_BASSE-HAM,57110,BASSE-HAM,49.399451,6.218835
57370_VILSBERG,57370,VILSBERG,48.784337,7.251838
57670_ALBESTROFF,57670,ALBESTROFF,48.930636,6.861856
57050_PLAPPEVILLE,57050,PLAPPEVILLE,49.13033,6.129116
57830_HEMING,57830,HEMING,48.694173,6.966564
57330_HETTANGE-GRANDE -,57330,HETTANGE-GRANDE -,49.406857,6.151718
57620_LEMBERG,57620,LEMBERG,49.002682,7.376449
57510_PUTTELANGE-AUX-LACS,57510,PUTTELANGE-AUX-LACS,49.052125,6.922237
75116_PARIS -,75116,PARIS -,48.859,2.347
75014_PARIS 14EME ARRONDISSEMENT,75014,PARIS 14èME ARRONDISSEMENT,48.830108,2.323026
75016_PARIS 16EME ARRONDISSEMENT,75016,PARIS 16èME ARRONDISSEMENT,48.856305,2.267032
75002_PARIS 2EME ARRONDISSEMENT,75002,PARIS 2èME ARRONDISSEMENT,48.867669,2.341157
75006_PARIS 6EME ARRONDISSEMENT,75006,PARIS 6èME ARRONDISSEMENT,48.849268,2.330883
75004_PARIS 4EME ARRONDISSEMENT,75004,PARIS 4èME ARRONDISSEMENT,48.854042,2.356841
75008_PARIS 8EME ARRONDISSEMENT,75008,PARIS 8èME ARRONDISSEMENT,48.873707,2.3116
75019_PARIS 19EME ARRONDISSEMENT -,75019,PARIS 19èME ARRONDISSEMENT -,48.887252,2.387708
75005_PARIS 5EME ARRONDISSEMENT,75005,PARIS 5èME ARRONDISSEMENT,48.845277,2.350554
75116_PARIS,75116,PARIS,48.859,2.347
75001_PARIS 1ER ARRONDISSEMENT,75001,PARIS 1ER ARRONDISSEMENT,48.862351,2.335987
75009_PARIS 9EME ARRONDISSEMENT,75009,PARIS 9èME ARRONDISSEMENT,48.877008,2.337887
75012_PARIS 12EME ARRONDISSEMENT,75012,PARIS 12èME ARRONDISSEMENT,48.833494,2.415411
75013_PARIS 13EME ARRONDISSEMENT,75013,PARIS 13èME ARRONDISSEMENT,48.830193,2.365001
75015_PARIS 15EME ARRONDISSEMENT,75015,PARIS 15èME ARRONDISSEMENT,48.84162,2.295289
75017_PARIS 17EME ARRONDISSEMENT,75017,PARIS 17èME ARRONDISSEMENT,48.887702,2.304844
75018_PARIS 18EME ARRONDISSEMENT,75018,PARIS 18èME ARRONDISSEMENT,48.892045,2.348679
75019_PARIS 19EME ARRONDISSEMENT,75019,PARIS 19èME ARRONDISSEMENT,48.887252,2.387708
75020_PARIS 20EME ARRONDISSEMENT,75020,PARIS 20èME ARRONDISSEMENT,48.863367,2.397152
75000_FRANCE -,75000,France -,46.467319,-0.761995
75012_PARIS 12EME ARRONDISSEMENT -,75012,PARIS 12èME ARRONDISSEMENT -,48.833494,2.415411
75009_PARIS 9EME ARRONDISSEMENT -,75009,PARIS 9èME ARRONDISSEMENT -,48.877008,2.337887
75015_PARIS 15EME ARRONDISSEMENT -,75015,PARIS 15èME ARRONDISSEMENT -,48.84162,2.295289
77210_AVON,77210,AVON,48.412996,2.728925
77169_BOISSY-LE-CHATEL,77169,BOISSY-LE-CHATEL,48.824482,3.139094
77780_BOURRON-MARLOTTE,77780,BOURRON-MARLOTTE,48.342972,2.705747
77470_BOUTIGNY,77470,BOUTIGNY,48.91642,2.928789
77177_BROU-SUR-CHANTEREINE,77177,BROU-SUR-CHANTEREINE,48.882923,2.627371
77720_CHAMPEAUX -,77720,CHAMPEAUX -,48.585053,2.809694
77600_BUSSY-SAINT-GEORGES,77600,BUSSY-SAINT-GEORGES,48.839173,2.715779
77173_CHEVRY-COSSIGNY,77173,CHEVRY-COSSIGNY,48.723669,2.66541
77410_CLAYE-SOUILLY,77410,CLAYE-SOUILLY,48.943181,2.668776
77240_CESSON -,77240,CESSON -,48.562965,2.597355
77430_CHAMPAGNE-SUR-SEINE,77430,CHAMPAGNE-SUR-SEINE,48.402337,2.800349
77120_COULOMMIERS,77120,COULOMMIERS,48.813927,3.091115
77380_COMBS-LA-VILLE,77380,COMBS-LA-VILLE,48.660869,2.562023
77230_DAMMARTIN-EN-GOELE,77230,DAMMARTIN-EN-GOELE,49.058273,2.683729
77515_FAREMOUTIERS,77515,FAREMOUTIERS,48.793806,2.999635
77160_PROVINS -,77160,PROVINS -,48.558668,3.2981
77390_GUIGNES,77390,GUIGNES,48.634699,2.798266
77400_LAGNY-SUR-MARNE,77400,LAGNY-SUR-MARNE,48.873876,2.705794
77150_LESIGNY,77150,LESIGNY,48.743948,2.616599
77700_MAGNY-LE-HONGRE,77700,MAGNY-LE-HONGRE,48.869388,2.818284
77610_MARLES-EN-BRIE -,77610,MARLES-EN-BRIE -,48.725081,2.875437
77130_MAROLLES-SUR-SEINE,77130,MAROLLES-SUR-SEINE,48.383594,3.033275
77100_MEAUX,77100,MEAUX,48.959287,2.902726
77000_MELUN,77000,MELUN,48.541332,2.655743
77290_MITRY-MORY,77290,MITRY-MORY,48.963211,2.604405
77550_MOISSY-CRAMAYEL,77550,MOISSY-CRAMAYEL,48.625716,2.591478
77130_MONTEREAU-FAULT-YONNE,77130,MONTEREAU-FAULT-YONNE,48.389786,2.957396
77230_MOUSSY-LE-NEUF,77230,MOUSSY-LE-NEUF,49.065318,2.602224
77370_NANGIS -,77370,NANGIS -,48.56085,3.019068
77140_NEMOURS,77140,NEMOURS,48.266711,2.703049
77186_NOISIEL,77186,NOISIEL,48.847293,2.623401
77280_OTHIS,77280,OTHIS,49.077263,2.663571
77330_OZOIR-LA-FERRIERE,77330,OZOIR-LA-FERRIERE,48.767283,2.673278
77160_PROVINS,77160,PROVINS,48.558668,3.2981
77860_QUINCY-VOISINS,77860,QUINCY-VOISINS,48.898734,2.873581
77000_LA ROCHETTE,77000,LA ROCHETTE,48.507905,2.662485
77680_ROISSY-EN-BRIE,77680,ROISSY-EN-BRIE,48.793178,2.655039
77730_SAACY-SUR-MARNE,77730,SAACY-SUR-MARNE,48.958466,3.206203
77230_SAINT-MARD,77230,SAINT-MARD,49.037198,2.691925
77400_SAINT-THIBAULT-DES-VIGNES,77400,SAINT-THIBAULT-DES-VIGNES,48.861725,2.67667
77176_SAVIGNY-LE-TEMPLE,77176,SAVIGNY-LE-TEMPLE,48.587726,2.576659
77810_THOMERY,77810,THOMERY,48.402334,2.781486
77400_THORIGNY-SUR-MARNE,77400,THORIGNY-SUR-MARNE,48.892254,2.713169
77220_TOURNAN-EN-BRIE,77220,TOURNAN-EN-BRIE,48.740711,2.772869
77250_VENEUX-LES-SABLONS,77250,VENEUX-LES-SABLONS,48.383258,2.787446
77130_VILLE-SAINT-JACQUES,77130,VILLE-SAINT-JACQUES,48.345018,2.898541
77700_BAILLY-ROMAINVILLIERS,77700,BAILLY-ROMAINVILLIERS,48.848981,2.815171
77590_BOIS-LE-ROI,77590,BOIS-LE-ROI,48.472944,2.692431
77170_BRIE-COMTE-ROBERT,77170,BRIE-COMTE-ROBERT,48.68978,2.616586
77760_LA CHAPELLE-LA-REINE,77760,LA CHAPELLE-LA-REINE,48.317534,2.573534
77500_CHELLES,77500,CHELLES,48.88646,2.600366
77160_CHENOISE,77160,CHENOISE,48.609797,3.193958
77580_CRECY-LA-CHAPELLE,77580,CRECY-LA-CHAPELLE,48.857789,2.922245
77190_DAMMARIE-LES-LYS,77190,DAMMARIE-LES-LYS,48.515139,2.62042
77320_LA FERTE-GAUCHER -,77320,LA FERTE-GAUCHER -,48.787408,3.301542
77260_LA FERTE-SOUS-JOUARRE,77260,LA FERTE-SOUS-JOUARRE,48.952034,3.132091
77300_FONTAINEBLEAU -,77300,FONTAINEBLEAU -,48.40781,2.70278
77610_FONTENAY-TRESIGNY,77610,FONTENAY-TRESIGNY,,
77400_LAGNY-SUR-MARNE -,77400,LAGNY-SUR-MARNE -,48.873876,2.705794
77720_SAINT-OUEN-EN-BRIE,77720,SAINT-OUEN-EN-BRIE,48.556974,2.921861
77710_LORREZ-LE-BOCAGE-PREAUX -,77710,LORREZ-LE-BOCAGE-PREAUX -,48.237875,2.897705
77124_CHAUCONIN-NEUFMONTIERS,77124,CHAUCONIN-NEUFMONTIERS,48.967522,2.842248
77390_OZOUER-LE-VOULGIS,77390,OZOUER-LE-VOULGIS,48.662002,2.771125
77340_PONTAULT-COMBAULT,77340,PONTAULT-COMBAULT,48.793811,2.609096
77310_SAINT-FARGEAU-PONTHIERRY,77310,SAINT-FARGEAU-PONTHIERRY,48.545996,2.528605
77860_SAINT-GERMAIN-SUR-MORIN,77860,SAINT-GERMAIN-SUR-MORIN,48.878341,2.847041
77670_SAINT-MAMMES,77670,SAINT-MAMMES,48.386062,2.817849
77460_SOUPPES-SUR-LOING,77460,SOUPPES-SUR-LOING,48.184461,2.740744
77360_VAIRES-SUR-MARNE,77360,VAIRES-SUR-MARNE,48.873284,2.638373
77000_VAUX-LE-PENIL,77000,VAUX-LE-PENIL,48.528366,2.684421
77270_VILLEPARISIS,77270,VILLEPARISIS,48.943536,2.614745
77520_DONNEMARIE-DONTILLY,77520,DONNEMARIE-DONTILLY,48.477612,3.1243
77620_EGREVILLE,77620,EGREVILLE,48.178437,2.880513
77820_LE CHATELET-EN-BRIE -,77820,LE CHATELET-EN-BRIE -,48.506193,2.803383
77390_CHAUMES-EN-BRIE,77390,CHAUMES-EN-BRIE,48.663019,2.839153
77220_GRETZ-ARMAINVILLIERS -,77220,GRETZ-ARMAINVILLIERS -,48.738318,2.728488
77250_MORET-LOING-ET-ORVANNE,77250,MORET-LOING-ET-ORVANNE,48.356613,2.821065
77510_REBAIS,77510,REBAIS,48.851677,3.231869
77810_THOMERY -,77810,THOMERY -,48.402334,2.781486
77130_VARENNES-SUR-SEINE,77130,VARENNES-SUR-SEINE,48.378325,2.938901
77710_LORREZ-LE-BOCAGE-PREAUX,77710,LORREZ-LE-BOCAGE-PREAUX,48.237875,2.897705
77124_VILLENOY,77124,VILLENOY,48.946601,2.860042
77570_CHATEAU-LANDON,77570,CHATEAU-LANDON,48.146707,2.709436
77450_ESBLY,77450,ESBLY,48.900953,2.811975
77590_FONTAINE-LE-PORT,77590,FONTAINE-LE-PORT,48.48483,2.759741
77720_MORMANT,77720,MORMANT,48.603466,2.88186
77940_VOULX,77940,VOULX,48.281442,2.966935
77950_SAINT-GERMAIN-LAXIS,77950,SAINT-GERMAIN-LAXIS,48.583701,2.71245
77640_JOUARRE,77640,JOUARRE,48.913126,3.123549
77138_LUZANCY,77138,LUZANCY,48.972946,3.18038
77840_CROUY-SUR-OURCQ,77840,CROUY-SUR-OURCQ,49.093273,3.080337
77400_SAINT-THIBAULT-DES-VIGNES -,77400,SAINT-THIBAULT-DES-VIGNES -,48.861725,2.67667
77820_LE CHATELET-EN-BRIE,77820,LE CHATELET-EN-BRIE,48.506193,2.803383
77515_POMMEUSE,77515,POMMEUSE,48.813855,2.996959
77440_ARMENTIERES-EN-BRIE,77440,ARMENTIERES-EN-BRIE,48.97724,3.016618
77600_BUSSY-SAINT-GEORGES -,77600,BUSSY-SAINT-GEORGES -,48.839173,2.715779
77380_COMBS-LA-VILLE -,77380,COMBS-LA-VILLE -,48.660869,2.562023
77144_MONTEVRAIN,77144,MONTEVRAIN,48.867105,2.74974
77220_PRESLES-EN-BRIE,77220,PRESLES-EN-BRIE,48.712742,2.752873
77185_LOGNES,77185,LOGNES,48.833404,2.636075
77000_MELUN -,77000,MELUN -,48.541332,2.655743
77124_CHAUCONIN-NEUFMONTIERS -,77124,CHAUCONIN-NEUFMONTIERS -,48.967522,2.842248
77510_REBAIS -,77510,REBAIS -,48.851677,3.231869
77540_ROZAY-EN-BRIE,77540,ROZAY-EN-BRIE,48.679439,2.964056
77200_TORCY,77200,TORCY,48.846278,2.644456
77390_CRISENOY,77390,CRISENOY,48.603204,2.755422
77330_OZOIR-LA-FERRIERE -,77330,OZOIR-LA-FERRIERE -,48.767283,2.673278
77310_SAINT-FARGEAU-PONTHIERRY -,77310,SAINT-FARGEAU-PONTHIERRY -,48.545996,2.528605
77480_BRAY-SUR-SEINE -,77480,BRAY-SUR-SEINE -,48.413937,3.241232
77130_LA TOMBE,77130,LA TOMBE,48.389915,3.095963
77670_SAINT-MAMMES -,77670,SAINT-MAMMES -,48.386062,2.817849
77950_MONTEREAU-SUR-LE-JARD -,77950,MONTEREAU-SUR-LE-JARD -,48.594745,2.681613
77700_CHESSY -,77700,CHESSY -,48.871441,2.764777
77120_COULOMMIERS -,77120,COULOMMIERS -,48.813927,3.091115
77190_DAMMARIE-LES-LYS -,77190,DAMMARIE-LES-LYS -,48.515139,2.62042
77950_MONTEREAU-SUR-LE-JARD,77950,MONTEREAU-SUR-LE-JARD,48.594745,2.681613
77780_BOURRON-MARLOTTE -,77780,BOURRON-MARLOTTE -,48.342972,2.705747
77460_SOUPPES-SUR-LOING -,77460,SOUPPES-SUR-LOING -,48.184461,2.740744
77176_SAVIGNY-LE-TEMPLE -,77176,SAVIGNY-LE-TEMPLE -,48.587726,2.576659
77120_MOUROUX,77120,MOUROUX,48.823475,3.047289
77115_BLANDY -,77115,BLANDY -,48.56441,2.780132
77115_BLANDY,77115,BLANDY,48.56441,2.780132
77480_BRAY-SUR-SEINE,77480,BRAY-SUR-SEINE,48.413937,3.241232
77144_MONTEVRAIN -,77144,MONTEVRAIN -,48.867105,2.74974
77220_GRETZ-ARMAINVILLIERS,77220,GRETZ-ARMAINVILLIERS,48.738318,2.728488
77930_CHAILLY-EN-BIERE,77930,CHAILLY-EN-BIERE,48.467167,2.60924
77100_NANTEUIL-LES-MEAUX,77100,NANTEUIL-LES-MEAUX,48.933445,2.897362
77320_LA FERTE-GAUCHER,77320,LA FERTE-GAUCHER,48.787408,3.301542
77440_LIZY-SUR-OURCQ -,77440,LIZY-SUR-OURCQ -,49.028381,3.026412
77320_BETON-BAZOCHES,77320,BETON-BAZOCHES,48.704901,3.24636
77410_CLAYE-SOUILLY -,77410,CLAYE-SOUILLY -,48.943181,2.668776
77163_MORTCERF,77163,MORTCERF,48.789065,2.915311
77860_COUILLY-PONT-AUX-DAMES,77860,COUILLY-PONT-AUX-DAMES,48.88209,2.862987
77450_MONTRY,77450,MONTRY,48.887563,2.829108
77660_SAINT-JEAN-LES-DEUX-JUMEAUX,77660,SAINT-JEAN-LES-DEUX-JUMEAUX,48.951084,3.024075
77470_TRILPORT,77470,TRILPORT,48.958088,2.95568
77950_MAINCY -,77950,MAINCY -,48.552839,2.696018
77700_MAGNY-LE-HONGRE -,77700,MAGNY-LE-HONGRE -,48.869388,2.818284
77150_LESIGNY -,77150,LESIGNY -,48.743948,2.616599
77620_EGREVILLE -,77620,EGREVILLE -,48.178437,2.880513
77100_MEAUX -,77100,MEAUX -,48.959287,2.902726
77890_BEAUMONT-DU-GATINAIS,77890,BEAUMONT-DU-GATINAIS,48.137153,2.485717
77166_GRISY-SUISNES,77166,GRISY-SUISNES,48.677463,2.663572
77515_SAINT-AUGUSTIN,77515,SAINT-AUGUSTIN,48.781867,3.02624
77540_LUMIGNY-NESLES-ORMEAUX -,77540,LUMIGNY-NESLES-ORMEAUX -,48.725365,2.954115
77850_HERICY,77850,HERICY,48.446963,2.779395
77184_EMERAINVILLE,77184,EMERAINVILLE,48.817648,2.611569
77700_SERRIS -,77700,SERRIS -,48.846958,2.784749
77430_CHAMPAGNE-SUR-SEINE -,77430,CHAMPAGNE-SUR-SEINE -,48.402337,2.800349
77580_CRECY-LA-CHAPELLE -,77580,CRECY-LA-CHAPELLE -,48.857789,2.922245
77440_CONGIS-SUR-THEROUANNE,77440,CONGIS-SUR-THEROUANNE,49.011501,2.97655
77250_VILLEMER,77250,VILLEMER,48.303635,2.822922
77720_GRANDPUITS-BAILLY-CARROIS,77720,GRANDPUITS-BAILLY-CARROIS,48.582914,2.988133
77250_ECUELLES,77250,ECUELLES,48.360988,2.832906
77910_VARREDDES,77910,VARREDDES,49.003993,2.92887
77450_JABLINES,77450,JABLINES,48.917804,2.761289
77250_MORET-LOING-ET-ORVANNE -,77250,MORET-LOING-ET-ORVANNE -,48.356613,2.821065
77260_LA FERTE-SOUS-JOUARRE -,77260,LA FERTE-SOUS-JOUARRE -,48.952034,3.132091
77760_ACHERES-LA-FORET -,77760,ACHERES-LA-FORET -,48.351015,2.567032
77720_BOMBON -,77720,BOMBON -,48.571603,2.856498
77760_BOULANCOURT -,77760,BOULANCOURT -,48.259484,2.435694
77240_CESSON,77240,CESSON,48.562965,2.597355
77650_CHALMAISON -,77650,CHALMAISON -,48.495438,3.249411
77127_LIEUSAINT,77127,LIEUSAINT,48.628626,2.547935
77120_MAUPERTHUIS,77120,MAUPERTHUIS,48.768642,3.035908
77176_NANDY,77176,NANDY,48.581464,2.553997
77550_REAU,77550,REAU,48.607262,2.624308
77240_VERT-SAINT-DENIS,77240,VERT-SAINT-DENIS,48.567971,2.629439
77520_VIMPELLES -,77520,VIMPELLES -,48.441238,3.16815
77920_SAMOIS-SUR-SEINE,77920,SAMOIS-SUR-SEINE,48.456111,2.753458
77320_SAINT-REMY-LA-VANNE,77320,SAINT-REMY-LA-VANNE,48.81109,3.238515
77510_BELLOT -,77510,BELLOT -,48.840806,3.325712
77860_QUINCY-VOISINS -,77860,QUINCY-VOISINS -,48.898734,2.873581
77131_TOUQUIN,77131,TOUQUIN,48.735249,3.01554
77450_TRILBARDOU,77450,TRILBARDOU,48.943892,2.803782
77120_AULNOY,77120,AULNOY,,
77340_PONTAULT-COMBAULT -,77340,PONTAULT-COMBAULT -,48.793811,2.609096
77440_TROCY-EN-MULTIEN,77440,TROCY-EN-MULTIEN,49.041762,2.96387
77520_DONNEMARIE-DONTILLY -,77520,DONNEMARIE-DONTILLY -,48.477612,3.1243
77170_BRIE-COMTE-ROBERT -,77170,BRIE-COMTE-ROBERT -,48.68978,2.616586
77181_COURTRY,77181,COURTRY,48.914749,2.59977
77420_CHAMPS-SUR-MARNE -,77420,CHAMPS-SUR-MARNE -,48.851394,2.593974
78410_AUBERGENVILLE,78410,AUBERGENVILLE,48.959359,1.851264
78420_CARRIERES-SUR-SEINE,78420,CARRIERES-SUR-SEINE,48.913974,2.181597
78170_LA CELLE-SAINT-CLOUD,78170,LA CELLE-SAINT-CLOUD,48.848967,2.136702
78700_CONFLANS-SAINTE-HONORINE,78700,CONFLANS-SAINTE-HONORINE,49.000025,2.099679
78690_LES ESSARTS-LE-ROI,78690,LES ESSARTS-LE-ROI,48.720245,1.889384
78330_FONTENAY-LE-FLEURY,78330,FONTENAY-LE-FLEURY,48.810934,2.041631
78112_FOURQUEUX,78112,FOURQUEUX,48.882229,2.059979
78520_LIMAY,78520,LIMAY,48.993097,1.735314
78200_MANTES-LA-JOLIE,78200,MANTES-LA-JOLIE,48.994782,1.699745
78160_MARLY-LE-ROI,78160,MARLY-LE-ROI,48.875287,2.092406
78370_PLAISIR,78370,PLAISIR,48.812226,1.946353
78300_POISSY,78300,POISSY,48.930299,2.033457
78100_SAINT-GERMAIN-EN-LAYE,78100,SAINT-GERMAIN-EN-LAYE,48.923869,2.111227
78000_VERSAILLES,78000,VERSAILLES,48.802928,2.121128
78110_LE VESINET,78110,LE VESINET,48.894697,2.131228
78220_VIROFLAY,78220,VIROFLAY,48.803693,2.172552
78960_VOISINS-LE-BRETONNEUX,78960,VOISINS-LE-BRETONNEUX,48.75992,2.048246
78260_ACHERES,78260,ACHERES,48.970666,2.080148
78570_ANDRESY,78570,ANDRESY,48.976635,2.055981
78870_BAILLY,78870,BAILLY,48.839892,2.078518
78390_BOIS-D'ARCY,78390,BOIS-D'ARCY,48.803102,2.024144
78380_BOUGIVAL,78380,BOUGIVAL,48.864315,2.138795
78240_CHAMBOURCY,78240,CHAMBOURCY,48.902406,2.041587
78570_CHANTELOUP-LES-VIGNES,78570,CHANTELOUP-LES-VIGNES,48.978679,2.034147
78400_CHATOU,78400,CHATOU,48.896627,2.148267
78920_ECQUEVILLY,78920,ECQUEVILLY,48.957239,1.924735
78620_L'ETANG-LA-VILLE,78620,L'ETANG-LA-VILLE,48.868213,2.066286
78280_GUYANCOURT,78280,GUYANCOURT,48.772152,2.070346
78800_HOUILLES,78800,HOUILLES,48.926572,2.186545
78430_LOUVECIENNES,78430,LOUVECIENNES,48.86241,2.119015
78200_MAGNANVILLE,78200,MAGNANVILLE,48.971125,1.688763
78600_MAISONS-LAFFITTE,78600,MAISONS-LAFFITTE,48.951168,2.151409
78310_MAUREPAS,78310,MAUREPAS,48.768058,1.92396
78180_MONTIGNY-LE-BRETONNEUX,78180,MONTIGNY-LE-BRETONNEUX,48.779563,2.033014
78630_ORGEVAL,78630,ORGEVAL,48.926202,1.978094
78120_RAMBOUILLET,78120,RAMBOUILLET,48.641966,1.844673
78210_SAINT-CYR-L'ECOLE,78210,SAINT-CYR-L'ECOLE,48.80279,2.063622
78100_SAINT-GERMAIN-EN-LAYE -,78100,SAINT-GERMAIN-EN-LAYE -,48.923869,2.111227
78470_SAINT-REMY-LES-CHEVREUSE,78470,SAINT-REMY-LES-CHEVREUSE,,
78500_SARTROUVILLE,78500,SARTROUVILLE,48.939047,2.174783
78190_TRAPPES,78190,TRAPPES,48.778249,1.993009
78140_VELIZY-VILLACOUBLAY,78140,VELIZY-VILLACOUBLAY,48.785916,2.190427
78480_VERNEUIL-SUR-SEINE,78480,VERNEUIL-SUR-SEINE,48.980707,1.965227
78450_VILLEPREUX,78450,VILLEPREUX,48.831477,2.008583
78650_BEYNES,78650,BEYNES,48.852362,1.8756
78340_LES CLAYES-SOUS-BOIS,78340,LES CLAYES-SOUS-BOIS,48.816514,1.983854
78520_GUERNES,78520,GUERNES,49.010221,1.634475
78200_MANTES-LA-VILLE,78200,MANTES-LA-VILLE,48.994782,1.699745
78780_MAURECOURT,78780,MAURECOURT,48.99883,2.062264
78320_LE MESNIL-SAINT-DENIS -,78320,LE MESNIL-SAINT-DENIS -,48.742228,1.954199
78970_MEZIERES-SUR-SEINE,78970,MEZIERES-SUR-SEINE,48.945752,1.794741
78130_LES MUREAUX,78130,LES MUREAUX,48.985616,1.911379
78710_ROSNY-SUR-SEINE,78710,ROSNY-SUR-SEINE,48.998351,1.634097
78660_ABLIS,78660,ABLIS,48.535098,1.8494
78980_BREVAL,78980,BREVAL,48.954966,1.544954
78290_CROISSY-SUR-SEINE,78290,CROISSY-SUR-SEINE,48.879936,2.136022
78680_EPONE,78680,EPONE,48.951013,1.812602
78440_GARGENVILLE,78440,GARGENVILLE,48.98556,1.813979
78550_HOUDAN,78550,HOUDAN,,
78820_JUZIERS,78820,JUZIERS,48.992094,1.848073
78580_MAULE,78580,MAULE,48.912726,1.860341
78640_NEAUPHLE-LE-CHATEAU,78640,NEAUPHLE-LE-CHATEAU,48.813375,1.90042
78610_LE PERRAY-EN-YVELINES,78610,LE PERRAY-EN-YVELINES,48.694628,1.843944
78570_ANDRESY -,78570,ANDRESY -,48.976635,2.055981
78250_HARDRICOURT,78250,HARDRICOURT,49.007763,1.895779
78560_LE PORT-MARLY,78560,LE PORT-MARLY,48.88006,2.1086
78940_LA QUEUE-LES-YVELINES,78940,LA QUEUE-LES-YVELINES,48.805024,1.765191
78510_TRIEL-SUR-SEINE,78510,TRIEL-SUR-SEINE,48.984602,2.005576
78740_VAUX-SUR-SEINE,78740,VAUX-SUR-SEINE,49.006449,1.961447
78540_VERNOUILLET,78540,VERNOUILLET,48.966259,1.979968
78670_VILLENNES-SUR-SEINE,78670,VILLENNES-SUR-SEINE,48.938355,1.997115
78830_BONNELLES,78830,BONNELLES,48.619888,2.026398
78270_BONNIERES-SUR-SEINE,78270,BONNIERES-SUR-SEINE,49.028053,1.570895
78410_BOUAFLE,78410,BOUAFLE,48.963375,1.899707
78114_MAGNY-LES-HAMEAUX,78114,MAGNY-LES-HAMEAUX,48.733225,2.067844
78955_CARRIERES-SOUS-POISSY,78955,CARRIERES-SOUS-POISSY,48.947611,2.031689
78111_DAMMARTIN-EN-SERVE,78111,DAMMARTIN-EN-SERVE,48.923375,1.61975
78810_FEUCHEROLLES,78810,FEUCHEROLLES,48.879054,1.977762
78250_MEULAN-EN-YVELINES,78250,MEULAN-EN-YVELINES,49.00784,1.917929
78360_MONTESSON,78360,MONTESSON,48.920302,2.133126
78490_MONTFORT-L'AMAURY,78490,MONTFORT-L'AMAURY,48.774326,1.805293
78910_ORGERUS,78910,ORGERUS,48.837101,1.695537
78730_SAINT-ARNOULT-EN-YVELINES,78730,SAINT-ARNOULT-EN-YVELINES,48.57137,1.933171
78790_SEPTEUIL,78790,SEPTEUIL,48.890728,1.682258
78770_THOIRY,78770,THOIRY,48.868055,1.79014
78720_CERNAY-LA-VILLE -,78720,CERNAY-LA-VILLE -,48.671748,1.967661
78630_MORAINVILLIERS,78630,MORAINVILLIERS,48.935262,1.948889
78000_VERSAILLES -,78000,VERSAILLES -,48.802928,2.121128
78990_ELANCOURT,78990,ELANCOURT,48.778611,1.959849
78270_BONNIERES-SUR-SEINE -,78270,BONNIERES-SUR-SEINE -,49.028053,1.570895
78125_POIGNY-LA-FORET -,78125,POIGNY-LA-FORET -,48.68389,1.763769
78270_BENNECOURT -,78270,BENNECOURT -,49.046201,1.571469
78490_MERE,78490,MERE,48.793514,1.820286
78117_TOUSSUS-LE-NOBLE,78117,TOUSSUS-LE-NOBLE,48.747331,2.111648
78120_RAMBOUILLET -,78120,RAMBOUILLET -,48.641966,1.844673
78117_CHATEAUFORT,78117,CHATEAUFORT,48.736444,2.094286
78270_BENNECOURT,78270,BENNECOURT,49.046201,1.571469
78320_LE MESNIL-SAINT-DENIS,78320,LE MESNIL-SAINT-DENIS,48.742228,1.954199
78720_CERNAY-LA-VILLE,78720,CERNAY-LA-VILLE,48.671748,1.967661
78530_BUC,78530,BUC,48.772808,2.118783
78210_SAINT-CYR-L'ECOLE -,78210,SAINT-CYR-L'ECOLE -,48.80279,2.063622
78730_LONGVILLIERS -,78730,LONGVILLIERS -,48.578078,1.991858
78850_THIVERVAL-GRIGNON -,78850,THIVERVAL-GRIGNON -,48.841753,1.932293
78580_LES ALLUETS-LE-ROI,78580,LES ALLUETS-LE-ROI,48.9157,1.91743
78125_EMANCE,78125,EMANCE,48.592638,1.731279
78600_MAISONS-LAFFITTE -,78600,MAISONS-LAFFITTE -,48.951168,2.151409
78300_POISSY -,78300,POISSY -,48.930299,2.033457
91150_ETAMPES,91150,ETAMPES,48.427733,2.14952
91300_MASSY,91300,MASSY,48.728133,2.269556
91400_ORSAY,91400,ORSAY,48.696848,2.190471
91170_VIRY-CHATILLON,91170,VIRY-CHATILLON,48.666246,2.374662
91410_DOURDAN,91410,DOURDAN,48.535769,2.012239
91860_EPINAY-SOUS-SENART,91860,EPINAY-SOUS-SENART,48.695502,2.520072
91090_EVRY,91090,EVRY,48.266496,3.256026
91190_GIF-SUR-YVETTE,91190,GIF-SUR-YVETTE,48.694564,2.135009
91480_QUINCY-SOUS-SENART,91480,QUINCY-SOUS-SENART,48.676418,2.534316
91000_RIS-ORANGIS,91000,RIS-ORANGIS,48.64556,2.416042
91330_YERRES,91330,YERRES,48.710884,2.491344
91220_BRETIGNY-SUR-ORGE,91220,BRETIGNY-SUR-ORGE,48.603562,2.296311
91350_GRIGNY,91350,GRIGNY,48.658719,2.383271
91380_CHILLY-MAZARIN,91380,CHILLY-MAZARIN,48.704045,2.311186
91460_MARCOUSSIS,91460,MARCOUSSIS,48.647928,2.218524
91120_PALAISEAU,91120,PALAISEAU,48.716454,2.232499
91290_ARPAJON,91290,ARPAJON,48.590761,2.246292
91080_COURCOURONNES,91080,COURCOURONNES,48.62729,2.43251
91680_COURSON-MONTELOUP,91680,COURSON-MONTELOUP,48.595009,2.145625
91310_LINAS,91310,LINAS,48.62677,2.262698
91260_JUVISY-SUR-ORGE -,91260,JUVISY-SUR-ORGE -,48.691689,2.370786
91490_MILLY-LA-FORET,91490,MILLY-LA-FORET,48.402677,2.458307
91310_MONTLHERY,91310,MONTLHERY,48.639557,2.265535
91700_SAINTE-GENEVIEVE-DES-BOIS -,91700,SAINTE-GENEVIEVE-DES-BOIS -,48.639041,2.327655
91360_VILLEMOISSON-SUR-ORGE,91360,VILLEMOISSON-SUR-ORGE,48.659542,2.330434
91850_BOURAY-SUR-JUINE,91850,BOURAY-SUR-JUINE,48.515741,2.29419
91830_LE COUDRAY-MONTCEAUX,91830,LE COUDRAY-MONTCEAUX,48.566861,2.492305
91600_SAVIGNY-SUR-ORGE -,91600,SAVIGNY-SUR-ORGE -,48.685402,2.349213
91150_ETAMPES -,91150,ETAMPES -,48.427733,2.14952
91410_CORBREUSE,91410,CORBREUSE,48.499013,1.960177
91690_SACLAS -,91690,SACLAS -,48.356395,2.125494
91160_LONGJUMEAU,91160,LONGJUMEAU,48.691415,2.3016
91660_MEREVILLE,91660,MEREVILLE,48.322977,2.097915
91070_BONDOUFLE -,91070,BONDOUFLE -,48.612352,2.376259
91520_EGLY,91520,EGLY,48.579992,2.219785
91200_ATHIS-MONS,91200,ATHIS-MONS,48.70896,2.384591
91590_BOISSY-LE-CUTTE,91590,BOISSY-LE-CUTTE,48.469765,2.283626
91790_BOISSY-SOUS-SAINT-YON,91790,BOISSY-SOUS-SAINT-YON,48.555469,2.210977
91070_BONDOUFLE,91070,BONDOUFLE,48.612352,2.376259
91590_CERNY,91590,CERNY,48.479798,2.320782
91430_IGNY,91430,IGNY,48.737585,2.227671
91100_CORBEIL-ESSONNES,91100,CORBEIL-ESSONNES,48.598229,2.465045
91560_CROSNE,91560,CROSNE,48.71922,2.461842
91210_DRAVEIL,91210,DRAVEIL,48.677829,2.412138
91590_LA FERTE-ALAIS,91590,LA FERTE-ALAIS,48.481793,2.356209
91510_JANVILLE-SUR-JUINE,91510,JANVILLE-SUR-JUINE,48.513316,2.250108
91510_LARDY,91510,LARDY,48.526411,2.26963
91470_LIMOURS,91470,LIMOURS,48.643725,2.083179
91090_LISSES,91090,LISSES,48.598234,2.432759
91720_MAISSE,91720,MAISSE,48.396059,2.386745
91630_MAROLLES-EN-HUREPOIX,91630,MAROLLES-EN-HUREPOIX,48.562725,2.300049
91230_MONTGERON,91230,MONTGERON,48.704816,2.455399
91390_MORSANG-SUR-ORGE,91390,MORSANG-SUR-ORGE,48.656472,2.351646
91550_PARAY-VIEILLE-POSTE,91550,PARAY-VIEILLE-POSTE,48.717282,2.360898
91530_SAINT-CHERON,91530,SAINT-CHERON,48.552927,2.122859
91700_SAINTE-GENEVIEVE-DES-BOIS,91700,SAINTE-GENEVIEVE-DES-BOIS,48.639041,2.327655
91180_SAINT-GERMAIN-LES-ARPAJON,91180,SAINT-GERMAIN-LES-ARPAJON,48.601694,2.267002
91240_SAINT-MICHEL-SUR-ORGE,91240,SAINT-MICHEL-SUR-ORGE,48.633167,2.312718
91280_SAINT-PIERRE-DU-PERRAY,91280,SAINT-PIERRE-DU-PERRAY,48.611278,2.505367
91600_SAVIGNY-SUR-ORGE,91600,SAVIGNY-SUR-ORGE,48.685402,2.349213
91270_VIGNEUX-SUR-SEINE,91270,VIGNEUX-SUR-SEINE,48.705366,2.426026
91580_VILLECONIN,91580,VILLECONIN,48.502074,2.124005
91940_LES ULIS,91940,LES ULIS,48.681532,2.185946
91650_BREUILLET,91650,BREUILLET,48.571299,2.166096
91800_BRUNOY,91800,BRUNOY,48.695959,2.504827
91580_ETRECHY,91580,ETRECHY,48.490145,2.182131
91700_FLEURY-MEROGIS,91700,FLEURY-MEROGIS,48.6337,2.365469
91540_MENNECY,91540,MENNECY,48.560075,2.435966
91420_MORANGIS,91420,MORANGIS,48.699595,2.333773
91220_LE PLESSIS-PATE,91220,LE PLESSIS-PATE,48.610207,2.332946
91320_WISSOUS,91320,WISSOUS,48.738581,2.329735
91490_MOIGNY-SUR-ECOLE,91490,MOIGNY-SUR-ECOLE,48.433005,2.454517
91740_PUSSAY,91740,PUSSAY,48.348963,1.993528
91650_BREUX-JOUY,91650,BREUX-JOUY,48.562163,2.163506
91410_LA FORET-LE-ROI,91410,LA FORET-LE-ROI,48.479855,2.042368
91160_SAULX-LES-CHARTREUX,91160,SAULX-LES-CHARTREUX,48.687213,2.266782
91590_CERNY -,91590,CERNY -,48.479798,2.320782
91730_CHAMARANDE,91730,CHAMARANDE,48.515627,2.218246
91160_LONGJUMEAU -,91160,LONGJUMEAU -,48.691415,2.3016
91000_RIS-ORANGIS -,91000,RIS-ORANGIS -,48.64556,2.416042
91610_BALLANCOURT-SUR-ESSONNE,91610,BALLANCOURT-SUR-ESSONNE,48.531355,2.377934
91250_TIGERY,91250,TIGERY,48.638681,2.514542
91260_JUVISY-SUR-ORGE,91260,JUVISY-SUR-ORGE,48.691689,2.370786
91290_ARPAJON -,91290,ARPAJON -,48.590761,2.246292
91570_BIEVRES,91570,BIEVRES,48.755772,2.212585
91470_LES MOLIERES,91470,LES MOLIERES,48.67566,2.069361
91940_GOMETZ-LE-CHATEL,91940,GOMETZ-LE-CHATEL,48.679845,2.142937
91160_SAULX-LES-CHARTREUX -,91160,SAULX-LES-CHARTREUX -,48.687213,2.266782
91620_NOZAY,91620,NOZAY,48.658555,2.235291
92240_MALAKOFF,92240,MALAKOFF,48.81742,2.294086
92600_ASNIERES-SUR-SEINE,92600,ASNIERES-SUR-SEINE,48.918167,2.292385
92270_BOIS-COLOMBES,92270,BOIS-COLOMBES,48.915331,2.268837
92100_BOULOGNE-BILLANCOURT,92100,BOULOGNE-BILLANCOURT,48.837799,2.243202
92340_BOURG-LA-REINE,92340,BOURG-LA-REINE,48.779888,2.316407
92140_CLAMART,92140,CLAMART,48.796102,2.25475
92110_CLICHY,92110,CLICHY,48.90348,2.305118
92700_COLOMBES,92700,COLOMBES,48.922535,2.247799
92400_COURBEVOIE,92400,COURBEVOIE,48.897974,2.257057
92260_FONTENAY-AUX-ROSES,92260,FONTENAY-AUX-ROSES,48.789528,2.288257
92380_GARCHES,92380,GARCHES,48.847088,2.188292
92250_LA GARENNE-COLOMBES,92250,LA GARENNE-COLOMBES,48.907164,2.244406
92230_GENNEVILLIERS,92230,GENNEVILLIERS,48.93113,2.294231
92130_ISSY-LES-MOULINEAUX,92130,ISSY-LES-MOULINEAUX,48.823903,2.262887
92300_LEVALLOIS-PERRET,92300,LEVALLOIS-PERRET,48.894215,2.286846
92190_MEUDON,92190,MEUDON,48.803633,2.233989
92120_MONTROUGE,92120,MONTROUGE,48.815929,2.316207
92000_NANTERRE,92000,NANTERRE,48.898095,2.202314
92800_PUTEAUX,92800,PUTEAUX,48.884156,2.237199
92500_RUEIL-MALMAISON,92500,RUEIL-MALMAISON,48.874531,2.180455
92210_SAINT-CLOUD,92210,SAINT-CLOUD,48.850588,2.211247
92330_SCEAUX,92330,SCEAUX,48.777233,2.296148
92310_SEVRES,92310,SEVRES,48.819588,2.212003
92150_SURESNES,92150,SURESNES,48.870985,2.218087
92170_VANVES,92170,VANVES,48.820966,2.286369
92410_VILLE-D'AVRAY,92410,VILLE-D'AVRAY,48.823916,2.18236
92160_ANTONY,92160,ANTONY,48.751021,2.29783
92220_BAGNEUX,92220,BAGNEUX,48.797745,2.310117
92200_NEUILLY-SUR-SEINE,92200,NEUILLY-SUR-SEINE,48.886191,2.265869
92320_CHATILLON,92320,CHATILLON,48.803355,2.286345
92370_CHAVILLE,92370,CHAVILLE,48.809041,2.188814
92350_LE PLESSIS-ROBINSON,92350,LE PLESSIS-ROBINSON,48.781328,2.261065
92420_VAUCRESSON,92420,VAUCRESSON,48.840569,2.163482
92390_VILLENEUVE-LA-GARENNE,92390,VILLENEUVE-LA-GARENNE,48.935658,2.324647
92000_NANTERRE -,92000,NANTERRE -,,
92230_GENNEVILLIERS -,92230,GENNEVILLIERS -,48.93113,2.294231
92290_CHATENAY-MALABRY,92290,CHATENAY-MALABRY,48.769869,2.258651
92160_ANTONY -,92160,ANTONY -,48.751021,2.29783
92250_LA GARENNE-COLOMBES -,92250,LA GARENNE-COLOMBES -,48.907164,2.244406
92220_BAGNEUX -,92220,BAGNEUX -,48.797745,2.310117
92400_COURBEVOIE -,92400,COURBEVOIE -,48.897974,2.257057
92700_COLOMBES -,92700,COLOMBES -,48.922535,2.247799
92200_NEUILLY-SUR-SEINE -,92200,NEUILLY-SUR-SEINE -,48.886191,2.265869
92100_BOULOGNE-BILLANCOURT -,92100,BOULOGNE-BILLANCOURT -,48.837799,2.243202
92130_ISSY-LES-MOULINEAUX -,92130,ISSY-LES-MOULINEAUX -,48.823903,2.262887
93800_EPINAY-SUR-SEINE,93800,EPINAY-SUR-SEINE,48.955218,2.317123
93300_AUBERVILLIERS,93300,AUBERVILLIERS,48.912878,2.386167
93100_MONTREUIL,93100,MONTREUIL,48.863728,2.449364
93600_AULNAY-SOUS-BOIS,93600,AULNAY-SOUS-BOIS,48.940735,2.497929
93170_BAGNOLET,93170,BAGNOLET,48.8676,2.425015
93150_LE BLANC-MESNIL,93150,LE BLANC-MESNIL,48.936683,2.457832
93000_BOBIGNY,93000,BOBIGNY,48.907365,2.443342
93140_BONDY,93140,BONDY,48.903653,2.48526
93350_LE BOURGET,93350,LE BOURGET,48.937781,2.428852
93390_CLICHY-SOUS-BOIS,93390,CLICHY-SOUS-BOIS,48.906453,2.539531
93220_GAGNY,93220,GAGNY,48.881906,2.545651
93460_GOURNAY-SUR-MARNE,93460,GOURNAY-SUR-MARNE,48.860714,2.576485
93260_LES LILAS,93260,LES LILAS,48.880537,2.420744
93190_LIVRY-GARGAN,93190,LIVRY-GARGAN,48.917656,2.533775
93370_MONTFERMEIL,93370,MONTFERMEIL,48.897027,2.568728
93360_NEUILLY-PLAISANCE,93360,NEUILLY-PLAISANCE,48.86467,2.509639
93330_NEUILLY-SUR-MARNE -,93330,NEUILLY-SUR-MARNE -,48.864899,2.537373
93160_NOISY-LE-GRAND,93160,NOISY-LE-GRAND,48.840106,2.551491
93130_NOISY-LE-SEC,93130,NOISY-LE-SEC,48.891485,2.456745
93500_PANTIN,93500,PANTIN,48.900267,2.409457
93320_LES PAVILLONS-SOUS-BOIS,93320,LES PAVILLONS-SOUS-BOIS,48.906786,2.505613
93380_PIERREFITTE-SUR-SEINE,93380,PIERREFITTE-SUR-SEINE,48.95501,2.361827
93310_LE PRE-SAINT-GERVAIS,93310,LE PRE-SAINT-GERVAIS,48.884145,2.405377
93340_LE RAINCY,93340,LE RAINCY,48.895953,2.519715
93230_ROMAINVILLE,93230,ROMAINVILLE,48.884085,2.438056
93110_ROSNY-SOUS-BOIS,93110,ROSNY-SOUS-BOIS,48.873864,2.487396
93210_SAINT-DENIS,93210,SAINT-DENIS,48.93746,2.361503
93400_SAINT-OUEN,93400,SAINT-OUEN,48.911709,2.333339
93270_SEVRAN -,93270,SEVRAN -,48.93797,2.531288
93240_STAINS,93240,STAINS,48.958196,2.382474
93250_VILLEMOMBLE,93250,VILLEMOMBLE,48.886661,2.508715
93330_NEUILLY-SUR-MARNE,93330,NEUILLY-SUR-MARNE,48.864899,2.537373
93120_LA COURNEUVE,93120,LA COURNEUVE,48.929852,2.399668
93700_DRANCY,93700,DRANCY,48.924157,2.444197
93300_AUBERVILLIERS -,93300,AUBERVILLIERS -,48.912878,2.386167
93800_EPINAY-SUR-SEINE -,93800,EPINAY-SUR-SEINE -,48.955218,2.317123
93290_TREMBLAY-EN-FRANCE,93290,TREMBLAY-EN-FRANCE,48.97725,2.55497
93350_LE BOURGET -,93350,LE BOURGET -,48.937781,2.428852
93320_LES PAVILLONS-SOUS-BOIS -,93320,LES PAVILLONS-SOUS-BOIS -,48.906786,2.505613
93120_LA COURNEUVE -,93120,LA COURNEUVE -,48.929852,2.399668
93250_VILLEMOMBLE -,93250,VILLEMOMBLE -,48.886661,2.508715
93150_LE BLANC-MESNIL -,93150,LE BLANC-MESNIL -,48.936683,2.457832
93290_TREMBLAY-EN-FRANCE -,93290,TREMBLAY-EN-FRANCE -,48.97725,2.55497
93700_DRANCY -,93700,DRANCY -,48.924157,2.444197
93380_PIERREFITTE-SUR-SEINE -,93380,PIERREFITTE-SUR-SEINE -,48.95501,2.361827
93260_LES LILAS -,93260,LES LILAS -,48.880537,2.420744
93370_MONTFERMEIL -,93370,MONTFERMEIL -,48.897027,2.568728
94140_ALFORTVILLE,94140,ALFORTVILLE,48.797176,2.421524
94260_FRESNES,94260,FRESNES,48.757544,2.324537
94250_GENTILLY,94250,GENTILLY,48.812317,2.342606
94200_IVRY-SUR-SEINE,94200,IVRY-SUR-SEINE,48.812752,2.386427
94380_BONNEUIL-SUR-MARNE,94380,BONNEUIL-SUR-MARNE,48.773398,2.489643
94520_MANDRES-LES-ROSES,94520,MANDRES-LES-ROSES,48.704283,2.545946
94230_CACHAN,94230,CACHAN,48.791346,2.331515
94500_CHAMPIGNY-SUR-MARNE,94500,CHAMPIGNY-SUR-MARNE,48.817209,2.521265
94220_CHARENTON-LE-PONT,94220,CHARENTON-LE-PONT,48.823948,2.407129
94550_CHEVILLY-LARUE,94550,CHEVILLY-LARUE,48.767525,2.350879
94600_CHOISY-LE-ROI,94600,CHOISY-LE-ROI,48.764115,2.412807
94000_CRETEIL,94000,CRETEIL,48.784506,2.452976
94120_FONTENAY-SOUS-BOIS,94120,FONTENAY-SOUS-BOIS,48.850022,2.473494
94240_L'HAY-LES-ROSES,94240,L'HAY-LES-ROSES,48.776851,2.341995
94340_JOINVILLE-LE-PONT,94340,JOINVILLE-LE-PONT,48.820327,2.471927
94450_LIMEIL-BREVANNES,94450,LIMEIL-BREVANNES,48.747906,2.492425
94700_MAISONS-ALFORT,94700,MAISONS-ALFORT,48.801685,2.440318
94130_NOGENT-SUR-MARNE,94130,NOGENT-SUR-MARNE,48.837475,2.480913
94310_ORLY,94310,ORLY,48.742287,2.395245
94490_ORMESSON-SUR-MARNE,94490,ORMESSON-SUR-MARNE,48.788138,2.534196
94420_LE PLESSIS-TREVISE,94420,LE PLESSIS-TREVISE,48.810135,2.576234
94210_SAINT-MAUR-DES-FOSSES,94210,SAINT-MAUR-DES-FOSSES,48.799943,2.491801
94880_SUCY-EN-BRIE,94880,SUCY-EN-BRIE,48.77067,2.528396
94800_VILLEJUIF,94800,VILLEJUIF,48.793468,2.360996
94190_VILLENEUVE-SAINT-GEORGES,94190,VILLENEUVE-SAINT-GEORGES,48.738782,2.449705
94300_VINCENNES,94300,VINCENNES,48.847279,2.437785
94400_VITRY-SUR-SEINE,94400,VITRY-SUR-SEINE,48.789495,2.39571
94470_BOISSY-SAINT-LEGER,94470,BOISSY-SAINT-LEGER,48.751282,2.52001
94360_BRY-SUR-MARNE,94360,BRY-SUR-MARNE,48.83925,2.523187
94270_LE KREMLIN-BICETRE,94270,LE KREMLIN-BICETRE,48.808178,2.355821
94170_LE PERREUX-SUR-MARNE,94170,LE PERREUX-SUR-MARNE,48.8435,2.504424
94510_LA QUEUE-EN-BRIE,94510,LA QUEUE-EN-BRIE,48.786226,2.579128
94160_SAINT-MANDE,94160,SAINT-MANDE,48.841526,2.419441
94410_SAINT-MAURICE,94410,SAINT-MAURICE,48.817936,2.44166
94320_THIAIS,94320,THIAIS,48.760465,2.386991
94460_VALENTON,94460,VALENTON,48.749321,2.459159
94440_VILLECRESNES,94440,VILLECRESNES,48.720043,2.529599
94290_VILLENEUVE-LE-ROI,94290,VILLENEUVE-LE-ROI,48.734803,2.420109
94350_VILLIERS-SUR-MARNE,94350,VILLIERS-SUR-MARNE,48.827839,2.5492
94110_ARCUEIL,94110,ARCUEIL,48.805178,2.333471
94430_CHENNEVIERES-SUR-MARNE,94430,CHENNEVIERES-SUR-MARNE,48.794898,2.541501
94250_GENTILLY -,94250,GENTILLY -,48.812317,2.342606
94270_LE KREMLIN-BICETRE -,94270,LE KREMLIN-BICETRE -,48.808178,2.355821
94800_VILLEJUIF -,94800,VILLEJUIF -,48.793468,2.360996
94140_ALFORTVILLE -,94140,ALFORTVILLE -,48.797176,2.421524
94000_CRETEIL -,94000,CRETEIL -,48.784506,2.452976
94300_VINCENNES -,94300,VINCENNES -,48.847279,2.437785
94110_ARCUEIL -,94110,ARCUEIL -,48.805178,2.333471
94150_RUNGIS -,94150,RUNGIS -,48.749989,2.351473
94130_NOGENT-SUR-MARNE -,94130,NOGENT-SUR-MARNE -,48.837475,2.480913
94400_VITRY-SUR-SEINE -,94400,VITRY-SUR-SEINE -,48.789495,2.39571
95100_ARGENTEUIL,95100,ARGENTEUIL,48.948465,2.248202
95170_DEUIL-LA-BARRE,95170,DEUIL-LA-BARRE,48.970077,2.328479
95880_ENGHIEN-LES-BAINS,95880,ENGHIEN-LES-BAINS,48.971047,2.305251
95470_FOSSES,95470,FOSSES,49.098813,2.505427
95190_GOUSSAINVILLE,95190,GOUSSAINVILLE,49.02773,2.46692
95220_HERBLAY,95220,HERBLAY,49.004061,2.152445
95290_L'ISLE-ADAM,95290,L'ISLE-ADAM,49.110831,2.228778
95300_PONTOISE,95300,PONTOISE,49.047592,2.099968
95110_SANNOIS,95110,SANNOIS,48.973523,2.253694
95200_SARCELLES,95200,SARCELLES,48.991319,2.382412
95150_TAVERNY,95150,TAVERNY,49.024195,2.212634
95400_VILLIERS-LE-BEL,95400,VILLIERS-LE-BEL,49.00324,2.399649
95300_HEROUVILLE,95300,HEROUVILLE,49.100633,2.131949
95550_BESSANCOURT,95550,BESSANCOURT,49.037756,2.207889
95570_BOUFFEMONT,95570,BOUFFEMONT,49.04331,2.307584
95800_CERGY,95800,CERGY,49.04227,2.045547
95240_CORMEILLES-EN-PARISIS,95240,CORMEILLES-EN-PARISIS,48.970343,2.19574
95830_CORMEILLES-EN-VEXIN,95830,CORMEILLES-EN-VEXIN,49.115024,2.018388
95120_ERMONT,95120,ERMONT,48.989064,2.257404
95460_EZANVILLE,95460,EZANVILLE,49.031544,2.357182
95130_FRANCONVILLE,95130,FRANCONVILLE,48.98921,2.224145
95140_GARGES-LES-GONESSE,95140,GARGES-LES-GONESSE,48.969747,2.400856
95370_MONTIGNY-LES-CORMEILLES,95370,MONTIGNY-LES-CORMEILLES,48.993332,2.193753
95160_MONTMORENCY,95160,MONTMORENCY,48.989397,2.321988
95340_PERSAN,95340,PERSAN,49.151056,2.273863
95130_LE PLESSIS-BOUCHARD,95130,LE PLESSIS-BOUCHARD,49.00033,2.235339
95210_SAINT-GRATIEN,95210,SAINT-GRATIEN,48.968414,2.284955
95320_SAINT-LEU-LA-FORET,95320,SAINT-LEU-LA-FORET,49.013301,2.242938
95310_SAINT-OUEN-L'AUMONE,95310,SAINT-OUEN-L'AUMONE,49.047982,2.124065
95230_SOISY-SOUS-MONTMORENCY,95230,SOISY-SOUS-MONTMORENCY,48.988538,2.301698
95270_VIARMES,95270,VIARMES,49.122064,2.370327
95400_ARNOUVILLE,95400,ARNOUVILLE,48.987242,2.416319
95760_AUVERS-SUR-OISE,95760,AUVERS-SUR-OISE,49.074123,2.15876
95250_BEAUCHAMP,95250,BEAUCHAMP,49.013685,2.191493
95810_GRISY-LES-PLATRES,95810,GRISY-LES-PLATRES,49.131949,2.049609
95260_BEAUMONT-SUR-OISE,95260,BEAUMONT-SUR-OISE,49.141727,2.291947
95870_BEZONS,95870,BEZONS,48.927132,2.214879
95330_DOMONT,95330,DOMONT,49.028712,2.327914
95610_ERAGNY,95610,ERAGNY,49.021616,2.098028
95530_LA FRETTE-SUR-SEINE,95530,LA FRETTE-SUR-SEINE,48.974426,2.177846
95410_GROSLAY,95410,GROSLAY,,
95380_LOUVRES,95380,LOUVRES,49.047348,2.503928
95650_MONTGEROULT,95650,MONTGEROULT,49.082968,2.005146
95480_PIERRELAYE,95480,PIERRELAYE,49.016669,2.162316
95490_VAUREAL,95490,VAUREAL,49.029307,2.025442
95590_PRESLES,95590,PRESLES,49.112925,2.286244
95780_VETHEUIL,95780,VETHEUIL,49.064984,1.704639
95270_LUZARCHES,95270,LUZARCHES,49.113569,2.444072
95560_MONTSOULT,95560,MONTSOULT,49.06858,2.31183
95350_SAINT-BRICE-SOUS-FORET,95350,SAINT-BRICE-SOUS-FORET,49.001693,2.35117
95180_MENUCOURT,95180,MENUCOURT,49.027979,1.981824
95700_ROISSY-EN-FRANCE,95700,ROISSY-EN-FRANCE,48.998904,2.511155
95270_LUZARCHES -,95270,LUZARCHES -,49.113569,2.444072
95750_CHARS,95750,CHARS,49.160983,1.927201
95280_JOUY-LE-MOUTIER,95280,JOUY-LE-MOUTIER,49.012546,2.037578
95640_MARINES,95640,MARINES,49.1445,1.978723
95520_OSNY,95520,OSNY,49.062903,2.06412
95570_ATTAINVILLE,95570,ATTAINVILLE,49.055984,2.34303
95450_ABLEIGES,95450,ABLEIGES,49.087375,1.980734
95710_CHAUSSY,95710,CHAUSSY,49.106668,1.70247
95630_MERIEL -,95630,MERIEL -,49.077153,2.205991
95420_OMERVILLE,95420,OMERVILLE,49.149267,1.710751
95340_BERNES-SUR-OISE,95340,BERNES-SUR-OISE,49.158683,2.300957
95600_EAUBONNE,95600,EAUBONNE,48.9916,2.277576
95500_GONESSE,95500,GONESSE,48.985195,2.457867
95540_MERY-SUR-OISE,95540,MERY-SUR-OISE,49.056945,2.17294
95230_SOISY-SOUS-MONTMORENCY -,95230,SOISY-SOUS-MONTMORENCY -,48.988538,2.301698
95490_VAUREAL -,95490,VAUREAL -,49.029307,2.025442
95880_ENGHIEN-LES-BAINS -,95880,ENGHIEN-LES-BAINS -,48.971047,2.305251
95260_MOURS,95260,MOURS,49.13259,2.267801
95110_SANNOIS -,95110,SANNOIS -,48.973523,2.253694
95420_MAGNY-EN-VEXIN -,95420,MAGNY-EN-VEXIN -,49.154803,1.798528
95270_ASNIERES-SUR-OISE,95270,ASNIERES-SUR-OISE,49.139257,2.374844
95270_VIARMES -,95270,VIARMES -,49.122064,2.370327
95270_BELLOY-EN-FRANCE,95270,BELLOY-EN-FRANCE,49.089177,2.366864
95270_ASNIERES-SUR-OISE -,95270,ASNIERES-SUR-OISE -,49.139257,2.374844
95350_SAINT-BRICE-SOUS-FORET -,95350,SAINT-BRICE-SOUS-FORET -,49.001693,2.35117
95420_NUCOURT,95420,NUCOURT,49.160989,1.85591
95240_CORMEILLES-EN-PARISIS -,95240,CORMEILLES-EN-PARISIS -,48.970343,2.19574
95650_COURCELLES-SUR-VIOSNE,95650,COURCELLES-SUR-VIOSNE,49.076595,2.003626
95470_SURVILLIERS -,95470,SURVILLIERS -,49.098019,2.539528
95420_WY-DIT-JOLI-VILLAGE,95420,WY-DIT-JOLI-VILLAGE,49.100426,1.831509
95850_MAREIL-EN-FRANCE,95850,MAREIL-EN-FRANCE,49.069014,2.423699
95300_ENNERY -,95300,ENNERY -,49.070476,2.105691
1500_AMBERIEU-EN-BUGEY,1500,AMBERIEU-EN-BUGEY,,
1330_AMBERIEUX-EN-DOMBES,1330,AMBERIEUX-EN-DOMBES,,
1000_BOURG-EN-BRESSE,1000,BOURG-EN-BRESSE,,
1200_CHATILLON-EN-MICHAILLE,1200,CHATILLON-EN-MICHAILLE,,
1370_MEILLONNAS,1370,MEILLONNAS,,
1800_MEXIMIEUX,1800,MEXIMIEUX,,
1500_SAINT-MAURICE-DE-REMENS -,1500,SAINT-MAURICE-DE-REMENS -,,
1200_BELLEGARDE-SUR-VALSERINE,1200,BELLEGARDE-SUR-VALSERINE,,
1480_MESSIMY-SUR-SAONE,1480,MESSIMY-SUR-SAONE,,
1260_CHAMPAGNE-EN-VALROMEY,1260,CHAMPAGNE-EN-VALROMEY,,
1700_MIRIBEL,1700,MIRIBEL,,
1090_MONTMERLE-SUR-SAONE -,1090,MONTMERLE-SUR-SAONE -,,
1100_OYONNAX -,1100,OYONNAX -,,
1480_VILLENEUVE,1480,VILLENEUVE,,
1540_VONNAS,1540,VONNAS,,
1500_AMBRONAY,1500,AMBRONAY,,
1100_ARBENT,1100,ARBENT,,
1480_ARS-SUR-FORMANS,1480,ARS-SUR-FORMANS,,
1510_ARTEMARE,1510,ARTEMARE,,
1700_BEYNOST,1700,BEYNOST,,
1170_CESSY -,1170,CESSY -,,
1450_CERDON,1450,CERDON,,
1320_CHALAMONT,1320,CHALAMONT,,
1250_CORVEISSIAT,1250,CORVEISSIAT,,
1120_DAGNEUX,1120,DAGNEUX,,
1480_FAREINS,1480,FAREINS,,
1150_LAGNIEU,1150,LAGNIEU,,
1210_VERSONNEX,1210,VERSONNEX,,
1000_BOURG-EN-BRESSE -,1000,BOURG-EN-BRESSE -,,
1300_BELLEY,1300,BELLEY,,
1400_CHATILLON-SUR-CHALARONNE,1400,CHATILLON-SUR-CHALARONNE,,
1300_SAINT-BENOIT,1300,SAINT-BENOIT,,
1390_CIVRIEUX,1390,CIVRIEUX,,
1170_GEX,1170,GEX,,
1000_SAINT-DENIS-LES-BOURG,1000,SAINT-DENIS-LES-BOURG,,
1600_TREVOUX,1600,TREVOUX,,
1360_BELIGNEUX,1360,BELIGNEUX,,
1130_CHARIX,1130,CHARIX,,
1370_SAINT-ETIENNE-DU-BOIS,1370,SAINT-ETIENNE-DU-BOIS,,
1110_HAUTEVILLE-LOMPNES,1110,HAUTEVILLE-LOMPNES,,
1620_SAINT-LAURENT-SUR-SAONE,1620,SAINT-LAURENT-SUR-SAONE,,
1560_SAINT-TRIVIER-DE-COURTES,1560,SAINT-TRIVIER-DE-COURTES,,
1150_BLYES -,1150,BLYES -,,
1300_BRENS,1300,BRENS,,
1220_DIVONNE-LES-BAINS,1220,DIVONNE-LES-BAINS,,
1120_SAINTE-CROIX,1120,SAINTE-CROIX,,
1370_TREFFORT-CUISIAT,1370,TREFFORT-CUISIAT,,
1300_IZIEU,1300,IZIEU,,
1340_MARSONNAS,1340,MARSONNAS,,
1410_CHAMPFROMIER,1410,CHAMPFROMIER,,
1560_CURCIAT-DONGALON,1560,CURCIAT-DONGALON,,
1570_FEILLENS,1570,FEILLENS,,
1350_ANGLEFORT,1350,ANGLEFORT,,
1110_ARANC,1110,ARANC,,
1120_LA BOISSE -,1120,LA BOISSE -,,
1450_BOLOZON,1450,BOLOZON,,
1320_CHALAMONT -,1320,CHALAMONT -,,
1200_INJOUX-GENISSIAT,1200,INJOUX-GENISSIAT,,
1640_JUJURIEUX,1640,JUJURIEUX,,
1360_LOYETTES,1360,LOYETTES,,
1120_MONTLUEL,1120,MONTLUEL,,
1700_NEYRON,1700,NEYRON,,
1450_PONCIN,1450,PONCIN,,
1190_PONT-DE-VAUX,1190,PONT-DE-VAUX,,
1280_PREVESSIN-MOENS,1280,PREVESSIN-MOENS,,
1630_SAINT-GENIS-POUILLY,1630,SAINT-GENIS-POUILLY,,
1140_THOISSEY,1140,THOISSEY,,
1550_COLLONGES,1550,COLLONGES,,
1710_THOIRY,1710,THOIRY,,
1210_FERNEY-VOLTAIRE,1210,FERNEY-VOLTAIRE,,
1170_MIJOUX,1170,MIJOUX,,
1090_MONTMERLE-SUR-SAONE,1090,MONTMERLE-SUR-SAONE,,
1340_MONTREVEL-EN-BRESSE,1340,MONTREVEL-EN-BRESSE,,
1460_NANTUA,1460,NANTUA,,
1100_OYONNAX,1100,OYONNAX,,
1500_SAINT-DENIS-EN-BUGEY,1500,SAINT-DENIS-EN-BUGEY,,
1700_SAINT-MAURICE-DE-BEYNOST,1700,SAINT-MAURICE-DE-BEYNOST,,
1150_SAULT-BRENAZ,1150,SAULT-BRENAZ,,
1450_SERRIERES-SUR-AIN,1450,SERRIERES-SUR-AIN,,
1420_SEYSSEL,1420,SEYSSEL,,
1600_TREVOUX -,1600,TREVOUX -,,
1810_BELLIGNAT,1810,BELLIGNAT,,
1660_MEZERIAT,1660,MEZERIAT,,
1350_ANGLEFORT -,1350,ANGLEFORT -,,
1150_SAINT-SORLIN-EN-BUGEY,1150,SAINT-SORLIN-EN-BUGEY,,
1270_COLIGNY,1270,COLIGNY,,
1190_REYSSOUZE,1190,REYSSOUZE,,
1370_COURMANGOUX,1370,COURMANGOUX,,
1560_CORMOZ,1560,CORMOZ,,
1350_LAVOURS -,1350,LAVOURS -,,
1410_LELEX,1410,LELEX,,
1680_LHUIS,1680,LHUIS,,
1430_OUTRIAZ,1430,OUTRIAZ,,
1160_PRIAY,1160,PRIAY,,
1800_RIGNIEUX-LE-FRANC,1800,RIGNIEUX-LE-FRANC,,
1560_SAINT-JULIEN-SUR-REYSSOUZE,1560,SAINT-JULIEN-SUR-REYSSOUZE,,
1110_THEZILLIEU,1110,THEZILLIEU,,
1330_VILLARS-LES-DOMBES -,1330,VILLARS-LES-DOMBES -,,
1310_POLLIAT,1310,POLLIAT,,
1340_ATTIGNAT,1340,ATTIGNAT,,
1550_COLLONGES -,1550,COLLONGES -,,
1140_THOISSEY -,1140,THOISSEY -,,
1120_DAGNEUX -,1120,DAGNEUX -,,
1500_AMBERIEU-EN-BUGEY -,1500,AMBERIEU-EN-BUGEY -,,
1570_MANZIAT,1570,MANZIAT,,
1480_JASSANS-RIOTTIER -,1480,JASSANS-RIOTTIER -,,
1300_BELLEY -,1300,BELLEY -,,
1150_SAINT-VULBAS -,1150,SAINT-VULBAS -,,
1290_LAIZ,1290,LAIZ,,
1800_PEROUGES,1800,PEROUGES,,
1500_DOUVRES,1500,DOUVRES,,
1710_THOIRY -,1710,THOIRY -,,
1140_ILLIAT,1140,ILLIAT,,
1460_NURIEUX-VOLOGNAT,1460,NURIEUX-VOLOGNAT,,
1400_NEUVILLE-LES-DAMES,1400,NEUVILLE-LES-DAMES,,
1620_REPLONGES,1620,REPLONGES,,
1470_MONTAGNIEU -,1470,MONTAGNIEU -,,
1800_PEROUGES -,1800,PEROUGES -,,
1150_BLYES,1150,BLYES,,
1420_CORBONOD,1420,CORBONOD,,
1210_FERNEY-VOLTAIRE -,1210,FERNEY-VOLTAIRE -,,
2150_SISSONNE,2150,SISSONNE,,
2200_SOISSONS,2200,SOISSONS,,
2290_VIC-SUR-AISNE,2290,VIC-SUR-AISNE,,
2600_VILLERS-COTTERETS,2600,VILLERS-COTTERETS,,
2220_BRAINE,2220,BRAINE,,
2320_ANIZY-LE-CHATEAU,2320,ANIZY-LE-CHATEAU,,
2260_LA CAPELLE,2260,LA CAPELLE,,
2430_GAUCHY,2430,GAUCHY,,
2760_HOLNON,2760,HOLNON,,
2000_LAON,2000,LAON,,
2810_MARIGNY-EN-ORXOIS,2810,MARIGNY-EN-ORXOIS,,
2820_SAINT-ERME-OUTRE-ET-RAMECOURT,2820,SAINT-ERME-OUTRE-ET-RAMECOURT,,
2830_SAINT-MICHEL,2830,SAINT-MICHEL,,
2300_ABBECOURT,2300,ABBECOURT,,
2400_CHATEAU-THIERRY,2400,CHATEAU-THIERRY,,
2500_BUCILLY,2500,BUCILLY,,
2120_GUISE,2120,GUISE,,
2700_MENNESSIS,2700,MENNESSIS,,
2110_LA VALLEE-MULATRE,2110,LA VALLEE-MULATRE,,
2600_VILLERS-COTTERETS -,2600,VILLERS-COTTERETS -,,
2140_VERVINS,2140,VERVINS,,
2880_CROUY,2880,CROUY,,
2190_NEUFCHATEL-SUR-AISNE,2190,NEUFCHATEL-SUR-AISNE,,
2100_SAINT-QUENTIN,2100,SAINT-QUENTIN,,
2300_TROSLY-LOIRE,2300,TROSLY-LOIRE,,
2820_MONTAIGU,2820,MONTAIGU,,
2170_LE NOUVION-EN-THIERACHE,2170,LE NOUVION-EN-THIERACHE,,
2490_VERMAND,2490,VERMAND,,
2820_COURTRIZY-ET-FUSSIGNY,2820,COURTRIZY-ET-FUSSIGNY,,
2580_ETREAUPONT,2580,ETREAUPONT,,
2360_PARFONDEVAL,2360,PARFONDEVAL,,
2310_NOGENT-L'ARTAUD,2310,NOGENT-L'ARTAUD,,
2210_ROCOURT-SAINT-MARTIN,2210,ROCOURT-SAINT-MARTIN,,
2380_COUCY-LE-CHATEAU-AUFFRIQUE,2380,COUCY-LE-CHATEAU-AUFFRIQUE,,
2500_HIRSON,2500,HIRSON,,
2540_VIELS-MAISONS,2540,VIELS-MAISONS,,
2700_BARISIS,2700,BARISIS,,
2880_BUCY-LE-LONG,2880,BUCY-LE-LONG,,
2300_UGNY-LE-GAY,2300,UGNY-LE-GAY,,
2800_LA FERE,2800,LA FERE,,
2600_COYOLLES,2600,COYOLLES,,
2110_FONSOMME,2110,FONSOMME,,
2400_ESSOMES-SUR-MARNE,2400,ESSOMES-SUR-MARNE,,
2800_BERTAUCOURT-EPOURDON,2800,BERTAUCOURT-EPOURDON,,
2140_FONTAINE-LES-VERVINS,2140,FONTAINE-LES-VERVINS,,
2120_SAINS-RICHAUMONT,2120,SAINS-RICHAUMONT,,
2840_ATHIES-SOUS-LAON,2840,ATHIES-SOUS-LAON,,
2160_BEAURIEUX,2160,BEAURIEUX,,
2400_BEZU-SAINT-GERMAIN,2400,BEZU-SAINT-GERMAIN,,
2110_BOHAIN-EN-VERMANDOIS,2110,BOHAIN-EN-VERMANDOIS,,
2300_CHAUNY,2300,CHAUNY,,
2570_CHEZY-SUR-MARNE -,2570,CHEZY-SUR-MARNE -,,
2330_CONDE-EN-BRIE,2330,CONDE-EN-BRIE,,
2820_CORBENY,2820,CORBENY,,
2200_COURMELLES,2200,COURMELLES,,
2400_ETAMPES-SUR-MARNE,2400,ETAMPES-SUR-MARNE,,
2130_FERE-EN-TARDENOIS,2130,FERE-EN-TARDENOIS,,
2230_FRESNOY-LE-GRAND,2230,FRESNOY-LE-GRAND,,
2810_GANDELU,2810,GANDELU,,
2190_GUIGNICOURT,2190,GUIGNICOURT,,
2240_ITANCOURT,2240,ITANCOURT,,
2350_LIESSE-NOTRE-DAME,2350,LIESSE-NOTRE-DAME,,
2350_MARCHAIS,2350,MARCHAIS,,
2250_MARLE,2250,MARLE,,
2320_PINON,2320,PINON,,
2240_RIBEMONT,2240,RIBEMONT,,
2820_SAINT-ERME-OUTRE-ET-RAMECOURT -,2820,SAINT-ERME-OUTRE-ET-RAMECOURT -,,
2640_SAINT-SIMON,2640,SAINT-SIMON,,
2700_TERGNIER,2700,TERGNIER,,
2370_VAILLY-SUR-AISNE,2370,VAILLY-SUR-AISNE,,
2000_BARENTON-BUGNY,2000,BARENTON-BUGNY,,
2420_BELLICOURT -,2420,BELLICOURT -,,
2450_BERGUES-SUR-SAMBRE -,2450,BERGUES-SUR-SAMBRE -,,
2600_COEUVRES-ET-VALSERY -,2600,COEUVRES-ET-VALSERY -,,
2170_ESQUEHERIES,2170,ESQUEHERIES,,
2000_LAON -,2000,LAON -,,
2250_MARLE -,2250,MARLE -,,
2000_MOLINCHART -,2000,MOLINCHART -,,
2210_NANTEUIL-NOTRE-DAME -,2210,NANTEUIL-NOTRE-DAME -,,
2850_JAULGONNE,2850,JAULGONNE,,
2470_NEUILLY-SAINT-FRONT -,2470,NEUILLY-SAINT-FRONT -,,
2170_LE NOUVION-EN-THIERACHE -,2170,LE NOUVION-EN-THIERACHE -,,
2550_ORIGNY-EN-THIERACHE -,2550,ORIGNY-EN-THIERACHE -,,
2610_MOY-DE-L'AISNE,2610,MOY-DE-L'AISNE,,
2200_POMMIERS,2200,POMMIERS,,
2600_OIGNY-EN-VALOIS,2600,OIGNY-EN-VALOIS,,
2300_BICHANCOURT,2300,BICHANCOURT,,
2270_MONCEAU-LES-LEUPS,2270,MONCEAU-LES-LEUPS,,
2500_OHIS,2500,OHIS,,
2800_VERSIGNY,2800,VERSIGNY,,
2110_GROUGIS,2110,GROUGIS,,
2840_EPPES,2840,EPPES,,
2140_HARCIGNY,2140,HARCIGNY,,
2360_IVIERS,2360,IVIERS,,
2110_MONTIGNY-EN-ARROUAISE,2110,MONTIGNY-EN-ARROUAISE,,
2200_VILLENEUVE-SAINT-GERMAIN,2200,VILLENEUVE-SAINT-GERMAIN,,
2600_LOUATRE,2600,LOUATRE,,
2140_LANDOUZY-LA-VILLE,2140,LANDOUZY-LA-VILLE,,
2300_SAINT-PAUL-AUX-BOIS,2300,SAINT-PAUL-AUX-BOIS,,
2250_BOSMONT-SUR-SERRE,2250,BOSMONT-SUR-SERRE,,
2190_BERRY-AU-BAC -,2190,BERRY-AU-BAC -,,
2270_CHATILLON-LES-SONS,2270,CHATILLON-LES-SONS,,
2220_CERSEUIL,2220,CERSEUIL,,
2570_LA CHAPELLE-SUR-CHEZY,2570,LA CHAPELLE-SUR-CHEZY,,
2220_CHERY-CHARTREUVE,2220,CHERY-CHARTREUVE,,
2210_LAUNOY -,2210,LAUNOY -,,
2500_LUZOIR,2500,LUZOIR,,
2110_MOLAIN,2110,MOLAIN,,
2270_POUILLY-SUR-SERRE,2270,POUILLY-SUR-SERRE,,
2790_SERAUCOURT-LE-GRAND -,2790,SERAUCOURT-LE-GRAND -,,
2800_TRAVECY,2800,TRAVECY,,
2490_LE VERGUIER,2490,LE VERGUIER,,
2290_RESSONS-LE-LONG,2290,RESSONS-LE-LONG,,
2360_DOHIS,2360,DOHIS,,
2000_URCEL,2000,URCEL,,
2800_ANGUILCOURT-LE-SART,2800,ANGUILCOURT-LE-SART,,
2000_BRAYE-EN-LAONNOIS,2000,BRAYE-EN-LAONNOIS,,
2000_CHIVY-LES-ETOUVELLES,2000,CHIVY-LES-ETOUVELLES,,
2810_CHEZY-EN-ORXOIS,2810,CHEZY-EN-ORXOIS,,
2840_MONCEAU-LE-WAAST,2840,MONCEAU-LE-WAAST,,
2290_BERNY-RIVIERE,2290,BERNY-RIVIERE,,
2470_DAMMARD,2470,DAMMARD,,
2270_MONCEAU-LE-NEUF-ET-FAUCOUZY,2270,MONCEAU-LE-NEUF-ET-FAUCOUZY,,
2310_PAVANT,2310,PAVANT,,
2300_CHAUNY -,2300,CHAUNY -,,
2290_FONTENOY,2290,FONTENOY,,
2470_NEUILLY-SAINT-FRONT,2470,NEUILLY-SAINT-FRONT,,
2100_SAINT-QUENTIN -,2100,SAINT-QUENTIN -,,
2510_IRON,2510,IRON,,
2870_CREPY,2870,CREPY,,
2500_AUBENTON,2500,AUBENTON,,
2310_MONTREUIL-AUX-LIONS,2310,MONTREUIL-AUX-LIONS,,
2160_MOULINS,2160,MOULINS,,
2000_FILAIN -,2000,FILAIN -,,
2570_CHEZY-SUR-MARNE,2570,CHEZY-SUR-MARNE,,
2220_SAINT-MARD -,2220,SAINT-MARD -,,
2140_PLOMION,2140,PLOMION,,
2360_ROZOY-SUR-SERRE,2360,ROZOY-SUR-SERRE,,
2790_SERAUCOURT-LE-GRAND,2790,SERAUCOURT-LE-GRAND,,
2120_PUISIEUX-ET-CLANLIEU,2120,PUISIEUX-ET-CLANLIEU,,
2200_MERCIN-ET-VAUX,2200,MERCIN-ET-VAUX,,
2500_LEUZE,2500,LEUZE,,
2300_BEAUMONT-EN-BEINE -,2300,BEAUMONT-EN-BEINE -,,
2700_CONDREN -,2700,CONDREN -,,
2600_FAVEROLLES,2600,FAVEROLLES,,
2200_PASLY,2200,PASLY,,
2200_SEPTMONTS,2200,SEPTMONTS,,
2200_NOYANT-ET-ACONIN,2200,NOYANT-ET-ACONIN,,
2630_MENNEVRET,2630,MENNEVRET,,
2000_CHAMBRY -,2000,CHAMBRY -,,
2450_FESMY-LE-SART,2450,FESMY-LE-SART,,
2200_BERZY-LE-SEC,2200,BERZY-LE-SEC,,
2240_CERIZY,2240,CERIZY,,
2120_LESQUIELLES-SAINT-GERMAIN,2120,LESQUIELLES-SAINT-GERMAIN,,
2190_LA MALMAISON,2190,LA MALMAISON,,
2000_MONS-EN-LAONNOIS,2000,MONS-EN-LAONNOIS,,
2480_JUSSY,2480,JUSSY,,
2450_BOUE,2450,BOUE,,
2700_CONDREN,2700,CONDREN,,
2590_FLUQUIERES,2590,FLUQUIERES,,
2680_GRUGIES,2680,GRUGIES,,
2600_LONGPONT,2600,LONGPONT,,
2800_ACHERY,2800,ACHERY,,
2420_BELLICOURT,2420,BELLICOURT,,
2450_BERGUES-SUR-SAMBRE,2450,BERGUES-SUR-SAMBRE,,
2500_EFFRY,2500,EFFRY,,
2550_ORIGNY-EN-THIERACHE,2550,ORIGNY-EN-THIERACHE,,
2210_VIERZY,2210,VIERZY,,
2350_GIZY,2350,GIZY,,
3320_COULEUVRE,3320,COULEUVRE,,
3160_BOURBON-L'ARCHAMBAULT,3160,BOURBON-L'ARCHAMBAULT,,
3440_BUXIERES-LES-MINES,3440,BUXIERES-LES-MINES,,
3800_GANNAT,3800,GANNAT,,
3400_YZEURE,3400,YZEURE,,
3350_CERILLY,3350,CERILLY,,
3120_LAPALISSE,3120,LAPALISSE,,
3240_LE MONTET,3240,LE MONTET,,
3140_ETROUSSAT,3140,ETROUSSAT,,
3200_VICHY,3200,VICHY,,
3340_NEUILLY-LE-REAL,3340,NEUILLY-LE-REAL,,
3630_DESERTINES -,3630,DESERTINES -,,
3380_HURIEL,3380,HURIEL,,
3600_COMMENTRY,3600,COMMENTRY,,
3410_DOMERAT -,3410,DOMERAT -,,
3260_SAINT-GERMAIN-DES-FOSSES,3260,SAINT-GERMAIN-DES-FOSSES,,
3120_ARFEUILLES,3120,ARFEUILLES,,
3000_AVERMES,3000,AVERMES,,
3000_MOULINS,3000,MOULINS,,
3700_BELLERIVE-SUR-ALLIER,3700,BELLERIVE-SUR-ALLIER,,
3290_DOMPIERRE-SUR-BESBRE,3290,DOMPIERRE-SUR-BESBRE,,
3170_CHAMBLET,3170,CHAMBLET,,
3300_MOLLES,3300,MOLLES,,
3390_MURAT,3390,MURAT,,
3370_SAINT-PALAIS,3370,SAINT-PALAIS,,
3250_LE MAYET-DE-MONTAGNE,3250,LE MAYET-DE-MONTAGNE,,
3260_BILLY,3260,BILLY,,
3510_MOLINET,3510,MOLINET,,
3100_MONTLUCON,3100,MONTLUCON,,
3500_SAINT-POURCAIN-SUR-SIOULE,3500,SAINT-POURCAIN-SUR-SIOULE,,
3410_DOMERAT,3410,DOMERAT,,
3360_AINAY-LE-CHATEAU,3360,AINAY-LE-CHATEAU,,
3340_BESSAY-SUR-ALLIER,3340,BESSAY-SUR-ALLIER,,
3800_BIOZAT,3800,BIOZAT,,
3120_LE BREUIL,3120,LE BREUIL,,
3430_COSNE-D'ALLIER,3430,COSNE-D'ALLIER,,
3500_PARAY-SOUS-BRIAILLES,3500,PARAY-SOUS-BRIAILLES,,
3160_SAINT-LEOPARDIN-D'AUGY,3160,SAINT-LEOPARDIN-D'AUGY,,
3250_ARRONNES,3250,ARRONNES,,
3210_BESSON,3210,BESSON,,
3330_ECHASSIERES,3330,ECHASSIERES,,
3310_NERIS-LES-BAINS,3310,NERIS-LES-BAINS,,
3460_TREVOL,3460,TREVOL,,
3230_BEAULON,3230,BEAULON,,
3320_CHATEAU-SUR-ALLIER,3320,CHATEAU-SUR-ALLIER,,
3230_LA CHAPELLE-AUX-CHASSES,3230,LA CHAPELLE-AUX-CHASSES,,
3120_SAINT-CHRISTOPHE,3120,SAINT-CHRISTOPHE,,
3240_TRONGET,3240,TRONGET,,
3420_ARPHEUILLES-SAINT-PRIEST,3420,ARPHEUILLES-SAINT-PRIEST,,
3250_FERRIERES-SUR-SICHON,3250,FERRIERES-SUR-SICHON,,
3140_CHARROUX,3140,CHARROUX,,
3430_COSNE-D'ALLIER -,3430,COSNE-D'ALLIER -,,
3240_DEUX-CHAISES,3240,DEUX-CHAISES,,
3300_SAINT-ETIENNE-DE-VICQ,3300,SAINT-ETIENNE-DE-VICQ,,
3370_CHAZEMAIS,3370,CHAZEMAIS,,
3470_PIERREFITTE-SUR-LOIRE,3470,PIERREFITTE-SUR-LOIRE,,
3390_BEAUNE-D'ALLIER,3390,BEAUNE-D'ALLIER,,
3500_CHATEL-DE-NEUVRE,3500,CHATEL-DE-NEUVRE,,
3210_NOYANT-D'ALLIER,3210,NOYANT-D'ALLIER,,
3190_VALLON-EN-SULLY,3190,VALLON-EN-SULLY,,
3210_AGONGES,3210,AGONGES,,
3130_LE DONJON,3130,LE DONJON,,
3360_SAINT-BONNET-TRONCAIS,3360,SAINT-BONNET-TRONCAIS,,
3430_VIEURE,3430,VIEURE,,
3260_MARCENAT,3260,MARCENAT,,
3360_MEAULNE,3360,MEAULNE,,
3240_LE THEIL,3240,LE THEIL,,
3190_VENAS,3190,VENAS,,
3320_LE VEURDRE,3320,LE VEURDRE,,
3190_HERISSON,3190,HERISSON,,
3340_SAINT-GERAND-DE-VAUX,3340,SAINT-GERAND-DE-VAUX,,
3310_SAINT-GENEST,3310,SAINT-GENEST,,
3470_COULANGES -,3470,COULANGES -,,
3470_COULANGES,3470,COULANGES,,
3360_BRAIZE,3360,BRAIZE,,
3420_MARCILLAT-EN-COMBRAILLE,3420,MARCILLAT-EN-COMBRAILLE,,
3210_AUTRY-ISSARDS,3210,AUTRY-ISSARDS,,
3630_DESERTINES,3630,DESERTINES,,
3290_DIOU,3290,DIOU,,
3400_GENNETINES,3400,GENNETINES,,
3160_BOURBON-L'ARCHAMBAULT -,3160,BOURBON-L'ARCHAMBAULT -,,
3460_AUROUER,3460,AUROUER,,
3260_MAGNET,3260,MAGNET,,
3150_SAINT-LOUP,3150,SAINT-LOUP,,
3410_SAINT-VICTOR,3410,SAINT-VICTOR,,
3400_TOULON-SUR-ALLIER,3400,TOULON-SUR-ALLIER,,
3150_VARENNES-SUR-ALLIER,3150,VARENNES-SUR-ALLIER,,
3000_COULANDON,3000,COULANDON,,
3100_MONTLUCON -,3100,MONTLUCON -,,
3290_DOMPIERRE-SUR-BESBRE -,3290,DOMPIERRE-SUR-BESBRE -,,
3110_SERBANNES,3110,SERBANNES,,
3270_BUSSET,3270,BUSSET,,
3220_JALIGNY-SUR-BESBRE,3220,JALIGNY-SUR-BESBRE,,
3120_ISSERPENT,3120,ISSERPENT,,
3210_SOUVIGNY,3210,SOUVIGNY,,
3320_LURCY-LEVIS,3320,LURCY-LEVIS,,
3130_LE BOUCHAUD,3130,LE BOUCHAUD,,
3220_SAINT-LEON,3220,SAINT-LEON,,
3230_CHEVAGNES,3230,CHEVAGNES,,
3300_CUSSET,3300,CUSSET,,
3460_BAGNEUX,3460,BAGNEUX,,
3340_MONTBEUGNY,3340,MONTBEUGNY,,
3140_TAXAT-SENAT -,3140,TAXAT-SENAT -,,
3190_VAUX,3190,VAUX,,
3190_AUDES,3190,AUDES,,
3500_MEILLARD,3500,MEILLARD,,
3400_SAINT-ENNEMOND,3400,SAINT-ENNEMOND,,
3600_MALICORNE,3600,MALICORNE,,
3800_SAINT-BONNET-DE-ROCHEFORT,3800,SAINT-BONNET-DE-ROCHEFORT,,
3110_CHARMEIL,3110,CHARMEIL,,
3340_CHAPEAU,3340,CHAPEAU,,
3260_SAINT-FELIX,3260,SAINT-FELIX,,
3390_SAINT-PRIEST-EN-MURAT,3390,SAINT-PRIEST-EN-MURAT,,
3150_RONGERES,3150,RONGERES,,
3800_CHARMES,3800,CHARMES,,
3250_NIZEROLLES,3250,NIZEROLLES,,
3140_CHANTELLE,3140,CHANTELLE,,
3000_NEUVY,3000,NEUVY,,
3500_MONTORD,3500,MONTORD,,
4400_BARCELONNETTE,4400,BARCELONNETTE,,
4120_CASTELLANE,4120,CASTELLANE,,
4000_DIGNE-LES-BAINS,4000,DIGNE-LES-BAINS,,
4800_GREOUX-LES-BAINS,4800,GREOUX-LES-BAINS,,
4100_MANOSQUE,4100,MANOSQUE,,
4500_RIEZ,4500,RIEZ,,
4230_SAINT-ETIENNE-LES-ORGUES,4230,SAINT-ETIENNE-LES-ORGUES,,
4200_SISTERON,4200,SISTERON,,
4220_SAINTE-TULLE,4220,SAINTE-TULLE,,
4210_VALENSOLE,4210,VALENSOLE,,
4260_ALLOS,4260,ALLOS,,
4280_CERESTE,4280,CERESTE,,
4160_CHATEAU-ARNOUX-SAINT-AUBAN,4160,CHATEAU-ARNOUX-SAINT-AUBAN,,
4300_FORCALQUIER,4300,FORCALQUIER,,
4350_MALIJAI,4350,MALIJAI,,
4250_LA MOTTE-DU-CAIRE,4250,LA MOTTE-DU-CAIRE,,
4170_LA MURE-ARGENS,4170,LA MURE-ARGENS,,
4700_ORAISON,4700,ORAISON,,
4150_SAUMANE,4150,SAUMANE,,
4150_SIMIANE-LA-ROTONDE,4150,SIMIANE-LA-ROTONDE,,
4550_ALLEMAGNE-EN-PROVENCE,4550,ALLEMAGNE-EN-PROVENCE,,
4700_LA BRILLANNE -,4700,LA BRILLANNE -,,
4700_LA BRILLANNE,4700,LA BRILLANNE,,
4370_COLMARS,4370,COLMARS,,
4320_ENTREVAUX,4320,ENTREVAUX,,
4160_L'ESCALE,4160,L'ESCALE,,
4550_ESPARRON-DE-VERDON,4550,ESPARRON-DE-VERDON,,
4300_LIMANS,4300,LIMANS,,
4190_LES MEES,4190,LES MEES,,
4270_MEZEL,4270,MEZEL,,
4360_MOUSTIERS-SAINTE-MARIE,4360,MOUSTIERS-SAINTE-MARIE,,
4310_PEYRUIS,4310,PEYRUIS,,
4150_REVEST-DU-BION,4150,REVEST-DU-BION,,
4200_SAINT-VINCENT-SUR-JABRON,4200,SAINT-VINCENT-SUR-JABRON,,
4290_VOLONNE,4290,VOLONNE,,
4140_SEYNE,4140,SEYNE,,
4150_BANON,4150,BANON,,
4400_BARCELONNETTE -,4400,BARCELONNETTE -,,
4230_CRUIS,4230,CRUIS,,
4230_ONGLES,4230,ONGLES,,
4170_SAINT-ANDRE-LES-ALPES,4170,SAINT-ANDRE-LES-ALPES,,
4300_SAINT-MAIME,4300,SAINT-MAIME,,
4140_MONTCLAR,4140,MONTCLAR,,
4360_MOUSTIERS-SAINTE-MARIE -,4360,MOUSTIERS-SAINTE-MARIE -,,
4860_PIERREVERT,4860,PIERREVERT,,
4110_REILLANNE,4110,REILLANNE,,
4300_SIGONCE,4300,SIGONCE,,
4870_SAINT-MICHEL-L'OBSERVATOIRE,4870,SAINT-MICHEL-L'OBSERVATOIRE,,
4130_VOLX,4130,VOLX,,
4330_BARREME,4330,BARREME,,
4230_MONTLAUX,4230,MONTLAUX,,
4410_PUIMOISSON,4410,PUIMOISSON,,
4300_PIERRERUE,4300,PIERRERUE,,
4170_LAMBRUISSE,4170,LAMBRUISSE,,
4850_JAUSIERS,4850,JAUSIERS,,
4530_SAINT-PAUL-SUR-UBAYE,4530,SAINT-PAUL-SUR-UBAYE,,
5110_CURBANS,5110,CURBANS,,
4500_SAINTE-CROIX-DU-VERDON,4500,SAINTE-CROIX-DU-VERDON,,
4380_THOARD,4380,THOARD,,
4280_CERESTE -,4280,CERESTE -,,
4700_ORAISON -,4700,ORAISON -,,
4220_CORBIERES,4220,CORBIERES,,
4300_DAUPHIN,4300,DAUPHIN,,
4500_RIEZ -,4500,RIEZ -,,
4100_MANOSQUE -,4100,MANOSQUE -,,
4000_DIGNE-LES-BAINS -,4000,DIGNE-LES-BAINS -,,
4200_LES OMERGUES,4200,LES OMERGUES,,
4700_LURS,4700,LURS,,
4300_NIOZELLES,4300,NIOZELLES,,
4260_ALLOS -,4260,ALLOS -,,
4460_SELONNET -,4460,SELONNET -,,
4870_SAINT-MARTIN-LES-EAUX,4870,SAINT-MARTIN-LES-EAUX,,
4220_SAINTE-TULLE -,4220,SAINTE-TULLE -,,
4150_REVEST-DES-BROUSSES,4150,REVEST-DES-BROUSSES,,
4700_LE CASTELLET -,4700,LE CASTELLET -,,
4170_THORAME-HAUTE,4170,THORAME-HAUTE,,
4370_COLMARS -,4370,COLMARS -,,
4240_LE FUGERET -,4240,LE FUGERET -,,
4500_MONTAGNAC-MONTPEZAT,4500,MONTAGNAC-MONTPEZAT,,
4660_CHAMPTERCIER,4660,CHAMPTERCIER,,
4110_MONTJUSTIN,4110,MONTJUSTIN,,
4800_GREOUX-LES-BAINS -,4800,GREOUX-LES-BAINS -,,
4110_SAINTE-CROIX-A-LAUZE,4110,SAINTE-CROIX-A-LAUZE,,
4300_FORCALQUIER -,4300,FORCALQUIER -,,
4240_ANNOT,4240,ANNOT,,
5460_ABRIES,5460,ABRIES,,
5200_EMBRUN,5200,EMBRUN,,
5000_GAP,5000,GAP,,
5100_MONTGENEVRE,5100,MONTGENEVRE,,
5470_AIGUILLES,5470,AIGUILLES,,
5300_LARAGNE-MONTEGLIN,5300,LARAGNE-MONTEGLIN,,
5170_ORCIERES,5170,ORCIERES,,
5150_ROSANS,5150,ROSANS,,
5400_VEYNES,5400,VEYNES,,
5120_L'ARGENTIERE-LA-BESSEE,5120,L'ARGENTIERE-LA-BESSEE,,
5300_EYGUIANS,5300,EYGUIANS,,
5220_LE MONETIER-LES-BAINS,5220,LE MONETIER-LES-BAINS,,
5260_SAINT-JEAN-SAINT-NICOLAS,5260,SAINT-JEAN-SAINT-NICOLAS,,
5110_VITROLLES -,5110,VITROLLES -,,
5350_SAINT-VERAN,5350,SAINT-VERAN,,
5130_TALLARD,5130,TALLARD,,
5200_BARATIER,5200,BARATIER,,
5100_BRIANCON,5100,BRIANCON,,
5260_CHABOTTES,5260,CHABOTTES,,
5110_LARDIER-ET-VALENCA,5110,LARDIER-ET-VALENCA,,
5400_LA ROCHE-DES-ARNAUDS,5400,LA ROCHE-DES-ARNAUDS,,
5700_SERRES,5700,SERRES,,
5260_ANCELLE,5260,ANCELLE,,
5230_CHORGES,5230,CHORGES,,
5700_ORPIERRE,5700,ORPIERRE,,
5300_LE POET,5300,LE POET,,
5110_LA SAULCE,5110,LA SAULCE,,
5600_GUILLESTRE,5600,GUILLESTRE,,
5500_SAINT-BONNET-EN-CHAMPSAUR,5500,SAINT-BONNET-EN-CHAMPSAUR,,
5600_CEILLAC,5600,CEILLAC,,
5000_LA BATIE-VIEILLE,5000,LA BATIE-VIEILLE,,
5300_RIBIERS,5300,RIBIERS,,
5300_RIBIERS -,5300,RIBIERS -,,
5250_SAINT-ETIENNE-EN-DEVOLUY,5250,SAINT-ETIENNE-EN-DEVOLUY,,
5230_LA BATIE-NEUVE,5230,LA BATIE-NEUVE,,
5480_VILLAR-D'ARENE,5480,VILLAR-D'ARENE,,
5470_AIGUILLES -,5470,AIGUILLES -,,
5200_CROTS,5200,CROTS,,
5700_L'EPINE,5700,L'EPINE,,
5230_CHORGES -,5230,CHORGES -,,
5290_PUY-SAINT-VINCENT,5290,PUY-SAINT-VINCENT,,
5500_SAINT-BONNET-EN-CHAMPSAUR -,5500,SAINT-BONNET-EN-CHAMPSAUR -,,
5130_TALLARD -,5130,TALLARD -,,
5560_VARS,5560,VARS,,
5460_ABRIES -,5460,ABRIES -,,
5200_EMBRUN -,5200,EMBRUN -,,
5000_GAP -,5000,GAP -,,
5300_LAGRAND -,5300,LAGRAND -,,
5200_LES ORRES,5200,LES ORRES,,
5150_ROSANS -,5150,ROSANS -,,
5800_SAINT-FIRMIN -,5800,SAINT-FIRMIN -,,
5800_SAINT-FIRMIN,5800,SAINT-FIRMIN,,
5260_SAINT-JEAN-SAINT-NICOLAS -,5260,SAINT-JEAN-SAINT-NICOLAS -,,
5600_EYGLIERS,5600,EYGLIERS,,
5000_PELLEAUTIER -,5000,PELLEAUTIER -,,
5140_ASPRES-SUR-BUECH,5140,ASPRES-SUR-BUECH,,
5290_VALLOUISE,5290,VALLOUISE,,
5400_LA ROCHE-DES-ARNAUDS -,5400,LA ROCHE-DES-ARNAUDS -,,
5250_AGNIERES-EN-DEVOLUY,5250,AGNIERES-EN-DEVOLUY,,
5320_LA GRAVE,5320,LA GRAVE,,
5150_MONTJAY,5150,MONTJAY,,
5200_LES ORRES -,5200,LES ORRES -,,
5260_SAINT-MICHEL-DE-CHAILLOL -,5260,SAINT-MICHEL-DE-CHAILLOL -,,
5230_LA BATIE-NEUVE -,5230,LA BATIE-NEUVE -,,
5100_VAL-DES-PRES,5100,VAL-DES-PRES,,
5000_PELLEAUTIER,5000,PELLEAUTIER,,
5800_LA CHAPELLE-EN-VALGAUDEMAR,5800,LA CHAPELLE-EN-VALGAUDEMAR,,
5800_LE GLAIZIL,5800,LE GLAIZIL,,
5500_LA FARE-EN-CHAMPSAUR,5500,LA FARE-EN-CHAMPSAUR,,
5380_CHATEAUROUX-LES-ALPES -,5380,CHATEAUROUX-LES-ALPES -,,
5600_GUILLESTRE -,5600,GUILLESTRE -,,
6210_MANDELIEU-LA-NAPOULE,6210,MANDELIEU-LA-NAPOULE,,
6370_MOUANS-SARTOUX,6370,MOUANS-SARTOUX,,
6570_SAINT-PAUL-DE-VENCE,6570,SAINT-PAUL-DE-VENCE,,
6190_ROQUEBRUNE-CAP-MARTIN,6190,ROQUEBRUNE-CAP-MARTIN,,
6330_ROQUEFORT-LES-PINS,6330,ROQUEFORT-LES-PINS,,
6140_VENCE,6140,VENCE,,
6230_VILLEFRANCHE-SUR-MER,6230,VILLEFRANCHE-SUR-MER,,
6230_SAINT-JEAN-CAP-FERRAT,6230,SAINT-JEAN-CAP-FERRAT,,
6270_VILLENEUVE-LOUBET,6270,VILLENEUVE-LOUBET,,
6700_SAINT-LAURENT-DU-VAR,6700,SAINT-LAURENT-DU-VAR,,
6540_SAORGE,6540,SAORGE,,
6140_TOURRETTES-SUR-LOUP,6140,TOURRETTES-SUR-LOUP,,
6160_ANTIBES,6160,ANTIBES,,
6610_LA GAUDE,6610,LA GAUDE,,
6260_PUGET-THENIERS,6260,PUGET-THENIERS,,
6450_SAINT-MARTIN-VESUBIE -,6450,SAINT-MARTIN-VESUBIE -,,
6320_LA TURBIE,6320,LA TURBIE,,
6800_CAGNES-SUR-MER,6800,CAGNES-SUR-MER,,
6160_ANTIBES -,6160,ANTIBES -,,
6450_LA BOLLENE-VESUBIE,6450,LA BOLLENE-VESUBIE,,
6660_SAINT-ETIENNE-DE-TINEE,6660,SAINT-ETIENNE-DE-TINEE,,
6320_CAP-D'AIL,6320,CAP-D'AIL,,
6480_LA COLLE-SUR-LOUP,6480,LA COLLE-SUR-LOUP,,
6500_GORBIO,6500,GORBIO,,
6500_MENTON,6500,MENTON,,
6500_MENTON -,6500,MENTON -,,
6220_VALLAURIS,6220,VALLAURIS,,
6420_ISOLA,6420,ISOLA,,
6310_BEAULIEU-SUR-MER,6310,BEAULIEU-SUR-MER,,
6450_BELVEDERE,6450,BELVEDERE,,
6410_BIOT,6410,BIOT,,
6510_LE BROC -,6510,LE BROC -,,
6150_CANNES,6150,CANNES,,
6470_GUILLAUMES,6470,GUILLAUMES,,
6380_MOULINET,6380,MOULINET,,
6420_VALDEBLORE,6420,VALDEBLORE,,
6650_LE ROURET,6650,LE ROURET,,
6430_LA BRIGUE,6430,LA BRIGUE,,
6500_CASTELLAR,6500,CASTELLAR,,
6500_CASTILLON,6500,CASTILLON,,
6360_EZE,6360,EZE,,
6440_PEILLON,6440,PEILLON,,
6380_SOSPEL,6380,SOSPEL,,
6740_CHATEAUNEUF-GRASSE,6740,CHATEAUNEUF-GRASSE,,
6300_NICE,6300,NICE,,
6800_CAGNES-SUR-MER -,6800,CAGNES-SUR-MER -,,
6300_NICE -,6300,NICE -,,
6450_LANTOSQUE,6450,LANTOSQUE,,
6450_ROQUEBILLIERE,6450,ROQUEBILLIERE,,
6530_LE TIGNET -,6530,LE TIGNET -,,
6150_CANNES -,6150,CANNES -,,
6140_VENCE -,6140,VENCE -,,
6140_TOURRETTES-SUR-LOUP -,6140,TOURRETTES-SUR-LOUP -,,
6430_TENDE,6430,TENDE,,
6440_LUCERAM,6440,LUCERAM,,
6590_THEOULE-SUR-MER,6590,THEOULE-SUR-MER,,
6250_MOUGINS,6250,MOUGINS,,
6190_ROQUEBRUNE-CAP-MARTIN -,6190,ROQUEBRUNE-CAP-MARTIN -,,
6670_LEVENS,6670,LEVENS,,
6620_GOURDON,6620,GOURDON,,
6530_SPERACEDES,6530,SPERACEDES,,
6520_GRASSE,6520,GRASSE,,
6260_ASCROS,6260,ASCROS,,
6470_PEONE,6470,PEONE,,
6420_CLANS,6420,CLANS,,
6510_LES FERRES,6510,LES FERRES,,
6260_SAINT-LEGER,6260,SAINT-LEGER,,
6220_VALLAURIS -,6220,VALLAURIS -,,
6560_VALBONNE,6560,VALBONNE,,
6140_COURSEGOULES -,6140,COURSEGOULES -,,
6830_GILETTE -,6830,GILETTE -,,
6440_LUCERAM -,6440,LUCERAM -,,
6260_PUGET-THENIERS -,6260,PUGET-THENIERS -,,
6640_SAINT-JEANNET -,6640,SAINT-JEANNET -,,
6260_LA PENNE,6260,LA PENNE,,
6460_CAUSSOLS,6460,CAUSSOLS,,
6620_COURMES -,6620,COURMES -,,
6690_TOURRETTE-LEVENS,6690,TOURRETTE-LEVENS,,
6440_PEILLE,6440,PEILLE,,
6210_MANDELIEU-LA-NAPOULE -,6210,MANDELIEU-LA-NAPOULE -,,
6110_LE CANNET -,6110,LE CANNET -,,
6650_OPIO,6650,OPIO,,
6110_LE CANNET,6110,LE CANNET,,
6640_SAINT-JEANNET,6640,SAINT-JEANNET,,
6460_SAINT-VALLIER-DE-THIEY,6460,SAINT-VALLIER-DE-THIEY,,
6650_LE ROURET -,6650,LE ROURET -,,
6390_COARAZE,6390,COARAZE,,
6140_COURSEGOULES,6140,COURSEGOULES,,
6510_GATTIERES,6510,GATTIERES,,
6450_SAINT-MARTIN-VESUBIE,6450,SAINT-MARTIN-VESUBIE,,
6340_DRAP -,6340,DRAP -,,
6620_LE BAR-SUR-LOUP,6620,LE BAR-SUR-LOUP,,
6510_BEZAUDUN-LES-ALPES,6510,BEZAUDUN-LES-ALPES,,
6510_CARROS,6510,CARROS,,
6810_AURIBEAU-SUR-SIAGNE,6810,AURIBEAU-SUR-SIAGNE,,
6530_LE TIGNET,6530,LE TIGNET,,
6530_CABRIS -,6530,CABRIS -,,
6620_CIPIERES,6620,CIPIERES,,
6620_CIPIERES -,6620,CIPIERES -,,
6740_CHATEAUNEUF-GRASSE -,6740,CHATEAUNEUF-GRASSE -,,
7350_CRUAS,7350,CRUAS,,
7380_LALEVADE-D'ARDECHE,7380,LALEVADE-D'ARDECHE,,
7260_JOYEUSE,7260,JOYEUSE,,
7000_PRIVAS,7000,PRIVAS,,
7130_SOYONS,7130,SOYONS,,
7300_TOURNON-SUR-RHONE,7300,TOURNON-SUR-RHONE,,
7200_VESSEAUX,7200,VESSEAUX,,
7170_VILLENEUVE-DE-BERG,7170,VILLENEUVE-DE-BERG,,
7320_SAINT-AGREVE,7320,SAINT-AGREVE,,
7690_SAINT-ANDRE-EN-VIVARAIS,7690,SAINT-ANDRE-EN-VIVARAIS,,
7120_RUOMS -,7120,RUOMS -,,
7790_SAINT-ALBAN-D'AY,7790,SAINT-ALBAN-D'AY,,
7400_LE TEIL,7400,LE TEIL,,
7600_VALS-LES-BAINS,7600,VALS-LES-BAINS,,
7690_VILLEVOCANCE,7690,VILLEVOCANCE,,
7270_COLOMBIER-LE-JEUNE,7270,COLOMBIER-LE-JEUNE,,
7130_CORNAS,7130,CORNAS,,
7150_LAGORCE,7150,LAGORCE,,
7170_LUSSAS,7170,LUSSAS,,
7330_THUEYTS,7330,THUEYTS,,
7410_SAINT-FELICIEN,7410,SAINT-FELICIEN,,
7460_SAINT-PAUL-LE-JEUNE,7460,SAINT-PAUL-LE-JEUNE,,
7800_LA VOULTE-SUR-RHONE,7800,LA VOULTE-SUR-RHONE,,
7340_ANDANCE,7340,ANDANCE,,
7200_AUBENAS,7200,AUBENAS,,
7440_BOFFRES,7440,BOFFRES,,
7210_BAIX,7210,BAIX,,
7630_CROS-DE-GEORAND,7630,CROS-DE-GEORAND,,
7270_LAMASTRE,7270,LAMASTRE,,
7260_ROSIERES,7260,ROSIERES,,
7400_VALVIGNERES,7400,VALVIGNERES,,
7130_SAINT-PERAY,7130,SAINT-PERAY,,
7120_GROSPIERRES,7120,GROSPIERRES,,
7400_MEYSSE -,7400,MEYSSE -,,
7340_SAINT-DESIRAT,7340,SAINT-DESIRAT,,
7310_SAINT-MARTIAL,7310,SAINT-MARTIAL,,
7200_SAINT-DIDIER-SOUS-AUBENAS,7200,SAINT-DIDIER-SOUS-AUBENAS,,
7210_SAINT-VINCENT-DE-BARRES,7210,SAINT-VINCENT-DE-BARRES,,
7140_MALARCE-SUR-LA-THINES,7140,MALARCE-SUR-LA-THINES,,
7700_BOURG-SAINT-ANDEOL,7700,BOURG-SAINT-ANDEOL,,
7410_PAILHARES,7410,PAILHARES,,
7100_ANNONAY,7100,ANNONAY,,
7500_GUILHERAND-GRANGES,7500,GUILHERAND-GRANGES,,
7690_VANOSC -,7690,VANOSC -,,
7140_LES VANS,7140,LES VANS,,
7340_SERRIERES,7340,SERRIERES,,
7450_BURZET,7450,BURZET,,
7530_ANTRAIGUES-SUR-VOLANE,7530,ANTRAIGUES-SUR-VOLANE,,
7590_SAINT-LAURENT-LES-BAINS,7590,SAINT-LAURENT-LES-BAINS,,
7170_VILLENEUVE-DE-BERG -,7170,VILLENEUVE-DE-BERG -,,
7400_AUBIGNAS -,7400,AUBIGNAS -,,
7350_CRUAS -,7350,CRUAS -,,
7700_BOURG-SAINT-ANDEOL -,7700,BOURG-SAINT-ANDEOL -,,
7360_DUNIERE-SUR-EYRIEUX,7360,DUNIERE-SUR-EYRIEUX,,
7220_VIVIERS -,7220,VIVIERS -,,
7570_DESAIGNES,7570,DESAIGNES,,
7380_JAUJAC,7380,JAUJAC,,
7110_LAURAC-EN-VIVARAIS,7110,LAURAC-EN-VIVARAIS,,
7380_PRADES,7380,PRADES,,
7510_SAINT-CIRGUES-EN-MONTAGNE,7510,SAINT-CIRGUES-EN-MONTAGNE,,
7200_SAINT-ETIENNE-DE-FONTBELLON,7200,SAINT-ETIENNE-DE-FONTBELLON,,
7190_SAINT-SAUVEUR-DE-MONTAGUT,7190,SAINT-SAUVEUR-DE-MONTAGUT,,
7200_UCEL,7200,UCEL,,
7240_VERNOUX-EN-VIVARAIS,7240,VERNOUX-EN-VIVARAIS,,
7220_VIVIERS,7220,VIVIERS,,
7240_CHALENCON,7240,CHALENCON,,
7000_COUX,7000,COUX,,
7470_LE LAC-D'ISSARLES,7470,LE LAC-D'ISSARLES,,
7150_LAGORCE -,7150,LAGORCE -,,
7110_LARGENTIERE,7110,LARGENTIERE,,
7360_LES OLLIERES-SUR-EYRIEUX,7360,LES OLLIERES-SUR-EYRIEUX,,
7120_RUOMS,7120,RUOMS,,
7460_SAINT-PAUL-LE-JEUNE -,7460,SAINT-PAUL-LE-JEUNE -,,
7150_VALLON-PONT-D'ARC,7150,VALLON-PONT-D'ARC,,
7210_CHOMERAC -,7210,CHOMERAC -,,
7200_SAINT-PRIVAT -,7200,SAINT-PRIVAT -,,
7200_AUBENAS -,7200,AUBENAS -,,
7360_SAINT-VINCENT-DE-DURFORT,7360,SAINT-VINCENT-DE-DURFORT,,
7690_VANOSC,7690,VANOSC,,
7570_LABATIE-D'ANDAURE,7570,LABATIE-D'ANDAURE,,
7380_MEYRAS,7380,MEYRAS,,
7450_PEREYRES,7450,PEREYRES,,
7120_BALAZUC -,7120,BALAZUC -,,
7530_MEZILHAC,7530,MEZILHAC,,
7300_SAINT-BARTHELEMY-LE-PLAIN,7300,SAINT-BARTHELEMY-LE-PLAIN,,
7190_SAINT-PIERREVILLE,7190,SAINT-PIERREVILLE,,
7580_SAINT-PONS,7580,SAINT-PONS,,
7470_COUCOURON,7470,COUCOURON,,
7290_SAINT-JEURE-D'AY,7290,SAINT-JEURE-D'AY,,
7200_SAINT-MAURICE-D'ARDECHE,7200,SAINT-MAURICE-D'ARDECHE,,
7170_SAINT-MAURICE-D'IBIE,7170,SAINT-MAURICE-D'IBIE,,
7310_BOREE,7310,BOREE,,
7000_GOURDON -,7000,GOURDON -,,
7290_SAINT-ROMAIN-D'AY,7290,SAINT-ROMAIN-D'AY,,
7140_LES SALELLES,7140,LES SALELLES,,
7400_VALVIGNERES -,7400,VALVIGNERES -,,
7450_SAGNES-ET-GOUDOULET,7450,SAGNES-ET-GOUDOULET,,
7110_LOUBARESSE,7110,LOUBARESSE,,
7130_CHATEAUBOURG,7130,CHATEAUBOURG,,
7470_ISSARLES,7470,ISSARLES,,
7400_MEYSSE,7400,MEYSSE,,
7170_SAINT-ANDEOL-DE-BERG,7170,SAINT-ANDEOL-DE-BERG,,
7520_LALOUVESC,7520,LALOUVESC,,
7800_CHARMES-SUR-RHONE -,7800,CHARMES-SUR-RHONE -,,
7200_VOGUE,7200,VOGUE,,
7220_SAINT-MONTAN,7220,SAINT-MONTAN,,
7510_ISSANLAS,7510,ISSANLAS,,
7230_SAINT-ANDRE-LACHAMP,7230,SAINT-ANDRE-LACHAMP,,
7170_DARBRES,7170,DARBRES,,
7600_ASPERJOC,7600,ASPERJOC,,
7110_JOANNAS,7110,JOANNAS,,
7270_SAINT-BARTHELEMY-GROZON,7270,SAINT-BARTHELEMY-GROZON,,
7200_LENTILLERES,7200,LENTILLERES,,
7800_CHARMES-SUR-RHONE,7800,CHARMES-SUR-RHONE,,
7430_DAVEZIEUX,7430,DAVEZIEUX,,
7110_LARGENTIERE -,7110,LARGENTIERE -,,
7590_BORNE,7590,BORNE,,
7600_VALS-LES-BAINS -,7600,VALS-LES-BAINS -,,
7100_BOULIEU-LES-ANNONAY -,7100,BOULIEU-LES-ANNONAY -,,
7130_CORNAS -,7130,CORNAS -,,
7330_THUEYTS -,7330,THUEYTS -,,
7200_SAINT-PRIVAT,7200,SAINT-PRIVAT,,
7340_PEAUGRES -,7340,PEAUGRES -,,
8090_CHARLEVILLE-MEZIERES,8090,CHARLEVILLE-MEZIERES,,
8170_FUMAY,8170,FUMAY,,
8170_HAYBES,8170,HAYBES,,
8150_RENWEZ,8150,RENWEZ,,
8200_SEDAN,8200,SEDAN,,
8300_RETHEL,8300,RETHEL,,
8400_VOUZIERS,8400,VOUZIERS,,
8320_VIREUX-WALLERAND,8320,VIREUX-WALLERAND,,
8270_CHESNOIS-AUBONCOURT -,8270,CHESNOIS-AUBONCOURT -,,
8130_ATTIGNY,8130,ATTIGNY,,
8240_BUZANCY,8240,BUZANCY,,
8300_ECLY,8300,ECLY,,
8330_VRIGNE-AUX-BOIS,8330,VRIGNE-AUX-BOIS,,
8190_AVAUX,8190,AVAUX,,
8160_VENDRESSE,8160,VENDRESSE,,
8600_GIVET,8600,GIVET,,
8430_LAUNOIS-SUR-VENCE,8430,LAUNOIS-SUR-VENCE,,
8390_LE CHESNE,8390,LE CHESNE,,
8200_FLOING,8200,FLOING,,
8700_JOIGNY-SUR-MEUSE,8700,JOIGNY-SUR-MEUSE,,
8700_NOUZONVILLE,8700,NOUZONVILLE,,
8500_REVIN,8500,REVIN,,
8230_ROCROI,8230,ROCROI,,
8000_VILLERS-SEMEUSE,8000,VILLERS-SEMEUSE,,
8440_VIVIER-AU-COURT,8440,VIVIER-AU-COURT,,
8000_WARCQ,8000,WARCQ,,
8000_LES AYVELLES -,8000,LES AYVELLES -,,
8120_BOGNY-SUR-MEUSE -,8120,BOGNY-SUR-MEUSE -,,
8130_GIVRY -,8130,GIVRY -,,
8210_MOUZON -,8210,MOUZON -,,
8090_NEUVILLE-LES-THIS -,8090,NEUVILLE-LES-THIS -,,
8430_NEUVIZY -,8430,NEUVIZY -,,
8110_MESSINCOURT -,8110,MESSINCOURT -,,
8150_ROUVROY-SUR-AUDRY -,8150,ROUVROY-SUR-AUDRY -,,
8350_SAINT-AIGNAN -,8350,SAINT-AIGNAN -,,
8210_MOUZON,8210,MOUZON,,
8370_MARGUT,8370,MARGUT,,
8290_LIART,8290,LIART,,
8260_AUVILLERS-LES-FORGES -,8260,AUVILLERS-LES-FORGES -,,
8110_CARIGNAN -,8110,CARIGNAN -,,
8250_CHATEL-CHEHERY,8250,CHATEL-CHEHERY,,
8140_DOUZY,8140,DOUZY,,
8390_MONTGON,8390,MONTGON,,
8430_NEUVIZY,8430,NEUVIZY,,
8270_NOVION-PORCIEN -,8270,NOVION-PORCIEN -,,
8200_SAINT-MENGES,8200,SAINT-MENGES,,
8460_SIGNY-L'ABBAYE -,8460,SIGNY-L'ABBAYE -,,
8090_CHARLEVILLE-MEZIERES -,8090,CHARLEVILLE-MEZIERES -,,
8300_BARBY,8300,BARBY,,
8230_GUE-D'HOSSUS,8230,GUE-D'HOSSUS,,
8300_RETHEL -,8300,RETHEL -,,
8000_PRIX-LES-MEZIERES -,8000,PRIX-LES-MEZIERES -,,
8800_MONTHERME -,8800,MONTHERME -,,
8700_NOUZONVILLE -,8700,NOUZONVILLE -,,
8110_CARIGNAN,8110,CARIGNAN,,
8350_BOSSEVAL-ET-BRIANCOURT,8350,BOSSEVAL-ET-BRIANCOURT,,
8090_MONTCY-NOTRE-DAME,8090,MONTCY-NOTRE-DAME,,
8380_BROGNON,8380,BROGNON,,
8700_GESPUNSART -,8700,GESPUNSART -,,
8240_AUTHE,8240,AUTHE,,
8210_AUTRECOURT-ET-POURRON,8210,AUTRECOURT-ET-POURRON,,
8350_NOYERS-PONT-MAUGIS,8350,NOYERS-PONT-MAUGIS,,
8300_NOVY-CHEVRIERES,8300,NOVY-CHEVRIERES,,
8370_SAPOGNE-SUR-MARCHE,8370,SAPOGNE-SUR-MARCHE,,
8330_VRIGNE-AUX-BOIS -,8330,VRIGNE-AUX-BOIS -,,
8240_AUTRUCHE,8240,AUTRUCHE,,
8260_CHILLY,8260,CHILLY,,
8300_THUGNY-TRUGNY,8300,THUGNY-TRUGNY,,
9300_LAVELANET,9300,LAVELANET,,
9290_LE MAS-D'AZIL,9290,LE MAS-D'AZIL,,
9190_SAINT-LIZIER,9190,SAINT-LIZIER,,
9140_SOUEIX-ROGALLE,9140,SOUEIX-ROGALLE,,
9110_AX-LES-THERMES,9110,AX-LES-THERMES,,
9270_MAZERES,9270,MAZERES,,
9100_PAMIERS,9100,PAMIERS,,
9000_SAINT-PAUL-DE-JARRAT,9000,SAINT-PAUL-DE-JARRAT,,
9240_ALZEN,9240,ALZEN,,
9230_FABAS -,9230,FABAS -,,
9000_FOIX,9000,FOIX,,
9400_TARASCON-SUR-ARIEGE,9400,TARASCON-SUR-ARIEGE,,
9200_SAINT-GIRONS,9200,SAINT-GIRONS,,
9140_SEIX,9140,SEIX,,
9600_LA BASTIDE-SUR-L'HERS,9600,LA BASTIDE-SUR-L'HERS,,
9270_MAZERES -,9270,MAZERES -,,
9100_SAINT-MARTIN-D'OYDES -,9100,SAINT-MARTIN-D'OYDES -,,
9700_SAVERDUN -,9700,SAVERDUN -,,
9600_LERAN,9600,LERAN,,
9400_ARNAVE -,9400,ARNAVE -,,
9600_LA BASTIDE-SUR-L'HERS -,9600,LA BASTIDE-SUR-L'HERS -,,
9350_DAUMAZAN-SUR-ARIZE -,9350,DAUMAZAN-SUR-ARIZE -,,
9400_SURBA -,9400,SURBA -,,
9110_AX-LES-THERMES -,9110,AX-LES-THERMES -,,
9400_BOMPAS,9400,BOMPAS,,
9400_TARASCON-SUR-ARIEGE -,9400,TARASCON-SUR-ARIEGE -,,
9120_VARILHES -,9120,VARILHES -,,
9500_MIREPOIX,9500,MIREPOIX,,
9160_LACAVE -,9160,LACAVE -,,
9100_PAMIERS -,9100,PAMIERS -,,
9700_MONTAUT,9700,MONTAUT,,
9140_ERCE,9140,ERCE,,
9340_VERNIOLLE,9340,VERNIOLLE,,
9120_CRAMPAGNA,9120,CRAMPAGNA,,
9600_LAROQUE-D'OLMES -,9600,LAROQUE-D'OLMES -,,
9120_VARILHES,9120,VARILHES,,
9330_MONTGAILLARD,9330,MONTGAILLARD,,
9300_BELESTA,9300,BELESTA,,
10220_BOUY-LUXEMBOURG -,10220,BOUY-LUXEMBOURG -,48.374961,4.255486
10500_BRIENNE-LE-CHATEAU,10500,BRIENNE-LE-CHATEAU,48.39371,4.531214
10340_BRAGELOGNE-BEAUVOIR,10340,BRAGELOGNE-BEAUVOIR,47.969326,4.268131
10140_CHAMP-SUR-BARSE,10140,CHAMP-SUR-BARSE,48.237401,4.408809
10260_FOUCHERES,10260,FOUCHERES,48.139527,4.257573
10800_ISLE-AUMONT,10800,ISLE-AUMONT,48.213182,4.122518
10120_SAINT-ANDRE-LES-VERGERS,10120,SAINT-ANDRE-LES-VERGERS,48.277223,4.050881
10200_BAR-SUR-AUBE,10200,BAR-SUR-AUBE,48.232132,4.70679
10100_ROMILLY-SUR-SEINE,10100,ROMILLY-SUR-SEINE,48.514551,3.72271
10250_PLAINES-SAINT-LANGE,10250,PLAINES-SAINT-LANGE,47.99398,4.47777
10800_SAINT-THIBAULT,10800,SAINT-THIBAULT,48.205142,4.14709
10430_ROSIERES-PRES-TROYES,10430,ROSIERES-PRES-TROYES,48.264196,4.065867
10350_MARIGNY-LE-CHATEL -,10350,MARIGNY-LE-CHATEL -,48.405283,3.724469
10000_TROYES,10000,TROYES,48.292817,4.075149
10160_SAINT-MARDS-EN-OTHE,10160,SAINT-MARDS-EN-OTHE,48.170282,3.79175
10210_TURGY,10210,TURGY,48.024002,4.042679
10130_ERVY-LE-CHATEL,10130,ERVY-LE-CHATEL,48.060334,3.933529
10360_ESSOYES,10360,ESSOYES,48.058099,4.537434
10500_DIENVILLE,10500,DIENVILLE,48.348734,4.537077
10270_MONTAULIN -,10270,MONTAULIN -,48.250677,4.192981
10700_TORCY-LE-GRAND -,10700,TORCY-LE-GRAND -,48.532226,4.170628
10120_SAINT-GERMAIN,10120,SAINT-GERMAIN,48.256699,4.013686
10110_BAR-SUR-SEINE,10110,BAR-SUR-SEINE,48.111545,4.373904
10190_VILLEMAUR-SUR-VANNE,10190,VILLEMAUR-SUR-VANNE,48.25316,3.777847
10000_TROYES -,10000,TROYES -,48.292817,4.075149
10200_DOLANCOURT -,10200,DOLANCOURT -,48.269022,4.617082
10200_FONTAINE -,10200,FONTAINE -,48.211933,4.712762
10330_CHAVANGES,10330,CHAVANGES,48.517941,4.571896
10170_MERY-SUR-SEINE -,10170,MERY-SUR-SEINE -,48.510355,3.892229
10310_VILLE-SOUS-LA-FERTE,10310,VILLE-SOUS-LA-FERTE,48.140131,4.791992
10190_ESTISSAC,10190,ESTISSAC,48.249932,3.818332
10100_ROMILLY-SUR-SEINE -,10100,ROMILLY-SUR-SEINE -,48.514551,3.72271
10130_AUXON,10130,AUXON,48.091703,3.922879
10370_VILLENAUXE-LA-GRANDE,10370,VILLENAUXE-LA-GRANDE,48.594693,3.560184
10270_FRESNOY-LE-CHATEAU -,10270,FRESNOY-LE-CHATEAU -,48.210373,4.220465
10420_LES NOES-PRES-TROYES -,10420,LES NOES-PRES-TROYES -,48.303253,4.040724
10190_VAUCHASSIS -,10190,VAUCHASSIS -,,
10140_VAUCHONVILLIERS -,10140,VAUCHONVILLIERS -,48.266116,4.526929
10160_AIX-EN-OTHE,10160,AIX-EN-OTHE,48.164648,3.877496
10380_PLANCY-L'ABBAYE,10380,PLANCY-L'ABBAYE,48.568798,3.97634
10400_LA MOTTE-TILLY -,10400,LA MOTTE-TILLY -,48.473871,3.446147
11150_BRAM,11150,BRAM,43.249204,2.102677
11700_LA REDORTE,11700,LA REDORTE,43.249035,2.64797
11200_LEZIGNAN-CORBIERES,11200,LEZIGNAN-CORBIERES,43.193664,2.767797
11200_THEZAN-DES-CORBIERES,11200,THEZAN-DES-CORBIERES,43.080402,2.785587
11000_CARCASSONNE,11000,CARCASSONNE,43.206781,2.349415
11190_COUIZA,11190,COUIZA,42.938853,2.266263
11310_FONTIERS-CABARDES -,11310,FONTIERS-CABARDES -,43.371747,2.244385
11160_CAUNES-MINERVOIS,11160,CAUNES-MINERVOIS,43.337132,2.523857
11260_ESPERAZA,11260,ESPERAZA,42.929663,2.225858
11330_LAROQUE-DE-FA,11330,LAROQUE-DE-FA,42.945579,2.541126
11400_CASTELNAUDARY,11400,CASTELNAUDARY,43.315108,1.959918
11590_OUVEILLAN,11590,OUVEILLAN,43.29309,2.972623
11110_COURSAN,11110,COURSAN,43.239065,3.058229
11220_LAGRASSE,11220,LAGRASSE,43.091074,2.61699
11290_ROULLENS,11290,ROULLENS,43.174185,2.273237
11590_CUXAC-D'AUDE,11590,CUXAC-D'AUDE,43.250685,3.00222
11430_GRUISSAN,11430,GRUISSAN,43.117352,3.104624
11120_POUZOLS-MINERVOIS,11120,POUZOLS-MINERVOIS,43.281809,2.814529
11100_NARBONNE,11100,NARBONNE,43.166709,3.05014
11120_SAINT-NAZAIRE-D'AUDE,11120,SAINT-NAZAIRE-D'AUDE,43.251393,2.901188
11800_TREBES,11800,TREBES,43.207522,2.45467
11000_CARCASSONNE -,11000,CARCASSONNE -,43.206781,2.349415
11400_VILLENEUVE-LA-COMPTAL,11400,VILLENEUVE-LA-COMPTAL,43.296285,1.923604
11300_LIMOUX,11300,LIMOUX,43.049781,2.237853
11290_MONTREAL,11290,MONTREAL,43.201178,2.129618
11400_SAINT-PAPOUL,11400,SAINT-PAPOUL,43.331499,2.042505
11160_VILLENEUVE-MINERVOIS,11160,VILLENEUVE-MINERVOIS,43.320438,2.467226
11150_VILLEPINTE -,11150,VILLEPINTE -,43.28315,2.085082
11120_ARGELIERS,11120,ARGELIERS,43.309015,2.908881
11190_ARQUES,11190,ARQUES,42.951653,2.376537
11170_MOUSSOULENS,11170,MOUSSOULENS,43.281114,2.240138
11390_BROUSSES-ET-VILLARET,11390,BROUSSES-ET-VILLARET,43.345018,2.244707
11130_SIGEAN,11130,SIGEAN,43.033129,2.973684
11190_CUBIERES-SUR-CINOBLE,11190,CUBIERES-SUR-CINOBLE,42.862682,2.46053
11170_CARLIPA,11170,CARLIPA,43.306231,2.125321
11170_ALZONNE,11170,ALZONNE,43.259255,2.173393
11200_CONILHAC-CORBIERES -,11200,CONILHAC-CORBIERES -,43.187812,2.715618
11210_PORT-LA-NOUVELLE,11210,PORT-LA-NOUVELLE,43.006839,3.044099
11120_MOUSSAN -,11120,MOUSSAN -,43.236333,2.952715
11410_PAYRA-SUR-L'HERS,11410,PAYRA-SUR-L'HERS,43.27189,1.86019
11590_SALLELES-D'AUDE -,11590,SALLELES-D'AUDE -,43.27221,2.93354
11190_LUC-SUR-AUDE,11190,LUC-SUR-AUDE,42.959829,2.265808
11370_LEUCATE -,11370,LEUCATE -,42.902728,3.027313
11500_QUILLAN,11500,QUILLAN,42.89454,2.166288
11100_NARBONNE -,11100,NARBONNE -,43.166709,3.05014
11300_PIEUSSE,11300,PIEUSSE,43.081743,2.233981
11400_CASTELNAUDARY -,11400,CASTELNAUDARY -,43.315108,1.959918
11250_SAINT-HILAIRE,11250,SAINT-HILAIRE,43.093679,2.318687
11420_BELPECH,11420,BELPECH,43.201833,1.756049
11160_RIEUX-MINERVOIS -,11160,RIEUX-MINERVOIS -,43.279149,2.588357
11200_FERRALS-LES-CORBIERES,11200,FERRALS-LES-CORBIERES,43.147828,2.725316
11300_LA DIGNE-D'AVAL,11300,LA DIGNE-D'AVAL,43.04938,2.177923
11190_PEYROLLES -,11190,PEYROLLES -,42.951653,2.338785
11410_MOLLEVILLE -,11410,MOLLEVILLE -,43.312506,1.834758
11570_PALAJA -,11570,PALAJA -,43.171729,2.391701
11700_PUICHERIC -,11700,PUICHERIC -,43.224539,2.61622
11200_VILLEDAIGNE -,11200,VILLEDAIGNE -,43.215248,2.859268
11570_PALAJA,11570,PALAJA,43.171729,2.391701
11110_VINASSAN -,11110,VINASSAN -,43.204619,3.076957
11300_GAJA-ET-VILLEDIEU -,11300,GAJA-ET-VILLEDIEU -,43.078446,2.188544
11300_GAJA-ET-VILLEDIEU,11300,GAJA-ET-VILLEDIEU,43.078446,2.188544
11160_TRAUSSE,11160,TRAUSSE,43.316384,2.561655
12420_SAINTE-GENEVIEVE-SUR-ARGENCE,12420,SAINTE-GENEVIEVE-SUR-ARGENCE,44.803825,2.77292
12200_VAILHOURLES,12200,VAILHOURLES,44.310072,1.907926
12290_LE VIBAL,12290,LE VIBAL,44.322556,2.725329
12340_BOZOULS,12340,BOZOULS,44.476568,2.71742
12600_MUR-DE-BARREZ,12600,MUR-DE-BARREZ,44.867957,2.686178
12200_VILLEFRANCHE-DE-ROUERGUE,12200,VILLEFRANCHE-DE-ROUERGUE,44.347924,2.032651
12500_ESPALION,12500,ESPALION,44.520149,2.759094
12740_LA LOUBIERE,12740,LA LOUBIERE,44.382056,2.650643
12000_RODEZ,12000,RODEZ,44.359272,2.566732
12700_CAPDENAC-GARE,12700,CAPDENAC-GARE,44.559867,2.071433
12230_LA CAVALERIE,12230,LA CAVALERIE,44.010103,3.149129
12800_NAUCELLE,12800,NAUCELLE,44.182219,2.339855
12170_REQUISTA,12170,REQUISTA,44.035601,2.533862
12400_SAINT-AFFRIQUE,12400,SAINT-AFFRIQUE,43.961458,2.854273
12330_VALADY,12330,VALADY,44.448446,2.446326
12160_BARAQUEVILLE,12160,BARAQUEVILLE,44.277646,2.449022
12100_CREISSELS,12100,CREISSELS,44.083157,3.04994
12450_LUC-LA-PRIMAUBE,12450,LUC-LA-PRIMAUBE,44.299916,2.53498
12330_MARCILLAC-VALLON,12330,MARCILLAC-VALLON,44.476707,2.462338
12500_SAINT-COME-D'OLT,12500,SAINT-COME-D'OLT,44.536437,2.80207
12230_SAINT-JEAN-DU-BRUEL,12230,SAINT-JEAN-DU-BRUEL,44.025562,3.376705
12800_SAUVETERRE-DE-ROUERGUE,12800,SAUVETERRE-DE-ROUERGUE,44.247743,2.313927
12260_VILLENEUVE,12260,VILLENEUVE,44.446267,2.032385
12130_SAINTE-EULALIE-D'OLT,12130,SAINTE-EULALIE-D'OLT,44.463309,2.928485
12130_SAINT-GENIEZ-D'OLT,12130,SAINT-GENIEZ-D'OLT,44.46428,2.970513
12140_ENTRAYGUES-SUR-TRUYERE -,12140,ENTRAYGUES-SUR-TRUYERE -,44.661109,2.578548
12100_MILLAU,12100,MILLAU,44.110733,3.092278
12110_CRANSAC,12110,CRANSAC,44.517514,2.286871
12300_DECAZEVILLE,12300,DECAZEVILLE,44.566998,2.257289
12220_MONTBAZENS,12220,MONTBAZENS,44.478118,2.21512
12160_MOYRAZES,12160,MOYRAZES,44.323623,2.436252
12240_RIEUPEYROUX,12240,RIEUPEYROUX,44.30753,2.228254
12620_SAINT-BEAUZELY,12620,SAINT-BEAUZELY,44.165833,2.961393
12320_CONQUES,12320,CONQUES,44.580368,2.37909
12110_AUBIN,12110,AUBIN,44.538724,2.256769
12550_COUPIAC,12550,COUPIAC,43.953599,2.582681
12290_PONT-DE-SALARS,12290,PONT-DE-SALARS,44.27456,2.718636
12440_LA SALVETAT-PEYRALES,12440,LA SALVETAT-PEYRALES,44.221096,2.199604
12270_NAJAC,12270,NAJAC,44.217089,1.970391
12260_SAINTE-CROIX,12260,SAINTE-CROIX,44.411544,1.959697
12250_TOURNEMIRE,12250,TOURNEMIRE,43.963906,3.022423
12320_CONQUES -,12320,CONQUES -,44.580368,2.37909
12210_LACALM,12210,LACALM,44.772431,2.881821
12270_NAJAC -,12270,NAJAC -,44.217089,1.970391
12600_LACROIX-BARREZ,12600,LACROIX-BARREZ,44.775528,2.646206
12390_RIGNAC,12390,RIGNAC,44.403643,2.292693
12560_SAINT-SATURNIN-DE-LENNE,12560,SAINT-SATURNIN-DE-LENNE,44.402795,3.008206
12300_FLAGNAC -,12300,FLAGNAC -,44.592148,2.256813
12800_CABANES -,12800,CABANES -,44.196889,2.287028
12500_LASSOUTS,12500,LASSOUTS,44.483308,2.861375
12350_COMPOLIBAT,12350,COMPOLIBAT,44.377424,2.176442
12220_ROUSSENNAC,12220,ROUSSENNAC,44.44564,2.249914
12230_LAPANOUSE-DE-CERNON,12230,LAPANOUSE-DE-CERNON,43.996596,3.097913
12300_DECAZEVILLE -,12300,DECAZEVILLE -,44.566998,2.257289
12130_SAINT-GENIEZ-D'OLT -,12130,SAINT-GENIEZ-D'OLT -,44.46428,2.970513
12150_SEVERAC-LE-CHATEAU,12150,SEVERAC-LE-CHATEAU,44.32221,3.069314
12350_LANUEJOULS,12350,LANUEJOULS,44.422885,2.166535
12200_MONTEILS,12200,MONTEILS,44.265836,1.99204
12460_SAINT-AMANS-DES-COTS,12460,SAINT-AMANS-DES-COTS,44.688017,2.682349
12540_CORNUS,12540,CORNUS,43.885911,3.203376
12190_ESTAING,12190,ESTAING,44.566951,2.68174
12320_PRUINES -,12320,PRUINES -,44.525548,2.487658
12490_SAINT-ROME-DE-TARN,12490,SAINT-ROME-DE-TARN,44.030394,2.872612
12480_SAINT-IZAIRE,12480,SAINT-IZAIRE,43.960753,2.692626
12130_SAINT-MARTIN-DE-LENNE,12130,SAINT-MARTIN-DE-LENNE,44.4283,2.965616
12580_VILLECOMTAL,12580,VILLECOMTAL,44.54032,2.573795
12390_MAYRAN,12390,MAYRAN,44.387314,2.369444
12000_RODEZ -,12000,RODEZ -,44.359272,2.566732
12140_ESPEYRAC,12140,ESPEYRAC,44.614932,2.516254
12310_LAISSAC,12310,LAISSAC,44.372205,2.835469
12430_AYSSENES,12430,AYSSENES,44.092,2.762
12620_CASTELNAU-PEGAYROLS,12620,CASTELNAU-PEGAYROLS,44.140222,2.941994
12340_GABRIAC,12340,GABRIAC,44.467598,2.802873
12450_FLAVIN,12450,FLAVIN,44.289807,2.626077
12100_COMPREGNAC,12100,COMPREGNAC,44.089159,2.992344
12210_LAGUIOLE,12210,LAGUIOLE,44.681444,2.857427
12700_CAPDENAC-GARE -,12700,CAPDENAC-GARE -,44.559867,2.071433
12700_ASPRIERES,12700,ASPRIERES,44.544746,2.144679
12110_CRANSAC -,12110,CRANSAC -,44.517514,2.286871
12290_PONT-DE-SALARS -,12290,PONT-DE-SALARS -,44.27456,2.718636
12330_SALLES-LA-SOURCE -,12330,SALLES-LA-SOURCE -,44.440632,2.518856
12330_SALLES-LA-SOURCE,12330,SALLES-LA-SOURCE,44.440632,2.518856
12500_BESSUEJOULS,12500,BESSUEJOULS,44.519503,2.711504
12150_RECOULES-PREVINQUIERES,12150,RECOULES-PREVINQUIERES,44.351392,2.939945
12270_LUNAC,12270,LUNAC,44.238,2.10423
12220_GALGAN,12220,GALGAN,44.501507,2.176766
13540_AIX-EN-PROVENCE -,13540,AIX-EN-PROVENCE -,43.541369,5.406124
13190_ALLAUCH,13190,ALLAUCH,43.341016,5.485377
13280_ARLES,13280,ARLES,43.596721,4.645086
13480_CABRIES,13480,CABRIES,43.447143,5.36102
13260_CASSIS,13260,CASSIS,43.223489,5.548832
13370_MALLEMORT,13370,MALLEMORT,43.722795,5.178247
13230_PORT-SAINT-LOUIS-DU-RHONE,13230,PORT-SAINT-LOUIS-DU-RHONE,43.399899,4.802233
13890_MOURIES,13890,MOURIES,43.695117,4.877129
13340_ROGNAC,13340,ROGNAC,43.496377,5.221441
13170_LES PENNES-MIRABEAU,13170,LES PENNES-MIRABEAU,43.39829,5.326859
13750_PLAN-D'ORGON,13750,PLAN-D'ORGON,43.81199,4.999673
13840_ROGNES,13840,ROGNES,43.666093,5.350889
13210_SAINT-REMY-DE-PROVENCE,13210,SAINT-REMY-DE-PROVENCE,43.796255,4.836697
13920_SAINT-MITRE-LES-REMPARTS,13920,SAINT-MITRE-LES-REMPARTS,43.453126,5.018587
13240_SEPTEMES-LES-VALLONS,13240,SEPTEMES-LES-VALLONS,43.391444,5.363293
13127_VITROLLES,13127,VITROLLES,43.443844,5.258646
13390_AURIOL,13390,AURIOL,43.360892,5.64717
13930_AUREILLE,13930,AUREILLE,43.702784,4.942448
13100_BEAURECUEIL -,13100,BEAURECUEIL -,43.512269,5.543467
13130_BERRE-L'ETANG,13130,BERRE-L'ETANG,43.509274,5.162227
13710_FUVEAU,13710,FUVEAU,43.457385,5.554958
13910_MAILLANE,13910,MAILLANE,43.827217,4.784187
13016_MARSEILLE -,13016,MARSEILLE -,43.282,5.405
13500_MARTIGUES,13500,MARTIGUES,43.37718,5.050313
13103_MAS-BLANC-DES-ALPILLES,13103,MAS-BLANC-DES-ALPILLES,43.788006,4.761343
13830_ROQUEFORT-LA-BEDOULE,13830,ROQUEFORT-LA-BEDOULE,43.24974,5.604429
13880_VELAUX,13880,VELAUX,43.523666,5.253602
13960_SAUSSET-LES-PINS,13960,SAUSSET-LES-PINS,43.341838,5.113533
13560_SENAS,13560,SENAS,43.744186,5.088084
13540_AIX-EN-PROVENCE,13540,AIX-EN-PROVENCE,43.541369,5.406124
13400_AUBAGNE,13400,AUBAGNE,43.301892,5.563888
13600_CEYRESTE,13600,CEYRESTE,43.216928,5.638404
13810_EYGALIERES,13810,EYGALIERES,43.773577,4.946885
13630_EYRAGUES,13630,EYRAGUES,43.8431,4.844434
13990_FONTVIEILLE,13990,FONTVIEILLE,43.727875,4.720852
13220_CHATEAUNEUF-LES-MARTIGUES,13220,CHATEAUNEUF-LES-MARTIGUES,43.386364,5.150205
13270_FOS-SUR-MER,13270,FOS-SUR-MER,43.451226,4.933732
13016_MARSEILLE,13016,MARSEILLE,43.282,5.405
13690_GRAVESON,13690,GRAVESON,43.85919,4.768599
13800_ISTRES,13800,ISTRES,43.532355,4.957523
13460_SAINTES-MARIES-DE-LA-MER,13460,SAINTES-MARIES-DE-LA-MER,43.489586,4.403425
13360_ROQUEVAIRE,13360,ROQUEVAIRE,43.345169,5.602716
13670_SAINT-ANDIOL,13670,SAINT-ANDIOL,43.833104,4.947284
13150_TARASCON,13150,TARASCON,43.792749,4.693289
13310_SAINT-MARTIN-DE-CRAU,13310,SAINT-MARTIN-DE-CRAU,43.63715,4.84769
13530_TRETS,13530,TRETS,43.448652,5.685899
13180_GIGNAC-LA-NERTHE,13180,GIGNAC-LA-NERTHE,43.390716,5.233848
13300_SALON-DE-PROVENCE,13300,SALON-DE-PROVENCE,43.6377,5.062036
13160_CHATEAURENARD,13160,CHATEAURENARD,43.881196,4.833645
13600_LA CIOTAT,13600,LA CIOTAT,43.189161,5.626161
13850_GREASQUE,13850,GREASQUE,43.428681,5.542123
13780_CUGES-LES-PINS,13780,CUGES-LES-PINS,43.269208,5.703805
13580_LA FARE-LES-OLIVIERS,13580,LA FARE-LES-OLIVIERS,43.546119,5.201485
13700_MARIGNANE,13700,MARIGNANE,43.415837,5.220936
13380_PLAN-DE-CUQUES,13380,PLAN-DE-CUQUES,43.349672,5.463314
13109_SIMIANE-COLLONGUE,13109,SIMIANE-COLLONGUE,43.429614,5.444647
13122_VENTABREN,13122,VENTABREN,43.537185,5.304773
13120_GARDANNE,13120,GARDANNE,43.457301,5.48627
13610_LE PUY-SAINTE-REPARADE,13610,LE PUY-SAINTE-REPARADE,43.654056,5.437988
13140_MIRAMAS,13140,MIRAMAS,43.582796,5.009776
13110_PORT-DE-BOUC,13110,PORT-DE-BOUC,43.414073,4.989098
13103_SAINT-ETIENNE-DU-GRES,13103,SAINT-ETIENNE-DU-GRES,43.794361,4.73256
13300_SALON-DE-PROVENCE -,13300,SALON-DE-PROVENCE -,43.6377,5.062036
13680_LANCON-PROVENCE,13680,LANCON-PROVENCE,43.572442,5.156719
13410_LAMBESC -,13410,LAMBESC -,43.650343,5.257774
13600_LA CIOTAT -,13600,LA CIOTAT -,43.189161,5.626161
13800_ISTRES -,13800,ISTRES -,43.532355,4.957523
13480_CABRIES -,13480,CABRIES -,43.447143,5.36102
13280_ARLES -,13280,ARLES -,43.596721,4.645086
13980_ALLEINS,13980,ALLEINS,43.70722,5.158111
13121_AURONS,13121,AURONS,43.675406,5.152766
13330_LA BARBEN,13330,LA BARBEN,43.632367,5.186994
13350_CHARLEVAL,13350,CHARLEVAL,43.726057,5.244597
13510_EGUILLES,13510,EGUILLES,43.56656,5.346892
13330_PELISSANNE,13330,PELISSANNE,43.628277,5.159936
13420_GEMENOS -,13420,GEMENOS -,43.296432,5.627895
13620_CARRY-LE-ROUET -,13620,CARRY-LE-ROUET -,43.333447,5.158171
13410_LAMBESC,13410,LAMBESC,43.650343,5.257774
13500_MARTIGUES -,13500,MARTIGUES -,43.37718,5.050313
13440_CABANNES,13440,CABANNES,43.857203,4.957922
13250_SAINT-CHAMAS -,13250,SAINT-CHAMAS -,43.542627,5.057051
13810_EYGALIERES -,13810,EYGALIERES -,43.773577,4.946885
13620_CARRY-LE-ROUET,13620,CARRY-LE-ROUET,43.333447,5.158171
13550_NOVES,13550,NOVES,43.857336,4.905093
13660_ORGON,13660,ORGON,43.790243,5.026774
13210_SAINT-REMY-DE-PROVENCE -,13210,SAINT-REMY-DE-PROVENCE -,43.796255,4.836697
13860_PEYROLLES-EN-PROVENCE,13860,PEYROLLES-EN-PROVENCE,43.639384,5.575208
13790_CHATEAUNEUF-LE-ROUGE -,13790,CHATEAUNEUF-LE-ROUGE -,43.489688,5.569886
13160_CHATEAURENARD -,13160,CHATEAURENARD -,43.881196,4.833645
13490_JOUQUES,13490,JOUQUES,43.63762,5.64383
13740_LE ROVE -,13740,LE ROVE -,43.364546,5.24356
13470_CARNOUX-EN-PROVENCE -,13470,CARNOUX-EN-PROVENCE -,43.256527,5.563812
13780_CUGES-LES-PINS -,13780,CUGES-LES-PINS -,43.269208,5.703805
13390_AURIOL -,13390,AURIOL -,43.360892,5.64717
13880_VELAUX -,13880,VELAUX -,43.523666,5.253602
13820_ENSUES-LA-REDONNE -,13820,ENSUES-LA-REDONNE -,43.355405,5.204402
13220_CHATEAUNEUF-LES-MARTIGUES -,13220,CHATEAUNEUF-LES-MARTIGUES -,43.386364,5.150205
13990_FONTVIEILLE -,13990,FONTVIEILLE -,43.727875,4.720852
13790_PEYNIER,13790,PEYNIER,43.451712,5.619196
13770_VENELLES,13770,VENELLES,43.592064,5.481118
13190_ALLAUCH -,13190,ALLAUCH -,43.341016,5.485377
13430_EYGUIERES,13430,EYGUIERES,43.69339,5.03175
13310_SAINT-MARTIN-DE-CRAU -,13310,SAINT-MARTIN-DE-CRAU -,43.63715,4.84769
13520_LES BAUX-DE-PROVENCE,13520,LES BAUX-DE-PROVENCE,43.745029,4.797836
13950_CADOLIVE,13950,CADOLIVE,43.39901,5.544615
13450_GRANS -,13450,GRANS -,43.612328,5.063813
13370_MALLEMORT -,13370,MALLEMORT -,43.722795,5.178247
13860_PEYROLLES-EN-PROVENCE -,13860,PEYROLLES-EN-PROVENCE -,43.639384,5.575208
13360_ROQUEVAIRE -,13360,ROQUEVAIRE -,43.345169,5.602716
13460_SAINTES-MARIES-DE-LA-MER -,13460,SAINTES-MARIES-DE-LA-MER -,43.489586,4.403425
13330_LA BARBEN -,13330,LA BARBEN -,43.632367,5.186994
14400_BAYEUX,14400,BAYEUX,49.278188,-0.702334
14990_BERNIERES-SUR-MER -,14990,BERNIERES-SUR-MER -,49.330041,-0.415407
14340_BONNEBOSQ -,14340,BONNEBOSQ -,49.214558,0.087672
14170_BRETTEVILLE-SUR-DIVES -,14170,BRETTEVILLE-SUR-DIVES -,49.038083,-0.022483
14000_CAEN,14000,CAEN,49.184316,-0.37193
14390_CABOURG,14390,CABOURG,49.286373,-0.125678
14460_COLOMBELLES,14460,COLOMBELLES,49.194563,-0.294056
14480_CREULLY SUR SEULES -,14480,CREULLY SUR SEULES -,49.277464,-0.559365
14440_DOUVRES-LA-DELIVRANDE,14440,DOUVRES-LA-DELIVRANDE,49.29468,-0.389686
14210_EVRECY -,14210,EVRECY -,49.098578,-0.502095
14730_GIBERVILLE,14730,GIBERVILLE,49.181412,-0.28681
14200_HEROUVILLE-SAINT-CLAIR,14200,HEROUVILLE-SAINT-CLAIR,49.203411,-0.332375
14600_HONFLEUR,14600,HONFLEUR,49.409387,0.227344
14123_IFS,14123,IFS,49.148092,-0.340509
14230_ISIGNY-SUR-MER,14230,ISIGNY-SUR-MER,49.285961,-1.056105
14380_LANDELLES-ET-COUPIGNY -,14380,LANDELLES-ET-COUPIGNY -,48.897274,-1.001519
14100_LISIEUX,14100,LISIEUX,49.145761,0.242246
14370_MERY-CORBON -,14370,MERY-CORBON -,49.129822,-0.088785
14290_ORBEC,14290,ORBEC,49.021608,0.390744
14150_OUISTREHAM,14150,OUISTREHAM,49.274465,-0.260058
14420_POTIGNY -,14420,POTIGNY -,48.970866,-0.24606
14140_SAINTE-MARGUERITE-DE-VIETTE,14140,SAINTE-MARGUERITE-DE-VIETTE,49.019775,0.092349
14360_TROUVILLE-SUR-MER,14360,TROUVILLE-SUR-MER,49.371571,0.102801
14310_VILLERS-BOCAGE,14310,VILLERS-BOCAGE,49.079809,-0.655965
14370_ARGENCES,14370,ARGENCES,49.134291,-0.159707
14350_LE BENY-BOCAGE -,14350,LE BENY-BOCAGE -,48.95654,-0.844923
14130_BLANGY-LE-CHATEAU -,14130,BLANGY-LE-CHATEAU -,49.249591,0.281097
14680_BRETTEVILLE-SUR-LAIZE -,14680,BRETTEVILLE-SUR-LAIZE -,49.049496,-0.32173
14240_CAUMONT-L'EVENTE -,14240,CAUMONT-L'EVENTE -,49.068995,-0.771478
14110_CONDE-SUR-NOIREAU -,14110,CONDE-SUR-NOIREAU -,48.855823,-0.59601
14800_DEAUVILLE,14800,DEAUVILLE,49.354643,0.073063
14510_HOULGATE -,14510,HOULGATE -,49.29759,-0.066937
14780_LION-SUR-MER,14780,LION-SUR-MER,49.300427,-0.322246
14140_LIVAROT -,14140,LIVAROT -,49.001733,0.229532
14330_LE MOLAY-LITTRY -,14330,LE MOLAY-LITTRY -,49.229078,-0.883237
14810_MERVILLE-FRANCEVILLE-PLAGE -,14810,MERVILLE-FRANCEVILLE-PLAGE -,49.269069,-0.192608
14120_MONDEVILLE -,14120,MONDEVILLE -,49.170017,-0.310786
14600_LA RIVIERE-SAINT-SAUVEUR -,14600,LA RIVIERE-SAINT-SAUVEUR -,49.40216,0.265281
14130_PONT-L'EVEQUE -,14130,PONT-L'EVEQUE -,49.291108,0.188367
14750_SAINT-AUBIN-SUR-MER,14750,SAINT-AUBIN-SUR-MER,49.327715,-0.388321
14113_VILLERVILLE,14113,VILLERVILLE,49.393473,0.122501
14800_TOUQUES,14800,TOUQUES,49.357601,0.111023
14790_VERSON,14790,VERSON,49.155663,-0.453927
14340_BONNEBOSQ,14340,BONNEBOSQ,49.214558,0.087672
14550_BLAINVILLE-SUR-ORNE -,14550,BLAINVILLE-SUR-ORNE -,49.230407,-0.302196
14000_CAEN -,14000,CAEN -,49.184316,-0.37193
14240_CAHAGNES -,14240,CAHAGNES -,49.065272,-0.754219
14340_CAMBREMER -,14340,CAMBREMER -,49.150853,0.055487
14470_COURSEULLES-SUR-MER,14470,COURSEULLES-SUR-MER,49.326888,-0.454334
14210_GRAINVILLE-SUR-ODON,14210,GRAINVILLE-SUR-ODON,49.140931,-0.533255
14830_LANGRUNE-SUR-MER -,14830,LANGRUNE-SUR-MER -,49.316252,-0.373688
14320_MAY-SUR-ORNE -,14320,MAY-SUR-ORNE -,49.103011,-0.374055
14140_SAINT-JULIEN-LE-FAUCON -,14140,SAINT-JULIEN-LE-FAUCON -,49.076289,0.076419
14500_VIRE,14500,VIRE,48.820096,-0.876479
14710_TREVIERES -,14710,TREVIERES -,49.30235,-0.90805
14640_VILLERS-SUR-MER,14640,VILLERS-SUR-MER,49.314048,0.007801
14860_AMFREVILLE -,14860,AMFREVILLE -,49.248705,-0.232344
14260_AUNAY-SUR-ODON -,14260,AUNAY-SUR-ODON -,49.028548,-0.636508
14950_BEAUMONT-EN-AUGE -,14950,BEAUMONT-EN-AUGE -,49.263543,0.107641
14430_BEUVRON-EN-AUGE,14430,BEUVRON-EN-AUGE,49.196985,-0.031912
14740_BRETTEVILLE-L'ORGUEILLEUSE,14740,BRETTEVILLE-L'ORGUEILLEUSE,49.209048,-0.519927
14240_CAHAGNES,14240,CAHAGNES,49.065272,-0.754219
14840_CUVERVILLE,14840,CUVERVILLE,49.190956,-0.265617
14160_DIVES-SUR-MER,14160,DIVES-SUR-MER,49.283371,-0.08897
14610_EPRON,14610,EPRON,49.220805,-0.36635
14700_FALAISE,14700,FALAISE,48.897846,-0.187108
14123_FLEURY-SUR-ORNE -,14123,FLEURY-SUR-ORNE -,49.15057,-0.376396
14450_GRANDCAMP-MAISY,14450,GRANDCAMP-MAISY,49.374461,-1.037543
14111_LOUVIGNY,14111,LOUVIGNY,49.156716,-0.399737
14530_LUC-SUR-MER,14530,LUC-SUR-MER,49.308517,-0.355659
14790_MOUEN -,14790,MOUEN -,49.149353,-0.48618
14500_SAINT-GERMAIN-DE-TALLEVENDE-LA-LANDE-VAUMONT,14500,SAINT-GERMAIN-DE-TALLEVENDE-LA-LANDE-VAUMONT,48.825271,-0.888618
14130_SAINT-HYMER,14130,SAINT-HYMER,49.243901,0.168813
14350_SAINT-MARTIN-DES-BESACES -,14350,SAINT-MARTIN-DES-BESACES -,48.998593,-0.817265
14380_SAINT-SEVER-CALVADOS,14380,SAINT-SEVER-CALVADOS,48.815215,-1.092937
14400_SAINT-VIGOR-LE-GRAND,14400,SAINT-VIGOR-LE-GRAND,49.285808,-0.680952
14310_VILLERS-BOCAGE -,14310,VILLERS-BOCAGE -,49.079809,-0.655965
14610_CAIRON -,14610,CAIRON -,49.230939,-0.439893
14740_CARCAGNY,14740,CARCAGNY,49.238579,-0.617525
14320_FEUGUEROLLES-BULLY -,14320,FEUGUEROLLES-BULLY -,49.111288,-0.404078
14270_MEZIDON-CANON -,14270,MEZIDON-CANON -,49.072299,-0.071192
14100_LE MESNIL-GUILLAUME,14100,LE MESNIL-GUILLAUME,49.105315,0.28352
14210_NOYERS-BOCAGE -,14210,NOYERS-BOCAGE -,49.122131,-0.555311
14590_MOYAUX -,14590,MOYAUX -,49.197554,0.352671
14520_PORT-EN-BESSIN-HUPPAIN,14520,PORT-EN-BESSIN-HUPPAIN,49.343641,-0.762775
14610_THAON,14610,THAON,49.256824,-0.454063
14390_VARAVILLE -,14390,VARAVILLE -,49.261146,-0.134603
14690_PONT-D'OUILLY -,14690,PONT-D'OUILLY -,48.874595,-0.417582
14600_LA RIVIERE-SAINT-SAUVEUR,14600,LA RIVIERE-SAINT-SAUVEUR,49.40216,0.265281
14130_PONT-L'EVEQUE,14130,PONT-L'EVEQUE,49.291108,0.188367
14710_VIERVILLE-SUR-MER -,14710,VIERVILLE-SUR-MER -,49.371706,-0.899307
14170_SAINT-PIERRE-EN-AUGE,14170,SAINT-PIERRE-EN-AUGE,48.988461,0.029434
14960_ASNELLES -,14960,ASNELLES -,49.337095,-0.582963
14100_COURTONNE-LA-MEURDRAC,14100,COURTONNE-LA-MEURDRAC,49.119068,0.327471
14910_BLONVILLE-SUR-MER,14910,BLONVILLE-SUR-MER,49.323071,0.027412
14480_COLOMBIERS-SUR-SEULLES -,14480,COLOMBIERS-SUR-SEULLES -,49.294409,-0.511174
14860_AMFREVILLE,14860,AMFREVILLE,49.248705,-0.232344
14350_CARVILLE -,14350,CARVILLE -,48.910801,-0.846525
14570_CLECY -,14570,CLECY -,48.906634,-0.488723
14260_ROUCAMPS,14260,ROUCAMPS,48.984662,-0.612022
14330_LE MOLAY-LITTRY,14330,LE MOLAY-LITTRY,49.229078,-0.883237
14540_SOLIERS,14540,SOLIERS,49.135682,-0.291934
14530_LUC-SUR-MER -,14530,LUC-SUR-MER -,49.308517,-0.355659
14260_AUNAY-SUR-ODON,14260,AUNAY-SUR-ODON,49.028548,-0.636508
14340_CAMBREMER,14340,CAMBREMER,49.150853,0.055487
14430_DOZULE,14430,DOZULE,49.231357,-0.045071
14680_GOUVIX,14680,GOUVIX,49.035593,-0.298721
14210_ESQUAY-NOTRE-DAME,14210,ESQUAY-NOTRE-DAME,49.112353,-0.473643
14123_FLEURY-SUR-ORNE,14123,FLEURY-SUR-ORNE,49.15057,-0.376396
14140_LIVAROT,14140,LIVAROT,49.001733,0.229532
14320_MAY-SUR-ORNE,14320,MAY-SUR-ORNE,49.103011,-0.374055
14980_ROTS,14980,ROTS,49.225399,-0.490016
14710_VIERVILLE-SUR-MER,14710,VIERVILLE-SUR-MER,49.371706,-0.899307
14113_VILLERVILLE -,14113,VILLERVILLE -,49.393473,0.122501
14117_ARROMANCHES-LES-BAINS,14117,ARROMANCHES-LES-BAINS,49.337958,-0.623592
14990_BERNIERES-SUR-MER,14990,BERNIERES-SUR-MER,49.330041,-0.415407
14100_BEUVILLERS,14100,BEUVILLERS,49.127156,0.249921
14460_COLOMBELLES -,14460,COLOMBELLES -,49.194563,-0.294056
14270_MEZIDON-CANON,14270,MEZIDON-CANON,49.072299,-0.071192
14420_POTIGNY,14420,POTIGNY,48.970866,-0.24606
14430_PUTOT-EN-AUGE -,14430,PUTOT-EN-AUGE -,49.217081,-0.067512
14800_TOUQUES -,14800,TOUQUES -,49.357601,0.111023
14420_SOUMONT-SAINT-QUENTIN,14420,SOUMONT-SAINT-QUENTIN,48.978926,-0.235342
14640_VILLERS-SUR-MER -,14640,VILLERS-SUR-MER -,49.314048,0.007801
14230_ISIGNY-SUR-MER -,14230,ISIGNY-SUR-MER -,49.285961,-1.056105
14220_THURY-HARCOURT,14220,THURY-HARCOURT,48.986868,-0.509414
14910_BENERVILLE-SUR-MER,14910,BENERVILLE-SUR-MER,49.345155,0.042826
14490_SAINT-PAUL-DU-VERNAY,14490,SAINT-PAUL-DU-VERNAY,49.195142,-0.764755
14590_MOYAUX,14590,MOYAUX,49.197554,0.352671
14710_TREVIERES,14710,TREVIERES,49.30235,-0.90805
14800_TOURGEVILLE -,14800,TOURGEVILLE -,49.319181,0.074851
14960_ASNELLES,14960,ASNELLES,49.337095,-0.582963
14880_COLLEVILLE-MONTGOMERY -,14880,COLLEVILLE-MONTGOMERY -,49.278798,-0.293551
14430_DOZULE -,14430,DOZULE -,49.231357,-0.045071
14220_HAMARS,14220,HAMARS,48.998658,-0.546333
14150_OUISTREHAM -,14150,OUISTREHAM -,49.274465,-0.260058
14210_TROIS-MONTS,14210,TROIS-MONTS,49.06768,-0.482
14500_VAUDRY,14500,VAUDRY,48.858651,-0.848364
14510_HOULGATE,14510,HOULGATE,49.29759,-0.066937
14430_BEUVRON-EN-AUGE -,14430,BEUVRON-EN-AUGE -,49.196985,-0.031912
14130_BLANGY-LE-CHATEAU,14130,BLANGY-LE-CHATEAU,49.249591,0.281097
14740_BRETTEVILLE-L'ORGUEILLEUSE -,14740,BRETTEVILLE-L'ORGUEILLEUSE -,49.209048,-0.519927
14600_HONFLEUR -,14600,HONFLEUR -,49.409387,0.227344
14380_LANDELLES-ET-COUPIGNY,14380,LANDELLES-ET-COUPIGNY,48.897274,-1.001519
14230_LES OUBEAUX,14230,LES OUBEAUX,49.28484,-1.0463
14100_COURTONNE-LA-MEURDRAC -,14100,COURTONNE-LA-MEURDRAC -,49.119068,0.327471
14113_CRICQUEBOEUF,14113,CRICQUEBOEUF,49.40223,0.142925
14200_HEROUVILLE-SAINT-CLAIR -,14200,HEROUVILLE-SAINT-CLAIR -,49.203411,-0.332375
14810_MERVILLE-FRANCEVILLE-PLAGE,14810,MERVILLE-FRANCEVILLE-PLAGE,49.269069,-0.192608
14570_CLECY,14570,CLECY,48.906634,-0.488723
14490_LE TRONQUAY,14490,LE TRONQUAY,49.230999,-0.815219
14110_SAINT-GERMAIN-DU-CRIOULT,14110,SAINT-GERMAIN-DU-CRIOULT,48.859704,-0.604218
14290_CERNAY -,14290,CERNAY -,49.020938,0.325527
14350_ETOUVY -,14350,ETOUVY -,48.893634,-0.883448
14210_TOURVILLE-SUR-ODON,14210,TOURVILLE-SUR-ODON,49.139907,-0.503334
14100_LISIEUX -,14100,LISIEUX -,49.145761,0.242246
14120_MONDEVILLE,14120,MONDEVILLE,49.170017,-0.310786
14450_GRANDCAMP-MAISY -,14450,GRANDCAMP-MAISY -,49.374461,-1.037543
14220_BOULON,14220,BOULON,49.048856,-0.396206
14100_HERMIVAL-LES-VAUX -,14100,HERMIVAL-LES-VAUX -,49.164626,0.282654
14220_THURY-HARCOURT -,14220,THURY-HARCOURT -,48.986868,-0.509414
14360_TROUVILLE-SUR-MER -,14360,TROUVILLE-SUR-MER -,49.371571,0.102801
14800_DEAUVILLE -,14800,DEAUVILLE -,49.354643,0.073063
14680_BRETTEVILLE-SUR-LAIZE,14680,BRETTEVILLE-SUR-LAIZE,49.049496,-0.32173
14110_CONDE-SUR-NOIREAU,14110,CONDE-SUR-NOIREAU,48.855823,-0.59601
14390_CABOURG -,14390,CABOURG -,49.286373,-0.125678
14690_PIERREFITTE-EN-CINGLAIS,14690,PIERREFITTE-EN-CINGLAIS,48.903866,-0.386669
14320_FONTENAY-LE-MARMION,14320,FONTENAY-LE-MARMION,49.090356,-0.352803
14370_ARGENCES -,14370,ARGENCES -,49.134291,-0.159707
14310_EPINAY-SUR-ODON,14310,EPINAY-SUR-ODON,49.072092,-0.6215
14480_SAINT-GABRIEL-BRECY,14480,SAINT-GABRIEL-BRECY,49.276453,-0.56646
14480_CREULLY SUR SEULES,14480,CREULLY SUR SEULES,49.277464,-0.559365
14260_CAMPANDRE-VALCONGRAIN -,14260,CAMPANDRE-VALCONGRAIN -,48.962239,-0.599939
14500_VIRE -,14500,VIRE -,48.820096,-0.876479
14480_BANVILLE,14480,BANVILLE,49.311575,-0.493821
14440_CRESSERONS,14440,CRESSERONS,49.287073,-0.353951
14410_VASSY -,14410,VASSY -,48.853716,-0.696168
14350_SAINTE-MARIE-LAUMONT -,14350,SAINTE-MARIE-LAUMONT -,48.909865,-0.920649
15000_AURILLAC,15000,AURILLAC,44.918771,2.435053
15110_CHAUDES-AIGUES,15110,CHAUDES-AIGUES,44.850932,3.00042
15230_PIERREFORT,15230,PIERREFORT,44.92502,2.835529
15140_SALERS,15140,SALERS,45.138113,2.492205
15270_CHAMPS-SUR-TARENTAINE-MARCHAL,15270,CHAMPS-SUR-TARENTAINE-MARCHAL,45.393256,2.612536
15190_MARCENAT,15190,MARCENAT,45.314209,2.852776
15600_MAURS -,15600,MAURS -,44.715182,2.172711
15100_SAINT-FLOUR,15100,SAINT-FLOUR,45.02387,3.07272
15150_LAROQUEBROU -,15150,LAROQUEBROU -,44.968952,2.195016
15300_MURAT -,15300,MURAT -,45.123661,2.857375
15300_MURAT,15300,MURAT,45.123661,2.857375
15000_NAUCELLES,15000,NAUCELLES,44.951432,2.417056
15130_PRUNET,15130,PRUNET,44.823431,2.467761
15310_SAINT-CERNIN,15310,SAINT-CERNIN,45.052064,2.412226
15210_YDES,15210,YDES,45.343197,2.450876
15160_ALLANCHE,15160,ALLANCHE,45.234985,2.946568
15200_MAURIAC,15200,MAURIAC,45.224559,2.324771
15100_SAINT-FLOUR -,15100,SAINT-FLOUR -,45.02387,3.07272
15310_SAINT-ILLIDE,15310,SAINT-ILLIDE,45.050575,2.319732
15130_ARPAJON-SUR-CERE,15130,ARPAJON-SUR-CERE,44.879698,2.464197
15250_JUSSAC,15250,JUSSAC,44.996574,2.424822
15270_LANOBRE,15270,LANOBRE,45.432958,2.537433
15250_SAINT-PAUL-DES-LANDES,15250,SAINT-PAUL-DES-LANDES,44.941802,2.304458
15800_VIC-SUR-CERE,15800,VIC-SUR-CERE,44.964897,2.618348
15290_LE ROUGET,15290,LE ROUGET,44.882907,2.233149
15590_VELZIC,15590,VELZIC,44.996855,2.549174
15200_JALEYRAC,15200,JALEYRAC,45.270413,2.362376
15140_SAINT-MARTIN-CANTALES,15140,SAINT-MARTIN-CANTALES,45.090456,2.302231
15600_MAURS,15600,MAURS,44.715182,2.172711
15700_PLEAUX,15700,PLEAUX,45.144959,2.246668
15400_RIOM-ES-MONTAGNES,15400,RIOM-ES-MONTAGNES,45.285689,2.659432
15300_LAVIGERIE,15300,LAVIGERIE,45.13262,2.744028
15580_SAINT-JACQUES-DES-BLATS -,15580,SAINT-JACQUES-DES-BLATS -,45.058839,2.71367
15120_MONTSALVY,15120,MONTSALVY,44.698879,2.488483
15400_SAINT-ETIENNE-DE-CHOMEIL,15400,SAINT-ETIENNE-DE-CHOMEIL,45.34641,2.611454
15380_ANGLARDS-DE-SALERS,15380,ANGLARDS-DE-SALERS,45.202066,2.451111
15200_CHALVIGNAC -,15200,CHALVIGNAC -,45.24663,2.263061
15140_FONTANGES,15140,FONTANGES,45.104757,2.527567
15160_LANDEYRAT -,15160,LANDEYRAT -,45.279895,2.884064
15500_MASSIAC,15500,MASSIAC,45.24564,3.20131
15320_RUYNES-EN-MARGERIDE,15320,RUYNES-EN-MARGERIDE,45.001267,3.221397
15240_SAIGNES,15240,SAIGNES,45.33284,2.478442
15170_COLTINES,15170,COLTINES,45.092526,3.008876
15140_SAINT-CHAMANT,15140,SAINT-CHAMANT,45.094433,2.454635
15800_RAULHAC,15800,RAULHAC,44.900594,2.654565
15270_LANOBRE -,15270,LANOBRE -,45.432958,2.537433
15120_MONTSALVY -,15120,MONTSALVY -,44.698879,2.488483
15260_NEUVEGLISE,15260,NEUVEGLISE,44.934285,2.985768
15170_TALIZAT,15170,TALIZAT,45.116305,3.060537
15400_TRIZAC,15400,TRIZAC,45.24606,2.520183
15230_BREZONS,15230,BREZONS,44.986033,2.802705
15250_CRANDELLES,15250,CRANDELLES,44.959407,2.357004
15230_CEZENS,15230,CEZENS,44.983645,2.855795
15340_MOURJOU -,15340,MOURJOU -,44.691162,2.329535
15150_LAROQUEBROU,15150,LAROQUEBROU,44.968952,2.195016
15190_MONTGRELEIX,15190,MONTGRELEIX,45.345183,2.873192
15400_CHEYLADE,15400,CHEYLADE,45.210488,2.715271
15700_ALLY,15700,ALLY,45.168141,2.319027
15600_BOISSET,15600,BOISSET,44.783581,2.255666
15600_LEYNHAC,15600,LEYNHAC,44.742654,2.272145
15390_LOUBARESSE,15390,LOUBARESSE,45.180805,3.228278
15700_PLEAUX -,15700,PLEAUX -,45.144959,2.246668
15600_QUEZAC,15600,QUEZAC,44.754528,2.177192
15230_SAINTE-MARIE,15230,SAINTE-MARIE,44.877647,2.886746
15290_LA SEGALASSIERE,15290,LA SEGALASSIERE,44.892014,2.208142
15190_LUGARDE,15190,LUGARDE,45.277522,2.759713
15140_SALERS -,15140,SALERS -,45.138113,2.492205
15340_CASSANIOUZE,15340,CASSANIOUZE,44.668862,2.377445
15200_MEALLET,15200,MEALLET,45.262853,2.416418
15390_LOUBARESSE -,15390,LOUBARESSE -,45.179743,3.227477
15100_MONTCHAMP,15100,MONTCHAMP,45.07074,3.205335
15140_SAINT-MARTIN-VALMEROUX,15140,SAINT-MARTIN-VALMEROUX,45.122851,2.441482
15340_SENEZERGUES,15340,SENEZERGUES,44.712368,2.405019
15600_BOISSET -,15600,BOISSET -,44.783581,2.255666
15100_VILLEDIEU -,15100,VILLEDIEU -,45.000499,3.061032
15340_MOURJOU,15340,MOURJOU,44.691162,2.329535
15000_AURILLAC -,15000,AURILLAC -,44.918771,2.435053
15320_CLAVIERES,15320,CLAVIERES,45.001433,3.287888
15200_CHALVIGNAC,15200,CHALVIGNAC,45.24663,2.263061
15130_LAFEUILLADE-EN-VEZIE,15130,LAFEUILLADE-EN-VEZIE,44.791628,2.458263
15300_DIENNE -,15300,DIENNE -,45.170493,2.809336
15600_SAINT-CONSTANT,15600,SAINT-CONSTANT,44.693639,2.246256
15220_ROANNES-SAINT-MARY -,15220,ROANNES-SAINT-MARY -,44.845816,2.399336
16260_CHASSENEUIL-SUR-BONNIEURE,16260,CHASSENEUIL-SUR-BONNIEURE,45.822963,0.447077
16140_AIGRE,16140,AIGRE,45.901605,0.017379
16000_ANGOULEME -,16000,ANGOULEME -,45.644105,0.148008
16300_BARRET,16300,BARRET,45.488824,-0.204251
16140_MONS,16140,MONS,45.862385,-0.02403
16430_CHAMPNIERS -,16430,CHAMPNIERS -,45.715403,0.201438
16410_DIGNAC,16410,DIGNAC,45.558696,0.286912
16110_LA ROCHEFOUCAULD,16110,LA ROCHEFOUCAULD,45.735444,0.371541
16710_SAINT-YRIEIX-SUR-CHARENTE,16710,SAINT-YRIEIX-SUR-CHARENTE,45.67955,0.127748
16320_VILLEBOIS-LAVALETTE,16320,VILLEBOIS-LAVALETTE,45.483389,0.278337
16390_AUBETERRE-SUR-DRONNE,16390,AUBETERRE-SUR-DRONNE,45.268515,0.168035
16270_ROUMAZIERES-LOUBERT,16270,ROUMAZIERES-LOUBERT,,
16200_JARNAC -,16200,JARNAC -,45.690032,-0.169722
16000_ANGOULEME,16000,ANGOULEME,45.644105,0.148008
16100_COGNAC -,16100,COGNAC -,45.694905,-0.337146
16200_BOURG-CHARENTE,16200,BOURG-CHARENTE,45.66958,-0.217579
16300_BARBEZIEUX-SAINT-HILAIRE,16300,BARBEZIEUX-SAINT-HILAIRE,45.479903,-0.156139
16500_CONFOLENS,16500,CONFOLENS,46.027128,0.663175
16220_MONTBRON -,16220,MONTBRON -,,
16150_CHASSENON -,16150,CHASSENON -,,
16290_HIERSAC -,16290,HIERSAC -,,
16100_COGNAC,16100,COGNAC,45.694905,-0.337146
16210_LES ESSARDS,16210,LES ESSARDS,45.239384,0.114375
16250_MAINFONDS -,16250,MAINFONDS -,45.519897,0.017009
16500_CONFOLENS -,16500,CONFOLENS -,46.027128,0.663175
16250_CRESSAC-SAINT-GENIS,16250,CRESSAC-SAINT-GENIS,,
16220_MONTBRON,16220,MONTBRON,45.668521,0.504569
16570_MARSAC,16570,MARSAC,45.743088,0.076497
16190_MONTMOREAU-SAINT-CYBARD,16190,MONTMOREAU-SAINT-CYBARD,45.405825,0.146052
16200_MERIGNAC -,16200,MERIGNAC -,45.698737,-0.075918
16110_LA ROCHETTE,16110,LA ROCHETTE,45.802469,0.314803
16200_SIGOGNE -,16200,SIGOGNE -,45.737981,-0.178301
16100_CHATEAUBERNARD -,16100,CHATEAUBERNARD -,45.676569,-0.314488
16140_MONS -,16140,MONS -,,
16230_MANSLE,16230,MANSLE,45.886042,0.184905
16170_ROUILLAC -,16170,ROUILLAC -,45.799109,-0.075094
16340_L'ISLE-D'ESPAGNAC,16340,L'ISLE-D'ESPAGNAC,45.661819,0.198545
16380_SAINT-GERMAIN-DE-MONTBRON,16380,SAINT-GERMAIN-DE-MONTBRON,45.637477,0.415388
16380_CHARRAS,16380,CHARRAS,45.542856,0.42089
16110_PRANZAC,16110,PRANZAC,45.670335,0.346758
16290_ASNIERES-SUR-NOUERE,16290,ASNIERES-SUR-NOUERE,45.70746,0.051331
16700_LA FAYE -,16700,LA FAYE -,46.022825,0.17297
16210_RIOUX-MARTIN,16210,RIOUX-MARTIN,45.246762,0.002332
16120_TOUZAC,16120,TOUZAC,45.532382,-0.143188
17290_AIGREFEUILLE-D'AUNIS,17290,AIGREFEUILLE-D'AUNIS,46.120805,-0.941821
17530_ARVERT,17530,ARVERT,45.749347,-1.134029
17610_CHANIERS,17610,CHANIERS,45.734122,-0.557355
17360_LA CLOTTE,17360,LA CLOTTE,45.111678,-0.142874
17170_COURCON,17170,COURCON,46.257399,-0.774728
17120_COZES,17120,COZES,45.578371,-0.824192
17139_DOMPIERRE-SUR-MER,17139,DOMPIERRE-SUR-MER,46.1884,-1.067442
17137_L'HOUMEAU,17137,L'HOUMEAU,46.192339,-1.18418
17500_JONZAC,17500,JONZAC,45.444416,-0.427413
17137_MARSILLY,17137,MARSILLY,46.226702,-1.139441
17570_LES MATHES,17570,LES MATHES,45.708244,-1.165186
17300_ROCHEFORT,17300,ROCHEFORT,45.94403,-0.967748
17270_MONTGUYON,17270,MONTGUYON,45.208188,-0.164377
17300_ROCHEFORT -,17300,ROCHEFORT -,45.94403,-0.967748
17810_SAINT-GEORGES-DES-COTEAUX,17810,SAINT-GEORGES-DES-COTEAUX,45.775564,-0.703298
17100_SAINTES,17100,SAINTES,45.748804,-0.647217
17500_CHAMPAGNAC,17500,CHAMPAGNAC,45.432738,-0.384345
17000_LA ROCHELLE -,17000,LA ROCHELLE -,46.157457,-1.170642
17750_ETAULES,17750,ETAULES,45.725353,-1.100082
17130_MONTENDRE,17130,MONTENDRE,45.286605,-0.388766
17800_PONS,17800,PONS,45.577836,-0.559957
17350_PORT-D'ENVAUX,17350,PORT-D'ENVAUX,45.816821,-0.667855
17240_SAINT-GENIS-DE-SAINTONGE,17240,SAINT-GENIS-DE-SAINTONGE,45.480255,-0.566556
17120_EPARGNES,17120,EPARGNES,45.546403,-0.80252
17137_ESNANDES,17137,ESNANDES,46.249835,-1.124019
17120_FLOIRAC -,17120,FLOIRAC -,45.466655,-0.744716
17600_MEDIS,17600,MEDIS,45.64403,-0.965018
17520_ARCHIAC,17520,ARCHIAC,45.520871,-0.29952
17210_CHEVANCEAUX,17210,CHEVANCEAUX,45.299014,-0.205988
17340_CHATELAILLON-PLAGE -,17340,CHATELAILLON-PLAGE -,46.073827,-1.084846
17450_FOURAS,17450,FOURAS,45.987155,-1.089604
17120_MEURSAC,17120,MEURSAC,45.653041,-0.815339
17150_MIRAMBEAU,17150,MIRAMBEAU,45.369363,-0.57709
17240_SAINT-FORT-SUR-GIRONDE,17240,SAINT-FORT-SUR-GIRONDE,45.45736,-0.725012
17350_SAINT-SAVINIEN,17350,SAINT-SAVINIEN,45.884387,-0.688355
17390_LA TREMBLADE,17390,LA TREMBLADE,45.780746,-1.149971
17270_CERCOUX,17270,CERCOUX,45.126768,-0.204939
17870_BREUIL-MAGNE,17870,BREUIL-MAGNE,45.992362,-0.9645
17120_BRIE-SOUS-MORTAGNE,17120,BRIE-SOUS-MORTAGNE,45.493688,-0.745551
17610_CHANIERS -,17610,CHANIERS -,45.734122,-0.557355
17480_LE CHATEAU-D'OLERON,17480,LE CHATEAU-D'OLERON,,
17120_CHENAC-SAINT-SEURIN-D'UZET,17120,CHENAC-SAINT-SEURIN-D'UZET,45.514336,-0.814577
17230_MARANS -,17230,MARANS -,46.314324,-1.004164
17137_NIEUL-SUR-MER,17137,NIEUL-SUR-MER,46.209438,-1.163916
17210_ORIGNOLLES,17210,ORIGNOLLES,45.224706,-0.233256
17138_PUILBOREAU,17138,PUILBOREAU,46.186054,-1.115777
17120_MORTAGNE-SUR-GIRONDE,17120,MORTAGNE-SUR-GIRONDE,45.500509,-0.77589
17200_ROYAN,17200,ROYAN,45.634186,-1.017415
17520_SAINTE-LHEURINE -,17520,SAINTE-LHEURINE -,45.523268,-0.361156
17540_SAINT-SAUVEUR-D'AUNIS,17540,SAINT-SAUVEUR-D'AUNIS,46.218496,-0.886928
17120_TALMONT-SUR-GIRONDE,17120,TALMONT-SUR-GIRONDE,45.533148,-0.900802
17430_TONNAY-CHARENTE,17430,TONNAY-CHARENTE,45.962307,-0.878125
17132_MESCHERS-SUR-GIRONDE,17132,MESCHERS-SUR-GIRONDE,45.570173,-0.954874
17000_LA ROCHELLE,17000,LA ROCHELLE,46.157457,-1.170642
17110_SAINT-GEORGES-DE-DIDONNE,17110,SAINT-GEORGES-DE-DIDONNE,45.600247,-0.987484
17240_CHAMPAGNOLLES,17240,CHAMPAGNOLLES,45.514431,-0.642322
17130_COURPIGNAC,17130,COURPIGNAC,45.309137,-0.501954
17420_SAINT-PALAIS-SUR-MER -,17420,SAINT-PALAIS-SUR-MER -,45.651402,-1.091027
17600_SAUJON,17600,SAUJON,45.673346,-0.935478
17600_L'EGUILLE,17600,L'EGUILLE,45.703938,-0.980168
17160_MATHA,17160,MATHA,45.860556,-0.32013
17420_SAINT-PALAIS-SUR-MER,17420,SAINT-PALAIS-SUR-MER,45.651402,-1.091027
17640_VAUX-SUR-MER,17640,VAUX-SUR-MER,45.643092,-1.058948
17120_COZES -,17120,COZES -,45.578371,-0.824192
17130_MONTENDRE -,17130,MONTENDRE -,45.286605,-0.388766
17100_LA CHAPELLE-DES-POTS -,17100,LA CHAPELLE-DES-POTS -,45.761928,-0.540172
17880_LES PORTES-EN-RE,17880,LES PORTES-EN-RE,46.245885,-1.498869
17540_ANGLIERS,17540,ANGLIERS,46.212632,-0.951875
17590_ARS-EN-RE,17590,ARS-EN-RE,46.214096,-1.508569
17340_CHATELAILLON-PLAGE,17340,CHATELAILLON-PLAGE,46.073827,-1.084846
17290_CIRE-D'AUNIS,17290,CIRE-D'AUNIS,46.047104,-0.933569
17670_LA COUARDE-SUR-MER,17670,LA COUARDE-SUR-MER,46.197643,-1.442943
17137_MARSILLY -,17137,MARSILLY -,46.226702,-1.139441
17230_MARANS,17230,MARANS,46.314324,-1.004164
17220_MONTROY,17220,MONTROY,46.158368,-1.015945
17540_NUAILLE-D'AUNIS,17540,NUAILLE-D'AUNIS,46.231114,-0.926199
17940_RIVEDOUX-PLAGE,17940,RIVEDOUX-PLAGE,46.161976,-1.277881
17570_SAINT-AUGUSTIN,17570,SAINT-AUGUSTIN,45.677923,-1.097775
17220_SAINTE-SOULLE,17220,SAINTE-SOULLE,46.192684,-1.005373
17370_LE GRAND-VILLAGE-PLAGE,17370,LE GRAND-VILLAGE-PLAGE,45.865624,-1.236641
17123_ILE-D'AIX,17123,ILE-D'AIX,46.020406,-1.167686
17230_ANDILLY,17230,ANDILLY,46.250823,-1.02189
17580_LE BOIS-PLAGE-EN-RE,17580,LE BOIS-PLAGE-EN-RE,46.182576,-1.386186
17920_BREUILLET,17920,BREUILLET,45.690122,-1.054754
17890_CHAILLEVETTE,17890,CHAILLEVETTE,45.729997,-1.067737
17210_CHEPNIERS,17210,CHEPNIERS,45.251936,-0.311801
17260_CRAVANS -,17260,CRAVANS -,45.59269,-0.713711
17630_LA FLOTTE,17630,LA FLOTTE,46.186061,-1.314043
17111_LOIX,17111,LOIX,46.222784,-1.446893
17113_MORNAC-SUR-SEUDRE,17113,MORNAC-SUR-SEUDRE,45.706019,-1.024734
17190_SAINT-GEORGES-D'OLERON,17190,SAINT-GEORGES-D'OLERON,45.970667,-1.314768
17400_SAINT-JEAN-D'ANGELY,17400,SAINT-JEAN-D'ANGELY,45.942512,-0.521692
17620_SAINT-JEAN-D'ANGLE,17620,SAINT-JEAN-D'ANGLE,45.822595,-0.948098
17740_SAINTE-MARIE-DE-RE,17740,SAINTE-MARIE-DE-RE,46.155424,-1.330263
17410_SAINT-MARTIN-DE-RE,17410,SAINT-MARTIN-DE-RE,46.200717,-1.361552
17370_SAINT-TROJAN-LES-BAINS,17370,SAINT-TROJAN-LES-BAINS,45.837827,-1.207551
17700_SURGERES,17700,SURGERES,46.103571,-0.756848
17730_PORT-DES-BARQUES,17730,PORT-DES-BARQUES,45.947322,-1.088664
17840_LA BREE-LES-BAINS,17840,LA BREE-LES-BAINS,46.01246,-1.343593
17370_SAINT-TROJAN-LES-BAINS -,17370,SAINT-TROJAN-LES-BAINS -,45.837827,-1.207551
17520_SAINTE-LHEURINE,17520,SAINTE-LHEURINE,45.523268,-0.361156
17700_SURGERES -,17700,SURGERES -,46.103571,-0.756848
17210_SAINT-PALAIS-DE-NEGRIGNAC,17210,SAINT-PALAIS-DE-NEGRIGNAC,45.275022,-0.208311
17240_SAINT-GERMAIN-DU-SEUDRE,17240,SAINT-GERMAIN-DU-SEUDRE,45.517035,-0.689496
17580_LE BOIS-PLAGE-EN-RE -,17580,LE BOIS-PLAGE-EN-RE -,46.182576,-1.386186
17350_CRAZANNES,17350,CRAZANNES,45.848793,-0.707174
17100_COURCOURY,17100,COURCOURY,45.703932,-0.561623
17320_MARENNES -,17320,MARENNES -,45.829922,-1.103403
17137_NIEUL-SUR-MER -,17137,NIEUL-SUR-MER -,46.209438,-1.163916
17210_POLIGNAC,17210,POLIGNAC,45.279996,-0.30665
17120_SEMUSSAC,17120,SEMUSSAC,45.597964,-0.921584
17240_SAINT-FORT-SUR-GIRONDE -,17240,SAINT-FORT-SUR-GIRONDE -,45.45736,-0.725012
17290_THAIRE -,17290,THAIRE -,46.075843,-0.997381
17200_ROYAN -,17200,ROYAN -,45.634186,-1.017415
17150_SOUBRAN,17150,SOUBRAN,45.353328,-0.518138
17130_COUX,17130,COUX,45.313863,-0.403219
17170_TAUGON,17170,TAUGON,46.314762,-0.832492
17270_SAINT-MARTIN-D'ARY -,17270,SAINT-MARTIN-D'ARY -,,
17690_ANGOULINS -,17690,ANGOULINS -,46.103589,-1.109098
17250_TRIZAY -,17250,TRIZAY -,45.879045,-0.90125
17400_SAINT-JEAN-D'ANGELY -,17400,SAINT-JEAN-D'ANGELY -,45.942512,-0.521692
17500_JONZAC -,17500,JONZAC -,45.444416,-0.427413
17600_SAUJON -,17600,SAUJON -,45.673346,-0.935478
17320_HIERS-BROUAGE,17320,HIERS-BROUAGE,45.829922,-1.103403
17430_TONNAY-CHARENTE -,17430,TONNAY-CHARENTE -,45.962307,-0.878125
17180_PERIGNY,17180,PERIGNY,46.161036,-1.099583
17620_ECHILLAIS,17620,ECHILLAIS,45.897112,-0.958577
17170_CRAMCHABAN,17170,CRAMCHABAN,46.218917,-0.720422
17170_COURCON -,17170,COURCON -,46.257399,-0.774728
17120_SEMUSSAC -,17120,SEMUSSAC -,45.597964,-0.921584
17700_SAINT-SATURNIN-DU-BOIS,17700,SAINT-SATURNIN-DU-BOIS,46.140082,-0.671247
17240_CLION,17240,CLION,45.47334,-0.506821
17550_DOLUS-D'OLERON -,17550,DOLUS-D'OLERON -,45.907504,-1.266928
17550_DOLUS-D'OLERON,17550,DOLUS-D'OLERON,45.907504,-1.266928
17100_VENERAND -,17100,VENERAND -,45.787953,-0.539594
17520_SAINT-EUGENE,17520,SAINT-EUGENE,45.505509,-0.26649
17120_ARCES,17120,ARCES,45.56206,-0.875047
17450_SAINT-LAURENT-DE-LA-PREE,17450,SAINT-LAURENT-DE-LA-PREE,45.98524,-1.031914
17300_VERGEROUX,17300,VERGEROUX,45.970584,-0.978609
17400_SAINT-DENIS-DU-PIN,17400,SAINT-DENIS-DU-PIN,46.007326,-0.511986
17570_LES MATHES -,17570,LES MATHES -,45.708244,-1.165186
18000_BOURGES,18000,BOURGES,47.082882,2.402294
18400_LUNERY,18400,LUNERY,46.939241,2.259054
18500_MEHUN-SUR-YEVRE,18500,MEHUN-SUR-YEVRE,47.136109,2.228695
18200_SAINT-AMAND-MONTROND,18200,SAINT-AMAND-MONTROND,46.723917,2.522901
18600_SANCOINS -,18600,SANCOINS -,46.81824,2.914417
18300_SAINT-SATUR,18300,SAINT-SATUR,47.342822,2.851318
18220_LES AIX-D'ANGILLON,18220,LES AIX-D'ANGILLON,47.195309,2.564366
18800_BAUGY,18800,BAUGY,47.077146,2.74813
18240_BOULLERET,18240,BOULLERET,47.428794,2.878952
18200_BRUERE-ALLICHAMPS,18200,BRUERE-ALLICHAMPS,46.772325,2.432681
18370_CHATEAUMEILLANT,18370,CHATEAUMEILLANT,46.556452,2.206287
18300_FEUX,18300,FEUX,47.225901,2.859838
18380_IVOY-LE-PRE,18380,IVOY-LE-PRE,47.347254,2.498613
18110_VASSELAY,18110,VASSELAY,47.156327,2.385913
18260_VAILLY-SUR-SAULDRE,18260,VAILLY-SUR-SAULDRE,47.458098,2.644762
18300_VEAUGUES,18300,VEAUGUES,47.262278,2.755537
18800_BAUGY -,18800,BAUGY -,47.077146,2.74813
18700_AUBIGNY-SUR-NERE,18700,AUBIGNY-SUR-NERE,47.482516,2.428376
18300_BUE,18300,BUE,47.308211,2.792191
18140_HERRY,18140,HERRY,47.230966,2.939043
18240_LERE,18240,LERE,47.467864,2.871941
18510_MENETOU-SALON,18510,MENETOU-SALON,47.247562,2.482357
18300_MENETREOL-SOUS-SANCERRE,18300,MENETREOL-SOUS-SANCERRE,47.318599,2.854884
18190_SAINT-LOUP-DES-CHAUMES,18190,SAINT-LOUP-DES-CHAUMES,46.816826,2.380421
18300_SENS-BEAUJEU,18300,SENS-BEAUJEU,47.336098,2.692531
18300_SURY-EN-VAUX,18300,SURY-EN-VAUX,47.368824,2.802334
18150_APREMONT-SUR-ALLIER,18150,APREMONT-SUR-ALLIER,46.908113,3.047834
18210_CHARENTON-DU-CHER -,18210,CHARENTON-DU-CHER -,46.746057,2.663806
18170_LE CHATELET -,18170,LE CHATELET -,46.630843,2.294844
18130_PARNAY -,18130,PARNAY -,46.855715,2.567732
18390_SAINT-MICHEL-DE-VOLANGIS,18390,SAINT-MICHEL-DE-VOLANGIS,47.134452,2.477966
18310_GRACAY,18310,GRACAY,47.141802,1.844841
18400_LUNERY -,18400,LUNERY -,46.939241,2.259054
18330_NANCAY -,18330,NANCAY -,47.352641,2.183156
18250_NEUVY-DEUX-CLOCHERS -,18250,NEUVY-DEUX-CLOCHERS -,47.280534,2.678768
18300_SANCERRE,18300,SANCERRE,47.335051,2.827415
18100_VIERZON,18100,VIERZON,47.223215,2.082045
18200_AINAY-LE-VIEIL,18200,AINAY-LE-VIEIL,46.66272,2.547892
18320_TORTERON,18320,TORTERON,47.009164,2.981044
18320_TORTERON -,18320,TORTERON -,47.009164,2.981044
18410_ARGENT-SUR-SAULDRE,18410,ARGENT-SUR-SAULDRE,47.561069,2.432796
18410_BLANCAFORT,18410,BLANCAFORT,47.527193,2.533418
18220_BRECY,18220,BRECY,47.129209,2.650145
18300_BUE -,18300,BUE -,47.308211,2.792191
18200_LA CELLE,18200,LA CELLE,46.769116,2.450095
18140_LA CHAPELLE-MONTLINARD,18140,LA CHAPELLE-MONTLINARD,47.177155,2.987427
18570_LA CHAPELLE-SAINT-URSIN,18570,LA CHAPELLE-SAINT-URSIN,47.05957,2.31867
18210_CHARENTON-DU-CHER,18210,CHARENTON-DU-CHER,46.746057,2.663806
18290_CHAROST,18290,CHAROST,46.994046,2.120462
18290_CIVRAY,18290,CIVRAY,46.981375,2.19366
18410_CLEMONT,18410,CLEMONT,47.575038,2.320961
18340_CROSSES,18340,CROSSES,47.003141,2.576551
18380_ENNORDRES,18380,ENNORDRES,47.403066,2.428367
18800_FARGES-EN-SEPTAINE,18800,FARGES-EN-SEPTAINE,47.072008,2.642639
18500_FOECY,18500,FOECY,47.181013,2.15353
18110_FUSSY,18110,FUSSY,47.141031,2.423559
18310_GENOUILLY,18310,GENOUILLY,47.191195,1.880884
18150_LA GUERCHE-SUR-L'AUBOIS,18150,LA GUERCHE-SUR-L'AUBOIS,46.9441,2.97141
18250_HENRICHEMONT,18250,HENRICHEMONT,47.299571,2.538175
18340_LEVET,18340,LEVET,46.933345,2.391345
18500_MARMAGNE,18500,MARMAGNE,47.098767,2.279196
18120_MASSAY,18120,MASSAY,47.159956,1.989257
18160_MONTLOUIS,18160,MONTLOUIS,46.813764,2.240694
18570_MORTHOMIERS,18570,MORTHOMIERS,47.034181,2.275349
18350_NERONDES,18350,NERONDES,47.004009,2.845554
18330_NEUVY-SUR-BARANGEON,18330,NEUVY-SUR-BARANGEON,47.325907,2.253867
18350_OUROUER-LES-BOURDELINS,18350,OUROUER-LES-BOURDELINS,46.930512,2.792348
18340_PLAIMPIED-GIVAUDINS,18340,PLAIMPIED-GIVAUDINS,47.00452,2.453406
18380_PRESLY,18380,PRESLY,47.385583,2.338153
18370_PREVERANGES,18370,PREVERANGES,46.455941,2.239594
18290_SAINT-AMBROIX,18290,SAINT-AMBROIX,46.9304,2.114446
18300_SAINT-BOUIZE,18300,SAINT-BOUIZE,47.272499,2.891674
18230_SAINT-DOULCHARD,18230,SAINT-DOULCHARD,47.108769,2.363377
18400_SAINT-FLORENT-SUR-CHER,18400,SAINT-FLORENT-SUR-CHER,46.986018,2.25006
18390_SAINT-GERMAIN-DU-PUY,18390,SAINT-GERMAIN-DU-PUY,47.101697,2.472555
18340_SAINT-JUST,18340,SAINT-JUST,46.986456,2.50587
18110_SAINT-PALAIS,18110,SAINT-PALAIS,47.234649,2.414103
18140_SANCERGUES,18140,SANCERGUES,47.1566,2.90776
18600_SANCOINS,18600,SANCOINS,46.81824,2.914417
18340_SOYE-EN-SEPTAINE,18340,SOYE-EN-SEPTAINE,47.02295,2.479502
18100_THENIOUX,18100,THENIOUX,47.26096,1.939628
18570_TROUY,18570,TROUY,47.034428,2.375677
18190_VALLENAY,18190,VALLENAY,46.795107,2.377355
18800_VILLEQUIERS,18800,VILLEQUIERS,47.078622,2.788226
18330_VOUZERON,18330,VOUZERON,47.275096,2.189752
18520_AVORD,18520,AVORD,47.03672,2.645712
18320_BEFFES,18320,BEFFES,47.094573,3.005695
18350_CHARLY,18350,CHARLY,46.899362,2.751372
18200_FARGES-ALLICHAMPS -,18200,FARGES-ALLICHAMPS -,46.757498,2.404658
18800_CHASSY,18800,CHASSY,47.043,2.834848
18320_JOUET-SUR-L'AUBOIS,18320,JOUET-SUR-L'AUBOIS,47.049052,3.001212
18190_CHATEAUNEUF-SUR-CHER,18190,CHATEAUNEUF-SUR-CHER,46.855488,2.337483
18320_JOUET-SUR-L'AUBOIS -,18320,JOUET-SUR-L'AUBOIS -,47.049052,3.001212
18260_CONCRESSAULT,18260,CONCRESSAULT,47.490497,2.577219
18130_DUN-SUR-AURON,18130,DUN-SUR-AURON,46.892867,2.554566
18360_EPINEUIL-LE-FLEURIEL,18360,EPINEUIL-LE-FLEURIEL,46.559627,2.554797
18150_GERMIGNY-L'EXEMPT,18150,GERMIGNY-L'EXEMPT,46.915913,2.896106
18160_LIGNIERES,18160,LIGNIERES,46.761833,2.195882
18290_MAREUIL-SUR-ARNON,18290,MAREUIL-SUR-ARNON,46.880143,2.157516
18200_MEILLANT,18200,MEILLANT,46.777261,2.510771
18380_MERY-ES-BOIS,18380,MERY-ES-BOIS,47.290922,2.373048
18330_NANCAY,18330,NANCAY,47.352641,2.183156
18110_PIGNY,18110,PIGNY,47.160295,2.444151
18290_PLOU,18290,PLOU,47.019354,2.156249
18170_REZAY,18170,REZAY,46.672755,2.177033
18100_SAINT-GEORGES-SUR-LA-PREE,18100,SAINT-GEORGES-SUR-LA-PREE,47.226286,1.941246
18110_SAINT-MARTIN-D'AUXIGNY,18110,SAINT-MARTIN-D'AUXIGNY,47.206756,2.40333
18390_SAVIGNY-EN-SEPTAINE,18390,SAVIGNY-EN-SEPTAINE,47.04717,2.569449
18360_VESDUN,18360,VESDUN,46.561498,2.435209
18600_SAGONNE,18600,SAGONNE,46.849515,2.831237
18290_CIVRAY -,18290,CIVRAY -,46.981375,2.19366
18160_TOUCHAY,18160,TOUCHAY,46.714928,2.209555
18220_MOROGUES,18220,MOROGUES,47.261371,2.599207
18160_INEUIL,18160,INEUIL,46.775718,2.290545
18160_CHEZAL-BENOIT,18160,CHEZAL-BENOIT,46.833753,2.116978
18120_LAZENAY,18120,LAZENAY,47.073811,2.092882
18240_SAVIGNY-EN-SANCERRE,18240,SAVIGNY-EN-SANCERRE,47.444267,2.796437
18510_MENETOU-SALON -,18510,MENETOU-SALON -,47.247562,2.482357
18120_QUINCY,18120,QUINCY,47.135897,2.154506
18160_SAINT-HILAIRE-EN-LIGNIERES,18160,SAINT-HILAIRE-EN-LIGNIERES,46.741634,2.121175
18400_VILLENEUVE-SUR-CHER,18400,VILLENEUVE-SUR-CHER,47.022034,2.221451
18350_CHARLY -,18350,CHARLY -,46.899362,2.751372
18380_LA CHAPELLE-D'ANGILLON,18380,LA CHAPELLE-D'ANGILLON,47.366183,2.443064
18500_ALLOUIS,18500,ALLOUIS,47.172518,2.228982
18800_VILLABON,18800,VILLABON,47.09691,2.671803
18300_VERDIGNY,18300,VERDIGNY,47.349909,2.80671
18350_CORNUSSE,18350,CORNUSSE,46.954166,2.734465
18350_CORNUSSE -,18350,CORNUSSE -,46.954166,2.734465
18210_THAUMIERS,18210,THAUMIERS,46.820452,2.659435
18300_SAINT-SATUR -,18300,SAINT-SATUR -,47.342822,2.851318
18370_CHATEAUMEILLANT -,18370,CHATEAUMEILLANT -,46.556452,2.206287
18000_BOURGES -,18000,BOURGES -,47.082882,2.402294
18110_ALLOGNY,18110,ALLOGNY,47.235909,2.30013
18350_CHAUMONT -,18350,CHAUMONT -,46.843845,2.751594
18100_VIERZON -,18100,VIERZON -,47.223215,2.082045
18300_SANCERRE -,18300,SANCERRE -,47.335051,2.827415
18170_LE CHATELET,18170,LE CHATELET,46.630843,2.294844
18170_MAISONNAIS,18170,MAISONNAIS,46.641213,2.216479
18360_SAULZAIS-LE-POTIER,18360,SAULZAIS-LE-POTIER,46.602387,2.498404
18260_THOU,18260,THOU,47.432949,2.673568
18320_COURS-LES-BARRES,18320,COURS-LES-BARRES,47.027423,3.058303
18370_PREVERANGES -,18370,PREVERANGES -,46.455941,2.239594
18380_MERY-ES-BOIS -,18380,MERY-ES-BOIS -,47.290922,2.373048
18190_UZAY-LE-VENON,18190,UZAY-LE-VENON,46.819548,2.446267
18110_VIGNOUX-SOUS-LES-AIX,18110,VIGNOUX-SOUS-LES-AIX,47.184956,2.461517
18300_JALOGNES,18300,JALOGNES,47.235688,2.791479
18170_MARCAIS -,18170,MARCAIS -,46.706374,2.35062
19190_LANTEUIL,19190,LANTEUIL,45.121131,1.642218
19250_MEYMAC,19250,MEYMAC,45.545024,2.128053
19160_NEUVIC,19160,NEUVIC,45.371442,2.25765
19400_ARGENTAT,19400,ARGENTAT,45.121134,1.931078
19100_BRIVE-LA-GAILLARDE,19100,BRIVE-LA-GAILLARDE,45.148038,1.517353
19340_MERLINES,19340,MERLINES,45.625911,2.462211
19470_LE LONZAC,19470,LE LONZAC,45.469956,1.726979
19210_LUBERSAC,19210,LUBERSAC,45.450444,1.402089
19500_MEYSSAC,19500,MEYSSAC,45.051806,1.685814
19270_SAINTE-FEREOLE,19270,SAINTE-FEREOLE,45.228689,1.594113
19330_SAINT-GERMAIN-LES-VERGNES,19330,SAINT-GERMAIN-LES-VERGNES,45.267001,1.623422
19220_SAINT-PRIVAT,19220,SAINT-PRIVAT,45.138375,2.082764
19000_TULLE,19000,TULLE,45.267177,1.764073
19230_ARNAC-POMPADOUR,19230,ARNAC-POMPADOUR,45.406925,1.371913
19110_BORT-LES-ORGUES,19110,BORT-LES-ORGUES,45.393761,2.490298
19330_CHANTEIX -,19330,CHANTEIX -,45.314437,1.624637
19190_BEYNAT,19190,BEYNAT,45.131845,1.71991
19500_BRANCEILLES,19500,BRANCEILLES,45.00956,1.705518
19300_EGLETONS,19300,EGLETONS,45.420833,2.051449
19360_MALEMORT-SUR-CORREZE -,19360,MALEMORT-SUR-CORREZE -,45.177411,1.589952
19160_NEUVIC -,19160,NEUVIC -,45.371442,2.25765
19130_OBJAT,19130,OBJAT,45.265748,1.416671
19510_MASSERET,19510,MASSERET,45.541895,1.523635
19460_NAVES,19460,NAVES,45.312661,1.750164
19210_SAINT-PARDOUX-CORBIER,19210,SAINT-PARDOUX-CORBIER,45.435762,1.435819
19310_AYEN,19310,AYEN,45.253858,1.325981
19310_BRIGNAC-LA-PLAINE,19310,BRIGNAC-LA-PLAINE,45.17411,1.332383
19800_SARRAN,19800,SARRAN,45.418021,1.934372
19260_TREIGNAC,19260,TREIGNAC,45.551312,1.803267
19600_NOAILLES -,19600,NOAILLES -,45.09724,1.523117
19230_SEGUR-LE-CHATEAU,19230,SEGUR-LE-CHATEAU,45.428659,1.307025
19130_VOUTEZAC,19130,VOUTEZAC,45.293624,1.436412
19330_CHANTEIX,19330,CHANTEIX,45.314437,1.624637
19380_SAINT-SYLVAIN,19380,SAINT-SYLVAIN,45.183357,1.886008
19350_CONCEZE,19350,CONCEZE,45.363896,1.3365
19300_EGLETONS -,19300,EGLETONS -,45.420833,2.051449
19130_SAINT-CYPRIEN,19130,SAINT-CYPRIEN,45.252338,1.369633
19000_TULLE -,19000,TULLE -,45.267177,1.764073
19700_SEILHAC -,19700,SEILHAC -,45.365919,1.720178
19100_BRIVE-LA-GAILLARDE -,19100,BRIVE-LA-GAILLARDE -,45.148038,1.517353
19320_CHAMPAGNAC-LA-NOAILLE,19320,CHAMPAGNAC-LA-NOAILLE,45.301488,1.993914
19190_AUBAZINES,19190,AUBAZINES,45.187299,1.686126
19390_CHAUMEIL,19390,CHAUMEIL,45.454171,1.881383
19200_VALIERGUES,19200,VALIERGUES,45.482116,2.293862
19310_AYEN -,19310,AYEN -,45.253858,1.325981
19160_LAMAZIERE-BASSE,19160,LAMAZIERE-BASSE,45.370516,2.169787
19700_SEILHAC,19700,SEILHAC,45.365919,1.720178
19230_SEGUR-LE-CHATEAU -,19230,SEGUR-LE-CHATEAU -,45.428659,1.307025
19260_TREIGNAC -,19260,TREIGNAC -,45.551312,1.803267
19430_GOULLES,19430,GOULLES,45.029412,2.095449
19410_VIGEOIS -,19410,VIGEOIS -,45.380641,1.521127
19120_BEAULIEU-SUR-DORDOGNE -,19120,BEAULIEU-SUR-DORDOGNE -,44.999981,1.831088
19500_MEYSSAC -,19500,MEYSSAC -,45.051806,1.685814
19240_SAINT-VIANCE,19240,SAINT-VIANCE,45.208296,1.468976
19170_PEROLS-SUR-VEZERE,19170,PEROLS-SUR-VEZERE,45.577239,2.001488
19800_SAINT-PRIEST-DE-GIMEL,19800,SAINT-PRIEST-DE-GIMEL,45.304516,1.890474
19500_LAGLEYGEOLLE,19500,LAGLEYGEOLLE,45.079067,1.692795
19330_SAINT-MEXANT -,19330,SAINT-MEXANT -,45.291101,1.672573
19170_BUGEAT,19170,BUGEAT,45.594633,1.932935
19120_BEAULIEU-SUR-DORDOGNE,19120,BEAULIEU-SUR-DORDOGNE,44.999981,1.831088
19500_SAILLAC,19500,SAILLAC,45.038562,1.641795
19130_OBJAT -,19130,OBJAT -,45.265748,1.416671
19800_GIMEL-LES-CASCADES,19800,GIMEL-LES-CASCADES,45.302308,1.838319
19300_ROSIERS-D'EGLETONS -,19300,ROSIERS-D'EGLETONS -,45.387121,2.016724
19170_PRADINES -,19170,PRADINES -,45.505948,1.910325
19500_CHAUFFOUR-SUR-VELL,19500,CHAUFFOUR-SUR-VELL,45.020989,1.665022
19120_LA CHAPELLE-AUX-SAINTS -,19120,LA CHAPELLE-AUX-SAINTS -,44.980039,1.717979
19600_LARCHE -,19600,LARCHE -,45.115539,1.416417
19510_MEILHARDS,19510,MEILHARDS,45.549101,1.631529
19310_PERPEZAC-LE-BLANC,19310,PERPEZAC-LE-BLANC,45.217231,1.320928
19500_CUREMONTE,19500,CUREMONTE,45.005043,1.755943
19240_ALLASSAC,19240,ALLASSAC,45.255267,1.462785
19450_CHAMBOULIVE,19450,CHAMBOULIVE,45.424268,1.710404
19400_MONCEAUX-SUR-DORDOGNE,19400,MONCEAUX-SUR-DORDOGNE,45.067222,1.894141
19270_SAINT-PARDOUX-L'ORTIGIER,19270,SAINT-PARDOUX-L'ORTIGIER,45.299446,1.577129
19130_VIGNOLS -,19130,VIGNOLS -,45.332567,1.408962
19380_SAINT-SYLVAIN -,19380,SAINT-SYLVAIN -,45.183357,1.886008
19600_NESPOULS,19600,NESPOULS,45.054169,1.499042
20090_AJACCIO,20090,AJACCIO,41.93368,8.715325
20110_BELVEDERE-CAMPOMORO,20110,BELVEDERE-CAMPOMORO,41.634836,8.842147
20137_LECCI,20137,LECCI,41.649076,9.328083
20167_SARROLA-CARCOPINO,20167,SARROLA-CARCOPINO,41.984463,8.837335
20111_CALCATOGGIO,20111,CALCATOGGIO,42.035894,8.726821
20100_SARTENE,20100,SARTENE,41.557646,8.914602
20137_PORTO-VECCHIO,20137,PORTO-VECCHIO,41.582755,9.263941
20167_AFA -,20167,AFA -,41.977895,8.794752
20113_OLMETO -,20113,OLMETO -,41.703273,8.894091
20110_PROPRIANO -,20110,PROPRIANO -,41.671527,8.906255
20140_PETRETO-BICCHISANO,20140,PETRETO-BICCHISANO,41.790176,8.967897
20131_PIANOTTOLI-CALDARELLO,20131,PIANOTTOLI-CALDARELLO,41.482114,9.052395
20100_SARTENE -,20100,SARTENE -,41.557646,8.914602
20118_COGGIA,20118,COGGIA,42.109647,8.726925
20129_BASTELICACCIA,20129,BASTELICACCIA,41.934828,8.839213
20160_VICO,20160,VICO,42.146693,8.726047
20090_AJACCIO -,20090,AJACCIO -,41.93368,8.715325
20113_OLMETO,20113,OLMETO,41.703273,8.894091
20169_BONIFACIO,20169,BONIFACIO,41.378115,9.211359
20166_GROSSETO-PRUGNA,20166,GROSSETO-PRUGNA,41.882059,8.846111
20150_OTA,20150,OTA,42.261938,8.720246
20110_PROPRIANO,20110,PROPRIANO,41.671527,8.906255
20167_APPIETTO,20167,APPIETTO,42.000174,8.74683
20144_PINARELLO,20144,PINARELLO,41.689838,9.363723
20133_CARBUCCIA,20133,CARBUCCIA,42.039953,8.953506
20167_ALATA,20167,ALATA,41.976855,8.741028
20144_ZONZA,20144,ZONZA,41.710072,9.304992
20167_PERI,20167,PERI,41.999495,8.865604
20167_TAVACO,20167,TAVACO,42.025609,8.896295
20136_BOCOGNANO,20136,BOCOGNANO,42.082439,9.06012
20160_RENNO,20160,RENNO,42.206631,8.82815
20167_VILLANOVA,20167,VILLANOVA,41.962719,8.674179
20167_AFA,20167,AFA,41.977895,8.794752
20214_CALENZANA,20214,CALENZANA,42.484158,8.782563
20260_LUMIO,20260,LUMIO,42.584008,8.822343
20222_BRANDO,20222,BRANDO,42.774091,9.469256
20230_LINGUIZZETTA,20230,LINGUIZZETTA,42.217001,9.508943
20270_ALERIA,20270,ALERIA,42.104004,9.498729
20245_GALERIA,20245,GALERIA,42.409584,8.687522
20250_CORTE,20250,CORTE,42.303093,9.16938
20248_ROGLIANO,20248,ROGLIANO,42.952394,9.434146
20600_BASTIA,20600,BASTIA,42.687608,9.435179
20226_BELGODERE,20226,BELGODERE,42.61767,9.010607
20253_PATRIMONIO,20253,PATRIMONIO,42.697266,9.350575
20229_PIEDICROCE,20229,PIEDICROCE,42.376209,9.367643
20232_OLETTA,20232,OLETTA,42.646785,9.33105
20251_PIEDICORTE-DI-GAGGIO,20251,PIEDICORTE-DI-GAGGIO,42.233457,9.328821
20243_PRUNELLI-DI-FIUMORBO,20243,PRUNELLI-DI-FIUMORBO,42.008332,9.367198
20230_SAN-NICOLAO,20230,SAN-NICOLAO,42.370512,9.519665
20221_CERVIONE,20221,CERVIONE,42.320789,9.51953
20290_BORGO,20290,BORGO,42.577196,9.465271
20230_POGGIO-MEZZANA,20230,POGGIO-MEZZANA,42.401353,9.527596
20218_SALICETO,20218,SALICETO,42.407552,9.28436
20220_L'ILE-ROUSSE,20220,L'ILE-ROUSSE,42.632397,8.93662
20240_GHISONACCIA,20240,GHISONACCIA,42.043497,9.407257
20256_CORBARA,20256,CORBARA,42.618419,8.901398
20228_LURI,20228,LURI,42.897154,9.427426
20234_PIOBETTA,20234,PIOBETTA,42.346199,9.382588
20230_PERO-CASEVECCHIE,20230,PERO-CASEVECCHIE,42.416018,9.466983
20217_SAINT-FLORENT,20217,SAINT-FLORENT,42.68128,9.298046
20260_CALVI -,20260,CALVI -,42.550023,8.7666
20620_BIGUGLIA,20620,BIGUGLIA,42.612385,9.45385
20218_PIETRALBA -,20218,PIETRALBA -,42.545768,9.182329
20213_PENTA-DI-CASINCA,20213,PENTA-DI-CASINCA,42.453307,9.498689
20200_SANTA-MARIA-DI-LOTA,20200,SANTA-MARIA-DI-LOTA,42.746344,9.443165
20260_CALVI,20260,CALVI,42.550023,8.7666
20214_MONTEGROSSO,20214,MONTEGROSSO,42.542296,8.885615
20253_PATRIMONIO -,20253,PATRIMONIO -,42.697266,9.350575
20221_VALLE-DI-CAMPOLORO,20221,VALLE-DI-CAMPOLORO,42.334147,9.516603
20237_QUERCITELLO,20237,QUERCITELLO,42.430002,9.34163
20220_AREGNO,20220,AREGNO,42.589635,8.880211
20226_COSTA,20226,COSTA,42.573438,8.999481
20290_LUCCIANA,20290,LUCCIANA,42.542222,9.472878
20230_PIETRA-DI-VERDE,20230,PIETRA-DI-VERDE,42.298592,9.449233
20224_CASAMACCIOLI,20224,CASAMACCIOLI,42.317479,9.000654
20250_CORTE -,20250,CORTE -,42.303093,9.16938
20231_VENACO,20231,VENACO,42.231367,9.185995
21220_CHAMBOEUF -,21220,CHAMBOEUF -,47.229615,4.905231
21310_BEIRE-LE-CHATEL,21310,BEIRE-LE-CHATEL,47.413098,5.210107
21310_BEZE,21310,BEZE,47.46504,5.27536
21360_BLIGNY-SUR-OUCHE,21360,BLIGNY-SUR-OUCHE,47.11028,4.667075
21100_DIJON,21100,DIJON,47.331953,5.033601
21320_MEILLY-SUR-ROUVRES,21320,MEILLY-SUR-ROUVRES,47.207192,4.563647
21800_QUETIGNY,21800,QUETIGNY,47.31436,5.109777
21170_SAINT-JEAN-DE-LOSNE,21170,SAINT-JEAN-DE-LOSNE,47.102391,5.26469
21230_ARNAY-LE-DUC,21230,ARNAY-LE-DUC,47.127932,4.480671
21130_AUXONNE,21130,AUXONNE,47.195676,5.406692
21450_BAIGNEUX-LES-JUIFS,21450,BAIGNEUX-LES-JUIFS,47.601198,4.646962
21320_MARCILLY-OGNY,21320,MARCILLY-OGNY,47.248256,4.399092
21190_MEURSAULT,21190,MEURSAULT,46.97516,4.778946
21500_MONTBARD,21500,MONTBARD,47.638944,4.335193
21320_POUILLY-EN-AUXOIS,21320,POUILLY-EN-AUXOIS,47.262023,4.553047
21390_PRECY-SOUS-THIL,21390,PRECY-SOUS-THIL,47.397461,4.308821
21200_BEAUNE,21200,BEAUNE,47.025352,4.840893
21400_CHATILLON-SUR-SEINE,21400,CHATILLON-SUR-SEINE,47.863953,4.584361
21610_FONTAINE-FRANCAISE,21610,FONTAINE-FRANCAISE,47.526243,5.369158
21120_MARCILLY-SUR-TILLE,21120,MARCILLY-SUR-TILLE,47.520248,5.135161
21190_VOLNAY,21190,VOLNAY,47.003315,4.779464
21460_EPOISSES,21460,EPOISSES,47.498485,4.184016
21120_IS-SUR-TILLE,21120,IS-SUR-TILLE,47.521887,5.121751
21220_GEVREY-CHAMBERTIN,21220,GEVREY-CHAMBERTIN,47.226498,4.980625
21210_JUILLENAY,21210,JUILLENAY,47.359743,4.275081
21140_SEMUR-EN-AUXOIS,21140,SEMUR-EN-AUXOIS,47.490847,4.341032
21700_VILLARS-FONTAINE,21700,VILLARS-FONTAINE,47.148841,4.892722
21340_NOLAY,21340,NOLAY,46.949986,4.628834
21230_VOUDENAY,21230,VOUDENAY,47.094101,4.379493
21580_GRANCEY-LE-CHATEAU-NEUVELLE,21580,GRANCEY-LE-CHATEAU-NEUVELLE,47.673471,5.019477
21340_LA ROCHEPOT,21340,LA ROCHEPOT,46.952213,4.672286
21410_BARBIREY-SUR-OUCHE,21410,BARBIREY-SUR-OUCHE,47.252919,4.748005
21160_COUCHEY,21160,COUCHEY,47.258608,4.986038
21250_SEURRE,21250,SEURRE,46.998451,5.151324
21560_ARC-SUR-TILLE,21560,ARC-SUR-TILLE,47.338302,5.191446
21490_BELLEFOND,21490,BELLEFOND,47.37934,5.068227
21490_BRETIGNY -,21490,BRETIGNY -,47.398088,5.096759
21300_CHENOVE,21300,CHENOVE,47.29221,5.009235
21800_CHEVIGNY-SAINT-SAUVEUR,21800,CHEVIGNY-SAINT-SAUVEUR,47.294383,5.131345
21560_COUTERNON,21560,COUTERNON,47.331409,5.146654
21121_FONTAINE-LES-DIJON,21121,FONTAINE-LES-DIJON,47.344925,5.025268
21110_GENLIS,21110,GENLIS,47.237766,5.225459
21600_LONGVIC,21600,LONGVIC,47.286212,5.052871
21700_NUITS-SAINT-GEORGES,21700,NUITS-SAINT-GEORGES,47.145451,4.942686
21600_OUGES,21600,OUGES,47.265077,5.075761
21850_SAINT-APOLLINAIRE,21850,SAINT-APOLLINAIRE,47.333814,5.09061
21800_SENNECEY-LES-DIJON,21800,SENNECEY-LES-DIJON,47.292861,5.105431
21240_TALANT,21240,TALANT,47.335002,5.003582
21490_VAROIS-ET-CHAIGNOT,21490,VAROIS-ET-CHAIGNOT,47.349835,5.12844
21370_VELARS-SUR-OUCHE,21370,VELARS-SUR-OUCHE,47.31867,4.911277
21150_VENAREY-LES-LAUMES,21150,VENAREY-LES-LAUMES,47.541851,4.456148
21230_ARNAY-LE-DUC -,21230,ARNAY-LE-DUC -,47.127932,4.480671
21210_SAINT-MARTIN-DE-LA-MER,21210,SAINT-MARTIN-DE-LA-MER,47.235746,4.233114
21320_SAINTE-SABINE,21320,SAINTE-SABINE,47.191202,4.623576
21430_BARD-LE-REGULIER -,21430,BARD-LE-REGULIER -,47.142377,4.311865
21200_SAINTE-MARIE-LA-BLANCHE,21200,SAINTE-MARIE-LA-BLANCHE,46.978511,4.890049
21120_VILLECOMTE,21120,VILLECOMTE,47.509219,5.035639
21170_ESBARRES,21170,ESBARRES,47.092225,5.206437
21390_VIC-SOUS-THIL,21390,VIC-SOUS-THIL,47.367846,4.317115
21400_CHAMESSON,21400,CHAMESSON,47.78827,4.541752
21150_BUSSY-LE-GRAND,21150,BUSSY-LE-GRAND,47.570558,4.520056
21190_PULIGNY-MONTRACHET,21190,PULIGNY-MONTRACHET,46.948666,4.751154
21150_HAUTEROCHE -,21150,HAUTEROCHE -,47.486593,4.571078
21260_SACQUENAY,21260,SACQUENAY,47.592277,5.322164
21320_MONT-SAINT-JEAN -,21320,MONT-SAINT-JEAN -,47.284918,4.398423
21160_CORCELLES-LES-MONTS -,21160,CORCELLES-LES-MONTS -,47.29467,4.939446
21140_GENAY -,21140,GENAY -,47.524477,4.296607
21700_COMBLANCHIEN,21700,COMBLANCHIEN,47.101569,4.918267
21100_DIJON -,21100,DIJON -,47.331953,5.033601
21300_CHENOVE -,21300,CHENOVE -,47.29221,5.009235
21240_TALANT -,21240,TALANT -,47.335002,5.003582
21490_BRETIGNY,21490,BRETIGNY,47.398088,5.096759
21330_LAIGNES -,21330,LAIGNES -,47.845536,4.365215
21290_LEUGLAY,21290,LEUGLAY,47.807171,4.814299
21150_FLAVIGNY-SUR-OZERAIN,21150,FLAVIGNY-SUR-OZERAIN,47.51047,4.528685
21350_ARNAY-SOUS-VITTEAUX -,21350,ARNAY-SOUS-VITTEAUX -,47.445872,4.49741
21260_SELONGEY,21260,SELONGEY,47.586237,5.184327
21310_BELLENEUVE,21310,BELLENEUVE,47.359529,5.270779
21250_CORGENGOUX,21250,CORGENGOUX,46.985936,5.005406
21160_PERRIGNY-LES-DIJON -,21160,PERRIGNY-LES-DIJON -,47.263829,5.007331
21310_BEZOUOTTE,21310,BEZOUOTTE,47.382615,5.332298
21140_GENAY,21140,GENAY,47.524477,4.296607
21220_REULLE-VERGY,21220,REULLE-VERGY,47.186498,4.895588
21150_BUSSY-LE-GRAND -,21150,BUSSY-LE-GRAND -,47.570558,4.520056
22250_BROONS,22250,BROONS,48.312835,-2.243486
22340_PLEVIN,22340,PLEVIN,48.223304,-3.520978
22770_PLOUBALAY,22770,PLOUBALAY,48.56272,-2.138304
22170_PLOUVARA,22170,PLOUVARA,48.494611,-2.926204
22220_TREGUIER,22220,TREGUIER,48.785088,-3.232938
22520_BINIC,22520,BINIC,48.616908,-2.84079
22100_DINAN,22100,DINAN,48.446574,-2.053922
22400_LAMBALLE,22400,LAMBALLE,48.4918,-2.514652
22140_BEGARD,22140,BEGARD,48.635739,-3.289314
22110_GLOMEL,22110,GLOMEL,48.208319,-3.385091
22540_PEDERNEC,22540,PEDERNEC,48.586407,-3.271556
22370_PLENEUF-VAL-ANDRE,22370,PLENEUF-VAL-ANDRE,48.584666,-2.535787
22240_PLEVENON,22240,PLEVENON,48.647405,-2.325771
22980_PLELAN-LE-PETIT,22980,PLELAN-LE-PETIT,48.427607,-2.223268
22750_SAINT-JACUT-DE-LA-MER,22750,SAINT-JACUT-DE-LA-MER,48.599206,-2.191884
22300_SAINT-MICHEL-EN-GREVE,22300,SAINT-MICHEL-EN-GREVE,48.678354,-3.556139
22730_TREGASTEL,22730,TREGASTEL,48.816129,-3.51196
22100_TRELIVAN -,22100,TRELIVAN -,48.430033,-2.102536
22430_ERQUY,22430,ERQUY,48.616573,-2.455866
22600_LOUDEAC,22600,LOUDEAC,48.172261,-2.753746
22370_PLENEUF-VAL-ANDRE -,22370,PLENEUF-VAL-ANDRE -,48.584666,-2.535787
22610_PLEUBIAN,22610,PLEUBIAN,48.8477,-3.126346
22110_ROSTRENEN,22110,ROSTRENEN,48.225284,-3.312616
22000_SAINT-BRIEUC,22000,SAINT-BRIEUC,48.508238,-2.766074
22300_LANNION,22300,LANNION,48.748795,-3.469365
22290_LANVOLLON,22290,LANVOLLON,48.634783,-2.989818
22610_LANMODEZ,22610,LANMODEZ,48.842782,-3.099146
22570_SAINT-GELVEN,22570,SAINT-GELVEN,48.279546,-3.113177
22340_MAEL-CARHAIX,22340,MAEL-CARHAIX,48.291678,-3.415028
22620_PLOUBAZLANEC,22620,PLOUBAZLANEC,48.803965,-3.041906
22970_PLOUMAGOAR,22970,PLOUMAGOAR,48.532016,-3.114492
22100_QUEVERT,22100,QUEVERT,48.464739,-2.084062
22480_SAINT-NICOLAS-DU-PELEM,22480,SAINT-NICOLAS-DU-PELEM,48.333505,-3.161846
22170_CHATELAUDREN,22170,CHATELAUDREN,48.528134,-2.983304
22450_POMMERIT-JAUDY,22450,POMMERIT-JAUDY,48.715515,-3.260056
22260_PONTRIEUX,22260,PONTRIEUX,48.700078,-3.161006
22290_PLEGUIEN,22290,PLEGUIEN,48.63451,-2.954443
22170_BOQUEHO,22170,BOQUEHO,48.46979,-2.970776
22160_BULAT-PESTIVIEN,22160,BULAT-PESTIVIEN,48.42804,-3.331978
22190_PLERIN,22190,PLERIN,48.547316,-2.782476
22480_LANRIVAIN,22480,LANRIVAIN,48.354072,-3.212231
22940_PLAINTEL,22940,PLAINTEL,48.407979,-2.808379
22640_PLENEE-JUGON,22640,PLENEE-JUGON,48.357726,-2.410415
22200_GUINGAMP,22200,GUINGAMP,48.560722,-3.153394
22150_LANGAST -,22150,LANGAST -,48.279199,-2.691672
22580_PLOUHA -,22580,PLOUHA -,48.687648,-2.931192
22570_LANISCAT,22570,LANISCAT,48.257175,-3.138873
22130_CORSEUL -,22130,CORSEUL -,48.485411,-2.17204
22240_FREHEL,22240,FREHEL,48.632392,-2.372992
22400_LAMBALLE -,22400,LAMBALLE -,48.4918,-2.514652
22530_MUR-DE-BRETAGNE -,22530,MUR-DE-BRETAGNE -,48.204395,-2.983159
22270_MEGRIT,22270,MEGRIT,48.394236,-2.273521
22410_PLOURHAN,22410,PLOURHAN,48.630293,-2.885146
22720_BOURBRIAC,22720,BOURBRIAC,48.465371,-3.203259
22290_GOUDELIN,22290,GOUDELIN,48.606226,-3.026271
22480_CANIHUEL,22480,CANIHUEL,48.340407,-3.089325
22470_PLOUEZEC,22470,PLOUEZEC,48.739916,-2.982091
22340_LOCARN,22340,LOCARN,48.337989,-3.40681
22870_ILE-DE-BREHAT,22870,ILE-DE-BREHAT,48.849227,-3.000499
22100_BRUSVILY,22100,BRUSVILY,48.390566,-2.118503
22350_CAULNES,22350,CAULNES,48.303159,-2.159946
22140_CAVAN,22140,CAVAN,48.675071,-3.356839
22320_CORLAY,22320,CORLAY,48.309046,-3.045212
22130_CORSEUL,22130,CORSEUL,48.485411,-2.17204
22130_CREHEN,22130,CREHEN,48.541392,-2.189704
22390_GURUNHUEL,22390,GURUNHUEL,48.504203,-3.299269
22600_HEMONSTOIR,22600,HEMONSTOIR,48.156981,-2.852655
22120_HILLION,22120,HILLION,48.505192,-2.646406
22490_LANGROLAY-SUR-RANCE,22490,LANGROLAY-SUR-RANCE,48.55316,-2.012997
22360_LANGUEUX,22360,LANGUEUX,48.498377,-2.709009
22120_QUESSOY,22120,QUESSOY,48.42589,-2.658304
22230_MERDRIGNAC,22230,MERDRIGNAC,48.197535,-2.400334
22710_PENVENAN,22710,PENVENAN,48.817627,-3.303195
22700_PERROS-GUIREC,22700,PERROS-GUIREC,48.812433,-3.45979
22960_PLEDRAN,22960,PLEDRAN,48.442477,-2.740121
22490_PLESLIN-TRIGAVOU,22490,PLESLIN-TRIGAVOU,48.527543,-2.072484
22170_PLOUAGAT,22170,PLOUAGAT,48.528134,-2.983304
22440_PLOUFRAGAN,22440,PLOUFRAGAN,48.490124,-2.799188
22150_PLOUGUENAST,22150,PLOUGUENAST,48.279199,-2.691672
22210_PLUMIEUX,22210,PLUMIEUX,48.09398,-2.595693
22390_PONT-MELVEZ,22390,PONT-MELVEZ,48.478651,-3.284887
22590_PORDIC,22590,PORDIC,48.570186,-2.821804
22150_SAINT-CARREUC,22150,SAINT-CARREUC,48.400792,-2.749258
22410_SAINT-QUAY-PORTRIEUX,22410,SAINT-QUAY-PORTRIEUX,48.653517,-2.844071
22140_TONQUEDEC,22140,TONQUEDEC,48.676711,-3.395439
22560_TREBEURDEN,22560,TREBEURDEN,48.77491,-3.553963
22540_TREGLAMUS,22540,TREGLAMUS,48.554491,-3.247565
22950_TREGUEUX,22950,TREGUEUX,48.47876,-2.749857
22290_TREGUIDEL,22290,TREGUIDEL,48.600398,-2.943725
22100_TRELIVAN,22100,TRELIVAN,48.430033,-2.102536
22440_TREMUSON,22440,TREMUSON,48.525358,-2.845427
22980_VILDE-GUINGALAN,22980,VILDE-GUINGALAN,48.436361,-2.151792
22350_YVIGNAC-LA-TOUR,22350,YVIGNAC-LA-TOUR,48.345932,-2.165961
22680_ETABLES-SUR-MER -,22680,ETABLES-SUR-MER -,48.616908,-2.84079
22160_CALLAC,22160,CALLAC,48.420376,-3.414961
22770_LANCIEUX,22770,LANCIEUX,48.603874,-2.148088
22630_EVRAN,22630,EVRAN,48.381261,-1.979425
22290_LE FAOUET,22290,LE FAOUET,48.677091,-3.071253
22740_LEZARDRIEUX -,22740,LEZARDRIEUX -,48.804908,-3.107645
22150_HENON,22150,HENON,48.38718,-2.689105
22270_JUGON-LES-LACS,22270,JUGON-LES-LACS,48.401104,-2.327358
22580_LANLOUP,22580,LANLOUP,48.712097,-2.967081
22740_LEZARDRIEUX,22740,LEZARDRIEUX,48.804908,-3.107645
22130_SAINT-LORMEL -,22130,SAINT-LORMEL -,48.548535,-2.234492
22510_MONCONTOUR,22510,MONCONTOUR,48.3591,-2.63439
22530_MUR-DE-BRETAGNE,22530,MUR-DE-BRETAGNE,48.204395,-2.983159
22500_PAIMPOL,22500,PAIMPOL,48.774654,-3.047879
22210_PLEMET,22210,PLEMET,48.173809,-2.598153
22310_PLESTIN-LES-GREVES,22310,PLESTIN-LES-GREVES,48.650781,-3.617935
22150_PLOEUC-SUR-LIE,22150,PLOEUC-SUR-LIE,48.339204,-2.763812
22490_PLOUER-SUR-RANCE,22490,PLOUER-SUR-RANCE,48.525118,-2.004843
22810_PLOUGONVER,22810,PLOUGONVER,48.484178,-3.379192
22110_PLOUGUERNEVEL,22110,PLOUGUERNEVEL,48.229383,-3.251706
22580_PLOUHA,22580,PLOUHA,48.687648,-2.931192
22300_PLOUMILLIAU,22300,PLOUMILLIAU,48.687001,-3.519686
22110_PLOUNEVEZ-QUINTIN,22110,PLOUNEVEZ-QUINTIN,48.289148,-3.236208
22240_PLURIEN,22240,PLURIEN,48.616783,-2.391925
22450_POULDOURAN,22450,POULDOURAN,48.764036,-3.206089
22800_QUINTIN,22800,QUINTIN,48.402898,-2.914452
22380_SAINT-CAST-LE-GUILDO,22380,SAINT-CAST-LE-GUILDO,48.609728,-2.246056
22600_TREVE,22600,TREVE,48.213491,-2.799803
22660_TREVOU-TREGUIGNEC,22660,TREVOU-TREGUIGNEC,48.818128,-3.346238
22690_LA VICOMTE-SUR-RANCE,22690,LA VICOMTE-SUR-RANCE,48.48965,-1.984366
22120_YFFINIAC,22120,YFFINIAC,48.471301,-2.688667
22110_KERGRIST-MOELOU,22110,KERGRIST-MOELOU,48.300068,-3.331176
22590_TREMELOIR,22590,TREMELOIR,48.544158,-2.869262
22290_PLEHEDEL,22290,PLEHEDEL,48.694965,-3.007168
22400_SAINT-ALBAN,22400,SAINT-ALBAN,48.555622,-2.523638
22410_TREVENEUC,22410,TREVENEUC,48.660099,-2.872195
22340_TREBRIVAN,22340,TREBRIVAN,48.312517,-3.482387
22420_LE VIEUX-MARCHE,22420,LE VIEUX-MARCHE,48.616514,-3.436944
22270_PLEDELIAC,22270,PLEDELIAC,48.45805,-2.360234
22210_LA CHEZE,22210,LA CHEZE,48.132483,-2.657044
22400_SAINT-ALBAN -,22400,SAINT-ALBAN -,48.555622,-2.523638
22710_PENVENAN -,22710,PENVENAN -,48.817627,-3.303195
22570_PLELAUFF,22570,PLELAUFF,48.199884,-3.201269
22380_SAINT-CAST-LE-GUILDO -,22380,SAINT-CAST-LE-GUILDO -,48.609728,-2.246056
22320_SAINT-MAYEUX,22320,SAINT-MAYEUX,48.26409,-3.023502
22160_CARNOET,22160,CARNOET,48.35752,-3.527337
22270_JUGON-LES-LACS -,22270,JUGON-LES-LACS -,48.401104,-2.327358
22770_LANCIEUX -,22770,LANCIEUX -,48.603874,-2.148088
22550_MATIGNON -,22550,MATIGNON -,48.600712,-2.288105
22320_LE HAUT-CORLAY,22320,LE HAUT-CORLAY,48.333324,-3.034599
22340_PAULE,22340,PAULE,48.229187,-3.46918
22570_PERRET,22570,PERRET,48.163196,-3.170182
22650_TREGON,22650,TREGON,48.560785,-2.176487
22350_YVIGNAC-LA-TOUR -,22350,YVIGNAC-LA-TOUR -,48.345932,-2.165961
22320_SAINT-MARTIN-DES-PRES -,22320,SAINT-MARTIN-DES-PRES -,48.306464,-2.957868
22320_PLUSSULIEN,22320,PLUSSULIEN,48.272498,-3.057593
22460_SAINT-THELO -,22460,SAINT-THELO -,48.241269,-2.847981
22550_PLEBOULLE,22550,PLEBOULLE,48.595959,-2.328751
22680_ETABLES-SUR-MER,22680,ETABLES-SUR-MER,48.616908,-2.84079
22570_GOUAREC,22570,GOUAREC,48.241227,-3.194776
22340_LE MOUSTOIR,22340,LE MOUSTOIR,48.272998,-3.485096
22570_LESCOUET-GOUAREC,22570,LESCOUET-GOUAREC,48.162732,-3.208768
22160_BULAT-PESTIVIEN -,22160,BULAT-PESTIVIEN -,48.42804,-3.331978
22480_SAINT-GILLES-PLIGEAUX,22480,SAINT-GILLES-PLIGEAUX,48.375298,-3.0853
22170_CHATELAUDREN -,22170,CHATELAUDREN -,48.528134,-2.983304
22250_EREAC,22250,EREAC,48.271088,-2.349182
22450_TREZENY,22450,TREZENY,48.756504,-3.365226
22200_PABU,22200,PABU,48.579717,-3.141784
22290_LE FAOUET -,22290,LE FAOUET -,48.677091,-3.071253
22980_PLELAN-LE-PETIT -,22980,PLELAN-LE-PETIT -,48.427607,-2.223268
22800_SAINT-BRANDAN,22800,SAINT-BRANDAN,48.388384,-2.875444
22300_LANNION -,22300,LANNION -,48.748795,-3.469365
22200_SAINT-AGATHON -,22200,SAINT-AGATHON -,48.566251,-3.107785
22000_SAINT-BRIEUC -,22000,SAINT-BRIEUC -,48.508238,-2.766074
22630_LES CHAMPS-GERAUX,22630,LES CHAMPS-GERAUX,48.429313,-1.975587
22100_TADEN,22100,TADEN,48.484666,-2.054247
22340_TREOGAN,22340,TREOGAN,48.187272,-3.533334
22480_KERIEN,22480,KERIEN,48.409617,-3.224444
22410_LANTIC,22410,LANTIC,48.598024,-2.885446
22570_SAINT-IGEAUX,22570,SAINT-IGEAUX,48.279546,-3.113177
22690_PLEUDIHEN-SUR-RANCE,22690,PLEUDIHEN-SUR-RANCE,48.515635,-1.944122
22100_SAINT-HELEN,22100,SAINT-HELEN,48.466369,-1.961657
22950_TREGUEUX -,22950,TREGUEUX -,48.47876,-2.749857
22600_LOUDEAC -,22600,LOUDEAC -,48.172261,-2.753746
22510_BREHAND,22510,BREHAND,48.39653,-2.589765
22170_PLELO,22170,PLELO,48.554392,-2.917146
22350_PLUMAUDAN,22350,PLUMAUDAN,48.357681,-2.120987
22120_POMMERET,22120,POMMERET,48.46046,-2.622972
22700_LOUANNEC,22700,LOUANNEC,48.780238,-3.40964
22440_PLOUFRAGAN -,22440,PLOUFRAGAN -,48.490124,-2.799188
22100_LE HINGLE,22100,LE HINGLE,48.399075,-2.083278
22110_TREMARGAT,22110,TREMARGAT,48.330611,-3.269515
22140_BEGARD -,22140,BEGARD -,48.635739,-3.289314
22700_PERROS-GUIREC -,22700,PERROS-GUIREC -,48.812433,-3.45979
22420_PLOUARET -,22420,PLOUARET -,48.613855,-3.479669
22130_PLUDUNO -,22130,PLUDUNO -,48.502451,-2.271341
22800_QUINTIN -,22800,QUINTIN -,48.402898,-2.914452
22200_SQUIFFIEC -,22200,SQUIFFIEC -,48.634203,-3.167301
22120_YFFINIAC -,22120,YFFINIAC -,48.471301,-2.688667
22420_LE VIEUX-MARCHE -,22420,LE VIEUX-MARCHE -,48.616514,-3.436944
22480_SAINTE-TREPHINE,22480,SAINTE-TREPHINE,48.267606,-3.157363
22480_KERPERT,22480,KERPERT,48.391465,-3.132018
22110_MELLIONNEC,22110,MELLIONNEC,48.171033,-3.287383
22780_PLOUNERIN,22780,PLOUNERIN,48.566649,-3.546363
22510_MONCONTOUR -,22510,MONCONTOUR -,48.3591,-2.63439
22810_BELLE-ISLE-EN-TERRE,22810,BELLE-ISLE-EN-TERRE,48.543353,-3.387537
23400_BOURGANEUF -,23400,BOURGANEUF -,45.951397,1.74778
23600_BOUSSAC-BOURG,23600,BOUSSAC-BOURG,46.362639,2.206008
23800_DUN-LE-PALESTEL,23800,DUN-LE-PALESTEL,46.301812,1.66527
23480_SAINT-SULPICE-LES-CHAMPS,23480,SAINT-SULPICE-LES-CHAMPS,45.990428,2.027754
23220_BONNAT,23220,BONNAT,46.323348,1.911298
23500_FELLETIN -,23500,FELLETIN -,45.896213,2.176638
23300_LA SOUTERRAINE,23300,LA SOUTERRAINE,46.234618,1.467659
23000_SAINT-LAURENT,23000,SAINT-LAURENT,46.164894,1.959891
23200_AUBUSSON,23200,AUBUSSON,45.948902,2.174535
23270_BETETE -,23270,BETETE -,46.357534,2.07304
23260_CROCQ,23260,CROCQ,45.859671,2.368861
23140_JARNAGES -,23140,JARNAGES -,46.1875,2.082308
23120_VALLIERE,23120,VALLIERE,45.906386,2.040454
23340_GENTIOUX-PIGEROLLES,23340,GENTIOUX-PIGEROLLES,45.788594,2.029524
23430_CHATELUS-LE-MARCHEIX,23430,CHATELUS-LE-MARCHEIX,46.014245,1.626786
23110_EVAUX-LES-BAINS,23110,EVAUX-LES-BAINS,46.1737,2.494275
23340_FAUX-LA-MONTAGNE,23340,FAUX-LA-MONTAGNE,45.749087,1.939871
23160_SAINT-SEBASTIEN,23160,SAINT-SEBASTIEN,46.393252,1.529777
23210_BENEVENT-L'ABBAYE,23210,BENEVENT-L'ABBAYE,46.117491,1.636927
23240_LE GRAND-BOURG,23240,LE GRAND-BOURG,46.164721,1.648645
23220_MORTROUX,23220,MORTROUX,46.394721,1.910307
23400_SAINT-DIZIER-LEYRENNE,23400,SAINT-DIZIER-LEYRENNE,45.997764,1.708521
23320_SAINT-VAURY,23320,SAINT-VAURY,46.195878,1.752005
23110_RETERRE,23110,RETERRE,46.104194,2.472101
23600_BOUSSAC,23600,BOUSSAC,46.348057,2.220406
23700_DONTREIX,23700,DONTREIX,45.98325,2.526597
23000_GUERET,23000,GUERET,46.171794,1.874985
23210_MARSAC,23210,MARSAC,46.099544,1.585625
23000_LA SAUNIERE,23000,LA SAUNIERE,46.130292,1.943116
23290_SAINT-ETIENNE-DE-FURSAC,23290,SAINT-ETIENNE-DE-FURSAC,46.119917,1.508756
23500_SAINT-GEORGES-NIGREMONT,23500,SAINT-GEORGES-NIGREMONT,45.84171,2.277867
23150_SAINT-PARDOUX-LES-CARDS,23150,SAINT-PARDOUX-LES-CARDS,46.083471,2.12196
23230_BORD-SAINT-GEORGES,23230,BORD-SAINT-GEORGES,46.241766,2.296538
23400_BOURGANEUF,23400,BOURGANEUF,45.951397,1.74778
23130_CHENERAILLES -,23130,CHENERAILLES -,46.113136,2.174575
23320_BUSSIERE-DUNOISE,23320,BUSSIERE-DUNOISE,46.256901,1.754822
23800_LA CELLE-DUNOISE,23800,LA CELLE-DUNOISE,46.311103,1.773621
23350_LA CELLETTE,23350,LA CELLETTE,46.403146,2.014181
23270_CHATELUS-MALVALEIX,23270,CHATELUS-MALVALEIX,46.298007,2.031964
23130_CHENERAILLES,23130,CHENERAILLES,46.113136,2.174575
23450_FRESSELINES,23450,FRESSELINES,46.381515,1.701005
23230_GOUZON,23230,GOUZON,46.18274,2.214054
23000_SAINT-ELOI -,23000,SAINT-ELOI -,46.082244,1.819057
23220_MOUTIER-MALCARD,23220,MOUTIER-MALCARD,46.383653,1.948468
23800_NAILLAT,23800,NAILLAT,46.26196,1.657161
23130_PEYRAT-LA-NONIERE,23130,PEYRAT-LA-NONIERE,46.079759,2.245415
23110_SANNAT,23110,SANNAT,46.119101,2.410259
23460_SAINT-MARC-A-LOUBAUD -,23460,SAINT-MARC-A-LOUBAUD -,45.848322,1.992092
23200_MOUTIER-ROZEILLE,23200,MOUTIER-ROZEILLE,45.917609,2.197502
23460_ROYERE-DE-VASSIVIERE,23460,ROYERE-DE-VASSIVIERE,45.837815,1.911754
23220_CHAMPSANGLARD,23220,CHAMPSANGLARD,46.280039,1.891246
23100_LA COURTINE,23100,LA COURTINE,45.715333,2.246554
23000_SAINT-FIEL,23000,SAINT-FIEL,46.211887,1.892315
23700_MAINSAT -,23700,MAINSAT -,46.048152,2.386634
23700_MAINSAT,23700,MAINSAT,46.048152,2.386634
23360_LOURDOUEIX-SAINT-PIERRE,23360,LOURDOUEIX-SAINT-PIERRE,46.397651,1.831864
23000_GUERET -,23000,GUERET -,46.171794,1.874985
23000_SAINTE-FEYRE,23000,SAINTE-FEYRE,46.162131,1.908354
23150_MOUTIER-D'AHUN -,23150,MOUTIER-D'AHUN -,46.096694,2.0615
23160_SAINT-GERMAIN-BEAUPRE,23160,SAINT-GERMAIN-BEAUPRE,46.312793,1.55429
23110_FONTANIERES,23110,FONTANIERES,46.103843,2.51822
23200_SAINT-MEDARD-LA-ROCHETTE -,23200,SAINT-MEDARD-LA-ROCHETTE -,46.02232,2.138551
24700_MONTPON-MENESTEROL,24700,MONTPON-MENESTEROL,45.013803,0.150607
24100_BERGERAC,24100,BERGERAC,44.85304,0.482291
24480_LE BUISSON-DE-CADOUIN,24480,LE BUISSON-DE-CADOUIN,44.81283,0.879335
24680_GARDONNE,24680,GARDONNE,44.829878,0.33015
24230_SAINT-ANTOINE-DE-BREUILH,24230,SAINT-ANTOINE-DE-BREUILH,44.845894,0.145348
24250_SAINT-MARTIAL-DE-NABIRAT,24250,SAINT-MARTIAL-DE-NABIRAT,44.750881,1.247374
24160_EXCIDEUIL,24160,EXCIDEUIL,45.336393,1.060036
24660_COULOUNIEIX-CHAMIERS,24660,COULOUNIEIX-CHAMIERS,45.171873,0.68834
24500_EYMET,24500,EYMET,44.678925,0.396933
24130_LE FLEIX,24130,LE FLEIX,44.878386,0.26907
24130_LA FORCE,24130,LA FORCE,44.882863,0.365591
24150_LALINDE,24150,LALINDE,44.859033,0.742868
24540_MONPAZIER,24540,MONPAZIER,44.681479,0.893775
24520_MOULEYDIER,24520,MOULEYDIER,44.854095,0.607247
24110_SAINT-ASTIER,24110,SAINT-ASTIER,45.144092,0.513806
24610_SAINT-MEARD-DE-GURCON,24610,SAINT-MEARD-DE-GURCON,44.909169,0.165198
24470_SAINT-PARDOUX-LA-RIVIERE,24470,SAINT-PARDOUX-LA-RIVIERE,45.496741,0.744758
24310_BIRAS,24310,BIRAS,45.28044,0.641668
24310_BRANTOME,24310,BRANTOME,45.372246,0.662133
24360_CHAMPNIERS-ET-REILHAC,24360,CHAMPNIERS-ET-REILHAC,45.671019,0.727153
24150_COUZE-ET-SAINT-FRONT,24150,COUZE-ET-SAINT-FRONT,44.823466,0.720444
24150_LANQUAIS,24150,LANQUAIS,44.821567,0.664165
24600_RIBERAC,24600,RIBERAC,45.239968,0.339832
24200_SARLAT-LA-CANEDA,24200,SARLAT-LA-CANEDA,44.90572,1.20182
24750_TRELISSAC,24750,TRELISSAC,45.214478,0.769065
24130_SAINT-PIERRE-D'EYRAUD,24130,SAINT-PIERRE-D'EYRAUD,44.875018,0.323
24380_VERGT,24380,VERGT,45.045878,0.711159
24440_BEAUMONT-DU-PERIGORD,24440,BEAUMONT-DU-PERIGORD,44.734107,0.753555
24170_BELVES,24170,BELVES,44.759057,1.013432
24700_MENESPLET,24700,MENESPLET,45.003834,0.10216
24470_MILHAC-DE-NONTRON,24470,MILHAC-DE-NONTRON,45.472761,0.780447
24300_NONTRON,24300,NONTRON,45.536866,0.684533
24490_LA ROCHE-CHALAIS,24490,LA ROCHE-CHALAIS,45.137104,0.036898
24410_SAINT-AULAYE,24410,SAINT-AULAYE,45.184694,0.123281
24300_SAINT-FRONT-LA-RIVIERE,24300,SAINT-FRONT-LA-RIVIERE,45.465289,0.726474
24420_SAINT-VINCENT-SUR-L'ISLE,24420,SAINT-VINCENT-SUR-L'ISLE,45.244888,0.897526
24320_VERTEILLAC,24320,VERTEILLAC,45.351954,0.372378
24390_BADEFOLS-D'ANS,24390,BADEFOLS-D'ANS,45.224439,1.204093
24000_PERIGUEUX -,24000,PERIGUEUX -,45.193072,0.711299
24310_BOURDEILLES,24310,BOURDEILLES,45.321266,0.57193
24530_CHAMPAGNAC-DE-BELAIR,24530,CHAMPAGNAC-DE-BELAIR,45.39703,0.695643
24460_CHATEAU-L'EVEQUE,24460,CHATEAU-L'EVEQUE,45.254376,0.686569
24250_DAGLAN,24250,DAGLAN,44.742506,1.187025
24560_ISSIGEAC,24560,ISSIGEAC,44.727717,0.60369
24240_MONBAZILLAC,24240,MONBAZILLAC,44.794727,0.481555
24000_PERIGUEUX,24000,PERIGUEUX,45.193072,0.711299
24130_PRIGONRIEUX,24130,PRIGONRIEUX,44.865585,0.412851
24590_SAINT-GENIES,24590,SAINT-GENIES,45.003326,1.257046
24100_SAINT-LAURENT-DES-VIGNES,24100,SAINT-LAURENT-DES-VIGNES,44.823136,0.450668
24450_SAINT-PIERRE-DE-FRUGIE,24450,SAINT-PIERRE-DE-FRUGIE,45.584088,1.00236
24220_BEYNAC-ET-CAZENAC,24220,BEYNAC-ET-CAZENAC,44.859025,1.128923
24450_FIRBEIX,24450,FIRBEIX,45.592978,0.946075
24250_VEYRINES-DE-DOMME,24250,VEYRINES-DE-DOMME,44.802595,1.109741
24650_CHANCELADE,24650,CHANCELADE,45.209908,0.656449
24750_MARSANEIX -,24750,MARSANEIX -,45.118981,0.769848
24260_SAINT-FELIX-DE-REILLAC-ET-MORTEMART,24260,SAINT-FELIX-DE-REILLAC-ET-MORTEMART,44.998134,0.890219
24250_SAINT-CYBRANET,24250,SAINT-CYBRANET,44.786273,1.154817
24120_TERRASSON-LAVILLEDIEU,24120,TERRASSON-LAVILLEDIEU,45.120657,1.304607
24210_THENON,24210,THENON,45.136873,1.065362
24170_ORLIAC,24170,ORLIAC,44.714725,1.064958
24700_LE PIZOU,24700,LE PIZOU,45.041512,0.073261
24420_SORGES,24420,SORGES,45.290962,0.845219
24530_VILLARS,24530,VILLARS,45.426624,0.760065
24620_MARQUAY,24620,MARQUAY,44.940796,1.131458
24350_MENSIGNAC -,24350,MENSIGNAC -,45.214781,0.55597
24210_BARS,24210,BARS,45.098411,1.062395
24350_MENSIGNAC,24350,MENSIGNAC,45.214781,0.55597
24800_THIVIERS,24800,THIVIERS,45.425802,0.916497
24550_VILLEFRANCHE-DU-PERIGORD,24550,VILLEFRANCHE-DU-PERIGORD,44.627268,1.110323
24360_BUSSIERE-BADIL,24360,BUSSIERE-BADIL,45.644338,0.597539
24250_DOMME,24250,DOMME,44.810536,1.241622
24290_FANLAC -,24290,FANLAC -,45.067233,1.093853
24240_GAGEAC-ET-ROUILLAC -,24240,GAGEAC-ET-ROUILLAC -,44.807506,0.366398
24620_LES EYZIES-DE-TAYAC-SIREUIL,24620,LES EYZIES-DE-TAYAC-SIREUIL,44.938764,0.996184
24390_HAUTEFORT,24390,HAUTEFORT,45.260626,1.125634
24630_JUMILHAC-LE-GRAND -,24630,JUMILHAC-LE-GRAND -,45.500851,1.09062
24350_LISLE,24350,LISLE,45.270649,0.555851
24450_MIALET,24450,MIALET,45.572216,0.899244
24290_MONTIGNAC,24290,MONTIGNAC,45.066211,1.163513
24360_PIEGUT-PLUVIERS,24360,PIEGUT-PLUVIERS,45.626799,0.70185
24580_ROUFFIGNAC-SAINT-CERNIN-DE-REILHAC,24580,ROUFFIGNAC-SAINT-CERNIN-DE-REILHAC,45.049045,0.973095
24230_VELINES -,24230,VELINES -,44.856569,0.117682
24210_FOSSEMAGNE,24210,FOSSEMAGNE,45.124373,0.983724
24250_CASTELNAUD-LA-CHAPELLE,24250,CASTELNAUD-LA-CHAPELLE,44.803512,1.129834
24190_SAINT-ANDRE-DE-DOUBLE,24190,SAINT-ANDRE-DE-DOUBLE,45.136909,0.329118
24540_MARSALES -,24540,MARSALES -,44.701572,0.887578
24510_LIMEUIL,24510,LIMEUIL,44.889061,0.894671
24160_SAINT-GERMAIN-DES-PRES,24160,SAINT-GERMAIN-DES-PRES,45.34437,0.999442
24310_BOURDEILLES -,24310,BOURDEILLES -,45.321266,0.57193
24250_LA ROQUE-GAGEAC,24250,LA ROQUE-GAGEAC,44.821419,1.193443
24100_SAINT-LAURENT-DES-VIGNES -,24100,SAINT-LAURENT-DES-VIGNES -,44.823136,0.450668
24390_TOURTOIRAC,24390,TOURTOIRAC,45.27146,1.052561
24440_BEAUMONT-DU-PERIGORD -,24440,BEAUMONT-DU-PERIGORD -,44.734107,0.753555
24400_BEAURONNE,24400,BEAURONNE,45.103101,0.367455
24300_TEYJAT,24300,TEYJAT,45.594636,0.578438
24120_LA CASSAGNE,24120,LA CASSAGNE,45.054913,1.311382
24390_CHERVEIX-CUBAS -,24390,CHERVEIX-CUBAS -,45.289665,1.114174
24580_FLEURAC,24580,FLEURAC,45.002886,1.014349
24230_LAMOTHE-MONTRAVEL -,24230,LAMOTHE-MONTRAVEL -,44.851162,0.012401
24350_LISLE -,24350,LISLE -,45.270649,0.555851
24510_PAUNAT,24510,PAUNAT,44.897863,0.857538
24390_NAILHAC,24390,NAILHAC,45.219555,1.156693
24300_NONTRON -,24300,NONTRON -,45.536866,0.684533
24580_PLAZAC -,24580,PLAZAC -,45.046457,1.038236
24800_SAINT-MARTIN-DE-FRESSENGEAS,24800,SAINT-MARTIN-DE-FRESSENGEAS,45.455635,0.834728
24750_TRELISSAC -,24750,TRELISSAC -,45.214478,0.769065
24140_VILLAMBLARD -,24140,VILLAMBLARD -,45.031624,0.553631
24110_BOURROU,24110,BOURROU,45.051805,0.592615
24220_VEZAC,24220,VEZAC,44.833717,1.175252
24200_SAINT-ANDRE-D'ALLAS,24200,SAINT-ANDRE-D'ALLAS,44.892165,1.147389
24100_BERGERAC -,24100,BERGERAC -,44.85304,0.482291
24470_SAINT-SAUD-LACOUSSIERE,24470,SAINT-SAUD-LACOUSSIERE,45.537286,0.832955
24150_BAYAC,24150,BAYAC,44.805758,0.72365
24360_VARAIGNES,24360,VARAIGNES,45.612092,0.530915
24750_BOULAZAC -,24750,BOULAZAC -,45.138859,0.783086
24750_BOULAZAC,24750,BOULAZAC,45.138859,0.783086
24300_AUGIGNAC,24300,AUGIGNAC,45.587913,0.701285
24110_SAINT-LEON-SUR-L'ISLE,24110,SAINT-LEON-SUR-L'ISLE,45.117915,0.498755
24300_ABJAT-SUR-BANDIAT,24300,ABJAT-SUR-BANDIAT,45.584881,0.762468
24530_LA CHAPELLE-FAUCHER,24530,LA CHAPELLE-FAUCHER,45.381154,0.758622
24610_VILLEFRANCHE-DE-LONCHAT,24610,VILLEFRANCHE-DE-LONCHAT,44.958178,0.05825
24160_SAINT-MEDARD-D'EXCIDEUIL,24160,SAINT-MEDARD-D'EXCIDEUIL,45.348694,1.084823
24550_CAMPAGNAC-LES-QUERCY,24550,CAMPAGNAC-LES-QUERCY,44.698528,1.176486
24300_JAVERLHAC-ET-LA-CHAPELLE-SAINT-ROBERT,24300,JAVERLHAC-ET-LA-CHAPELLE-SAINT-ROBERT,45.564681,0.554909
24600_VANXAINS,24600,VANXAINS,45.21703,0.29306
24410_ECHOURGNAC,24410,ECHOURGNAC,45.126677,0.230007
24480_LE BUISSON-DE-CADOUIN -,24480,LE BUISSON-DE-CADOUIN -,44.81283,0.879335
24650_CHANCELADE -,24650,CHANCELADE -,45.209908,0.656449
24520_COURS-DE-PILE,24520,COURS-DE-PILE,44.835478,0.548169
24680_LAMONZIE-SAINT-MARTIN,24680,LAMONZIE-SAINT-MARTIN,44.833281,0.392316
24100_LEMBRAS,24100,LEMBRAS,44.890168,0.524645
24200_PROISSANS,24200,PROISSANS,44.924127,1.244831
24200_PROISSANS -,24200,PROISSANS -,44.924127,1.244831
24250_LA ROQUE-GAGEAC -,24250,LA ROQUE-GAGEAC -,44.821419,1.193443
24320_BERTRIC-BUREE,24320,BERTRIC-BUREE,45.304866,0.351779
24260_LE BUGUE,24260,LE BUGUE,44.923081,0.925261
24360_BUSSIERE-BADIL -,24360,BUSSIERE-BADIL -,45.644338,0.597539
24510_SAINT-LAURENT-DES-BATONS,24510,SAINT-LAURENT-DES-BATONS,44.957985,0.771494
24190_NEUVIC,24190,NEUVIC,45.091063,0.475448
24480_MOLIERES,24480,MOLIERES,44.81137,0.825701
24530_VILLARS -,24530,VILLARS -,45.426624,0.760065
25370_LES HOPITAUX-NEUFS,25370,LES HOPITAUX-NEUFS,46.775141,6.373095
25200_MONTBELIARD,25200,MONTBELIARD,47.508197,6.794689
25000_BESANCON,25000,BESANCON,47.251938,6.001699
25300_PONTARLIER,25300,PONTARLIER,46.907494,6.374948
25600_SOCHAUX,25600,SOCHAUX,47.515475,6.828345
25160_MALBUISSON,25160,MALBUISSON,46.802728,6.307458
25410_SAINT-VIT,25410,SAINT-VIT,47.189073,5.82428
25400_AUDINCOURT,25400,AUDINCOURT,47.479572,6.846659
25720_PUGEY,25720,PUGEY,47.176843,5.990627
25190_SAINT-HIPPOLYTE,25190,SAINT-HIPPOLYTE,47.31183,6.807217
25870_AUXON-DESSUS,25870,AUXON-DESSUS,47.300008,5.960168
25300_CHAFFOIS -,25300,CHAFFOIS -,46.915633,6.27175
25640_VENNANS,25640,VENNANS,47.328847,6.23625
25110_BAUME-LES-DAMES,25110,BAUME-LES-DAMES,47.349374,6.361718
25220_ROCHE-LEZ-BEAUPRE,25220,ROCHE-LEZ-BEAUPRE,47.277194,6.108042
25330_ETERNOZ -,25330,ETERNOZ -,47.009668,6.022034
25120_MAICHE,25120,MAICHE,47.243074,6.808074
25160_LABERGEMENT-SAINTE-MARIE,25160,LABERGEMENT-SAINTE-MARIE,46.780535,6.280723
25330_AMANCEY,25330,AMANCEY,47.035747,6.075131
25560_BOUJAILLES,25560,BOUJAILLES,46.863949,6.064494
25320_BYANS-SUR-DOUBS,25320,BYANS-SUR-DOUBS,47.117114,5.854867
25250_L'ISLE-SUR-LE-DOUBS -,25250,L'ISLE-SUR-LE-DOUBS -,47.43494,6.585745
25130_VILLERS-LE-LAC,25130,VILLERS-LE-LAC,47.070421,6.694386
25330_LONGEVILLE,25330,LONGEVILLE,47.031,6.228041
25500_MORTEAU,25500,MORTEAU,47.056999,6.58993
25210_LE RUSSEY,25210,LE RUSSEY,47.151377,6.739399
25600_VIEUX-CHARMONT,25600,VIEUX-CHARMONT,47.527896,6.838763
25370_LONGEVILLES-MONT-D'OR,25370,LONGEVILLES-MONT-D'OR,46.756378,6.318877
25650_MONTBENOIT,25650,MONTBENOIT,47.00009,6.470842
25610_ARC-ET-SENANS -,25610,ARC-ET-SENANS -,47.031984,5.779134
25300_LES FOURGS,25300,LES FOURGS,46.834721,6.40725
25240_CHAPELLE-DES-BOIS,25240,CHAPELLE-DES-BOIS,46.59467,6.108169
25650_LA CHAUX,25650,LA CHAUX,47.019624,6.409747
25560_BOUVERANS -,25560,BOUVERANS -,46.852153,6.208905
25360_NAISEY-LES-GRANGES -,25360,NAISEY-LES-GRANGES -,47.207204,6.235987
25160_LA PLANEE -,25160,LA PLANEE -,46.840401,6.282381
25440_CHARNAY -,25440,CHARNAY -,47.129612,5.95379
25000_BESANCON -,25000,BESANCON -,47.251938,6.001699
25410_POUILLEY-FRANCAIS,25410,POUILLEY-FRANCAIS,47.200625,5.847454
25200_MONTBELIARD -,25200,MONTBELIARD -,47.508197,6.794689
25700_VALENTIGNEY,25700,VALENTIGNEY,47.465945,6.829692
25560_LA RIVIERE-DRUGEON,25560,LA RIVIERE-DRUGEON,46.867627,6.219795
25600_SOCHAUX -,25600,SOCHAUX -,47.515475,6.828345
25580_ETALANS -,25580,ETALANS -,47.161743,6.249879
25700_VALENTIGNEY -,25700,VALENTIGNEY -,47.465945,6.829692
25300_CHAFFOIS,25300,CHAFFOIS,46.915633,6.27175
25260_COLOMBIER-FONTAINE,25260,COLOMBIER-FONTAINE,47.455452,6.688442
25920_MOUTHIER-HAUTE-PIERRE,25920,MOUTHIER-HAUTE-PIERRE,47.040153,6.271954
25800_VALDAHON,25800,VALDAHON,47.148883,6.336851
25250_SOYE,25250,SOYE,47.44315,6.49507
25490_DAMPIERRE-LES-BOIS,25490,DAMPIERRE-LES-BOIS,47.507565,6.91772
25960_DELUZ -,25960,DELUZ -,47.292629,6.194796
25500_MONTLEBON -,25500,MONTLEBON -,47.028009,6.620141
25360_OSSE -,25360,OSSE -,47.267209,6.215817
25115_POUILLEY-LES-VIGNES -,25115,POUILLEY-LES-VIGNES -,47.252246,5.939066
25320_GRANDFONTAINE -,25320,GRANDFONTAINE -,47.200165,5.906033
25110_HYEVRE-PAROISSE -,25110,HYEVRE-PAROISSE -,47.370613,6.4301
25300_SAINTE-COLOMBE -,25300,SAINTE-COLOMBE -,46.87892,6.268105
25870_DEVECEY,25870,DEVECEY,47.325703,6.012651
25260_LONGEVELLE-SUR-DOUBS,25260,LONGEVELLE-SUR-DOUBS,47.454382,6.647311
25560_BANNANS,25560,BANNANS,46.886612,6.238438
26210_EPINOUZE,26210,EPINOUZE,45.31129,4.940486
26150_DIE,26150,DIE,44.749977,5.370309
26620_LUS-LA-CROIX-HAUTE,26620,LUS-LA-CROIX-HAUTE,44.67523,5.718907
26200_MONTELIMAR -,26200,MONTELIMAR -,44.553424,4.745639
26230_ROUSSAS,26230,ROUSSAS,44.434655,4.802703
26270_SAULCE-SUR-RHONE,26270,SAULCE-SUR-RHONE,44.705563,4.79593
26300_ALIXAN,26300,ALIXAN,44.981851,5.011918
26300_BARBIERES -,26300,BARBIERES -,44.94896,5.147104
26500_BOURG-LES-VALENCE,26500,BOURG-LES-VALENCE,44.962715,4.893636
26270_CLIOUSCLAT,26270,CLIOUSCLAT,44.723889,4.819588
26400_CREST,26400,CREST,44.730674,5.020155
26400_GRANE,26400,GRANE,44.722462,4.893336
26600_LA ROCHE-DE-GLUN,26600,LA ROCHE-DE-GLUN,45.02208,4.862381
26800_PORTES-LES-VALENCE,26800,PORTES-LES-VALENCE,44.876622,4.884414
26300_ROCHEFORT-SAMSON,26300,ROCHEFORT-SAMSON,44.983998,5.147966
26240_SAINT-VALLIER,26240,SAINT-VALLIER,45.181366,4.818982
26800_BEAUVALLON,26800,BEAUVALLON,44.854874,4.905615
26230_CHAMARET,26230,CHAMARET,44.395032,4.881229
26220_DIEULEFIT,26220,DIEULEFIT,44.526703,5.067998
26740_MARSANNE,26740,MARSANNE,44.639508,4.893035
26780_MALATAVERNE,26780,MALATAVERNE,44.478354,4.749897
26140_SAINT-RAMBERT-D'ALBON,26140,SAINT-RAMBERT-D'ALBON,45.289193,4.83181
26400_BEAUFORT-SUR-GERVANNE -,26400,BEAUFORT-SUR-GERVANNE -,44.776866,5.141002
26120_CHABEUIL,26120,CHABEUIL,44.911687,5.000235
26300_CHATEAUNEUF-SUR-ISERE,26300,CHATEAUNEUF-SUR-ISERE,45.007611,4.956298
26300_CHATUZANGE-LE-GOUBET,26300,CHATUZANGE-LE-GOUBET,45.005351,5.093124
26450_CLEON-D'ANDRAN,26450,CLEON-D'ANDRAN,44.606374,4.929842
26170_MOLLANS-SUR-OUVEZE,26170,MOLLANS-SUR-OUVEZE,44.238599,5.176445
26570_MONTBRUN-LES-BAINS,26570,MONTBRUN-LES-BAINS,44.18229,5.427682
26260_SAINT-DONAT-SUR-L'HERBASSE,26260,SAINT-DONAT-SUR-L'HERBASSE,45.129256,4.985693
26600_TAIN-L'HERMITAGE,26600,TAIN-L'HERMITAGE,45.068397,4.84867
26140_ANDANCETTE,26140,ANDANCETTE,45.246444,4.811698
26150_BARSAC,26150,BARSAC,44.725379,5.289116
26600_MERCUROL,26600,MERCUROL,45.071268,4.895763
26000_VALENCE,26000,VALENCE,44.922579,4.921827
26260_CHAVANNES,26260,CHAVANNES,45.104319,4.924036
26450_PUY-SAINT-MARTIN -,26450,PUY-SAINT-MARTIN -,44.618809,4.969029
26210_MORAS-EN-VALLOIRE -,26210,MORAS-EN-VALLOIRE -,45.293696,4.990425
26790_SUZE-LA-ROUSSE,26790,SUZE-LA-ROUSSE,44.296609,4.847912
26300_CHATEAUNEUF-SUR-ISERE -,26300,CHATEAUNEUF-SUR-ISERE -,45.007611,4.956298
26220_DIEULEFIT -,26220,DIEULEFIT -,44.526703,5.067998
26600_PONT-DE-L'ISERE,26600,PONT-DE-L'ISERE,45.014914,4.884274
26470_LA MOTTE-CHALANCON,26470,LA MOTTE-CHALANCON,44.48777,5.379412
26100_ROMANS-SUR-ISERE,26100,ROMANS-SUR-ISERE,45.051594,5.046335
26750_SAINT-PAUL-LES-ROMANS,26750,SAINT-PAUL-LES-ROMANS,45.052797,5.127688
26570_FERRASSIERES,26570,FERRASSIERES,44.134912,5.481149
26200_MONTELIMAR,26200,MONTELIMAR,44.553424,4.745639
26400_CHABRILLAN,26400,CHABRILLAN,44.714167,4.956432
26300_BOURG-DE-PEAGE,26300,BOURG-DE-PEAGE,45.022204,5.050547
26250_LIVRON-SUR-DROME,26250,LIVRON-SUR-DROME,44.790946,4.826348
26340_SAILLANS,26340,SAILLANS,44.702681,5.198171
26160_LA BEGUDE-DE-MAZENC -,26160,LA BEGUDE-DE-MAZENC -,44.558178,4.919365
26420_LA CHAPELLE-EN-VERCORS,26420,LA CHAPELLE-EN-VERCORS,44.972616,5.4128
26290_DONZERE,26290,DONZERE,44.440459,4.717257
26800_ETOILE-SUR-RHONE,26800,ETOILE-SUR-RHONE,44.833924,4.885112
26270_LORIOL-SUR-DROME,26270,LORIOL-SUR-DROME,44.745685,4.807747
26510_REMUZAT,26510,REMUZAT,44.413175,5.357036
26400_SAOU,26400,SAOU,44.641082,5.084157
26230_GRIGNAN,26230,GRIGNAN,44.433878,4.905067
26750_MONTMIRAL,26750,MONTMIRAL,45.146578,5.168341
26740_SAUZET,26740,SAUZET,44.597311,4.826245
26160_LA BEGUDE-DE-MAZENC,26160,LA BEGUDE-DE-MAZENC,44.558178,4.919365
26110_NYONS,26110,NYONS,44.355605,5.126141
26740_SAUZET -,26740,SAUZET -,44.597311,4.826245
26260_BATHERNAY,26260,BATHERNAY,45.184449,4.99651
26420_SAINT-MARTIN-EN-VERCORS,26420,SAINT-MARTIN-EN-VERCORS,45.018712,5.441004
26800_AMBONIL,26800,AMBONIL,44.792751,4.908142
26340_SAINT-NAZAIRE-LE-DESERT,26340,SAINT-NAZAIRE-LE-DESERT,44.572337,5.276793
26400_AOUSTE-SUR-SYE,26400,AOUSTE-SUR-SYE,44.711276,5.056869
26800_ETOILE-SUR-RHONE -,26800,ETOILE-SUR-RHONE -,44.833924,4.885112
26310_LESCHES-EN-DIOIS,26310,LESCHES-EN-DIOIS,44.599377,5.527226
26760_BEAUMONT-LES-VALENCE -,26760,BEAUMONT-LES-VALENCE -,44.873424,4.944171
26460_BOURDEAUX,26460,BOURDEAUX,44.587649,5.1377
26400_CREST -,26400,CREST -,44.730674,5.020155
26110_MIRABEL-AUX-BARONNIES,26110,MIRABEL-AUX-BARONNIES,44.316281,5.096997
26160_PONT-DE-BARRET,26160,PONT-DE-BARRET,44.59018,4.982941
26510_VILLEPERDRIX,26510,VILLEPERDRIX,44.441276,5.296578
26390_HAUTERIVES,26390,HAUTERIVES,45.255148,5.035217
26770_LE PEGUE,26770,LE PEGUE,44.432883,5.051472
26780_ALLAN,26780,ALLAN,44.501006,4.789512
26100_ROMANS-SUR-ISERE -,26100,ROMANS-SUR-ISERE -,45.051594,5.046335
26570_REILHANETTE,26570,REILHANETTE,44.173765,5.40559
26700_PIERRELATTE -,26700,PIERRELATTE -,44.357315,4.689504
26560_MONTFROC,26560,MONTFROC,44.176796,5.633253
26120_UPIE,26120,UPIE,44.799938,4.976952
26500_BOURG-LES-VALENCE -,26500,BOURG-LES-VALENCE -,44.962715,4.893636
26800_PORTES-LES-VALENCE -,26800,PORTES-LES-VALENCE -,44.876622,4.884414
26000_VALENCE -,26000,VALENCE -,44.922579,4.921827
26140_SAINT-RAMBERT-D'ALBON -,26140,SAINT-RAMBERT-D'ALBON -,45.289193,4.83181
26450_PUY-SAINT-MARTIN,26450,PUY-SAINT-MARTIN,44.618809,4.969029
26770_TAULIGNAN,26770,TAULIGNAN,44.455749,4.968315
26780_ESPELUCHE,26780,ESPELUCHE,44.52096,4.816774
26330_CHATEAUNEUF-DE-GALAURE,26330,CHATEAUNEUF-DE-GALAURE,45.231022,4.963327
26700_PIERRELATTE,26700,PIERRELATTE,44.357315,4.689504
26750_TRIORS,26750,TRIORS,45.098681,5.111946
26300_BARBIERES,26300,BARBIERES,44.94896,5.147104
26600_MERCUROL -,26600,MERCUROL -,45.071268,4.895763
26130_SAINT-PAUL-TROIS-CHATEAUX,26130,SAINT-PAUL-TROIS-CHATEAUX,44.345699,4.764015
26400_SOYANS,26400,SOYANS,44.643843,5.016256
26730_LA BAUME-D'HOSTUN,26730,LA BAUME-D'HOSTUN,45.061862,5.223067
26110_VINSOBRES,26110,VINSOBRES,44.331411,5.0591
26760_BEAUMONT-LES-VALENCE,26760,BEAUMONT-LES-VALENCE,44.873424,4.944171
26740_LA LAUPIE,26740,LA LAUPIE,44.607696,4.852196
26120_MONTVENDRE,26120,MONTVENDRE,44.86975,5.004699
26300_ALIXAN -,26300,ALIXAN -,44.981851,5.011918
26400_DIVAJEU -,26400,DIVAJEU -,44.705321,5.004839
26780_MALATAVERNE -,26780,MALATAVERNE -,44.478354,4.749897
26800_MONTOISON,26800,MONTOISON,44.798175,4.93015
26770_SAINT-PANTALEON-LES-VIGNES,26770,SAINT-PANTALEON-LES-VIGNES,44.400452,5.040896
26600_GRANGES-LES-BEAUMONT,26600,GRANGES-LES-BEAUMONT,45.046448,4.97817
26110_VENTEROL,26110,VENTEROL,44.390748,5.09767
26450_CLEON-D'ANDRAN -,26450,CLEON-D'ANDRAN -,44.606374,4.929842
26240_LAVEYRON,26240,LAVEYRON,45.208404,4.817251
27330_LA BARRE-EN-OUCHE,27330,LA BARRE-EN-OUCHE,48.989297,0.673166
27300_BERNAY,27300,BERNAY,49.089387,0.595349
27160_BRETEUIL -,27160,BRETEUIL -,48.813034,0.899931
27490_LA CROIX-SAINT-LEUFROY -,27490,LA CROIX-SAINT-LEUFROY -,49.124958,1.290522
27150_ETREPAGNY,27150,ETREPAGNY,49.312199,1.623264
27000_EVREUX,27000,EVREUX,49.020599,1.146898
27560_LIEUREY,27560,LIEUREY,49.229483,0.49876
27400_LOUVIERS,27400,LOUVIERS,49.216109,1.158099
27110_LE NEUBOURG -,27110,LE NEUBOURG -,49.149035,0.90912
27320_NONANCOURT,27320,NONANCOURT,48.770178,1.205951
27360_PONT-SAINT-PIERRE -,27360,PONT-SAINT-PIERRE -,49.332711,1.280828
27350_ROUTOT -,27350,ROUTOT -,49.381761,0.722641
27450_SAINT-GEORGES-DU-VIEVRE -,27450,SAINT-GEORGES-DU-VIEVRE -,49.242647,0.580539
27200_VERNON,27200,VERNON,49.089623,1.494472
27520_BOISSEY-LE-CHATEL,27520,BOISSEY-LE-CHATEL,49.27057,0.781079
27800_BRIONNE -,27800,BRIONNE -,49.188685,0.71297
27340_CRIQUEBEUF-SUR-SEINE,27340,CRIQUEBEUF-SUR-SEINE,49.302653,1.099278
27190_CONCHES-EN-OUCHE,27190,CONCHES-EN-OUCHE,48.958909,0.933211
27530_EZY-SUR-EURE,27530,EZY-SUR-EURE,48.864686,1.416342
27620_GIVERNY -,27620,GIVERNY -,49.077873,1.529641
27370_LE GROS-THEIL,27370,LE GROS-THEIL,49.22377,0.845902
27480_LYONS-LA-FORET -,27480,LYONS-LA-FORET -,49.398161,1.467942
27120_PACY-SUR-EURE,27120,PACY-SUR-EURE,49.016826,1.378719
27340_PONT-DE-L'ARCHE -,27340,PONT-DE-L'ARCHE -,49.301256,1.150654
27680_QUILLEBEUF-SUR-SEINE,27680,QUILLEBEUF-SUR-SEINE,49.469052,0.528135
27230_THIBERVILLE,27230,THIBERVILLE,49.134149,0.439002
27170_BEAUMONT-LE-ROGER,27170,BEAUMONT-LE-ROGER,49.061692,0.754448
27640_BREUILPONT,27640,BREUILPONT,48.959526,1.429177
27250_CHAMBORD -,27250,CHAMBORD -,48.88393,0.624147
27260_CORMEILLES -,27260,CORMEILLES -,49.249154,0.385511
27190_LA BONNEVILLE-SUR-ITON -,27190,LA BONNEVILLE-SUR-ITON -,48.995053,1.040565
27270_BROGLIE -,27270,BROGLIE -,49.001174,0.531592
27000_EVREUX -,27000,EVREUX -,49.020599,1.146898
27140_GISORS,27140,GISORS,49.274058,1.778323
27330_LA NEUVE-LYRE,27330,LA NEUVE-LYRE,48.898739,0.745797
27590_PITRES -,27590,PITRES -,49.323211,1.223266
27610_ROMILLY-SUR-ANDELLE -,27610,ROMILLY-SUR-ANDELLE -,49.330437,1.256639
27500_PONT-AUDEMER -,27500,PONT-AUDEMER -,49.348034,0.526847
27740_POSES,27740,POSES,49.296802,1.24705
27220_SAINT-ANDRE-DE-L'EURE,27220,SAINT-ANDRE-DE-L'EURE,48.904928,1.281311
27670_SAINT-OUEN-DU-TILLEUL -,27670,SAINT-OUEN-DU-TILLEUL -,49.294522,0.949593
27100_VAL-DE-REUIL -,27100,VAL-DE-REUIL -,49.261533,1.20933
27470_SERQUIGNY -,27470,SERQUIGNY -,49.111231,0.707696
27110_VITOT,27110,VITOT,49.170018,0.88863
27700_LES ANDELYS,27700,LES ANDELYS,49.245779,1.42127
27380_CHARLEVAL -,27380,CHARLEVAL -,49.378944,1.380615
27520_BOURGTHEROULDE-INFREVILLE,27520,BOURGTHEROULDE-INFREVILLE,49.303151,0.864517
27380_FLEURY-SUR-ANDELLE -,27380,FLEURY-SUR-ANDELLE -,49.36068,1.353568
27780_GARENNES-SUR-EURE -,27780,GARENNES-SUR-EURE -,48.909932,1.434609
27620_GASNY,27620,GASNY,49.097155,1.600738
27800_HARCOURT -,27800,HARCOURT -,49.16464,0.775163
27540_IVRY-LA-BATAILLE,27540,IVRY-LA-BATAILLE,48.886691,1.45044
27390_MONTREUIL-L'ARGILLE -,27390,MONTREUIL-L'ARGILLE -,48.940291,0.467362
27290_PONT-AUTHOU -,27290,PONT-AUTHOU -,49.231115,0.707478
27250_RUGLES -,27250,RUGLES -,48.816928,0.702409
27110_SAINT-AUBIN-D'ECROSVILLE,27110,SAINT-AUBIN-D'ECROSVILLE,49.142806,0.983164
27370_LE THUIT-SIGNOL,27370,LE THUIT-SIGNOL,49.259558,0.944248
27100_LE VAUDREUIL -,27100,LE VAUDREUIL -,49.257737,1.208457
27130_VERNEUIL-SUR-AVRE -,27130,VERNEUIL-SUR-AVRE -,48.758912,0.893475
27940_AUBEVOYE -,27940,AUBEVOYE -,49.188647,1.334275
27500_BOURNEVILLE,27500,BOURNEVILLE,49.395952,0.616456
27260_EPAIGNES -,27260,EPAIGNES -,49.273479,0.452566
27240_DAMVILLE,27240,DAMVILLE,48.863629,1.071479
27760_LA FERRIERE-SUR-RISLE,27760,LA FERRIERE-SUR-RISLE,48.978064,0.786807
27500_FOURMETOT -,27500,FOURMETOT -,49.350551,0.5784
27560_GIVERVILLE -,27560,GIVERVILLE -,49.190064,0.568943
27120_MENILLES -,27120,MENILLES -,49.035981,1.364492
27500_PONT-AUDEMER,27500,PONT-AUDEMER,49.348034,0.526847
27110_QUITTEBEUF -,27110,QUITTEBEUF -,49.109894,1.00244
27920_SAINT-PIERRE-DE-BAILLEUL -,27920,SAINT-PIERRE-DE-BAILLEUL -,49.128037,1.398144
27430_SAINT-PIERRE-DU-VAUVRAY -,27430,SAINT-PIERRE-DU-VAUVRAY -,49.228325,1.22129
27570_TILLIERES-SUR-AVRE -,27570,TILLIERES-SUR-AVRE -,48.766748,1.037308
27200_VERNON -,27200,VERNON -,49.089623,1.494472
27410_BEAUMESNIL -,27410,BEAUMESNIL -,49.013845,0.699136
27310_BOURG-ACHARD -,27310,BOURG-ACHARD -,49.347686,0.809686
27230_THIBERVILLE -,27230,THIBERVILLE -,49.134149,0.439002
27110_LE NEUBOURG,27110,LE NEUBOURG,49.149035,0.90912
27450_SAINT-GEORGES-DU-VIEVRE,27450,SAINT-GEORGES-DU-VIEVRE,49.242647,0.580539
27680_SAINTE-OPPORTUNE-LA-MARE -,27680,SAINTE-OPPORTUNE-LA-MARE -,49.42238,0.548675
27410_AJOU,27410,AJOU,48.980109,0.78295
27150_MAINNEVILLE -,27150,MAINNEVILLE -,49.375808,1.689087
27700_LES ANDELYS -,27700,LES ANDELYS -,49.245779,1.42127
27300_BERNAY -,27300,BERNAY -,49.089387,0.595349
27210_BEUZEVILLE,27210,BEUZEVILLE,49.340498,0.342697
27800_BRIONNE,27800,BRIONNE,49.188685,0.71297
27160_CONDE-SUR-ITON,27160,CONDE-SUR-ITON,48.860456,1.053761
27100_VAL-DE-REUIL,27100,VAL-DE-REUIL,49.261533,1.20933
27750_LA COUTURE-BOUSSEY,27750,LA COUTURE-BOUSSEY,48.901863,1.396544
27190_LE FIDELAIRE,27190,LE FIDELAIRE,48.949968,0.809295
27780_GARENNES-SUR-EURE,27780,GARENNES-SUR-EURE,48.909932,1.434609
27150_BOISEMONT,27150,BOISEMONT,49.295249,1.487113
27800_LE BEC-HELLOUIN,27800,LE BEC-HELLOUIN,49.224357,0.730285
27310_CAUMONT,27310,CAUMONT,49.366485,0.904102
27630_ECOS -,27630,ECOS -,49.122651,1.63764
27150_HACQUEVILLE -,27150,HACQUEVILLE -,49.277363,1.550518
27260_MORAINVILLE-JOUVEAUX -,27260,MORAINVILLE-JOUVEAUX -,49.223182,0.4454
27130_VERNEUIL-SUR-AVRE,27130,VERNEUIL-SUR-AVRE,48.758912,0.893475
27800_HARCOURT,27800,HARCOURT,49.16464,0.775163
27290_MONTFORT-SUR-RISLE -,27290,MONTFORT-SUR-RISLE -,49.293357,0.664298
27500_TOCQUEVILLE,27500,TOCQUEVILLE,49.409277,0.615625
27310_BOUQUETOT -,27310,BOUQUETOT -,49.360027,0.764851
27190_CONCHES-EN-OUCHE -,27190,CONCHES-EN-OUCHE -,48.958909,0.933211
27470_SERQUIGNY,27470,SERQUIGNY,49.111231,0.707696
27330_LA BARRE-EN-OUCHE -,27330,LA BARRE-EN-OUCHE -,48.989297,0.673166
27500_CORNEVILLE-SUR-RISLE,27500,CORNEVILLE-SUR-RISLE,49.341295,0.592895
27210_SAINT-PIERRE-DU-VAL,27210,SAINT-PIERRE-DU-VAL,49.391654,0.371715
27240_DAMVILLE -,27240,DAMVILLE -,48.863629,1.071479
27400_LOUVIERS -,27400,LOUVIERS -,49.216109,1.158099
27680_SAINTE-OPPORTUNE-LA-MARE,27680,SAINTE-OPPORTUNE-LA-MARE,49.42238,0.548675
27550_NASSANDRES -,27550,NASSANDRES -,49.141717,0.721652
27310_BOURG-ACHARD,27310,BOURG-ACHARD,49.347686,0.809686
27160_BRETEUIL,27160,BRETEUIL,48.813034,0.899931
27340_PONT-DE-L'ARCHE,27340,PONT-DE-L'ARCHE,49.301256,1.150654
27270_BROGLIE,27270,BROGLIE,49.001174,0.531592
27260_CORMEILLES,27260,CORMEILLES,49.249154,0.385511
27610_ROMILLY-SUR-ANDELLE,27610,ROMILLY-SUR-ANDELLE,49.330437,1.256639
27520_BOURGTHEROULDE-INFREVILLE -,27520,BOURGTHEROULDE-INFREVILLE -,49.303151,0.864517
27760_LA FERRIERE-SUR-RISLE -,27760,LA FERRIERE-SUR-RISLE -,48.978064,0.786807
27220_SAINT-ANDRE-DE-L'EURE -,27220,SAINT-ANDRE-DE-L'EURE -,48.904928,1.281311
27950_SAINT-JUST -,27950,SAINT-JUST -,49.09818,1.446444
27310_SAINT-OUEN-DE-THOUBERVILLE -,27310,SAINT-OUEN-DE-THOUBERVILLE -,49.351723,0.9
27380_RADEPONT,27380,RADEPONT,49.350014,1.328925
27250_RUGLES,27250,RUGLES,48.816928,0.702409
28150_ALLONNES -,28150,ALLONNES -,48.333005,1.654357
28110_LUCE,28110,LUCE,48.433504,1.455674
28170_CHATEAUNEUF-EN-THYMERAIS,28170,CHATEAUNEUF-EN-THYMERAIS,48.58522,1.239791
28270_BREZOLLES,28270,BREZOLLES,48.690545,1.073966
28340_LA FERTE-VIDAME,28340,LA FERTE-VIDAME,48.614767,0.886222
28300_MAINVILLIERS,28300,MAINVILLIERS,48.457907,1.456077
28000_CHARTRES,28000,CHARTRES,48.446525,1.502286
28400_MARGON,28400,MARGON,48.336047,0.841229
28120_ILLIERS-COMBRAY,28120,ILLIERS-COMBRAY,48.300896,1.224246
28800_BONNEVAL,28800,BONNEVAL,48.178743,1.391697
28220_CLOYES-SUR-LE-LOIR,28220,CLOYES-SUR-LE-LOIR,47.999117,1.238432
28100_DREUX -,28100,DREUX -,48.745749,1.36554
28140_ORGERES-EN-BEAUCE,28140,ORGERES-EN-BEAUCE,48.142313,1.687256
28130_PIERRES,28130,PIERRES,48.589391,1.557289
28200_CHATEAUDUN,28200,CHATEAUDUN,48.074295,1.323986
28480_THIRON-GARDAIS,28480,THIRON-GARDAIS,48.307444,0.998986
28500_BOISSY-EN-DROUAIS,28500,BOISSY-EN-DROUAIS,48.728776,1.262822
28240_CHAMPROND-EN-GATINE -,28240,CHAMPROND-EN-GATINE -,48.391507,1.087085
28630_MORANCEZ -,28630,MORANCEZ -,48.406162,1.493615
28240_MANOU -,28240,MANOU -,48.52866,0.968788
28350_SAINT-LUBIN-DES-JONCHERETS,28350,SAINT-LUBIN-DES-JONCHERETS,48.752559,1.191499
28500_VERNOUILLET -,28500,VERNOUILLET -,48.720567,1.355581
28330_LA BAZOCHE-GOUET -,28330,LA BAZOCHE-GOUET -,48.145476,0.983203
28560_BERCHERES-SUR-VESGRE,28560,BERCHERES-SUR-VESGRE,48.849574,1.555806
28480_LA CROIX-DU-PERCHE,28480,LA CROIX-DU-PERCHE,48.277277,1.046185
28120_MONTIGNY-LE-CHARTIF,28120,MONTIGNY-LE-CHARTIF,48.294334,1.117717
28330_SAINT-BOMER,28330,SAINT-BOMER,48.190064,0.834135
28330_SAINT-BOMER -,28330,SAINT-BOMER -,48.190064,0.834135
28480_THIRON-GARDAIS -,28480,THIRON-GARDAIS -,48.307444,0.998986
28160_UNVERRE,28160,UNVERRE,48.200452,1.07303
28500_MONTREUIL -,28500,MONTREUIL -,48.778269,1.378694
28310_LE PUISET,28310,LE PUISET,48.210001,1.864977
28220_MONTIGNY-LE-GANNELON,28220,MONTIGNY-LE-GANNELON,48.016911,1.237897
28220_BOISGASSON,28220,BOISGASSON,48.0545,1.148987
28240_CHAMPROND-EN-GATINE,28240,CHAMPROND-EN-GATINE,48.391507,1.087085
28330_LES ETILLEUX,28330,LES ETILLEUX,48.242665,0.816599
28400_MAROLLES-LES-BUIS,28400,MAROLLES-LES-BUIS,48.365772,0.934758
28420_MIERMAIGNE,28420,MIERMAIGNE,48.248122,0.998068
28190_PONTGOUIN,28190,PONTGOUIN,48.486586,1.1564
28630_LE COUDRAY,28630,LE COUDRAY,48.424752,1.499279
28300_SAINT-PREST,28300,SAINT-PREST,48.488199,1.516974
28170_TREMBLAY-LES-VILLAGES,28170,TREMBLAY-LES-VILLAGES,48.583548,1.380674
28700_AUNEAU,28700,AUNEAU,48.503125,1.762763
28000_CHARTRES -,28000,CHARTRES -,48.446525,1.502286
28120_BAILLEAU-LE-PIN,28120,BAILLEAU-LE-PIN,48.362838,1.326491
28400_NOGENT-LE-ROTROU,28400,NOGENT-LE-ROTROU,48.317471,0.808165
28290_COURTALAIN -,28290,COURTALAIN -,48.115113,1.184253
28100_DREUX,28100,DREUX,48.745749,1.36554
28160_FRAZE,28160,FRAZE,48.265779,1.102315
28300_CHALLET,28300,CHALLET,48.553948,1.43501
28200_CHATEAUDUN -,28200,CHATEAUDUN -,48.074295,1.323986
28290_ARROU,28290,ARROU,48.09827,1.123266
28300_CHAMPHOL,28300,CHAMPHOL,48.468113,1.504235
28200_LOGRON -,28200,LOGRON -,48.136603,1.259913
28260_ANET,28260,ANET,48.857844,1.44517
28570_ABONDANT -,28570,ABONDANT -,48.786191,1.426753
28340_BOISSY-LES-PERCHE,28340,BOISSY-LES-PERCHE,48.684701,0.890541
28130_HOUX -,28130,HOUX -,48.568613,1.615513
28260_OULINS -,28260,OULINS -,48.873441,1.474891
28240_SAINT-ELIPH,28240,SAINT-ELIPH,48.45133,1.029431
28800_SANCHEVILLE -,28800,SANCHEVILLE -,48.18834,1.580757
28350_SAINT-LUBIN-DES-JONCHERETS -,28350,SAINT-LUBIN-DES-JONCHERETS -,48.752559,1.191499
28250_SENONCHES,28250,SENONCHES,48.561143,1.043811
28150_YMONVILLE,28150,YMONVILLE,48.25719,1.74675
28330_COUDRAY-AU-PERCHE,28330,COUDRAY-AU-PERCHE,48.233859,0.853779
28240_MONTLANDON,28240,MONTLANDON,48.391303,1.023557
29380_BANNALEC,29380,BANNALEC,47.939387,-3.685963
29200_BREST -,29200,BREST -,48.406435,-4.497736
29150_CHATEAULIN,29150,CHATEAULIN,48.207978,-4.076463
29540_CHATEAUNEUF-DU-FAOU,29540,CHATEAUNEUF-DU-FAOU,48.190026,-3.722409
29360_CLOHARS-CARNOET,29360,CLOHARS-CARNOET,47.79847,-3.57426
29120_COMBRIT,29120,COMBRIT,47.890349,-4.157385
29900_CONCARNEAU,29900,CONCARNEAU,47.891735,-3.896018
29260_LE FOLGOET,29260,LE FOLGOET,48.565097,-4.350371
29870_LANDEDA,29870,LANDEDA,48.591608,-4.569833
29800_LANDERNEAU -,29800,LANDERNEAU -,48.450764,-4.26042
29490_GUIPAVAS,29490,GUIPAVAS,48.427633,-4.400446
29760_PENMARCH,29760,PENMARCH,47.81157,-4.340832
29720_PLONEOUR-LANVERN,29720,PLONEOUR-LANVERN,47.905758,-4.265707
29550_PLONEVEZ-PORZAY,29550,PLONEVEZ-PORZAY,48.127711,-4.243349
29740_PLOBANNALEC-LESCONIL,29740,PLOBANNALEC-LESCONIL,47.817402,-4.227337
29310_QUERRIEN,29310,QUERRIEN,47.954927,-3.537645
29340_RIEC-SUR-BELON,29340,RIEC-SUR-BELON,47.852994,-3.680678
29910_TREGUNC,29910,TREGUNC,47.83691,-3.848495
29560_ARGOL,29560,ARGOL,48.244177,-4.310679
29820_BOHARS,29820,BOHARS,48.427685,-4.519854
29660_CARANTEC,29660,CARANTEC,48.66701,-3.91459
29260_KERNOUES,29260,KERNOUES,48.59347,-4.346919
29880_PLOUGUERNEAU,29880,PLOUGUERNEAU,48.602129,-4.498391
29620_PLOUEGAT-GUERAND,29620,PLOUEGAT-GUERAND,48.622228,-3.674847
29000_QUIMPER -,29000,QUIMPER -,47.998695,-4.093228
29120_PONT-L'ABBE,29120,PONT-L'ABBE,47.868587,-4.216167
29300_QUIMPERLE,29300,QUIMPERLE,47.861737,-3.559902
29140_ROSPORDEN,29140,ROSPORDEN,47.951881,-3.821156
29510_BRIEC -,29510,BRIEC -,48.096106,-4.002044
29770_PLOGOFF,29770,PLOGOFF,48.037118,-4.677278
29550_PLOMODIERN,29550,PLOMODIERN,48.179239,-4.206684
29700_PLOMELIN,29700,PLOMELIN,47.945306,-4.146903
29830_PLOUDALMEZEAU,29830,PLOUDALMEZEAU,48.537387,-4.668231
29150_PORT-LAUNAY,29150,PORT-LAUNAY,48.217092,-4.083654
29217_PLOUGONVELIN,29217,PLOUGONVELIN,48.353677,-4.732475
29810_PLOUMOGUER,29810,PLOUMOGUER,48.394943,-4.710581
29140_TOURCH,29140,TOURCH,48.024862,-3.826687
29590_PONT-DE-BUIS-LES-QUIMERCH,29590,PONT-DE-BUIS-LES-QUIMERCH,48.271223,-4.10869
29770_AUDIERNE,29770,AUDIERNE,48.027118,-4.564833
29920_NEVEZ,29920,NEVEZ,47.818092,-3.77259
29270_CARHAIX-PLOUGUER,29270,CARHAIX-PLOUGUER,48.266001,-3.570037
29170_FOUESNANT,29170,FOUESNANT,47.847389,-4.040889
29590_LE FAOU,29590,LE FAOU,48.304375,-4.158047
29820_GUILERS,29820,GUILERS,48.420019,-4.559732
29140_MELGVEN -,29140,MELGVEN -,47.908304,-3.844598
29600_MORLAIX,29600,MORLAIX,48.595154,-3.820202
29710_POULDREUZIC,29710,POULDREUZIC,47.962894,-4.367339
29260_TREGARANTEC,29260,TREGARANTEC,48.551368,-4.292269
29290_SAINT-RENAN,29290,SAINT-RENAN,48.429783,-4.622146
29140_SAINT-YVI,29140,SAINT-YVI,47.960454,-3.93871
29890_KERLOUAN,29890,KERLOUAN,48.652039,-4.390172
29270_CARHAIX-PLOUGUER -,29270,CARHAIX-PLOUGUER -,48.266001,-3.570037
29500_ERGUE-GABERIC,29500,ERGUE-GABERIC,48.00655,-4.010617
29940_LA FORET-FOUESNANT,29940,LA FORET-FOUESNANT,47.919241,-3.965626
29880_GUISSENY,29880,GUISSENY,48.61604,-4.407234
29730_GUILVINEC,29730,GUILVINEC,47.799741,-4.285548
29710_PLOGASTEL-SAINT-GERMAIN,29710,PLOGASTEL-SAINT-GERMAIN,47.978362,-4.270969
29310_QUERRIEN -,29310,QUERRIEN -,47.954927,-3.537645
29000_QUIMPER,29000,QUIMPER,47.998695,-4.093228
29380_SAINT-THURIEN,29380,SAINT-THURIEN,47.960624,-3.617968
29540_SPEZET,29540,SPEZET,48.185412,-3.692641
29950_BENODET,29950,BENODET,47.876099,-4.074238
29260_LESNEVEN,29260,LESNEVEN,48.577371,-4.315164
29180_LOCRONAN,29180,LOCRONAN,48.100205,-4.209696
29252_PLOUEZOC'H,29252,PLOUEZOC'H,48.643012,-3.820511
29270_PLOUNEVEZEL,29270,PLOUNEVEZEL,48.312306,-3.562181
29450_COMMANA,29450,COMMANA,48.414964,-3.973223
29790_CONFORT-MEILARS,29790,CONFORT-MEILARS,48.056881,-4.435682
29440_PLOUZEVEDE,29440,PLOUZEVEDE,48.594255,-4.095681
29300_MELLAC -,29300,MELLAC -,47.898126,-3.582792
29780_PLOUHINEC,29780,PLOUHINEC,48.010171,-4.486007
29630_PLOUGASNOU,29630,PLOUGASNOU,48.67879,-3.823249
29400_LANDIVISIAU,29400,LANDIVISIAU,48.513532,-4.062033
29950_CLOHARS-FOUESNANT,29950,CLOHARS-FOUESNANT,47.896789,-4.088228
29590_PONT-DE-BUIS-LES-QUIMERCH -,29590,PONT-DE-BUIS-LES-QUIMERCH -,48.271223,-4.10869
29217_LE CONQUET,29217,LE CONQUET,48.356535,-4.763963
29650_GUERLESQUIN -,29650,GUERLESQUIN -,48.528544,-3.584357
29750_LOCTUDY -,29750,LOCTUDY -,47.82418,-4.187143
29160_CROZON,29160,CROZON,48.238888,-4.469928
29380_SAINT-THURIEN -,29380,SAINT-THURIEN -,47.960624,-3.617968
29200_BREST,29200,BREST,48.406435,-4.497736
29430_PLOUESCAT,29430,PLOUESCAT,48.668762,-4.187044
29570_CAMARET-SUR-MER -,29570,CAMARET-SUR-MER -,48.271557,-4.58517
29100_DOUARNENEZ,29100,DOUARNENEZ,48.082744,-4.325157
29253_ILE-DE-BATZ,29253,ILE-DE-BATZ,48.745487,-4.012971
29980_ILE-TUDY,29980,ILE-TUDY,47.850758,-4.161363
29400_LAMPAUL-GUIMILIAU,29400,LAMPAUL-GUIMILIAU,48.482178,-4.035466
29810_LAMPAUL-PLOUARZEL,29810,LAMPAUL-PLOUARZEL,48.453311,-4.763112
29800_LANDERNEAU,29800,LANDERNEAU,48.450764,-4.26042
29241_LOCQUIREC,29241,LOCQUIREC,48.682963,-3.671355
29630_PLOUGASNOU -,29630,PLOUGASNOU -,48.67879,-3.823249
29650_LE PONTHOU,29650,LE PONTHOU,48.564291,-3.636298
29680_ROSCOFF,29680,ROSCOFF,48.712051,-3.988098
29830_SAINT-PABU,29830,SAINT-PABU,48.564084,-4.614673
29250_SANTEC,29250,SANTEC,48.700372,-4.032371
29450_SIZUN,29450,SIZUN,48.405134,-4.038705
29770_CLEDEN-CAP-SIZUN,29770,CLEDEN-CAP-SIZUN,48.054598,-4.658686
29160_CROZON -,29160,CROZON -,48.238888,-4.469928
29460_DAOULAS,29460,DAOULAS,48.355335,-4.265512
29690_HUELGOAT,29690,HUELGOAT,48.35987,-3.764671
29790_MAHALON,29790,MAHALON,48.028112,-4.42227
29860_PLABENNEC,29860,PLABENNEC,48.497604,-4.424617
29930_PONT-AVEN -,29930,PONT-AVEN -,47.874267,-3.762632
29890_PLOUNEOUR-TREZ,29890,PLOUNEOUR-TREZ,48.647333,-4.345875
29430_PLOUNEVEZ-LOCHRIST,29430,PLOUNEVEZ-LOCHRIST,48.620383,-4.197047
29246_POULLAOUEN,29246,POULLAOUEN,48.344448,-3.640737
29480_LE RELECQ-KERHUON,29480,LE RELECQ-KERHUON,48.402341,-4.401171
29550_SAINT-NIC,29550,SAINT-NIC,48.205341,-4.284307
29250_SAINT-POL-DE-LEON,29250,SAINT-POL-DE-LEON,48.674443,-3.988221
29250_SIBIRIL,29250,SIBIRIL,48.666913,-4.072867
29670_TAULE,29670,TAULE,48.604102,-3.897468
29730_TREFFIAGAT,29730,TREFFIAGAT,47.80673,-4.259776
29900_CONCARNEAU -,29900,CONCARNEAU -,47.891735,-3.896018
29560_LANDEVENNEC,29560,LANDEVENNEC,48.276453,-4.303785
29780_PLOUHINEC -,29780,PLOUHINEC -,48.010171,-4.486007
29770_ESQUIBIEN,29770,ESQUIBIEN,48.027083,-4.561368
29650_GUERLESQUIN,29650,GUERLESQUIN,48.528544,-3.584357
29710_PLOGASTEL-SAINT-GERMAIN -,29710,PLOGASTEL-SAINT-GERMAIN -,47.978362,-4.270969
29290_MILIZAC -,29290,MILIZAC -,48.468098,-4.56043
29800_PLOUEDERN -,29800,PLOUEDERN -,48.481838,-4.253379
29870_LANNILIS,29870,LANNILIS,48.570764,-4.527265
29140_MELGVEN,29140,MELGVEN,47.908304,-3.844598
29930_PONT-AVEN,29930,PONT-AVEN,47.874267,-3.762632
29790_BEUZEC-CAP-SIZUN,29790,BEUZEC-CAP-SIZUN,48.072786,-4.516119
29770_PLOGOFF -,29770,PLOGOFF -,48.037118,-4.677278
29810_PLOUARZEL,29810,PLOUARZEL,48.436969,-4.720899
29180_PLOGONNEC,29180,PLOGONNEC,48.068265,-4.178697
29790_BEUZEC-CAP-SIZUN -,29790,BEUZEC-CAP-SIZUN -,48.072786,-4.516119
29120_PLOMEUR,29120,PLOMEUR,47.834749,-4.294628
29260_LE FOLGOET -,29260,LE FOLGOET -,48.565097,-4.350371
29259_ILE-MOLENE,29259,ILE-MOLENE,48.396833,-4.957589
29360_CLOHARS-CARNOET -,29360,CLOHARS-CARNOET -,47.79847,-3.57426
29590_LE FAOU -,29590,LE FAOU -,48.304375,-4.158047
29890_KERLOUAN -,29890,KERLOUAN -,48.652039,-4.390172
29241_LOCQUIREC -,29241,LOCQUIREC -,48.682963,-3.671355
29790_PONT-CROIX,29790,PONT-CROIX,48.04284,-4.498999
29720_PLOVAN -,29720,PLOVAN -,47.932119,-4.370812
29150_CHATEAULIN -,29150,CHATEAULIN -,48.207978,-4.076463
29750_LOCTUDY,29750,LOCTUDY,47.82418,-4.187143
29550_PLONEVEZ-PORZAY -,29550,PLONEVEZ-PORZAY -,48.127711,-4.243349
29710_POULDREUZIC -,29710,POULDREUZIC -,47.962894,-4.367339
29390_SCAER,29390,SCAER,48.022928,-3.71839
29730_GUILVINEC -,29730,GUILVINEC -,47.799741,-4.285548
29720_PLOVAN,29720,PLOVAN,47.932119,-4.370812
29140_TOURCH -,29140,TOURCH -,48.024862,-3.826687
29600_MORLAIX -,29600,MORLAIX -,48.595154,-3.820202
29460_LOGONNA-DAOULAS -,29460,LOGONNA-DAOULAS -,48.328001,-4.295632
29300_ARZANO,29300,ARZANO,47.894432,-3.449798
29650_BOTSORHEL,29650,BOTSORHEL,48.515279,-3.636687
29530_PLONEVEZ-DU-FAOU,29530,PLONEVEZ-DU-FAOU,48.271505,-3.814869
29470_PLOUGASTEL-DAOULAS -,29470,PLOUGASTEL-DAOULAS -,48.366023,-4.393423
29490_GUIPAVAS -,29490,GUIPAVAS -,48.427633,-4.400446
29610_PLOUIGNEAU,29610,PLOUIGNEAU,48.571027,-3.722562
29760_PENMARCH -,29760,PENMARCH -,47.81157,-4.340832
29290_LANRIVOARE,29290,LANRIVOARE,48.459626,-4.641106
29460_DIRINON,29460,DIRINON,48.400058,-4.261652
29820_GUILERS -,29820,GUILERS -,48.420019,-4.559732
29190_PLEYBEN,29190,PLEYBEN,48.239335,-3.979163
29460_HANVEC,29460,HANVEC,48.327855,-4.155166
29800_TREFLEVENEZ,29800,TREFLEVENEZ,48.416309,-4.178428
29800_PLOUEDERN,29800,PLOUEDERN,48.481838,-4.253379
29300_REDENE,29300,REDENE,47.854421,-3.486202
29410_PLEYBER-CHRIST,29410,PLEYBER-CHRIST,48.510801,-3.872889
29450_LE TREHOU,29450,LE TREHOU,48.397452,-4.136486
29840_PORSPODER,29840,PORSPODER,48.500245,-4.754416
29880_PLOUGUERNEAU -,29880,PLOUGUERNEAU -,48.602129,-4.498391
29170_PLEUVEN -,29170,PLEUVEN -,,
29510_BRIEC,29510,BRIEC,48.096106,-4.002044
29180_PLOGONNEC -,29180,PLOGONNEC -,48.068265,-4.178697
29860_PLOUVIEN,29860,PLOUVIEN,48.531533,-4.474334
29100_KERLAZ,29100,KERLAZ,48.090458,-4.271327
29850_GOUESNOU -,29850,GOUESNOU -,48.443343,-4.462844
29470_PLOUGASTEL-DAOULAS,29470,PLOUGASTEL-DAOULAS,48.366023,-4.393423
29710_PLOZEVET,29710,PLOZEVET,47.980575,-4.416072
30630_GOUDARGUES,30630,GOUDARGUES,44.207396,4.460914
30620_AUBORD,30620,AUBORD,43.754275,4.319309
30200_BAGNOLS-SUR-CEZE,30200,BAGNOLS-SUR-CEZE,44.158426,4.624846
30210_COLLIAS,30210,COLLIAS,43.955608,4.481963
30210_FOURNES,30210,FOURNES,,
30980_LANGLADE,30980,LANGLADE,43.803213,4.258814
30700_UZES,30700,UZES,44.021276,4.415586
30840_MEYNES,30840,MEYNES,43.878992,4.557152
30900_NIMES -,30900,NIMES -,43.814652,4.356289
30650_ROCHEFORT-DU-GARD,30650,ROCHEFORT-DU-GARD,43.967659,4.703608
30700_UZES -,30700,UZES -,44.021276,4.415586
30570_VALLERAUGUE,30570,VALLERAUGUE,44.016183,3.675955
30760_AIGUEZE,30760,AIGUEZE,44.300787,4.552976
30300_BEAUCAIRE,30300,BEAUCAIRE,43.786319,4.601599
30250_LECQUES,30250,LECQUES,43.837427,4.061322
30900_NIMES,30900,NIMES,43.814652,4.356289
30300_FOURQUES,30300,FOURQUES,43.703699,4.606426
30310_VERGEZE,30310,VERGEZE,43.735258,4.225434
30190_SAINT-CHAPTES,30190,SAINT-CHAPTES,43.972044,4.279451
30400_VILLENEUVE-LES-AVIGNON,30400,VILLENEUVE-LES-AVIGNON,43.971657,4.777396
30390_ARAMON,30390,ARAMON,43.902284,4.685615
30580_LA BRUGUIERE,30580,LA BRUGUIERE,44.108576,4.413609
30360_CRUVIERS-LASCOURS,30360,CRUVIERS-LASCOURS,44.010263,4.196117
30500_SAINT-AMBROIX,30500,SAINT-AMBROIX,44.249598,4.196098
30510_GENERAC,30510,GENERAC,43.735852,4.348559
30150_ROQUEMAURE,30150,ROQUEMAURE,44.047145,4.765388
30700_SAINT-QUENTIN-LA-POTERIE,30700,SAINT-QUENTIN-LA-POTERIE,44.042148,4.439416
30600_VAUVERT -,30600,VAUVERT -,43.639023,4.285038
30220_AIGUES-MORTES,30220,AIGUES-MORTES,43.570851,4.191717
30133_LES ANGLES,30133,LES ANGLES,43.954493,4.766558
30260_CORCONNE,30260,CORCONNE,43.865829,3.933844
30210_SAINT-BONNET-DU-GARD,30210,SAINT-BONNET-DU-GARD,43.924263,4.543518
30800_SAINT-GILLES,30800,SAINT-GILLES,43.698432,4.411905
30500_SAINT-JULIEN-DE-CASSAGNAS,30500,SAINT-JULIEN-DE-CASSAGNAS,44.214054,4.198653
30250_SOMMIERES,30250,SOMMIERES,43.7787,4.080413
30120_LE VIGAN,30120,LE VIGAN,43.989777,3.630375
30200_ORSAN,30200,ORSAN,44.135049,4.664873
30210_VERS-PONT-DU-GARD,30210,VERS-PONT-DU-GARD,43.965037,4.520373
30470_AIMARGUES,30470,AIMARGUES,43.682054,4.205133
30100_ALES,30100,ALES,44.125356,4.089242
30140_ANDUZE,30140,ANDUZE,44.055006,3.98408
30500_ALLEGRE-LES-FUMADES,30500,ALLEGRE-LES-FUMADES,44.198457,4.233147
30540_MILHAUD,30540,MILHAUD,43.78904,4.314801
30260_GAILHAN,30260,GAILHAN,43.843045,4.027802
30210_SERNHAC,30210,SERNHAC,43.914278,4.558431
30430_MEJANNES-LE-CLAP,30430,MEJANNES-LE-CLAP,44.230838,4.349501
30240_LE GRAU-DU-ROI,30240,LE GRAU-DU-ROI,43.522096,4.145339
30610_LOGRIAN-FLORIAN,30610,LOGRIAN-FLORIAN,43.94485,4.0245
30250_SOMMIERES -,30250,SOMMIERES -,43.7787,4.080413
30210_SAINT-BONNET-DU-GARD -,30210,SAINT-BONNET-DU-GARD -,43.924263,4.543518
30270_SAINT-JEAN-DU-GARD,30270,SAINT-JEAN-DU-GARD,44.106961,3.882053
30160_BESSEGES,30160,BESSEGES,44.289182,4.106031
30600_VAUVERT,30600,VAUVERT,43.639023,4.285038
30430_SAINT-JEAN-DE-MARUEJOLS-ET-AVEJAN,30430,SAINT-JEAN-DE-MARUEJOLS-ET-AVEJAN,44.263739,4.298519
30440_SAINT-ROMAN-DE-CODIERES,30440,SAINT-ROMAN-DE-CODIERES,44.018432,3.77514
30760_LE GARN,30760,LE GARN,44.302239,4.469472
30430_BARJAC,30430,BARJAC,44.314621,4.34982
30200_BAGNOLS-SUR-CEZE -,30200,BAGNOLS-SUR-CEZE -,44.158426,4.624846
30190_SAINT-GENIES-DE-MALGOIRES,30190,SAINT-GENIES-DE-MALGOIRES,43.945252,4.216711
30700_BLAUZAC,30700,BLAUZAC,43.970825,4.377477
30140_BOISSET-ET-GAUJAC,30140,BOISSET-ET-GAUJAC,44.049992,4.023907
30420_CALVISSON,30420,CALVISSON,43.786178,4.19557
30480_CENDRAS,30480,CENDRAS,44.150788,4.035751
30530_CHAMBORIGAUD,30530,CHAMBORIGAUD,44.303556,3.972211
30450_GENOLHAC,30450,GENOLHAC,44.336551,3.959833
30460_LASALLE,30460,LASALLE,44.044664,3.847586
30350_LEZAN,30350,LEZAN,44.011058,4.047391
30320_MARGUERITTES,30320,MARGUERITTES,43.855716,4.449995
30130_PONT-SAINT-ESPRIT,30130,PONT-SAINT-ESPRIT,44.256493,4.641762
30720_RIBAUTE-LES-TAVERNES,30720,RIBAUTE-LES-TAVERNES,44.043737,4.084062
30560_SAINT-HILAIRE-DE-BRETHMAS,30560,SAINT-HILAIRE-DE-BRETHMAS,44.093183,4.122238
30340_SAINT-JULIEN-LES-ROSIERS,30340,SAINT-JULIEN-LES-ROSIERS,44.184679,4.104765
30520_SAINT-MARTIN-DE-VALGALGUES,30520,SAINT-MARTIN-DE-VALGALGUES,44.165144,4.076415
30480_SAINT-PAUL-LA-COSTE,30480,SAINT-PAUL-LA-COSTE,44.148471,3.976338
30750_SAINT-SAUVEUR-CAMPRIEU,30750,SAINT-SAUVEUR-CAMPRIEU,44.110694,3.468326
30360_VEZENOBRES,30360,VEZENOBRES,44.049792,4.136449
30120_ARRE -,30120,ARRE -,43.96733,3.518104
30250_AUBAIS,30250,AUBAIS,43.751354,4.149073
30127_BELLEGARDE,30127,BELLEGARDE,43.752857,4.495228
30820_CAVEIRAC,30820,CAVEIRAC,43.82966,4.268872
30200_CODOLET,30200,CODOLET,,
30110_LA GRAND-COMBE,30110,LA GRAND-COMBE,44.222827,4.018288
30340_MONS,30340,MONS,44.126558,4.178283
30190_MOUSSAC,30190,MOUSSAC,43.979205,4.225779
30340_LES PLANS,30340,LES PLANS,44.143067,4.210509
30260_QUISSAC,30260,QUISSAC,43.908632,3.997413
30210_REMOULINS,30210,REMOULINS,43.94005,4.565601
30940_SAINT-ANDRE-DE-VALBORGNE,30940,SAINT-ANDRE-DE-VALBORGNE,44.152376,3.688305
30320_SAINT-GERVASY,30320,SAINT-GERVASY,43.883084,4.466758
30170_SAINT-HIPPOLYTE-DU-FORT,30170,SAINT-HIPPOLYTE-DU-FORT,43.956803,3.867114
30620_UCHAUD,30620,UCHAUD,43.758222,4.267796
30610_SAUVE,30610,SAUVE,43.942853,3.962251
30250_JUNAS -,30250,JUNAS -,43.764095,4.123393
30140_ANDUZE -,30140,ANDUZE -,44.055006,3.98408
30260_SAINT-THEODORIT,30260,SAINT-THEODORIT,43.939271,4.082619
30240_LE GRAU-DU-ROI -,30240,LE GRAU-DU-ROI -,43.522096,4.145339
30100_ALES -,30100,ALES -,44.125356,4.089242
30570_NOTRE-DAME-DE-LA-ROUVIERE,30570,NOTRE-DAME-DE-LA-ROUVIERE,44.057888,3.686588
30190_SAINT-GENIES-DE-MALGOIRES -,30190,SAINT-GENIES-DE-MALGOIRES -,43.945252,4.216711
30129_REDESSAN -,30129,REDESSAN -,43.82641,4.502041
30700_SAINT-MAXIMIN,30700,SAINT-MAXIMIN,43.991496,4.447359
30750_DOURBIES -,30750,DOURBIES -,44.076539,3.485883
30580_LUSSAN -,30580,LUSSAN -,44.161459,4.359539
30740_LE CAILAR,30740,LE CAILAR,43.678516,4.238513
30540_MILHAUD -,30540,MILHAUD -,43.78904,4.314801
30340_MEJANNES-LES-ALES,30340,MEJANNES-LES-ALES,44.101136,4.14753
30200_CHUSCLAN,30200,CHUSCLAN,44.148506,4.682979
30200_SAINT-NAZAIRE -,30200,SAINT-NAZAIRE -,44.200755,4.62583
30190_BRIGNON,30190,BRIGNON,43.991605,4.217049
30700_SAINT-QUENTIN-LA-POTERIE -,30700,SAINT-QUENTIN-LA-POTERIE -,44.042148,4.439416
30870_CLARENSAC,30870,CLARENSAC,43.823177,4.223246
30210_LEDENON -,30210,LEDENON -,43.905303,4.516693
30800_SAINT-GILLES -,30800,SAINT-GILLES -,43.698432,4.411905
30310_VERGEZE -,30310,VERGEZE -,43.735258,4.225434
30120_MANDAGOUT,30120,MANDAGOUT,44.021546,3.627553
30250_SOUVIGNARGUES,30250,SOUVIGNARGUES,43.81336,4.127624
30630_GOUDARGUES -,30630,GOUDARGUES -,44.207396,4.460914
30640_BEAUVOISIN -,30640,BEAUVOISIN -,43.711538,4.317322
30610_SAUVE -,30610,SAUVE -,43.942853,3.962251
30980_LANGLADE -,30980,LANGLADE -,43.803213,4.258814
30530_PORTES,30530,PORTES,44.264541,4.030644
30650_ROCHEFORT-DU-GARD -,30650,ROCHEFORT-DU-GARD -,43.967659,4.703608
30220_SAINT-LAURENT-D'AIGOUZE -,30220,SAINT-LAURENT-D'AIGOUZE -,43.629433,4.196667
30140_THOIRAS,30140,THOIRAS,44.068357,3.926934
30520_SAINT-MARTIN-DE-VALGALGUES -,30520,SAINT-MARTIN-DE-VALGALGUES -,44.165144,4.076415
30300_COMPS,30300,COMPS,43.847758,4.59921
31160_ASPET,31160,ASPET,43.014595,0.805739
31130_BALMA,31130,BALMA,43.609803,1.50338
31110_BAGNERES-DE-LUCHON,31110,BAGNERES-DE-LUCHON,42.791807,0.592762
31700_BLAGNAC,31700,BLAGNAC,43.637566,1.383011
31350_BOULOGNE-SUR-GESSE,31350,BOULOGNE-SUR-GESSE,43.280794,0.64313
31350_BLAJAN,31350,BLAJAN,43.260128,0.652416
31550_CINTEGABELLE,31550,CINTEGABELLE,43.304909,1.538049
31860_LABARTHE-SUR-LEZE,31860,LABARTHE-SUR-LEZE,43.457071,1.399357
31500_TOULOUSE -,31500,TOULOUSE -,43.604082,1.433805
31430_LE FOUSSERET,31430,LE FOUSSERET,43.289928,1.070111
31320_PECHABOU,31320,PECHABOU,43.503088,1.513317
31820_PIBRAC,31820,PIBRAC,43.623978,1.261344
31290_RENNEVILLE,31290,RENNEVILLE,43.383441,1.726146
31520_RAMONVILLE-SAINT-AGNE,31520,RAMONVILLE-SAINT-AGNE,43.544393,1.474783
31120_ROQUETTES,31120,ROQUETTES,43.495308,1.3722
31140_SAINT-ALBAN,31140,SAINT-ALBAN,43.695387,1.412961
31500_TOULOUSE,31500,TOULOUSE,43.604082,1.433805
31240_L'UNION,31240,L'UNION,43.651266,1.481564
31140_AUCAMVILLE,31140,AUCAMVILLE,43.671042,1.42296
31770_COLOMIERS,31770,COLOMIERS,43.609804,1.32962
31620_FRONTON,31620,FRONTON,43.843151,1.357918
31430_GRATENS,31430,GRATENS,43.325913,1.123272
31250_REVEL,31250,REVEL,43.467366,1.99181
31800_SAINT-GAUDENS,31800,SAINT-GAUDENS,43.120066,0.727303
31380_AZAS -,31380,AZAS -,43.716798,1.673365
31880_LA SALVETAT-SAINT-GILLES,31880,LA SALVETAT-SAINT-GILLES,43.575426,1.264975
31670_LABEGE,31670,LABEGE,43.541148,1.52312
31280_MONS,31280,MONS,43.609761,1.575576
31150_GAGNAC-SUR-GARONNE,31150,GAGNAC-SUR-GARONNE,43.703288,1.374614
31600_MURET -,31600,MURET -,43.446371,1.298368
31120_PORTET-SUR-GARONNE,31120,PORTET-SUR-GARONNE,43.529131,1.396832
31350_SAMAN,31350,SAMAN,43.238017,0.723886
31600_SEYSSES,31600,SEYSSES,43.496959,1.2923
31170_TOURNEFEUILLE,31170,TOURNEFEUILLE,43.573424,1.33431
31290_VILLEFRANCHE-DE-LAURAGAIS,31290,VILLEFRANCHE-DE-LAURAGAIS,43.402111,1.711847
31340_VILLEMUR-SUR-TARN,31340,VILLEMUR-SUR-TARN,43.856666,1.482411
31800_VILLENEUVE-DE-RIVIERE,31800,VILLENEUVE-DE-RIVIERE,43.123409,0.66936
31290_VILLENOUVELLE,31290,VILLENOUVELLE,43.435787,1.660254
31280_AIGREFEUILLE,31280,AIGREFEUILLE,43.570226,1.586858
31520_RAMONVILLE-SAINT-AGNE -,31520,RAMONVILLE-SAINT-AGNE -,43.544393,1.474783
31780_CASTELGINEST,31780,CASTELGINEST,43.697656,1.438378
31220_CAZERES,31220,CAZERES,43.217426,1.10144
31270_CUGNAUX,31270,CUGNAUX,43.544795,1.345341
31150_FENOUILLET,31150,FENOUILLET,43.684428,1.391485
31470_FONSORBES,31470,FONSORBES,43.534111,1.239738
31330_GRENADE,31330,GRENADE,43.764143,1.289286
31600_MURET,31600,MURET,43.446371,1.298368
31560_NAILLOUX,31560,NAILLOUX,43.366865,1.620608
31240_SAINT-JEAN,31240,SAINT-JEAN,43.663804,1.504406
31650_SAINT-ORENS-DE-GAMEVILLE,31650,SAINT-ORENS-DE-GAMEVILLE,43.55337,1.531735
31880_LA SALVETAT-SAINT-GILLES -,31880,LA SALVETAT-SAINT-GILLES -,43.575426,1.264975
31270_VILLENEUVE-TOLOSANE,31270,VILLENEUVE-TOLOSANE,43.526285,1.347859
31560_CALMONT,31560,CALMONT,43.287222,1.612976
31150_BRUGUIERES,31150,BRUGUIERES,43.724744,1.41135
31260_CASSAGNE,31260,CASSAGNE,43.125454,0.989643
31290_LAGARDE,31290,LAGARDE,43.353943,1.697148
31750_ESCALQUENS,31750,ESCALQUENS,43.521148,1.556772
31410_MAUZAC,31410,MAUZAC,43.373593,1.297726
31270_FROUZINS,31270,FROUZINS,43.519529,1.313836
31450_MONTGISCARD,31450,MONTGISCARD,43.451481,1.56821
31330_LAUNAC,31330,LAUNAC,43.748176,1.18071
31130_PIN-BALMA,31130,PIN-BALMA,43.623774,1.535367
31380_MONTASTRUC-LA-CONSEILLERE,31380,MONTASTRUC-LA-CONSEILLERE,43.717457,1.591644
31120_PINSAGUEL,31120,PINSAGUEL,43.500239,1.39149
31540_SAINT-JULIA,31540,SAINT-JULIA,43.496266,1.894144
31310_RIEUX-VOLVESTRE,31310,RIEUX-VOLVESTRE,43.254275,1.207402
31840_SEILH,31840,SEILH,43.690199,1.355657
31510_SAUVETERRE-DE-COMMINGES,31510,SAUVETERRE-DE-COMMINGES,43.037383,0.67331
31660_BESSIERES,31660,BESSIERES,43.797183,1.585031
31210_MONTREJEAU,31210,MONTREJEAU,43.08795,0.559586
31260_SALIES-DU-SALAT,31260,SALIES-DU-SALAT,43.101634,0.961513
31190_MAUVAISIN,31190,MAUVAISIN,43.366092,1.542532
31850_MONDOUZIL,31850,MONDOUZIL,43.634433,1.562822
31510_SAINT-BERTRAND-DE-COMMINGES,31510,SAINT-BERTRAND-DE-COMMINGES,43.026498,0.565901
31800_ESTANCARBON,31800,ESTANCARBON,43.111991,0.778757
31420_AURIGNAC,31420,AURIGNAC,43.215717,0.884997
31560_GIBEL,31560,GIBEL,43.298322,1.67874
31790_SAINT-JORY,31790,SAINT-JORY,43.740059,1.365366
31470_CAMBERNARD -,31470,CAMBERNARD -,43.465227,1.180096
31430_GRATENS -,31430,GRATENS -,43.325913,1.123272
31580_LARROQUE -,31580,LARROQUE -,43.195176,0.612371
31210_GOURDAN-POLIGNAN,31210,GOURDAN-POLIGNAN,43.07154,0.579931
31810_VENERQUE,31810,VENERQUE,43.434612,1.45692
31460_CARAMAN,31460,CARAMAN,43.534939,1.749113
31550_GAILLAC-TOULZA,31550,GAILLAC-TOULZA,43.257281,1.454653
31360_BOUSSENS,31360,BOUSSENS,43.176715,0.959824
31350_CARDEILHAC,31350,CARDEILHAC,43.199441,0.685488
31340_LA MAGDELAINE-SUR-TARN,31340,LA MAGDELAINE-SUR-TARN,43.813045,1.539922
31290_AVIGNONET-LAURAGAIS,31290,AVIGNONET-LAURAGAIS,43.382512,1.769047
31700_BLAGNAC -,31700,BLAGNAC -,43.637566,1.383011
31420_ALAN,31420,ALAN,43.219205,0.934224
31870_LAGARDELLE-SUR-LEZE,31870,LAGARDELLE-SUR-LEZE,43.413065,1.393557
31290_VILLEFRANCHE-DE-LAURAGAIS -,31290,VILLEFRANCHE-DE-LAURAGAIS -,43.402111,1.711847
31840_AUSSONNE -,31840,AUSSONNE -,43.686029,1.332032
31510_BARBAZAN -,31510,BARBAZAN -,43.034701,0.618907
31700_CORNEBARRIEU,31700,CORNEBARRIEU,43.649903,1.315701
31430_CASTELNAU-PICAMPEAU,31430,CASTELNAU-PICAMPEAU,43.30535,1.015871
31620_GARGAS,31620,GARGAS,43.76137,1.463058
31850_MONTRABE,31850,MONTRABE,43.64325,1.527668
31330_LE BURGAUD,31330,LE BURGAUD,43.788857,1.157285
31110_BAGNERES-DE-LUCHON -,31110,BAGNERES-DE-LUCHON -,42.791807,0.592762
31540_SAINT-FELIX-LAURAGAIS,31540,SAINT-FELIX-LAURAGAIS,43.447808,1.911944
31800_SAINT-GAUDENS -,31800,SAINT-GAUDENS -,43.120066,0.727303
31130_BALMA -,31130,BALMA -,43.609803,1.50338
31460_CARAMAN -,31460,CARAMAN -,43.534939,1.749113
31130_QUINT-FONSEGRIVES,31130,QUINT-FONSEGRIVES,43.583132,1.536057
31830_PLAISANCE-DU-TOUCH,31830,PLAISANCE-DU-TOUCH,43.565496,1.28632
31810_VERNET,31810,VERNET,43.429056,1.422795
31410_NOE,31410,NOE,43.360791,1.267343
31330_LE BURGAUD -,31330,LE BURGAUD -,43.788857,1.157285
31340_MIREPOIX-SUR-TARN,31340,MIREPOIX-SUR-TARN,43.815923,1.57005
31470_SAINT-LYS,31470,SAINT-LYS,43.512589,1.193048
31650_SAINT-ORENS-DE-GAMEVILLE -,31650,SAINT-ORENS-DE-GAMEVILLE -,43.55337,1.531735
31150_BRUGUIERES -,31150,BRUGUIERES -,43.724744,1.41135
31480_COX,31480,COX,43.763289,1.045504
31670_LABEGE -,31670,LABEGE -,43.541148,1.52312
31150_GRATENTOUR,31150,GRATENTOUR,43.721218,1.433433
31620_CASTELNAU-D'ESTRETEFONDS,31620,CASTELNAU-D'ESTRETEFONDS,43.792414,1.354234
31450_LABASTIDE-BEAUVOIR,31450,LABASTIDE-BEAUVOIR,43.477004,1.668712
31140_FONBEAUZARD,31140,FONBEAUZARD,43.67944,1.436147
31480_CAUBIAC,31480,CAUBIAC,43.715971,1.081768
31230_MAUVEZIN,31230,MAUVEZIN,43.385609,0.921605
31660_BESSIERES -,31660,BESSIERES -,43.797183,1.585031
31700_MONDONVILLE,31700,MONDONVILLE,43.664189,1.286335
31570_BOURG-SAINT-BERNARD -,31570,BOURG-SAINT-BERNARD -,43.607911,1.692216
31450_LABASTIDE-BEAUVOIR -,31450,LABASTIDE-BEAUVOIR -,43.477004,1.668712
31250_REVEL -,31250,REVEL -,43.467366,1.99181
31420_SAINT-ANDRE -,31420,SAINT-ANDRE -,43.277659,0.851112
31530_SAINT-PAUL-SUR-SAVE,31530,SAINT-PAUL-SUR-SAVE,43.701266,1.217491
31410_SAINT-SULPICE-SUR-LEZE -,31410,SAINT-SULPICE-SUR-LEZE -,43.326307,1.32557
31340_VILLEMATIER -,31340,VILLEMATIER -,43.838324,1.492875
31330_MERVILLE,31330,MERVILLE,43.723375,1.297893
31190_CAUJAC,31190,CAUJAC,43.300757,1.467709
31330_GRENADE -,31330,GRENADE -,43.764143,1.289286
31380_BAZUS,31380,BAZUS,43.729432,1.516587
31840_AUSSONNE,31840,AUSSONNE,43.686029,1.332032
31810_CLERMONT-LE-FORT,31810,CLERMONT-LE-FORT,43.458918,1.437851
31440_MARIGNAC,31440,MARIGNAC,42.916228,0.656072
31170_TOURNEFEUILLE -,31170,TOURNEFEUILLE -,43.573424,1.33431
31810_VERNET -,31810,VERNET -,43.429056,1.422795
32100_CONDOM,32100,CONDOM,43.967877,0.378942
32200_GIMONT,32200,GIMONT,43.614039,0.872003
32360_JEGUN,32360,JEGUN,43.762065,0.434786
32220_LOMBEZ -,32220,LOMBEZ -,43.470377,0.906114
32230_MARCIAC,32230,MARCIAC,43.520886,0.160328
32600_SEGOUFIELLE,32600,SEGOUFIELLE,43.633101,1.132909
32310_VALENCE-SUR-BAISE,32310,VALENCE-SUR-BAISE,43.868504,0.373429
32110_NOGARO,32110,NOGARO,43.762834,-0.028785
32550_PAVIE,32550,PAVIE,43.60492,0.589194
32810_AUCH,32810,AUCH,43.697369,0.639346
32430_COLOGNE,32430,COLOGNE,43.720629,0.977709
32800_EAUZE,32800,EAUZE,43.860735,0.099517
32600_L'ISLE-JOURDAIN -,32600,L'ISLE-JOURDAIN -,43.613719,1.083301
32300_LOUBERSAN,32300,LOUBERSAN,43.499881,0.506374
32140_MASSEUBE,32140,MASSEUBE,43.432032,0.584901
32320_MONTESQUIOU,32320,MONTESQUIOU,43.577469,0.326693
32380_SAINT-CLAR,32380,SAINT-CLAR,43.895262,0.758747
32170_MIELAN,32170,MIELAN,43.426814,0.306824
32360_LAVARDENS,32360,LAVARDENS,43.760399,0.517817
32150_CAZAUBON,32150,CAZAUBON,43.924853,-0.025946
32420_SIMORRE,32420,SIMORRE,43.454343,0.734484
32700_LECTOURE,32700,LECTOURE,43.943326,0.648654
32490_MONFERRAN-SAVES,32490,MONFERRAN-SAVES,43.611643,0.989006
32130_SAMATAN -,32130,SAMATAN -,43.500878,0.940096
32250_MONTREAL,32250,MONTREAL,43.952633,0.211957
32190_VIC-FEZENSAC,32190,VIC-FEZENSAC,43.763544,0.30262
32600_PUJAUDRAN,32600,PUJAUDRAN,43.590239,1.170166
32400_RISCLE,32400,RISCLE,43.638874,-0.077774
32300_SAINTE-AURENCE-CAZAUX,32300,SAINTE-AURENCE-CAZAUX,43.373223,0.425526
32550_SAINT-JEAN-LE-COMTAL,32550,SAINT-JEAN-LE-COMTAL,43.575905,0.514203
32300_SAINT-MARTIN,32300,SAINT-MARTIN,43.508662,0.376642
32260_SEISSAN,32260,SEISSAN,43.492677,0.575126
32330_LAGRAULET-DU-GERS,32330,LAGRAULET-DU-GERS,43.884837,0.192377
32300_BERDOUES,32300,BERDOUES,43.478728,0.3937
32500_FLEURANCE,32500,FLEURANCE,43.844714,0.647937
32270_CRASTES,32270,CRASTES,43.720792,0.729448
32810_LAHITTE,32810,LAHITTE,43.658545,0.677264
32220_LOMBEZ,32220,LOMBEZ,43.470377,0.906114
32120_MAUVEZIN,32120,MAUVEZIN,43.730982,0.869418
32450_SARAMON,32450,SARAMON,43.5184,0.760949
32320_BASSOUES,32320,BASSOUES,43.579927,0.246908
32410_CASTERA-VERDUZAN,32410,CASTERA-VERDUZAN,43.805103,0.432431
32240_ESTANG,32240,ESTANG,43.876429,-0.107243
32330_GONDRIN,32330,GONDRIN,43.877688,0.270352
32400_TERMES-D'ARMAGNAC,32400,TERMES-D'ARMAGNAC,43.672421,-0.013673
32290_AIGNAN,32290,AIGNAN,43.698343,0.077779
32300_MIRANDE,32300,MIRANDE,43.522079,0.407719
32120_MAUVEZIN -,32120,MAUVEZIN -,43.730982,0.869418
32130_SAMATAN,32130,SAMATAN,43.500878,0.940096
32600_AURADE -,32600,AURADE -,43.5581,1.080004
32300_SAINT-MEDARD,32300,SAINT-MEDARD,43.489499,0.461253
32140_SAINT-BLANCARD,32140,SAINT-BLANCARD,43.343577,0.651875
32600_L'ISLE-JOURDAIN,32600,L'ISLE-JOURDAIN,43.613719,1.083301
32260_ORBESSAN,32260,ORBESSAN,43.548406,0.610013
32350_BARRAN,32350,BARRAN,43.620697,0.44467
32480_POUY-ROQUELAURE,32480,POUY-ROQUELAURE,44.035965,0.518855
32480_LA ROMIEU,32480,LA ROMIEU,43.982333,0.504506
32290_LUPIAC,32290,LUPIAC,43.67595,0.183648
32250_FOURCES,32250,FOURCES,43.999751,0.242464
32550_AUTERIVE,32550,AUTERIVE,43.583315,0.6196
32160_PLAISANCE,32160,PLAISANCE,43.598314,0.045084
32120_SARRANT,32120,SARRANT,43.774377,0.926551
32190_BELMONT -,32190,BELMONT -,43.689181,0.24156
32250_MONTREAL -,32250,MONTREAL -,43.952633,0.211957
32230_MARCIAC -,32230,MARCIAC -,43.520886,0.160328
32130_POMPIAC -,32130,POMPIAC -,43.514236,1.00112
32450_SAINT-ELIX -,32450,SAINT-ELIX -,43.492141,0.770155
32290_LOUSSOUS-DEBAT -,32290,LOUSSOUS-DEBAT -,43.658329,0.087453
32350_ORDAN-LARROQUE,32350,ORDAN-LARROQUE,43.671881,0.473777
32390_SAINTE-CHRISTIE,32390,SAINTE-CHRISTIE,43.755681,0.629831
32190_VIC-FEZENSAC -,32190,VIC-FEZENSAC -,43.763544,0.30262
32350_BIRAN,32350,BIRAN,43.698289,0.41995
32110_PANJAS,32110,PANJAS,43.823308,-0.074929
32550_MONTEGUT,32550,MONTEGUT,43.639304,0.664695
32340_SAINT-ANTOINE,32340,SAINT-ANTOINE,44.03092,0.836317
32120_AUGNAX,32120,AUGNAX,43.724162,0.777177
32720_BARCELONNE-DU-GERS,32720,BARCELONNE-DU-GERS,43.693412,-0.198036
32410_AYGUETINTE -,32410,AYGUETINTE -,43.837765,0.425768
32410_AYGUETINTE,32410,AYGUETINTE,43.837765,0.425768
32460_LE HOUGA -,32460,LE HOUGA -,43.778381,-0.183695
32120_LABRIHE,32120,LABRIHE,43.757179,0.882012
32220_MONTPEZAT,32220,MONTPEZAT,43.392186,0.973356
32500_PAUILHAC,32500,PAUILHAC,43.895747,0.611327
32400_SAINT-GERME,32400,SAINT-GERME,43.682233,-0.142199
32700_SAINT-MEZARD -,32700,SAINT-MEZARD -,44.031956,0.58956
32200_CATONVIELLE -,32200,CATONVIELLE -,43.655779,0.963533
32300_LABEJAN,32300,LABEJAN,43.538503,0.512888
32160_PLAISANCE -,32160,PLAISANCE -,43.598314,0.045084
32270_NOUGAROULET,32270,NOUGAROULET,43.691482,0.723888
32810_CASTIN,32810,CASTIN,43.690287,0.537127
32810_LEBOULIN,32810,LEBOULIN,43.667213,0.664637
32340_MIRADOUX,32340,MIRADOUX,43.9908,0.764184
32310_SAINT-PUY -,32310,SAINT-PUY -,43.873534,0.455811
32390_MONTESTRUC-SUR-GERS,32390,MONTESTRUC-SUR-GERS,43.795865,0.63066
32600_PUJAUDRAN -,32600,PUJAUDRAN -,43.590239,1.170166
32160_BEAUMARCHES,32160,BEAUMARCHES,43.590081,0.104374
32110_NOGARO -,32110,NOGARO -,43.762834,-0.028785
32600_RAZENGUES -,32600,RAZENGUES -,43.641131,0.993268
32700_LECTOURE -,32700,LECTOURE -,43.943326,0.648654
32810_MONTAUT-LES-CRENEAUX,32810,MONTAUT-LES-CRENEAUX,43.688663,0.657598
32260_ORNEZAN,32260,ORNEZAN,43.512737,0.592144
32400_VIELLA,32400,VIELLA,43.599688,-0.139607
32500_BRUGNENS,32500,BRUGNENS,43.840694,0.724985
32340_MIRADOUX -,32340,MIRADOUX -,43.9908,0.764184
32190_BELMONT,32190,BELMONT,43.689181,0.24156
32290_BOUZON-GELLENAVE,32290,BOUZON-GELLENAVE,43.691898,0.031478
32290_SABAZAN,32290,SABAZAN,43.711634,0.046115
32400_SAINT-MONT -,32400,SAINT-MONT -,43.650086,-0.147531
32110_SAINT-MARTIN-D'ARMAGNAC,32110,SAINT-MARTIN-D'ARMAGNAC,43.709446,-0.066683
32810_AUCH -,32810,AUCH -,43.697369,0.639346
32260_SEISSAN -,32260,SEISSAN -,43.492677,0.575126
32320_CASTELNAU-D'ANGLES -,32320,CASTELNAU-D'ANGLES -,43.608121,0.295699
32330_COURRENSAN -,32330,COURRENSAN -,43.846723,0.244355
32420_PELLEFIGUE,32420,PELLEFIGUE,43.474526,0.793328
32380_SAINT-CLAR -,32380,SAINT-CLAR -,43.895262,0.758747
32270_SAINT-SAUVY,32270,SAINT-SAUVY,43.689755,0.809092
0_CONDOM,0,CONDOM,,
32500_BRUGNENS -,32500,BRUGNENS -,43.840694,0.724985
32400_IZOTGES,32400,IZOTGES,43.652164,-0.013217
32430_TOUGET,32430,TOUGET,43.680481,0.910164
32360_PEYRUSSE-MASSAS,32360,PEYRUSSE-MASSAS,43.738396,0.559613
32290_AIGNAN -,32290,AIGNAN -,43.698343,0.077779
34300_AGDE,34300,AGDE,43.302779,3.484797
34290_ALIGNAN-DU-VENT,34290,ALIGNAN-DU-VENT,43.473673,3.333523
34500_BEZIERS,34500,BEZIERS,43.343264,3.233465
34700_LE BOSC,34700,LE BOSC,43.700148,3.37096
34190_BRISSAC,34190,BRISSAC,43.885997,3.703741
34310_CAPESTANG,34310,CAPESTANG,43.319273,3.071682
34600_FAUGERES,34600,FAUGERES,43.569165,3.188328
34800_CLERMONT-L'HERAULT,34800,CLERMONT-L'HERAULT,43.624882,3.434616
34440_COLOMBIERS,34440,COLOMBIERS,43.313579,3.145229
34920_LE CRES,34920,LE CRES,43.652827,3.937288
34970_LATTES -,34970,LATTES -,43.570523,3.900373
34090_MONTPELLIER,34090,MONTPELLIER,43.610476,3.87048
34290_MONTBLANC,34290,MONTBLANC,43.388646,3.36991
34980_MURLES,34980,MURLES,43.686737,3.743971
34480_PUIMISSON,34480,PUIMISSON,43.439147,3.208743
34420_PORTIRAGNES,34420,PORTIRAGNES,43.297696,3.344837
34200_SETE,34200,SETE,43.40682,3.687298
34220_SAINT-PONS-DE-THOMIERES,34220,SAINT-PONS-DE-THOMIERES,43.486639,2.761718
34120_TOURBES,34120,TOURBES,43.444859,3.379889
34160_SAUSSINES,34160,SAUSSINES,43.761324,4.055305
34270_VACQUIERES,34270,VACQUIERES,43.829666,3.943748
34350_VALRAS-PLAGE,34350,VALRAS-PLAGE,43.246087,3.284594
34410_SERIGNAN,34410,SERIGNAN,43.264256,3.296132
34150_ANIANE,34150,ANIANE,43.680894,3.583731
34090_MONTPELLIER -,34090,MONTPELLIER -,43.610476,3.87048
34760_BOUJAN-SUR-LIBRON,34760,BOUJAN-SUR-LIBRON,43.37004,3.249303
34800_CANET,34800,CANET,43.604746,3.485675
34370_CAZOULS-LES-BEZIERS,34370,CAZOULS-LES-BEZIERS,43.393509,3.103171
34110_FRONTIGNAN,34110,FRONTIGNAN,43.443309,3.755072
34480_LAURENS,34480,LAURENS,43.522331,3.196573
34490_LIGNAN-SUR-ORB,34490,LIGNAN-SUR-ORB,43.382554,3.172183
34140_MEZE,34140,MEZE,43.435562,3.584267
34390_MONS-LA-TRIVALLE,34390,MONS-LA-TRIVALLE,43.596735,3.415466
34150_MONTPEYROUX,34150,MONTPEYROUX,43.692441,3.502642
34250_PALAVAS-LES-FLOTS,34250,PALAVAS-LES-FLOTS,43.532464,3.93631
34810_POMEROLS,34810,POMEROLS,43.392662,3.504744
34360_SAINT-CHINIAN,34360,SAINT-CHINIAN,43.422493,2.934892
34980_SAINT-GELY-DU-FESC,34980,SAINT-GELY-DU-FESC,43.685148,3.813999
34730_SAINT-VINCENT-DE-BARBEYRARGUES,34730,SAINT-VINCENT-DE-BARBEYRARGUES,43.70671,3.877048
34330_LA SALVETAT-SUR-AGOUT,34330,LA SALVETAT-SUR-AGOUT,43.607176,2.683864
34490_THEZAN-LES-BEZIERS,34490,THEZAN-LES-BEZIERS,43.415967,3.166091
34480_AUTIGNAC,34480,AUTIGNAC,43.498851,3.170267
34540_BALARUC-LES-BAINS,34540,BALARUC-LES-BAINS,43.446804,3.690774
34290_BASSAN,34290,BASSAN,43.410096,3.252188
34140_BOUZIGUES,34140,BOUZIGUES,43.45196,3.653323
34970_LATTES,34970,LATTES,43.570523,3.900373
34700_LODEVE,34700,LODEVE,43.731146,3.313903
34340_MARSEILLAN,34340,MARSEILLAN,43.338729,3.536135
34530_MONTAGNAC,34530,MONTAGNAC,43.480652,3.481773
34110_MIREVAL,34110,MIREVAL,43.510359,3.80305
34490_PAILHES,34490,PAILHES,43.433816,3.187612
34850_PINET,34850,PINET,43.405331,3.505749
34570_PIGNAN,34570,PIGNAN,43.578257,3.753166
34560_POUSSAN,34560,POUSSAN,43.481096,3.677473
34460_ROQUEBRUN,34460,ROQUEBRUN,43.499359,2.996385
34490_SAINT-NAZAIRE-DE-LADAREZ,34490,SAINT-NAZAIRE-DE-LADAREZ,43.510603,3.075017
34380_VIOLS-LE-FORT,34380,VIOLS-LE-FORT,43.741901,3.697866
34500_BEZIERS -,34500,BEZIERS -,43.343264,3.233465
34600_BEDARIEUX,34600,BEDARIEUX,43.613706,3.154586
34420_CERS,34420,CERS,43.326346,3.31309
34460_CESSENON-SUR-ORB,34460,CESSENON-SUR-ORB,43.45125,3.063117
34690_FABREGUES,34690,FABREGUES,43.543417,3.771948
34210_FELINES-MINERVOIS,34210,FELINES-MINERVOIS,43.346538,2.601965
34270_CLARET,34270,CLARET,43.859984,3.896718
34510_FLORENSAC,34510,FLORENSAC,43.390939,3.463614
34770_GIGEAN,34770,GIGEAN,43.493648,3.710151
34150_GIGNAC,34150,GIGNAC,43.648197,3.564847
34480_MAGALAS,34480,MAGALAS,43.47122,3.217121
34590_MARSILLARGUES,34590,MARSILLARGUES,43.607696,4.165214
34390_OLARGUES,34390,OLARGUES,43.552507,2.91068
34210_OUPIA,34210,OUPIA,43.289563,2.768129
34470_PEROLS,34470,PEROLS,43.567221,3.95229
34120_PEZENAS,34120,PEZENAS,43.456901,3.418941
34190_SAINT-BAUZILLE-DE-PUTOIS,34190,SAINT-BAUZILLE-DE-PUTOIS,43.896471,3.739126
34390_SAINT-VINCENT-D'OLARGUES,34390,SAINT-VINCENT-D'OLARGUES,43.559691,2.87969
34725_SAINT-FELIX-DE-LODEZ,34725,SAINT-FELIX-DE-LODEZ,43.664404,3.459331
34160_SUSSARGUES,34160,SUSSARGUES,43.709063,4.00308
34350_VENDRES,34350,VENDRES,43.26519,3.240806
34550_BESSAN,34550,BESSAN,43.364862,3.418577
34830_CLAPIERS,34830,CLAPIERS,43.657153,3.887552
34920_LE CRES -,34920,LE CRES -,43.652827,3.937288
34560_MONTBAZIN,34560,MONTBAZIN,43.515435,3.697092
34230_PAULHAN,34230,PAULHAN,43.542006,3.464212
34480_POUZOLLES,34480,POUZOLLES,43.484022,3.279607
34730_PRADES-LE-LEZ,34730,PRADES-LE-LEZ,43.694458,3.870487
34160_SAINT-JEAN-DE-CORNIES,34160,SAINT-JEAN-DE-CORNIES,43.744038,4.000096
34390_SAINT-JULIEN,34390,SAINT-JULIEN,43.568719,2.908323
34380_SAINT-MARTIN-DE-LONDRES,34380,SAINT-MARTIN-DE-LONDRES,43.798489,3.724266
34600_VILLEMAGNE-L'ARGENTIERE,34600,VILLEMAGNE-L'ARGENTIERE,43.611889,3.119834
34570_VAILHAUQUES,34570,VAILHAUQUES,43.661383,3.729411
34270_VALFLAUNES,34270,VALFLAUNES,43.799883,3.867322
34750_VILLENEUVE-LES-MAGUELONE,34750,VILLENEUVE-LES-MAGUELONE,43.534892,3.853404
34450_VIAS,34450,VIAS,43.301474,3.395237
34400_LUNEL -,34400,LUNEL -,43.682153,4.134762
34120_NEZIGNAN-L'EVEQUE,34120,NEZIGNAN-L'EVEQUE,43.422367,3.408405
34800_OCTON,34800,OCTON,43.655305,3.311964
34610_SAINT-GERVAIS-SUR-MARE,34610,SAINT-GERVAIS-SUR-MARE,43.661191,3.055116
34210_FERRALS-LES-MONTAGNES,34210,FERRALS-LES-MONTAGNES,43.416734,2.643007
34380_SAINT-JEAN-DE-BUEGES,34380,SAINT-JEAN-DE-BUEGES,43.828479,3.617092
34800_SALASC,34800,SALASC,43.62647,3.320377
34200_SETE -,34200,SETE -,43.40682,3.687298
34700_SOUBES,34700,SOUBES,43.767573,3.348746
34520_LE CAYLAR,34520,LE CAYLAR,43.861792,3.31781
34160_CASTRIES -,34160,CASTRIES -,43.685056,3.98781
34280_LA GRANDE-MOTTE -,34280,LA GRANDE-MOTTE -,43.564716,4.076445
34160_CASTRIES,34160,CASTRIES,43.685056,3.98781
34120_CASTELNAU-DE-GUERS,34120,CASTELNAU-DE-GUERS,43.437431,3.438623
34170_CASTELNAU-LE-LEZ,34170,CASTELNAU-LE-LEZ,43.637384,3.910191
34660_COURNONTERRAL -,34660,COURNONTERRAL -,43.558927,3.725166
34360_CEBAZAN,34360,CEBAZAN,43.408032,2.97262
34830_JACOU,34830,JACOU,43.661365,3.914198
34680_SAINT-GEORGES-D'ORQUES -,34680,SAINT-GEORGES-D'ORQUES -,43.616904,3.776499
34220_RIOLS,34220,RIOLS,43.501863,2.800906
34270_SAINT-MATHIEU-DE-TREVIERS,34270,SAINT-MATHIEU-DE-TREVIERS,43.77306,3.868716
34570_SAUSSAN,34570,SAUSSAN,43.57055,3.775975
34820_TEYRAN,34820,TEYRAN,43.682693,3.93011
34110_FRONTIGNAN -,34110,FRONTIGNAN -,43.443309,3.755072
34390_COLOMBIERES-SUR-ORB,34390,COLOMBIERES-SUR-ORB,43.579101,3.013353
34990_JUVIGNAC,34990,JUVIGNAC,43.620712,3.801257
34420_PORTIRAGNES -,34420,PORTIRAGNES -,43.297696,3.344837
34160_SAINT-DREZERY,34160,SAINT-DREZERY,43.731262,3.97639
34390_PREMIAN,34390,PREMIAN,43.529254,2.826408
34430_SAINT-JEAN-DE-VEDAS,34430,SAINT-JEAN-DE-VEDAS,43.574701,3.832007
34725_SAINT-ANDRE-DE-SANGONIS,34725,SAINT-ANDRE-DE-SANGONIS,43.643902,3.502577
34230_SAINT-PARGOIRE,34230,SAINT-PARGOIRE,43.525696,3.531663
34540_BALARUC-LE-VIEUX,34540,BALARUC-LE-VIEUX,43.466263,3.689893
34140_MEZE -,34140,MEZE -,43.435562,3.584267
34130_SAINT-AUNES,34130,SAINT-AUNES,43.63586,3.962108
34400_SAINT-NAZAIRE-DE-PEZAN,34400,SAINT-NAZAIRE-DE-PEZAN,43.644968,4.115095
34250_PALAVAS-LES-FLOTS -,34250,PALAVAS-LES-FLOTS -,43.532464,3.93631
34150_GIGNAC -,34150,GIGNAC -,43.648197,3.564847
34430_SAINT-JEAN-DE-VEDAS -,34430,SAINT-JEAN-DE-VEDAS -,43.574701,3.832007
34150_SAINT-JEAN-DE-FOS,34150,SAINT-JEAN-DE-FOS,43.696858,3.557187
34800_OCTON -,34800,OCTON -,43.655305,3.311964
34520_LA VACQUERIE-ET-SAINT-MARTIN-DE-CASTRIES,34520,LA VACQUERIE-ET-SAINT-MARTIN-DE-CASTRIES,43.790273,3.458838
34600_VILLEMAGNE-L'ARGENTIERE -,34600,VILLEMAGNE-L'ARGENTIERE -,43.611889,3.119834
34470_PEROLS -,34470,PEROLS -,43.567221,3.95229
34290_SERVIAN -,34290,SERVIAN -,43.419696,3.308856
34210_OLONZAC,34210,OLONZAC,43.285866,2.726519
34300_AGDE -,34300,AGDE -,43.302779,3.484797
34360_SAINT-CHINIAN -,34360,SAINT-CHINIAN -,43.422493,2.934892
34270_LES MATELLES,34270,LES MATELLES,43.728348,3.814723
34460_CAZEDARNES -,34460,CAZEDARNES -,43.426132,3.035575
34450_VIAS -,34450,VIAS -,43.301474,3.395237
34370_MARAUSSAN,34370,MARAUSSAN,43.364911,3.160532
34280_LA GRANDE-MOTTE,34280,LA GRANDE-MOTTE,43.564716,4.076445
34160_SAINT-GENIES-DES-MOURGUES,34160,SAINT-GENIES-DES-MOURGUES,43.696071,4.027254
34400_VILLETELLE,34400,VILLETELLE,43.724345,4.134969
34320_ROUJAN,34320,ROUJAN,43.503527,3.317566
34150_ANIANE -,34150,ANIANE -,43.680894,3.583731
34490_CORNEILHAN,34490,CORNEILHAN,43.401365,3.19912
34320_MARGON -,34320,MARGON -,43.487573,3.305597
34650_LUNAS,34650,LUNAS,43.697464,3.220251
34480_SAINT-GENIES-DE-FONTEDIT,34480,SAINT-GENIES-DE-FONTEDIT,,
34360_VILLESPASSANS,34360,VILLESPASSANS,43.381063,2.914121
34670_BAILLARGUES -,34670,BAILLARGUES -,43.655493,4.011786
35690_ACIGNE,35690,ACIGNE,48.145748,-1.526081
35300_FOUGERES,35300,FOUGERES,48.35611,-1.194247
35520_LA MEZIERE,35520,LA MEZIERE,48.213325,-1.74647
35360_MONTAUBAN-DE-BRETAGNE,35360,MONTAUBAN-DE-BRETAGNE,48.206371,-2.064407
35740_PACE -,35740,PACE -,48.154833,-1.775475
35540_PLERGUER,35540,PLERGUER,48.526959,-1.838309
35700_RENNES,35700,RENNES,48.110899,-1.68365
35700_RENNES -,35700,RENNES -,48.110899,-1.68365
35760_SAINT-GREGOIRE,35760,SAINT-GREGOIRE,48.157745,-1.68361
35136_SAINT-JACQUES-DE-LA-LANDE -,35136,SAINT-JACQUES-DE-LA-LANDE -,48.080978,-1.723504
35770_VERN-SUR-SEICHE -,35770,VERN-SUR-SEICHE -,48.04572,-1.611078
35370_ARGENTRE-DU-PLESSIS,35370,ARGENTRE-DU-PLESSIS,48.053869,-1.146831
35560_BAZOUGES-LA-PEROUSE,35560,BAZOUGES-LA-PEROUSE,48.432385,-1.561395
35190_CARDROC,35190,CARDROC,48.280475,-1.894012
35630_LA CHAPELLE-CHAUSSEE,35630,LA CHAPELLE-CHAUSSEE,48.267659,-1.866802
35580_GUICHEN,35580,GUICHEN,47.963534,-1.796941
35630_HEDE-BAZOUGES,35630,HEDE-BAZOUGES,48.299639,-1.777045
35460_SAINT-OUEN-LA-ROUERIE,35460,SAINT-OUEN-LA-ROUERIE,48.485989,-1.452973
35490_SENS-DE-BRETAGNE,35490,SENS-DE-BRETAGNE,48.33481,-1.546667
35470_BAIN-DE-BRETAGNE,35470,BAIN-DE-BRETAGNE,47.836207,-1.681884
35190_BECHEREL,35190,BECHEREL,48.296495,-1.942719
35340_LA BOUEXIERE,35340,LA BOUEXIERE,48.176211,-1.433005
35230_BOURGBARRE,35230,BOURGBARRE,47.982738,-1.624065
35135_CHANTEPIE,35135,CHANTEPIE,48.083291,-1.609773
35220_CHATEAUBOURG,35220,CHATEAUBOURG,48.113502,-1.403117
35420_LOUVIGNE-DU-DESERT,35420,LOUVIGNE-DU-DESERT,48.485717,-1.126921
35640_MARTIGNE-FERCHAUD,35640,MARTIGNE-FERCHAUD,47.836391,-1.341136
35540_MINIAC-MORVAN,35540,MINIAC-MORVAN,48.517173,-1.895099
35380_PAIMPONT,35380,PAIMPONT,48.024253,-2.172211
35610_PLEINE-FOUGERES,35610,PLEINE-FOUGERES,48.529995,-1.569734
35730_PLEURTUIT,35730,PLEURTUIT,48.581579,-2.069766
35800_SAINT-BRIAC-SUR-MER,35800,SAINT-BRIAC-SUR-MER,48.616615,-2.128691
35460_SAINT-ETIENNE-EN-COGLES,35460,SAINT-ETIENNE-EN-COGLES,48.37725,-1.317623
35270_SAINT-LEGER-DES-PRES,35270,SAINT-LEGER-DES-PRES,48.392457,-1.654756
35290_SAINT-MEEN-LE-GRAND,35290,SAINT-MEEN-LE-GRAND,48.191117,-2.189592
35430_SAINT-PERE,35430,SAINT-PERE,48.58657,-1.931848
35630_SAINT-SYMPHORIEN,35630,SAINT-SYMPHORIEN,48.280915,-1.807284
35132_VEZIN-LE-COQUET,35132,VEZIN-LE-COQUET,48.115199,-1.747807
35120_DOL-DE-BRETAGNE,35120,DOL-DE-BRETAGNE,48.535196,-1.74409
35137_BEDEE,35137,BEDEE,48.181818,-1.950504
35520_LA CHAPELLE-DES-FOUGERETZ,35520,LA CHAPELLE-DES-FOUGERETZ,48.178115,-1.736766
35800_DINARD,35800,DINARD,48.624171,-2.056041
35230_ORGERES,35230,ORGERES,47.985195,-1.662934
35760_SAINT-GREGOIRE -,35760,SAINT-GREGOIRE -,48.157745,-1.68361
35430_SAINT-JOUAN-DES-GUERETS,35430,SAINT-JOUAN-DES-GUERETS,48.605041,-1.969861
35134_THOURIE,35134,THOURIE,47.858138,-1.448558
35500_VITRE,35500,VITRE,48.111352,-1.192619
35250_ANDOUILLE-NEUVILLE,35250,ANDOUILLE-NEUVILLE,48.300714,-1.605219
35680_BAIS,35680,BAIS,48.01409,-1.305005
35260_CANCALE,35260,CANCALE,48.682561,-1.862631
35133_LANDEAN,35133,LANDEAN,48.417263,-1.133612
35230_NOYAL-CHATILLON-SUR-SEICHE -,35230,NOYAL-CHATILLON-SUR-SEICHE -,48.053237,-1.663074
35330_MAURE-DE-BRETAGNE,35330,MAURE-DE-BRETAGNE,47.926379,-1.958852
35230_NOYAL-CHATILLON-SUR-SEICHE,35230,NOYAL-CHATILLON-SUR-SEICHE,48.053237,-1.663074
35800_SAINT-LUNAIRE,35800,SAINT-LUNAIRE,48.623235,-2.10298
35270_COMBOURG,35270,COMBOURG,48.412584,-1.73722
35720_PLEUGUENEUC,35720,PLEUGUENEUC,48.407623,-1.883514
35210_CHATILLON-EN-VENDELAIS -,35210,CHATILLON-EN-VENDELAIS -,48.225001,-1.167725
0_RENNES -,0,RENNES -,,
35620_TEILLAY,35620,TEILLAY,47.809451,-1.525072
35360_MEDREAC,35360,MEDREAC,48.263533,-2.06457
35120_HIREL,35120,HIREL,48.589441,-1.805871
35170_BRUZ -,35170,BRUZ -,48.02516,-1.748362
35150_JANZE,35150,JANZE,,
35140_MEZIERES-SUR-COUESNON,35140,MEZIERES-SUR-COUESNON,48.300645,-1.440299
35136_SAINT-JACQUES-DE-LA-LANDE,35136,SAINT-JACQUES-DE-LA-LANDE,48.080978,-1.723504
35400_SAINT-MALO,35400,SAINT-MALO,48.642082,-1.988626
35210_MONTAUTOUR,35210,MONTAUTOUR,48.20362,-1.14389
35460_SAINT-BRICE-EN-COGLES,35460,SAINT-BRICE-EN-COGLES,48.413901,-1.382124
35510_CESSON-SEVIGNE -,35510,CESSON-SEVIGNE -,48.123772,-1.596972
35500_ERBREE,35500,ERBREE,48.113627,-1.114442
35134_COESMES,35134,COESMES,47.867869,-1.417285
35830_BETTON,35830,BETTON,48.178922,-1.64138
35600_REDON,35600,REDON,47.655967,-2.073255
35140_SAINT-AUBIN-DU-CORMIER,35140,SAINT-AUBIN-DU-CORMIER,48.246562,-1.401004
35430_SAINT-SULIAC,35430,SAINT-SULIAC,48.569022,-1.97129
35130_LA GUERCHE-DE-BRETAGNE,35130,LA GUERCHE-DE-BRETAGNE,47.944349,-1.240542
35380_PLELAN-LE-GRAND,35380,PLELAN-LE-GRAND,47.992955,-2.089063
35400_SAINT-MALO -,35400,SAINT-MALO -,48.642082,-1.988626
35550_SIXT-SUR-AFF -,35550,SIXT-SUR-AFF -,47.777168,-2.066578
35235_THORIGNE-FOUILLARD,35235,THORIGNE-FOUILLARD,48.15203,-1.588677
35540_LE TRONCHET,35540,LE TRONCHET,48.494289,-1.836902
35520_LA CHAPELLE-DES-FOUGERETZ -,35520,LA CHAPELLE-DES-FOUGERETZ -,48.178115,-1.736766
35240_RETIERS,35240,RETIERS,47.910726,-1.34862
35290_MUEL,35290,MUEL,48.124148,-2.159603
35420_LA BAZOUGE-DU-DESERT,35420,LA BAZOUGE-DU-DESERT,48.443527,-1.103404
35350_SAINT-COULOMB,35350,SAINT-COULOMB,48.675337,-1.920215
35680_LOUVIGNE-DE-BAIS,35680,LOUVIGNE-DE-BAIS,48.052513,-1.336417
35430_SAINT-GUINOUX,35430,SAINT-GUINOUX,48.581705,-1.888821
35260_CANCALE -,35260,CANCALE -,48.682561,-1.862631
35640_MARTIGNE-FERCHAUD -,35640,MARTIGNE-FERCHAUD -,47.836391,-1.341136
35500_TAILLIS,35500,TAILLIS,48.184817,-1.235268
35430_SAINT-JOUAN-DES-GUERETS -,35430,SAINT-JOUAN-DES-GUERETS -,48.605041,-1.969861
35350_LA GOUESNIERE,35350,LA GOUESNIERE,48.602303,-1.888657
35350_SAINT-MELOIR-DES-ONDES,35350,SAINT-MELOIR-DES-ONDES,48.638594,-1.903153
35870_LE MINIHIC-SUR-RANCE,35870,LE MINIHIC-SUR-RANCE,48.575885,-2.010563
35560_RIMOU,35560,RIMOU,48.389221,-1.524923
35120_MONT-DOL,35120,MONT-DOL,48.574918,-1.756721
35720_SAINT-PIERRE-DE-PLESGUEN -,35720,SAINT-PIERRE-DE-PLESGUEN -,48.443382,-1.931181
35134_THOURIE -,35134,THOURIE -,47.858138,-1.448558
35310_BREAL-SOUS-MONTFORT -,35310,BREAL-SOUS-MONTFORT -,48.043837,-1.876338
35390_GRAND-FOUGERAY,35390,GRAND-FOUGERAY,47.732442,-1.718664
35133_BILLE,35133,BILLE,48.294253,-1.249554
35480_MESSAC,35480,MESSAC,47.823588,-1.832162
35310_BREAL-SOUS-MONTFORT,35310,BREAL-SOUS-MONTFORT,48.043837,-1.876338
35410_NOUVOITOU -,35410,NOUVOITOU -,48.028706,-1.549532
35590_SAINT-GILLES,35590,SAINT-GILLES,48.154524,-1.842984
35130_RANNEE,35130,RANNEE,47.908563,-1.214932
35120_ROZ-LANDRIEUX,35120,ROZ-LANDRIEUX,48.542429,-1.820159
35720_PLESDER -,35720,PLESDER -,48.411855,-1.928594
35750_IFFENDIC,35750,IFFENDIC,48.118506,-2.025069
35250_SAINT-AUBIN-D'AUBIGNE,35250,SAINT-AUBIN-D'AUBIGNE,48.25683,-1.598083
35150_CHANTELOUP,35150,CHANTELOUP,47.949219,-1.618089
35240_MARCILLE-ROBERT,35240,MARCILLE-ROBERT,47.956563,-1.348668
35135_CHANTEPIE -,35135,CHANTEPIE -,48.083291,-1.609773
35440_FEINS,35440,FEINS,48.328938,-1.636209
35350_SAINT-COULOMB -,35350,SAINT-COULOMB -,48.675337,-1.920215
35133_LA CHAPELLE-JANSON,35133,LA CHAPELLE-JANSON,48.347773,-1.100046
35290_GAEL,35290,GAEL,48.120169,-2.223857
35580_GUIGNEN,35580,GUIGNEN,47.925811,-1.857394
35410_CHATEAUGIRON -,35410,CHATEAUGIRON -,48.050022,-1.475887
35330_LES BRULAIS -,35330,LES BRULAIS -,47.89262,-2.050431
35890_BOURG-DES-COMPTES,35890,BOURG-DES-COMPTES,,
35160_MONTERFIL,35160,MONTERFIL,48.06231,-1.991967
35230_SAINT-ERBLON,35230,SAINT-ERBLON,48.017174,-1.645971
35730_PLEURTUIT -,35730,PLEURTUIT -,48.581579,-2.069766
35410_DOMLOUP,35410,DOMLOUP,48.066241,-1.541894
35230_SAINT-ARMEL,35230,SAINT-ARMEL,48.014402,-1.577307
35133_SAINT-SAUVEUR-DES-LANDES,35133,SAINT-SAUVEUR-DES-LANDES,48.348349,-1.314293
35850_ROMILLE,35850,ROMILLE,48.223151,-1.872876
35450_LIVRE-SUR-CHANGEON,35450,LIVRE-SUR-CHANGEON,48.228106,-1.342085
35300_FOUGERES -,35300,FOUGERES -,48.35611,-1.194247
35210_CHATILLON-EN-VENDELAIS,35210,CHATILLON-EN-VENDELAIS,48.225001,-1.167725
35560_LA FONTENELLE,35560,LA FONTENELLE,48.466839,-1.505135
35530_NOYAL-SUR-VILAINE,35530,NOYAL-SUR-VILAINE,48.091392,-1.501132
35250_SAINT-SULPICE-LA-FORET,35250,SAINT-SULPICE-LA-FORET,48.213103,-1.580296
35150_JANZE -,35150,JANZE -,47.947847,-1.489593
35133_LECOUSSE,35133,LECOUSSE,48.361703,-1.217003
35270_MEILLAC,35270,MEILLAC,48.430311,-1.833542
35620_TEILLAY -,35620,TEILLAY -,47.809451,-1.525072
35111_LA FRESNAIS,35111,LA FRESNAIS,48.588347,-1.839824
36140_AIGURANDE,36140,AIGURANDE,46.457565,1.839004
36300_LE BLANC,36300,LE BLANC,46.634464,1.089758
36000_CHATEAUROUX,36000,CHATEAUROUX,46.804353,1.692994
36120_JEU-LES-BOIS,36120,JEU-LES-BOIS,46.673432,1.777609
36130_DIORS,36130,DIORS,46.817724,1.803965
36240_ECUEILLE,36240,ECUEILLE,47.082867,1.33796
36350_LUANT,36350,LUANT,46.728964,1.567032
36190_ORSENNES,36190,ORSENNES,46.477484,1.68419
36160_SAINTE-SEVERE-SUR-INDRE,36160,SAINTE-SEVERE-SUR-INDRE,46.501587,2.068704
36150_VATAN,36150,VATAN,47.062353,1.821849
36320_VILLEDIEU-SUR-INDRE,36320,VILLEDIEU-SUR-INDRE,46.837662,1.52115
36120_ARDENTES,36120,ARDENTES,46.739688,1.825465
36200_ARGENTON-SUR-CREUSE,36200,ARGENTON-SUR-CREUSE,46.580769,1.496044
36140_LOURDOUEIX-SAINT-MICHEL,36140,LOURDOUEIX-SAINT-MICHEL,46.41227,1.729344
36290_MEZIERES-EN-BRENNE,36290,MEZIERES-EN-BRENNE,46.826285,1.252759
36290_AZAY-LE-FERRON,36290,AZAY-LE-FERRON,46.844945,1.090596
36370_BELABRE,36370,BELABRE,46.551236,1.158298
36500_BUZANCAIS,36500,BUZANCAIS,46.876554,1.421386
36700_CHATILLON-SUR-INDRE,36700,CHATILLON-SUR-INDRE,46.988194,1.174105
36700_CLION SUR INDRE,36700,CLION SUR INDRE,46.941905,1.228769
36100_ISSOUDUN,36100,ISSOUDUN,46.944428,2.01544
36360_LUCAY-LE-MALE,36360,LUCAY-LE-MALE,47.119469,1.440036
36260_REUILLY,36260,REUILLY,47.084619,2.037058
36210_SAINT-CHRISTOPHE-EN-BAZELLE,36210,SAINT-CHRISTOPHE-EN-BAZELLE,47.188561,1.707473
36800_SAINT-GAULTIER,36800,SAINT-GAULTIER,46.637399,1.424594
36210_CHABRIS,36210,CHABRIS,47.253947,1.666058
36400_LA CHATRE,36400,LA CHATRE,46.573543,1.991945
36230_FOUGEROLLES -,36230,FOUGEROLLES -,46.56649,1.867047
36110_LEVROUX,36110,LEVROUX,46.974559,1.596218
36220_MARTIZAY,36220,MARTIZAY,46.809546,1.041896
36800_LE PONT-CHRETIEN-CHABENET,36800,LE PONT-CHRETIEN-CHABENET,46.623874,1.493787
36170_SAINT-BENOIT-DU-SAULT,36170,SAINT-BENOIT-DU-SAULT,46.447386,1.400226
36500_SAINT-GENOU,36500,SAINT-GENOU,46.91918,1.342332
36600_VALENCAY -,36600,VALENCAY -,47.149185,1.561059
36500_PALLUAU-SUR-INDRE,36500,PALLUAU-SUR-INDRE,46.943466,1.318804
36330_LE POINCONNET,36330,LE POINCONNET,46.778472,1.711211
36160_VIJON,36160,VIJON,46.430748,2.122034
36230_MONTIPOURET,36230,MONTIPOURET,46.655778,1.903393
36270_EGUZON-CHANTOME,36270,EGUZON-CHANTOME,46.430783,1.569596
36220_TOURNON-SAINT-MARTIN,36220,TOURNON-SAINT-MARTIN,46.727556,0.983781
36210_PARPECAY,36210,PARPECAY,47.199918,1.649874
36400_SAINT-CHRISTOPHE-EN-BOUCHERIE,36400,SAINT-CHRISTOPHE-EN-BOUCHERIE,46.676602,2.121285
36190_CUZION,36190,CUZION,46.463133,1.615705
36600_VALENCAY,36600,VALENCAY,47.149185,1.561059
36210_ANJOUIN,36210,ANJOUIN,47.189948,1.806755
36200_LE PECHEREAU,36200,LE PECHEREAU,46.580101,1.566917
36340_CLUIS,36340,CLUIS,46.542614,1.745302
36500_MEOBECQ,36500,MEOBECQ,46.737233,1.415853
36220_MERIGNY,36220,MERIGNY,46.631137,0.931017
36400_MONTGIVRAY,36400,MONTGIVRAY,46.593229,1.97901
36370_PRISSAC,36370,PRISSAC,46.51141,1.287872
36600_LA VERNELLE,36600,LA VERNELLE,47.244763,1.560754
36120_AMBRAULT -,36120,AMBRAULT -,46.783411,1.949798
36230_NEUVY-SAINT-SEPULCHRE,36230,NEUVY-SAINT-SEPULCHRE,46.587624,1.819564
36180_PELLEVOISIN,36180,PELLEVOISIN,46.984949,1.409658
36210_POULAINES,36210,POULAINES,47.14737,1.657924
36250_SAINT-MAUR,36250,SAINT-MAUR,46.822348,1.647141
36120_AMBRAULT,36120,AMBRAULT,46.783411,1.949798
36600_VICQ-SUR-NAHON,36600,VICQ-SUR-NAHON,47.107163,1.565808
36190_SAINT-PLANTAIRE,36190,SAINT-PLANTAIRE,46.433752,1.645493
36400_VERNEUIL-SUR-IGNERAIE,36400,VERNEUIL-SUR-IGNERAIE,46.655758,2.012054
36310_CHAILLAC -,36310,CHAILLAC -,46.425929,1.291164
36170_VIGOUX,36170,VIGOUX,46.502923,1.472853
36140_CREVANT -,36140,CREVANT -,46.476409,1.936027
36240_JEU-MALOCHES,36240,JEU-MALOCHES,47.044814,1.443628
36800_LUZERET,36800,LUZERET,46.538135,1.389905
36310_CHAILLAC,36310,CHAILLAC,46.425929,1.291164
36220_PREUILLY-LA-VILLE -,36220,PREUILLY-LA-VILLE -,46.696602,0.975821
36700_ARPHEUILLES,36700,ARPHEUILLES,46.900146,1.280521
36230_LYS-SAINT-GEORGES,36230,LYS-SAINT-GEORGES,46.64132,1.821854
36180_HEUGNES -,36180,HEUGNES -,47.022038,1.39718
36400_CHASSIGNOLLES,36400,CHASSIGNOLLES,46.540381,1.940217
36140_CREVANT,36140,CREVANT,46.476409,1.936027
36180_HEUGNES,36180,HEUGNES,47.022038,1.39718
36170_PARNAC,36170,PARNAC,46.430938,1.451129
36600_LYE,36600,LYE,47.22371,1.465709
36170_PARNAC -,36170,PARNAC -,46.430938,1.451129
36800_THENAY,36800,THENAY,46.594925,1.433653
36160_URCIERS,36160,URCIERS,46.526087,2.14998
36210_BAGNEUX,36210,BAGNEUX,47.182655,1.752084
36170_SAINT-GILLES -,36170,SAINT-GILLES -,46.489478,1.451883
36170_SAINT-GILLES,36170,SAINT-GILLES,46.489478,1.451883
36270_BARAIZE -,36270,BARAIZE -,46.481873,1.574538
36290_OBTERRE,36290,OBTERRE,46.911012,1.060039
36110_BOUGES-LE-CHATEAU,36110,BOUGES-LE-CHATEAU,47.039621,1.670688
36400_LE MAGNY,36400,LE MAGNY,46.559167,1.956307
36300_POULIGNY-SAINT-PIERRE,36300,POULIGNY-SAINT-PIERRE,46.682725,1.054701
36200_CELON,36200,CELON,46.524252,1.516388
36500_VILLEGOUIN,36500,VILLEGOUIN,46.966711,1.359216
36130_DEOLS,36130,DEOLS,46.835263,1.715274
36000_CHATEAUROUX -,36000,CHATEAUROUX -,46.804353,1.692994
36140_AIGURANDE -,36140,AIGURANDE -,46.457565,1.839004
36230_MERS-SUR-INDRE,36230,MERS-SUR-INDRE,46.661275,1.86829
36130_DEOLS -,36130,DEOLS -,46.835263,1.715274
36360_LUCAY-LE-MALE -,36360,LUCAY-LE-MALE -,47.119469,1.440036
36200_BOUESSE -,36200,BOUESSE -,46.618799,1.687871
36200_BOUESSE,36200,BOUESSE,46.618799,1.687871
36230_NEUVY-SAINT-SEPULCHRE -,36230,NEUVY-SAINT-SEPULCHRE -,46.587624,1.819564
36500_NEUILLAY-LES-BOIS -,36500,NEUILLAY-LES-BOIS -,46.763258,1.471946
36300_ROSNAY -,36300,ROSNAY -,46.707921,1.221609
36300_LE BLANC -,36300,LE BLANC -,46.634464,1.089758
36200_MOSNAY,36200,MOSNAY,46.62256,1.627526
36210_SEMBLECAY,36210,SEMBLECAY,47.217622,1.686719
36700_CLERE-DU-BOIS,36700,CLERE-DU-BOIS,46.949736,1.110241
36320_VILLEDIEU-SUR-INDRE -,36320,VILLEDIEU-SUR-INDRE -,46.837662,1.52115
36800_LE PONT-CHRETIEN-CHABENET -,36800,LE PONT-CHRETIEN-CHABENET -,46.623874,1.493787
36330_VELLES,36330,VELLES,46.691145,1.647272
36300_DOUADIC,36300,DOUADIC,46.704404,1.10853
36700_LE TRANGER,36700,LE TRANGER,46.958493,1.239747
36400_LOUROUER-SAINT-LAURENT,36400,LOUROUER-SAINT-LAURENT,46.615334,2.00987
36700_CHATILLON-SUR-INDRE -,36700,CHATILLON-SUR-INDRE -,46.988194,1.174105
36400_NOHANT-VIC,36400,NOHANT-VIC,46.640588,1.959227
36160_POULIGNY-NOTRE-DAME,36160,POULIGNY-NOTRE-DAME,46.468926,2.010645
37390_METTRAY,37390,METTRAY,47.448439,0.656915
37230_FONDETTES,37230,FONDETTES,47.411185,0.601597
37300_JOUE-LES-TOURS,37300,JOUE-LES-TOURS,47.336276,0.657551
37600_LOCHES,37600,LOCHES,47.122156,0.981834
37520_LA RICHE,37520,LA RICHE,47.383957,0.637576
37270_ATHEE-SUR-CHER,37270,ATHEE-SUR-CHER,47.307494,0.909151
37170_CHAMBRAY-LES-TOURS,37170,CHAMBRAY-LES-TOURS,47.332303,0.717976
37270_MONTLOUIS-SUR-LOIRE,37270,MONTLOUIS-SUR-LOIRE,47.382915,0.841776
37500_CHINON,37500,CHINON,47.174042,0.249889
37460_LOCHE-SUR-INDROIS,37460,LOCHE-SUR-INDROIS,47.082754,1.197317
37370_SAINT-PATERNE-RACAN,37370,SAINT-PATERNE-RACAN,47.592546,0.480146
37510_BALLAN-MIRE,37510,BALLAN-MIRE,47.342741,0.610546
37530_AMBOISE,37530,AMBOISE,47.441636,0.988443
37420_AVOINE,37420,AVOINE,47.212201,0.185875
37330_CHATEAU-LA-VALLIERE,37330,CHATEAU-LA-VALLIERE,47.541477,0.330489
37150_BLERE,37150,BLERE,47.30121,0.992188
37210_PARCAY-MESLAY,37210,PARCAY-MESLAY,47.446897,0.73841
37520_LA RICHE -,37520,LA RICHE -,47.383957,0.637576
37270_VERETZ,37270,VERETZ,47.348634,0.815983
37190_VILLAINES-LES-ROCHERS,37190,VILLAINES-LES-ROCHERS,47.224715,0.494269
37390_LA MEMBROLLE-SUR-CHOISILLE,37390,LA MEMBROLLE-SUR-CHOISILLE,47.444098,0.628923
37120_RICHELIEU,37120,RICHELIEU,47.015347,0.316886
37540_SAINT-CYR-SUR-LOIRE -,37540,SAINT-CYR-SUR-LOIRE -,47.416945,0.657995
37800_SAINTE-MAURE-DE-TOURAINE,37800,SAINTE-MAURE-DE-TOURAINE,47.106256,0.61982
37210_VOUVRAY,37210,VOUVRAY,47.427887,0.806086
37220_L'ILE-BOUCHARD,37220,L'ILE-BOUCHARD,47.119957,0.423955
37230_LUYNES,37230,LUYNES,47.402716,0.543162
37390_NOTRE-DAME-D'OE,37390,NOTRE-DAME-D'OE,47.452931,0.707838
37290_PREUILLY-SUR-CLAISE,37290,PREUILLY-SUR-CLAISE,46.845743,0.931006
37550_SAINT-AVERTIN,37550,SAINT-AVERTIN,47.354107,0.733919
37510_SAINT-GENOUPH,37510,SAINT-GENOUPH,47.370448,0.586242
37510_SAVONNIERES,37510,SAVONNIERES,47.343312,0.559587
37600_VERNEUIL-SUR-INDRE,37600,VERNEUIL-SUR-INDRE,47.036036,1.035471
37460_MONTRESOR,37460,MONTRESOR,47.152592,1.198998
37130_LANGEAIS -,37130,LANGEAIS -,47.341899,0.378259
37150_FRANCUEIL,37150,FRANCUEIL,47.307586,1.075155
37460_GENILLE,37460,GENILLE,47.180462,1.115145
37240_LIGUEIL,37240,LIGUEIL,47.041379,0.81054
37390_NOTRE-DAME-D'OE -,37390,NOTRE-DAME-D'OE -,47.452931,0.707838
37530_AMBOISE -,37530,AMBOISE -,47.441636,0.988443
37460_LE LIEGE -,37460,LE LIEGE -,,
37340_AMBILLOU,37340,AMBILLOU,47.447762,0.446937
37270_AZAY-SUR-CHER,37270,AZAY-SUR-CHER,47.334277,0.838561
37420_AVOINE -,37420,AVOINE -,47.212201,0.185875
37320_TRUYES,37320,TRUYES,47.285461,0.848342
37360_ROUZIERS-DE-TOURAINE,37360,ROUZIERS-DE-TOURAINE,47.530044,0.656811
37250_MONTBAZON,37250,MONTBAZON,47.283957,0.708724
37420_SAVIGNY-EN-VERON,37420,SAVIGNY-EN-VERON,47.211372,0.12258
37360_SEMBLANCAY -,37360,SEMBLANCAY -,47.496596,0.566628
37530_NAZELLES-NEGRON,37530,NAZELLES-NEGRON,47.430616,0.952149
37140_BOURGUEIL -,37140,BOURGUEIL -,47.295168,0.180986
37380_SAINT-LAURENT-EN-GATINES,37380,SAINT-LAURENT-EN-GATINES,47.596977,0.779232
37260_MONTS,37260,MONTS,47.278693,0.645958
37800_SAINTE-CATHERINE-DE-FIERBOIS,37800,SAINTE-CATHERINE-DE-FIERBOIS,47.149957,0.68292
37210_ROCHECORBON,37210,ROCHECORBON,47.430262,0.754938
37160_ABILLY,37160,ABILLY,46.940491,0.73282
37340_AVRILLE-LES-PONCEAUX,37340,AVRILLE-LES-PONCEAUX,47.392985,0.30195
37310_AZAY-SUR-INDRE,37310,AZAY-SUR-INDRE,47.207872,0.94723
37140_BENAIS,37140,BENAIS,47.307216,0.211604
37130_BREHEMONT,37130,BREHEMONT,47.290637,0.358214
37530_CANGEY,37530,CANGEY,47.488306,1.066695
37290_CHAMBON,37290,CHAMBON,46.836663,0.812605
37210_CHANCAY,37210,CHANCAY,47.449184,0.876913
37530_CHARGE,37530,CHARGE,47.431889,1.038841
37290_CHARNIZAY,37290,CHARNIZAY,46.912292,0.996615
37340_CLERE-LES-PINS,37340,CLERE-LES-PINS,47.443896,0.375398
37500_CRAVANT-LES-COTEAUX,37500,CRAVANT-LES-COTEAUX,47.154527,0.331766
37240_CUSSAY,37240,CUSSAY,47.017104,0.778465
37150_EPEIGNE-LES-BOIS,37150,EPEIGNE-LES-BOIS,47.275333,1.121598
37320_ESVRES,37320,ESVRES,47.289281,0.791433
37350_LA GUERCHE,37350,LA GUERCHE,46.888527,0.731005
37420_HUISMES,37420,HUISMES,47.229542,0.250237
37130_LANGEAIS,37130,LANGEAIS,47.341899,0.378259
37460_LE LIEGE,37460,LE LIEGE,47.231387,1.105034
37500_LIGRE,37500,LIGRE,47.11175,0.269754
37400_LUSSAULT-SUR-LOIRE,37400,LUSSAULT-SUR-LOIRE,47.393873,0.926258
37800_MAILLE,37800,MAILLE,47.050907,0.582297
37240_MANTHELAN,37240,MANTHELAN,47.133621,0.801873
37800_MARCILLY-SUR-VIENNE,37800,MARCILLY-SUR-VIENNE,47.048595,0.521703
37120_MARIGNY-MARMANDE,37120,MARIGNY-MARMANDE,46.985593,0.492532
37380_MONNAIE,37380,MONNAIE,47.504599,0.784089
37350_PAULMY,37350,PAULMY,46.981538,0.833152
37530_POCE-SUR-CISSE,37530,POCE-SUR-CISSE,47.440102,0.98603
37260_PONT-DE-RUAN,37260,PONT-DE-RUAN,47.260833,0.569653
37340_RILLE,37340,RILLE,47.458466,0.215148
37320_SAINT-BRANCHS,37320,SAINT-BRANCHS,47.214343,0.75658
37540_SAINT-CYR-SUR-LOIRE,37540,SAINT-CYR-SUR-LOIRE,47.416945,0.657995
37270_SAINT-MARTIN-LE-BEAU,37270,SAINT-MARTIN-LE-BEAU,47.361825,0.898321
37110_SAUNAY,37110,SAUNAY,47.601618,0.945563
37360_SONZAY,37360,SONZAY,47.523356,0.471236
37260_THILOUZE,37260,THILOUZE,47.223783,0.600107
37120_LA TOUR-SAINT-GELIN,37120,LA TOUR-SAINT-GELIN,47.060806,0.40091
37700_LA VILLE-AUX-DAMES,37700,LA VILLE-AUX-DAMES,47.392761,0.770355
37110_VILLEDOMER,37110,VILLEDOMER,47.549566,0.864039
37500_ANCHE -,37500,ANCHE -,47.135287,0.305693
37260_ARTANNES-SUR-INDRE,37260,ARTANNES-SUR-INDRE,47.280566,0.59171
37600_BEAULIEU-LES-LOCHES,37600,BEAULIEU-LES-LOCHES,47.128604,1.025684
37190_DRUYE -,37190,DRUYE -,47.306987,0.535565
37600_BETZ-LE-CHATEAU,37600,BETZ-LE-CHATEAU,47.00508,0.959134
37460_CERE-LA-RONDE,37460,CERE-LA-RONDE,47.25828,1.176023
37240_LA CHAPELLE-BLANCHE-SAINT-MARTIN,37240,LA CHAPELLE-BLANCHE-SAINT-MARTIN,47.083417,0.783869
37140_LA CHAPELLE-SUR-LOIRE,37140,LA CHAPELLE-SUR-LOIRE,47.25332,0.220718
37150_CHISSEAUX,37150,CHISSEAUX,47.340567,1.087051
37140_CHOUZE-SUR-LOIRE,37140,CHOUZE-SUR-LOIRE,47.240967,0.118031
37130_CINQ-MARS-LA-PILE,37130,CINQ-MARS-LA-PILE,47.348699,0.453148
37340_CONTINVOIR,37340,CONTINVOIR,47.377826,0.228836
37220_CROUZILLES,37220,CROUZILLES,47.130915,0.478746
37460_GENILLE -,37460,GENILLE -,47.180462,1.115145
37350_LE GRAND-PRESSIGNY,37350,LE GRAND-PRESSIGNY,46.921201,0.807998
37160_DESCARTES,37160,DESCARTES,46.994954,0.69073
37110_LES HERMITES,37110,LES HERMITES,47.66309,0.777392
37340_HOMMES,37340,HOMMES,47.429715,0.288975
37530_LIMERAY,37530,LIMERAY,47.455908,1.032245
37530_MOSNES,37530,MOSNES,47.451673,1.097625
37380_NEUILLE-LE-LIERRE,37380,NEUILLE-LE-LIERRE,47.507467,0.916846
37360_NEUILLE-PONT-PIERRE,37360,NEUILLE-PONT-PIERRE,47.551764,0.549332
37160_NEUILLY-LE-BRIGNON,37160,NEUILLY-LE-BRIGNON,46.971721,0.784288
37460_NOUANS-LES-FONTAINES,37460,NOUANS-LES-FONTAINES,47.136074,1.308172
37220_PARCAY-SUR-VIENNE,37220,PARCAY-SUR-VIENNE,47.09805,0.477915
37350_LE PETIT-PRESSIGNY,37350,LE PETIT-PRESSIGNY,46.911209,0.904628
37380_REUGNY,37380,REUGNY,47.482194,0.879589
37190_RIVARENNES,37190,RIVARENNES,47.262783,0.35951
37190_SACHE,37190,SACHE,47.239517,0.532401
37800_SAINT-EPAIN,37800,SAINT-EPAIN,47.155952,0.584221
37330_SAINT-LAURENT-DE-LIN,37330,SAINT-LAURENT-DE-LIN,47.506353,0.257299
37130_SAINT-PATRICE,37130,SAINT-PATRICE,47.287016,0.298996
37360_SEMBLANCAY,37360,SEMBLANCAY,47.496596,0.566628
37800_SEPMES,37800,SEPMES,47.071208,0.674326
37250_SORIGNY,37250,SORIGNY,47.236007,0.690238
37310_TAUXIGNY,37310,TAUXIGNY,47.211725,0.821217
37200_TOURS,37200,TOURS,47.395476,0.695848
37210_VERNOU-SUR-BRENNE,37210,VERNOU-SUR-BRENNE,47.437973,0.838357
37370_VILLEBOURG,37370,VILLEBOURG,47.634525,0.539814
37260_VILLEPERDUE,37260,VILLEPERDUE,47.199889,0.632005
37220_AVON-LES-ROCHES -,37220,AVON-LES-ROCHES -,47.178692,0.471785
37800_ANTOGNY-LE-TILLAC,37800,ANTOGNY-LE-TILLAC,46.967402,0.555081
37310_CHAMBOURG-SUR-INDRE,37310,CHAMBOURG-SUR-INDRE,47.17783,0.970664
37140_BOURGUEIL,37140,BOURGUEIL,47.295168,0.180986
37150_BLERE -,37150,BLERE -,47.30121,0.992188
37460_VILLELOIN-COULANGE,37460,VILLELOIN-COULANGE,47.138855,1.229562
37290_YZEURES-SUR-CREUSE -,37290,YZEURES-SUR-CREUSE -,46.786171,0.866131
37350_BARROU,37350,BARROU,46.876184,0.769846
37220_PANZOULT,37220,PANZOULT,47.161241,0.398984
37120_LEMERE,37120,LEMERE,47.089849,0.343611
37220_PANZOULT -,37220,PANZOULT -,47.161241,0.398984
37290_YZEURES-SUR-CREUSE,37290,YZEURES-SUR-CREUSE,46.786171,0.866131
37800_POUZAY,37800,POUZAY,47.088191,0.543654
37600_BEAULIEU-LES-LOCHES -,37600,BEAULIEU-LES-LOCHES -,47.128604,1.025684
37120_CHAMPIGNY-SUR-VEUDE,37120,CHAMPIGNY-SUR-VEUDE,47.059493,0.319775
37240_LE LOUROUX,37240,LE LOUROUX,47.148876,0.750085
37600_CHANCEAUX-PRES-LOCHES,37600,CHANCEAUX-PRES-LOCHES,47.145297,0.93981
37700_SAINT-PIERRE-DES-CORPS,37700,SAINT-PIERRE-DES-CORPS,47.390564,0.733571
37270_MONTLOUIS-SUR-LOIRE -,37270,MONTLOUIS-SUR-LOIRE -,47.382915,0.841776
37240_LE LOUROUX -,37240,LE LOUROUX -,47.148876,0.750085
37200_TOURS -,37200,TOURS -,47.395476,0.695848
37460_BEAUMONT-VILLAGE,37460,BEAUMONT-VILLAGE,47.176646,1.204471
37300_JOUE-LES-TOURS -,37300,JOUE-LES-TOURS -,47.336276,0.657551
37250_SORIGNY -,37250,SORIGNY -,47.236007,0.690238
37330_COUESMES -,37330,COUESMES -,47.552371,0.358945
37190_AZAY-LE-RIDEAU -,37190,AZAY-LE-RIDEAU -,47.268681,0.462293
37110_CHATEAU-RENAULT,37110,CHATEAU-RENAULT,47.59467,0.909328
37110_NEUVILLE-SUR-BRENNE,37110,NEUVILLE-SUR-BRENNE,47.609492,0.918544
37190_VALLERES,37190,VALLERES,47.309151,0.468169
37190_AZAY-LE-RIDEAU,37190,AZAY-LE-RIDEAU,47.268681,0.462293
37160_LA CELLE-SAINT-AVANT,37160,LA CELLE-SAINT-AVANT,47.021664,0.608758
37110_LE BOULAY,37110,LE BOULAY,47.599095,0.859209
37130_MAZIERES-DE-TOURAINE,37130,MAZIERES-DE-TOURAINE,47.383327,0.434856
37400_LUSSAULT-SUR-LOIRE -,37400,LUSSAULT-SUR-LOIRE -,47.393873,0.926258
37330_VILLIERS-AU-BOUIN,37330,VILLIERS-AU-BOUIN,47.574656,0.307571
37290_CHARNIZAY -,37290,CHARNIZAY -,46.912292,0.996615
37600_LOCHES -,37600,LOCHES -,47.122156,0.981834
37510_SAINT-GENOUPH -,37510,SAINT-GENOUPH -,47.370448,0.586242
37500_SEUILLY,37500,SEUILLY,47.133857,0.16437
37390_CHANCEAUX-SUR-CHOISILLE -,37390,CHANCEAUX-SUR-CHOISILLE -,47.474075,0.703493
37130_CINQ-MARS-LA-PILE -,37130,CINQ-MARS-LA-PILE -,47.348699,0.453148
37600_FERRIERE-SUR-BEAULIEU -,37600,FERRIERE-SUR-BEAULIEU -,47.139874,1.042537
37500_SAINT-BENOIT-LA-FORET -,37500,SAINT-BENOIT-LA-FORET -,47.206352,0.317766
37120_BRASLOU,37120,BRASLOU,47.003098,0.412351
37150_DIERRE,37150,DIERRE,47.3488,0.949601
37310_CHEDIGNY -,37310,CHEDIGNY -,47.212522,0.990193
37250_VEIGNE,37250,VEIGNE,47.286961,0.723093
37460_ORBIGNY,37460,ORBIGNY,47.209073,1.263256
38470_L'ALBENC,38470,L'ALBENC,45.218196,5.455206
38880_AUTRANS,38880,AUTRANS,45.155316,5.552751
38270_BEAUREPAIRE -,38270,BEAUREPAIRE -,45.341312,5.041478
38520_LE BOURG-D'OISANS,38520,LE BOURG-D'OISANS,45.052099,6.038312
38850_CHARAVINES,38850,CHARAVINES,45.422656,5.51632
38460_CREMIEU,38460,CREMIEU,45.729427,5.255956
38320_EYBENS,38320,EYBENS,45.153612,5.749583
38600_FONTAINE,38600,FONTAINE,45.19503,5.682836
38100_GRENOBLE -,38100,GRENOBLE -,45.182828,5.724301
38120_SAINT-EGREVE,38120,SAINT-EGREVE,45.230724,5.676966
38760_VARCES-ALLIERES-ET-RISSET,38760,VARCES-ALLIERES-ET-RISSET,45.095478,5.677254
38250_VILLARD-DE-LANS,38250,VILLARD-DE-LANS,45.068434,5.550044
38500_VOIRON,38500,VOIRON,45.378051,5.585446
38260_LA COTE-SAINT-ANDRE,38260,LA COTE-SAINT-ANDRE,45.383617,5.259519
38140_RIVES,38140,RIVES,45.353521,5.501102
38070_SAINT-QUENTIN-FALLAVIER,38070,SAINT-QUENTIN-FALLAVIER,45.643197,5.107835
38110_SAINT-VICTOR-DE-CESSIEU,38110,SAINT-VICTOR-DE-CESSIEU,45.544731,5.387882
38200_VIENNE -,38200,VIENNE -,45.526486,4.88366
38530_CHAPAREILLAN,38530,CHAPAREILLAN,45.468559,5.979325
38790_DIEMOZ,38790,DIEMOZ,45.592656,5.089219
38122_MONTSEVEROUX,38122,MONTSEVEROUX,45.430394,4.971103
38250_SAINT-NIZIER-DU-MOUCHEROTTE,38250,SAINT-NIZIER-DU-MOUCHEROTTE,45.170612,5.632283
38160_SAINT-ANTOINE-L'ABBAYE,38160,SAINT-ANTOINE-L'ABBAYE,45.176825,5.226375
38590_SAINT-ETIENNE-DE-SAINT-GEOIRS,38590,SAINT-ETIENNE-DE-SAINT-GEOIRS,45.341654,5.344594
38360_SASSENAGE,38360,SASSENAGE,45.214137,5.661988
38420_LE VERSOUD,38420,LE VERSOUD,45.220528,5.864794
38110_LA BATIE-MONTGASCON,38110,LA BATIE-MONTGASCON,45.576229,5.535506
38460_CREMIEU -,38460,CREMIEU -,45.729427,5.255956
38190_FROGES,38190,FROGES,45.269058,5.926658
38100_GRENOBLE,38100,GRENOBLE,45.182828,5.724301
38250_LANS-EN-VERCORS,38250,LANS-EN-VERCORS,45.126968,5.582771
38330_SAINT-ISMIER,38330,SAINT-ISMIER,45.249413,5.834546
38830_SAINT-PIERRE-D'ALLEVARD,38830,SAINT-PIERRE-D'ALLEVARD,45.383299,6.054267
38110_LA TOUR-DU-PIN,38110,LA TOUR-DU-PIN,45.573641,5.446211
38660_LE TOUVET,38660,LE TOUVET,45.353386,5.946997
38190_VILLARD-BONNOT,38190,VILLARD-BONNOT,45.243511,5.888125
38270_BEAUREPAIRE,38270,BEAUREPAIRE,45.341312,5.041478
38140_BEAUCROISSANT,38140,BEAUCROISSANT,45.338933,5.477629
38430_MOIRANS,38430,MOIRANS,,
38510_MORESTEL,38510,MORESTEL,45.680859,5.470847
38380_SAINT-PIERRE-DE-CHARTREUSE,38380,SAINT-PIERRE-DE-CHARTREUSE,45.336837,5.81293
38290_LA VERPILLIERE,38290,LA VERPILLIERE,45.636224,5.145326
38630_VEYRINS-THUELLIN,38630,VEYRINS-THUELLIN,45.636064,5.555891
38510_VEZERONCE-CURTIN,38510,VEZERONCE-CURTIN,45.652672,5.467414
38690_BURCIN,38690,BURCIN,45.430552,5.440178
38650_GRESSE-EN-VERCORS -,38650,GRESSE-EN-VERCORS -,44.897269,5.566931
38230_TIGNIEU-JAMEYZIEU,38230,TIGNIEU-JAMEYZIEU,45.737088,5.183823
38112_MEAUDRE,38112,MEAUDRE,45.155316,5.552751
38410_CHAMROUSSE,38410,CHAMROUSSE,45.113504,5.876846
38470_NOTRE-DAME-DE-L'OSIER,38470,NOTRE-DAME-DE-L'OSIER,45.238596,5.409832
38650_GRESSE-EN-VERCORS,38650,GRESSE-EN-VERCORS,44.897269,5.566931
38580_ALLEVARD,38580,ALLEVARD,45.397692,6.085338
38142_AURIS,38142,AURIS,45.043982,6.090072
38400_SAINT-MARTIN-D'HERES -,38400,SAINT-MARTIN-D'HERES -,45.178442,5.763219
38550_SABLONS,38550,SABLONS,45.316779,4.786736
38220_VIZILLE,38220,VIZILLE,45.071416,5.771875
38114_ALLEMOND,38114,ALLEMOND,45.167531,6.037472
38690_CHABONS,38690,CHABONS,45.445152,5.422123
38780_ESTRABLIN -,38780,ESTRABLIN -,45.509614,4.955731
38660_LUMBIN,38660,LUMBIN,45.307629,5.911608
38114_OZ-EN-OIZANS,38114,OZ-EN-OIZANS,45.138522,6.052938
38150_ROUSSILLON,38150,ROUSSILLON,45.38015,4.817038
38110_SAINT-CLAIR-DE-LA-TOUR,38110,SAINT-CLAIR-DE-LA-TOUR,45.570754,5.486363
38380_SAINT-LAURENT-DU-PONT,38380,SAINT-LAURENT-DU-PONT,45.398121,5.722095
38870_BRESSIEUX,38870,BRESSIEUX,45.322573,5.275815
38490_FITILIEU,38490,FITILIEU,45.546487,5.56234
38112_MEAUDRE -,38112,MEAUDRE -,45.155316,5.552751
38860_MONT-DE-LANS,38860,MONT-DE-LANS,45.023516,6.096239
38340_POMMIERS-LA-PLACETTE,38340,POMMIERS-LA-PLACETTE,45.32656,5.656716
38114_VAUJANY -,38114,VAUJANY -,45.157504,6.073397
38940_MONTFALCON,38940,MONTFALCON,45.25881,5.168704
38260_MOTTIER,38260,MOTTIER,45.422443,5.313113
38460_OPTEVOZ,38460,OPTEVOZ,45.750888,5.336784
38530_PONTCHARRA,38530,PONTCHARRA,45.419286,6.016275
38150_VERNIOZ,38150,VERNIOZ,45.429777,4.902342
38290_FRONTONAS,38290,FRONTONAS,45.650694,5.185689
38530_BARRAUX,38530,BARRAUX,45.42946,5.986567
38960_SAINT-AUPRE -,38960,SAINT-AUPRE -,45.402922,5.666157
38190_LAVAL -,38190,LAVAL -,45.247767,5.955023
38170_SEYSSINET-PARISET -,38170,SEYSSINET-PARISET -,45.174023,5.679611
38180_SEYSSINS,38180,SEYSSINS,45.15924,5.681955
38320_BRESSON,38320,BRESSON,45.13868,5.745527
38610_GIERES -,38610,GIERES -,45.184369,5.790485
38300_BOURGOIN-JALLIEU -,38300,BOURGOIN-JALLIEU -,45.597957,5.266993
38200_VIENNE,38200,VIENNE,45.526486,4.88366
38780_ESTRABLIN,38780,ESTRABLIN,45.509614,4.955731
38190_CROLLES,38190,CROLLES,45.265776,5.931944
38500_VOIRON -,38500,VOIRON -,45.378051,5.585446
38120_SAINT-EGREVE -,38120,SAINT-EGREVE -,45.230724,5.676966
38150_BOUGE-CHAMBALUD -,38150,BOUGE-CHAMBALUD -,45.32079,4.889069
38260_FARAMANS,38260,FARAMANS,45.389083,5.16686
38190_BERNIN,38190,BERNIN,45.267187,5.867065
38570_TENCIN,38570,TENCIN,45.310877,5.962117
38230_PONT-DE-CHERUY -,38230,PONT-DE-CHERUY -,45.751836,5.172676
38260_GILLONNAY,38260,GILLONNAY,45.39792,5.296801
38390_PORCIEU-AMBLAGNIEU -,38390,PORCIEU-AMBLAGNIEU -,45.830804,5.396569
38180_SEYSSINS -,38180,SEYSSINS -,45.15924,5.681955
38080_FOUR,38080,FOUR,45.568445,5.190818
38114_VILLARD-RECULAS,38114,VILLARD-RECULAS,45.093153,6.033254
38630_LES AVENIERES -,38630,LES AVENIERES -,45.636064,5.555891
38360_SASSENAGE -,38360,SASSENAGE -,45.214137,5.661988
38300_BOURGOIN-JALLIEU,38300,BOURGOIN-JALLIEU,45.597957,5.266993
38480_LE PONT-DE-BEAUVOISIN,38480,LE PONT-DE-BEAUVOISIN,45.531619,5.663257
38520_SAINT-CHRISTOPHE-EN-OISANS,38520,SAINT-CHRISTOPHE-EN-OISANS,44.939693,6.197341
38890_MONTCARRA,38890,MONTCARRA,45.612799,5.405542
38840_SAINT-BONNET-DE-CHAVAGNE -,38840,SAINT-BONNET-DE-CHAVAGNE -,45.121405,5.233675
38670_CHASSE-SUR-RHONE -,38670,CHASSE-SUR-RHONE -,45.578799,4.807289
38710_MENS,38710,MENS,44.814156,5.754009
38460_SAINT-ROMAIN-DE-JALIONAS,38460,SAINT-ROMAIN-DE-JALIONAS,45.753713,5.220223
38160_SAINT-SAUVEUR,38160,SAINT-SAUVEUR,45.146541,5.343078
38980_VIRIVILLE -,38980,VIRIVILLE -,45.311889,5.205671
38110_LA CHAPELLE-DE-LA-TOUR,38110,LA CHAPELLE-DE-LA-TOUR,45.590074,5.473101
38980_VIRIVILLE,38980,VIRIVILLE,45.311889,5.205671
38730_LE PIN,38730,LE PIN,45.456214,5.506671
38660_SAINT-HILAIRE -,38660,SAINT-HILAIRE -,45.354621,5.944267
38660_LE TOUVET -,38660,LE TOUVET -,45.353386,5.946997
38790_DIEMOZ -,38790,DIEMOZ -,45.592656,5.089219
39130_CLAIRVAUX-LES-LACS,39130,CLAIRVAUX-LES-LACS,,
39170_LAVANS-LES-SAINT-CLAUDE,39170,LAVANS-LES-SAINT-CLAUDE,46.381936,5.776455
39570_LONS-LE-SAUNIER,39570,LONS-LE-SAUNIER,46.641078,5.501018
39360_MOLINGES,39360,MOLINGES,46.35638,5.777947
39400_MORBIER,39400,MORBIER,46.547614,6.012686
39410_SAINT-AUBIN,39410,SAINT-AUBIN,47.02756,5.329766
39230_SELLIERES,39230,SELLIERES,46.829233,5.563954
39500_TAVAUX,39500,TAVAUX,47.043308,5.411652
39300_CHAMPAGNOLE,39300,CHAMPAGNOLE,46.745056,5.908348
39230_CHAUMERGY,39230,CHAUMERGY,46.844642,5.47655
39100_DOLE,39100,DOLE,47.077883,5.493658
39380_MONT-SOUS-VAUDREY,39380,MONT-SOUS-VAUDREY,46.966936,5.604884
39200_SAINT-CLAUDE,39200,SAINT-CLAUDE,46.400106,5.85989
39110_SALINS-LES-BAINS,39110,SALINS-LES-BAINS,46.938415,5.875198
39600_ARBOIS,39600,ARBOIS,46.908393,5.773049
39140_BLETTERANS,39140,BLETTERANS,46.74261,5.446681
39260_MOIRANS-EN-MONTAGNE,39260,MOIRANS-EN-MONTAGNE,46.431447,5.724531
39270_ORGELET,39270,ORGELET,46.52137,5.606552
39220_LES ROUSSES,39220,LES ROUSSES,46.479249,6.067869
39190_COUSANCE,39190,COUSANCE,46.533706,5.378031
39570_MONTMOROT,39570,MONTMOROT,46.681001,5.519497
39400_MOREZ,39400,MOREZ,46.532815,6.018173
39570_PERRIGNY,39570,PERRIGNY,46.672773,5.582851
39800_POLIGNY,39800,POLIGNY,46.837712,5.70594
39160_SAINT-AMOUR,39160,SAINT-AMOUR,46.435919,5.344747
39360_CHASSAL,39360,CHASSAL,46.35638,5.777947
39120_CHAUSSIN,39120,CHAUSSIN,46.967361,5.407785
39600_PUPILLIN,39600,PUPILLIN,46.882458,5.758811
39150_SAINT-LAURENT-EN-GRANDVAUX,39150,SAINT-LAURENT-EN-GRANDVAUX,46.580133,5.954263
39130_COGNA,39130,COGNA,46.580995,5.759579
39100_PARCEY,39100,PARCEY,47.021656,5.488765
39700_FRAISANS,39700,FRAISANS,47.148548,5.762324
39570_CRANCOT,39570,CRANCOT,46.666718,5.65241
39370_LES BOUCHOUX,39370,LES BOUCHOUX,46.298789,5.807294
39240_ARINTHOD,39240,ARINTHOD,46.395619,5.571176
39310_LES MOUSSIERES,39310,LES MOUSSIERES,46.325233,5.890893
39130_PONT-DE-POITTE,39130,PONT-DE-POITTE,46.580654,5.692221
39700_ORCHAMPS,39700,ORCHAMPS,47.14875,5.656296
39210_LE VERNOIS,39210,LE VERNOIS,46.731767,5.592535
39230_VINCENT,39230,VINCENT,46.794714,5.487988
39270_ORGELET -,39270,ORGELET -,46.52137,5.606552
39210_VOITEUR,39210,VOITEUR,46.749428,5.606665
39350_OUGNEY,39350,OUGNEY,47.23973,5.668546
39380_OUNANS,39380,OUNANS,46.997486,5.665557
39600_PORT-LESNEY,39600,PORT-LESNEY,46.995742,5.821364
39380_SANTANS,39380,SANTANS,47.023454,5.659168
39400_LONGCHAUMOIS,39400,LONGCHAUMOIS,46.472107,5.972005
39210_BLOIS-SUR-SEILLE,39210,BLOIS-SUR-SEILLE,46.749081,5.672894
39160_L'AUBEPIN,39160,L'AUBEPIN,46.428787,5.36676
39250_NOZEROY,39250,NOZEROY,46.776456,6.041661
39240_ARINTHOD -,39240,ARINTHOD -,46.395619,5.571176
39350_GENDREY,39350,GENDREY,47.206977,5.685289
39380_MONT-SOUS-VAUDREY -,39380,MONT-SOUS-VAUDREY -,46.966936,5.604884
39570_BRIOD,39570,BRIOD,46.659319,5.624761
39270_ONOZ,39270,ONOZ,46.453686,5.654157
39120_LONGWY-SUR-LE-DOUBS,39120,LONGWY-SUR-LE-DOUBS,46.960433,5.362433
39600_VADANS,39600,VADANS,46.934032,5.702777
39100_DOLE -,39100,DOLE -,47.077883,5.493658
39570_MONTMOROT -,39570,MONTMOROT -,46.681001,5.519497
39190_SAINTE-AGNES,39190,SAINTE-AGNES,46.608147,5.473728
39300_ARDON -,39300,ARDON -,46.774526,5.889633
39800_PICARREAU,39800,PICARREAU,46.753311,5.745559
39290_CHEVIGNY -,39290,CHEVIGNY -,47.176893,5.473496
39570_GEVINGEY -,39570,GEVINGEY -,46.638204,5.503647
39500_TAVAUX -,39500,TAVAUX -,47.043308,5.411652
39140_DESNES,39140,DESNES,46.760725,5.470688
39600_ARBOIS -,39600,ARBOIS -,46.908393,5.773049
39500_CHAMPDIVERS,39500,CHAMPDIVERS,47.008149,5.377795
39230_LOMBARD,39230,LOMBARD,46.786408,5.507851
39570_MACORNAY,39570,MACORNAY,46.645597,5.541643
40320_EUGENIE-LES-BAINS,40320,EUGENIE-LES-BAINS,43.691952,-0.383373
40700_HAGETMAU,40700,HAGETMAU,43.651801,-0.592877
40360_POMAREZ,40360,POMAREZ,43.617263,-0.839008
40550_LEON,40550,LEON,43.856401,-1.284925
40660_MESSANGES,40660,MESSANGES,43.814249,-1.368616
40380_MONTFORT-EN-CHALOSSE,40380,MONTFORT-EN-CHALOSSE,43.706722,-0.838897
40110_MORCENX,40110,MORCENX,44.033107,-0.921633
40300_PEYREHORADE,40300,PEYREHORADE,43.554086,-1.111896
40200_PONTENX-LES-FORGES,40200,PONTENX-LES-FORGES,,
40170_SAINT-JULIEN-EN-BORN,40170,SAINT-JULIEN-EN-BORN,44.080873,-1.2597
40230_SAUBION,40230,SAUBION,43.67127,-1.337037
40150_SOORTS-HOSSEGOR,40150,SOORTS-HOSSEGOR,43.667516,-1.413179
40190_VILLENEUVE-DE-MARSAN,40190,VILLENEUVE-DE-MARSAN,43.897117,-0.307106
40160_YCHOUX,40160,YCHOUX,44.328514,-0.948296
40100_DAX,40100,DAX,43.700723,-1.06016
40320_GEAUNE,40320,GEAUNE,43.635282,-0.373287
40200_MIMIZAN,40200,MIMIZAN,44.195312,-1.248112
40240_LABASTIDE-D'ARMAGNAC,40240,LABASTIDE-D'ARMAGNAC,43.950321,-0.157011
40530_LABENNE,40530,LABENNE,43.597289,-1.435133
40465_PONTONX-SUR-L'ADOUR,40465,PONTONX-SUR-L'ADOUR,43.795139,-0.932159
40990_SAINT-PAUL-LES-DAX,40990,SAINT-PAUL-LES-DAX,43.745984,-1.078951
40990_SAINT-VINCENT-DE-PAUL,40990,SAINT-VINCENT-DE-PAUL,43.763734,-1.00338
40160_PARENTIS-EN-BORN,40160,PARENTIS-EN-BORN,44.342411,-1.058449
40110_ARENGOSSE,40110,ARENGOSSE,44.003942,-0.783309
40380_GAMARDE-LES-BAINS,40380,GAMARDE-LES-BAINS,43.72926,-0.866932
40160_GASTES,40160,GASTES,44.318971,-1.160694
40110_ONESSE-ET-LAHARIE,40110,ONESSE-ET-LAHARIE,44.077594,-1.013792
40260_LESPERON,40260,LESPERON,43.96516,-1.09102
40230_TOSSE,40230,TOSSE,43.691917,-1.327624
40390_SAINT-MARTIN-DE-HINX,40390,SAINT-MARTIN-DE-HINX,43.582745,-1.262471
40500_SAINT-SEVER,40500,SAINT-SEVER,43.763267,-0.55979
40140_SOUSTONS,40140,SOUSTONS,43.753518,-1.329929
40800_AIRE-SUR-L'ADOUR,40800,AIRE-SUR-L'ADOUR,43.696074,-0.25515
40330_ARSAGUE,40330,ARSAGUE,43.581615,-0.792827
40600_BISCARROSSE,40600,BISCARROSSE,44.430297,-1.187456
40130_CAPBRETON,40130,CAPBRETON,43.638825,-1.420069
40300_CAUNEILLE,40300,CAUNEILLE,43.564247,-1.062055
40190_MONTEGUT,40190,MONTEGUT,43.877616,-0.20958
40290_MISSON,40290,MISSON,43.585185,-0.958074
40660_MOLIETS-ET-MAA,40660,MOLIETS-ET-MAA,43.851756,-1.368352
40000_MONT-DE-MARSAN,40000,MONT-DE-MARSAN,43.891359,-0.500182
40250_MUGRON,40250,MUGRON,43.745886,-0.744984
40440_ONDRES,40440,ONDRES,43.562533,-1.456445
40380_POYARTIN,40380,POYARTIN,43.693787,-0.863147
40465_PRECHACQ-LES-BAINS,40465,PRECHACQ-LES-BAINS,43.756158,-0.913252
40120_ROQUEFORT,40120,ROQUEFORT,44.036766,-0.324104
40400_TARTAS -,40400,TARTAS -,43.819645,-0.78896
40230_SAINT-JEAN-DE-MARSACQ,40230,SAINT-JEAN-DE-MARSACQ,43.617111,-1.262133
40390_SAINT-MARTIN-DE-SEIGNANX,40390,SAINT-MARTIN-DE-SEIGNANX,43.535984,-1.387529
40230_SAINT-VINCENT-DE-TYROSSE,40230,SAINT-VINCENT-DE-TYROSSE,43.659948,-1.305453
40460_SANGUINET,40460,SANGUINET,44.488851,-1.062642
40560_VIELLE-SAINT-GIRONS,40560,VIELLE-SAINT-GIRONS,43.928535,-1.315405
40110_YGOS-SAINT-SATURNIN,40110,YGOS-SAINT-SATURNIN,43.990669,-0.735968
40330_AMOU,40330,AMOU,43.585642,-0.745271
40260_CASTETS,40260,CASTETS,43.8818,-1.147983
40290_HABAS,40290,HABAS,43.560148,-0.93206
40400_TARTAS,40400,TARTAS,43.819645,-0.78896
40170_BIAS,40170,BIAS,44.144037,-1.221675
40170_LIT-ET-MIXE,40170,LIT-ET-MIXE,44.03447,-1.26924
40480_VIEUX-BOUCAU-LES-BAINS,40480,VIEUX-BOUCAU-LES-BAINS,43.787856,-1.400817
40700_HORSARRIEU,40700,HORSARRIEU,43.688522,-0.605279
40160_PARENTIS-EN-BORN -,40160,PARENTIS-EN-BORN -,44.342411,-1.058449
40500_BANOS,40500,BANOS,43.732387,-0.623651
40500_BAS-MAUCO,40500,BAS-MAUCO,43.790368,-0.559614
40700_CAZALIS,40700,CAZALIS,43.625653,-0.662185
40500_FARGUES,40500,FARGUES,43.725506,-0.455539
40700_MANT,40700,MANT,43.586159,-0.510928
40700_MONSEGUR,40700,MONSEGUR,43.60098,-0.54394
40380_ONARD,40380,ONARD,43.779245,-0.835868
40300_ORTHEVIELLE,40300,ORTHEVIELLE,43.562595,-1.143028
40230_SAUBRIGUES,40230,SAUBRIGUES,43.609293,-1.323161
40510_SEIGNOSSE,40510,SEIGNOSSE,43.696835,-1.382443
40220_TARNOS,40220,TARNOS,43.52979,-1.4611
40420_LABRIT -,40420,LABRIT -,44.107834,-0.559143
40510_SEIGNOSSE -,40510,SEIGNOSSE -,43.696835,-1.382443
40230_BENESSE-MAREMNE,40230,BENESSE-MAREMNE,43.632767,-1.368373
40320_CASTELNAU-TURSAN,40320,CASTELNAU-TURSAN,43.651771,-0.393652
40150_ANGRESSE,40150,ANGRESSE,43.656906,-1.364101
40300_LABATUT,40300,LABATUT,43.553605,-0.984103
40260_LINXE,40260,LINXE,43.918636,-1.237996
40210_LUE,40210,LUE,44.23164,-0.978228
40090_BASCONS,40090,BASCONS,43.828214,-0.421732
40120_BOURRIOT-BERGONCE,40120,BOURRIOT-BERGONCE,44.126876,-0.218958
40210_ESCOURCE,40210,ESCOURCE,44.166889,-1.036042
40300_HASTINGUES,40300,HASTINGUES,43.524096,-1.129191
40190_HONTANX,40190,HONTANX,43.818892,-0.252339
40210_LABOUHEYRE,40210,LABOUHEYRE,44.213997,-0.919092
40350_POUILLON,40350,POUILLON,43.607562,-1.00412
40240_LOSSE,40240,LOSSE,44.098135,-0.088761
40390_SAINT-BARTHELEMY,40390,SAINT-BARTHELEMY,43.52001,-1.333629
40300_SORDE-L'ABBAYE,40300,SORDE-L'ABBAYE,,
40500_COUDURES,40500,COUDURES,43.688341,-0.510817
40180_GOOS,40180,GOOS,43.729434,-0.912142
40250_LAUREDE,40250,LAUREDE,43.754013,-0.792285
40190_SAINT-CRICQ-VILLENEUVE,40190,SAINT-CRICQ-VILLENEUVE,43.889196,-0.349061
40430_LUXEY -,40430,LUXEY -,44.251626,-0.521879
40200_AUREILHAN,40200,AUREILHAN,44.216538,-1.190851
40320_MIRAMONT-SENSACQ,40320,MIRAMONT-SENSACQ,43.600718,-0.329029
40990_TETHIEU,40990,TETHIEU,43.752487,-0.969113
40200_AUREILHAN -,40200,AUREILHAN -,44.216538,-1.190851
40500_AURICE,40500,AURICE,43.795233,-0.595752
40320_ARBOUCAVE,40320,ARBOUCAVE,43.609624,-0.437942
40380_BAIGTS,40380,BAIGTS,43.688844,-0.793106
40600_BISCARROSSE -,40600,BISCARROSSE -,44.430297,-1.187456
40330_GAUJACQ,40330,GAUJACQ,43.640424,-0.742735
40300_PORT-DE-LANNE,40300,PORT-DE-LANNE,43.561118,-1.184031
40110_OUSSE-SUZAN,40110,OUSSE-SUZAN,43.965468,-0.741596
40390_SAINTE-MARIE-DE-GOSSE,40390,SAINTE-MARIE-DE-GOSSE,43.555727,-1.228787
40170_UZA,40170,UZA,44.035439,-1.197116
40270_LARRIVIERE-SAINT-SAVIN,40270,LARRIVIERE-SAINT-SAVIN,43.760699,-0.429362
40180_SAINT-PANDELON,40180,SAINT-PANDELON,43.664673,-1.042
40700_MONGET,40700,MONGET,43.567612,-0.522155
40380_NOUSSE,40380,NOUSSE,43.72091,-0.823661
40230_ORX,40230,ORX,43.605343,-1.368541
40320_PIMBO,40320,PIMBO,43.57404,-0.373109
40500_EYRES-MONCUBE,40500,EYRES-MONCUBE,43.713162,-0.55784
40320_SAINT-LOUBOUER,40320,SAINT-LOUBOUER,43.682558,-0.413665
40530_LABENNE -,40530,LABENNE -,43.597289,-1.435133
40090_CANENX-ET-REAUT,40090,CANENX-ET-REAUT,44.006817,-0.451656
40330_CASTEL-SARRAZIN,40330,CASTEL-SARRAZIN,43.615684,-0.793277
40700_LABASTIDE-CHALOSSE,40700,LABASTIDE-CHALOSSE,43.612428,-0.611191
40500_MONTAUT,40500,MONTAUT,43.723992,-0.667865
40380_OZOURT,40380,OZOURT,43.652358,-0.878701
40320_PHILONDENX,40320,PHILONDENX,43.571177,-0.415057
40500_SARRAZIET,40500,SARRAZIET,43.713407,-0.50363
40800_LATRILLE,40800,LATRILLE,43.628807,-0.288364
40100_DAX -,40100,DAX -,43.700723,-1.06016
40500_DUMES,40500,DUMES,43.704977,-0.581414
40250_HAURIET,40250,HAURIET,43.732771,-0.695372
40300_LABATUT -,40300,LABATUT -,43.553605,-0.984103
40700_CASTELNER,40700,CASTELNER,43.55281,-0.584143
40320_LACAJUNTE,40320,LACAJUNTE,43.591731,-0.419887
40660_MESSANGES -,40660,MESSANGES -,43.814249,-1.368616
40320_BATS,40320,BATS,43.656339,-0.467484
40800_SAINT-AGNET,40800,SAINT-AGNET,43.605674,-0.27263
40330_BRASSEMPOUY,40330,BRASSEMPOUY,43.63303,-0.69456
40320_PUYOL-CAZALET,40320,PUYOL-CAZALET,43.60273,-0.404244
40800_SARRON,40800,SARRON,43.589576,-0.273586
40250_LOURQUEN,40250,LOURQUEN,43.734422,-0.79279
40320_URGONS,40320,URGONS,43.637694,-0.433587
40170_MEZOS,40170,MEZOS,44.071057,-1.153605
40400_GOUTS,40400,GOUTS,43.779204,-0.79039
40370_RION-DES-LANDES,40370,RION-DES-LANDES,43.918776,-0.93662
40170_MEZOS -,40170,MEZOS -,44.071057,-1.153605
40320_BAHUS-SOUBIRAN,40320,BAHUS-SOUBIRAN,43.672922,-0.346874
40180_SAUBUSSE,40180,SAUBUSSE,43.672562,-1.196364
40150_ANGRESSE -,40150,ANGRESSE -,43.656906,-1.364101
40700_DOAZIT -,40700,DOAZIT -,43.693717,-0.644177
40200_MIMIZAN -,40200,MIMIZAN -,44.195312,-1.248112
40270_LARRIVIERE-SAINT-SAVIN -,40270,LARRIVIERE-SAINT-SAVIN -,43.760699,-0.429362
40240_SAINT-JUSTIN,40240,SAINT-JUSTIN,43.994335,-0.231402
40180_SAINT-PANDELON -,40180,SAINT-PANDELON -,43.664673,-1.042
40700_SAINTE-COLOMBE,40700,SAINTE-COLOMBE,43.683849,-0.560134
40120_CACHEN,40120,CACHEN,44.069483,-0.397048
40180_HINX,40180,HINX,43.708478,-0.933449
40300_SAINT-CRICQ-DU-GAVE,40300,SAINT-CRICQ-DU-GAVE,43.531323,-1.016916
40200_SAINTE-EULALIE-EN-BORN,40200,SAINTE-EULALIE-EN-BORN,44.272934,-1.183346
41120_FOUGERES-SUR-BIEVRE,41120,FOUGERES-SUR-BIEVRE,47.468987,1.27196
41800_MONTOIRE-SUR-LE-LOIR,41800,MONTOIRE-SUR-LE-LOIR,47.762834,0.848476
41200_ROMORANTIN-LANTHENAY,41200,ROMORANTIN-LANTHENAY,47.363293,1.7449
41000_BLOIS -,41000,BLOIS -,47.581406,1.316533
41110_CHATEAUVIEUX,41110,CHATEAUVIEUX,47.220191,1.365602
41320_MENNETOU-SUR-CHER,41320,MENNETOU-SUR-CHER,47.278406,1.866146
41100_NAVEIL -,41100,NAVEIL -,47.783177,1.028706
41150_ONZAIN,41150,ONZAIN,47.51341,1.226314
41200_PRUNIERS-EN-SOLOGNE,41200,PRUNIERS-EN-SOLOGNE,47.339624,1.691146
41300_SALBRIS,41300,SALBRIS,47.417467,2.047325
41130_SELLES-SUR-CHER,41130,SELLES-SUR-CHER,47.28007,1.570726
41260_LA CHAUSSEE-SAINT-VICTOR,41260,LA CHAUSSEE-SAINT-VICTOR,47.609933,1.357355
41700_CONTRES,41700,CONTRES,47.390685,1.299383
41400_MONTRICHARD,41400,MONTRICHARD,47.346629,1.205845
41100_SELOMMES,41100,SELOMMES,47.758197,1.204284
41110_SAINT-AIGNAN,41110,SAINT-AIGNAN,47.255612,1.353167
41140_NOYERS-SUR-CHER,41140,NOYERS-SUR-CHER,47.279309,1.408961
41400_SAINT-GEORGES-SUR-CHER,41400,SAINT-GEORGES-SUR-CHER,47.307517,1.141321
41800_TROO,41800,TROO,47.779684,0.775825
41000_BLOIS,41000,BLOIS,47.581406,1.316533
41270_DROUE,41270,DROUE,48.035275,1.069236
41100_VENDOME,41100,VENDOME,47.795339,1.064216
41400_SAINT-GEORGES-SUR-CHER -,41400,SAINT-GEORGES-SUR-CHER -,47.307517,1.141321
41500_COURBOUZON,41500,COURBOUZON,47.692827,1.547628
41230_VERNOU-EN-SOLOGNE -,41230,VERNOU-EN-SOLOGNE -,47.50426,1.668509
41800_LAVARDIN,41800,LAVARDIN,47.740622,0.884479
41800_MONTOIRE-SUR-LE-LOIR -,41800,MONTOIRE-SUR-LE-LOIR -,47.762834,0.848476
41130_SELLES-SUR-CHER -,41130,SELLES-SUR-CHER -,47.28007,1.570726
41800_TREHET,41800,TREHET,47.72699,0.633821
41150_RILLY-SUR-LOIRE,41150,RILLY-SUR-LOIRE,47.465489,1.138284
41250_BRACIEUX,41250,BRACIEUX,47.550684,1.544702
41400_VALLIERES-LES-GRANDES,41400,VALLIERES-LES-GRANDES,47.407711,1.145217
41800_LES HAYES,41800,LES HAYES,47.705514,0.779302
41190_MOLINEUF -,41190,MOLINEUF -,47.58778,1.200352
41500_MER,41500,MER,47.713069,1.509282
41800_SOUGE,41800,SOUGE,47.778434,0.733052
41160_LA VILLE-AUX-CLERCS,41160,LA VILLE-AUX-CLERCS,47.911311,1.088315
41170_CORMENON,41170,CORMENON,47.971802,0.897123
41170_CHOUE,41170,CHOUE,47.988018,0.929991
41360_LUNAY,41360,LUNAY,47.811832,0.911272
41600_NOUAN-LE-FUZELIER,41600,NOUAN-LE-FUZELIER,47.555371,2.032784
41160_MOREE,41160,MOREE,47.906409,1.251639
41320_MARAY,41320,MARAY,47.244746,1.884421
41270_BOURSAY,41270,BOURSAY,48.018425,0.972201
41150_CHAUMONT-SUR-LOIRE,41150,CHAUMONT-SUR-LOIRE,47.467415,1.196086
41100_NAVEIL,41100,NAVEIL,47.783177,1.028706
41330_FOSSE,41330,FOSSE,47.632175,1.278519
41200_MILLANCAY,41200,MILLANCAY,47.444601,1.772979
41250_TOUR-EN-SOLOGNE,41250,TOUR-EN-SOLOGNE,47.537625,1.511106
41120_MONTHOU-SUR-BIEVRE -,41120,MONTHOU-SUR-BIEVRE -,47.468987,1.27196
41220_VILLENY,41220,VILLENY,47.609955,1.743799
41170_MONDOUBLEAU,41170,MONDOUBLEAU,47.981584,0.900322
41100_VENDOME -,41100,VENDOME -,47.795339,1.064216
41360_SAVIGNY-SUR-BRAYE,41360,SAVIGNY-SUR-BRAYE,,
41000_VILLEBAROU,41000,VILLEBAROU,47.619717,1.32239
41240_OUZOUER-LE-MARCHE,41240,OUZOUER-LE-MARCHE,47.92672,1.51958
41350_HUISSEAU-SUR-COSSON,41350,HUISSEAU-SUR-COSSON,47.593266,1.447096
41360_CELLE,41360,CELLE,47.836923,0.79093
41150_CHAUMONT-SUR-LOIRE -,41150,CHAUMONT-SUR-LOIRE -,47.467415,1.196086
41370_LORGES,41370,LORGES,47.802552,1.496628
41160_MOISY,41160,MOISY,47.917787,1.314498
41190_SAINT-ETIENNE-DES-GUERETS -,41190,SAINT-ETIENNE-DES-GUERETS -,47.599344,1.062181
41210_SAINT-VIATRE,41210,SAINT-VIATRE,47.513755,1.933342
41210_LA FERTE-BEAUHARNAIS,41210,LA FERTE-BEAUHARNAIS,47.541244,1.853805
41250_CHAMBORD,41250,CHAMBORD,47.614616,1.516869
41250_MASLIVES -,41250,MASLIVES -,47.63603,1.477871
41600_SOUVIGNY-EN-SOLOGNE,41600,SOUVIGNY-EN-SOLOGNE,47.638592,2.17956
41330_CHAMPIGNY-EN-BEAUCE,41330,CHAMPIGNY-EN-BEAUCE,47.714381,1.251302
41700_COUR-CHEVERNY,41700,COUR-CHEVERNY,47.505436,1.470907
41700_CONTRES -,41700,CONTRES -,47.390685,1.299383
41110_SAINT-AIGNAN -,41110,SAINT-AIGNAN -,47.255612,1.353167
42210_BELLEGARDE-EN-FOREZ,42210,BELLEGARDE-EN-FOREZ,45.639846,4.306338
42510_BUSSIERES,42510,BUSSIERES,45.831421,4.267144
42120_LE COTEAU,42120,LE COTEAU,46.022415,4.09071
42190_CHARLIEU,42190,CHARLIEU,46.162098,4.167319
42152_L'HORME,42152,L'HORME,45.489952,4.5439
42600_MONTBRISON,42600,MONTBRISON,45.604225,4.069547
42155_POUILLY-LES-NONAINS,42155,POUILLY-LES-NONAINS,46.048399,3.976744
42300_ROANNE,42300,ROANNE,46.043412,4.072015
42153_RIORGES,42153,RIORGES,46.041508,4.04171
42400_SAINT-CHAMOND,42400,SAINT-CHAMOND,45.470463,4.505748
42540_SAINT-JUST-LA-PENDUE,42540,SAINT-JUST-LA-PENDUE,45.887425,4.244976
42450_SURY-LE-COMTAL,42450,SURY-LE-COMTAL,45.54708,4.18107
42820_AMBIERLE,42820,AMBIERLE,46.10801,3.902109
42720_BRIENNON,42720,BRIENNON,46.147478,4.08258
42700_FIRMINY,42700,FIRMINY,45.386573,4.287703
42620_SAINT-MARTIN-D'ESTREAUX,42620,SAINT-MARTIN-D'ESTREAUX,46.203059,3.808981
42210_MONTROND-LES-BAINS,42210,MONTROND-LES-BAINS,45.637779,4.240009
42640_SAINT-GERMAIN-LESPINASSE,42640,SAINT-GERMAIN-LESPINASSE,46.102613,3.95763
42430_SAINT-JUST-EN-CHEVALET,42430,SAINT-JUST-EN-CHEVALET,45.918182,3.835236
42270_SAINT-PRIEST-EN-JAREZ,42270,SAINT-PRIEST-EN-JAREZ,45.474286,4.370575
42470_SAINT-SYMPHORIEN-DE-LAY,42470,SAINT-SYMPHORIEN-DE-LAY,45.945034,4.224386
42340_VEAUCHE,42340,VEAUCHE,45.561486,4.290024
42600_CHALAIN-LE-COMTAL,42600,CHALAIN-LE-COMTAL,45.635394,4.172108
42330_CHAMBOEUF,42330,CHAMBOEUF,45.576959,4.316931
42460_CUINZIER,42460,CUINZIER,46.123472,4.269125
42320_FARNAY,42320,FARNAY,45.489531,4.595305
42300_MABLY,42300,MABLY,46.084575,4.062667
42560_MARGERIE-CHANTAGRET,42560,MARGERIE-CHANTAGRET,45.522869,4.048175
42440_NOIRETABLE,42440,NOIRETABLE,45.815649,3.751667
42120_PERREUX,42120,PERREUX,46.036478,4.137039
42630_PRADINES,42630,PRADINES,45.994986,4.168828
42230_ROCHE-LA-MOLIERE,42230,ROCHE-LA-MOLIERE,45.429513,4.326948
42000_SAINT-ETIENNE,42000,SAINT-ETIENNE,45.430195,4.370045
42330_SAINT-BONNET-LES-OULES,42330,SAINT-BONNET-LES-OULES,45.538655,4.332462
42170_SAINT-JUST-SAINT-RAMBERT -,42170,SAINT-JUST-SAINT-RAMBERT -,45.494348,4.251132
42600_SAVIGNEUX,42600,SAVIGNEUX,45.624044,4.094912
42460_SEVELINGES,42460,SEVELINGES,46.097958,4.291842
42590_VENDRANGES,42590,VENDRANGES,45.942473,4.136893
42170_CHAMBLES,42170,CHAMBLES,45.456989,4.217622
42114_MACHEZAL,42114,MACHEZAL,45.929724,4.319826
42120_COMMELLE-VERNAY,42120,COMMELLE-VERNAY,45.997849,4.060769
42123_CORDELLE,42123,CORDELLE,45.943271,4.055331
42370_SAINT-ANDRE-D'APCHON,42370,SAINT-ANDRE-D'APCHON,46.028562,3.927723
42140_GRAMMOND,42140,GRAMMOND,45.57328,4.443326
42310_LA PACAUDIERE,42310,LA PACAUDIERE,46.177188,3.865826
42630_REGNY,42630,REGNY,45.993771,4.21078
42370_RENAISON,42370,RENAISON,46.052626,3.927666
42740_SAINT-PAUL-EN-JAREZ,42740,SAINT-PAUL-EN-JAREZ,45.475457,4.579302
42350_LA TALAUDIERE,42350,LA TALAUDIERE,45.477646,4.429392
42300_VILLEREST,42300,VILLEREST,46.002621,4.031811
42670_BELMONT-DE-LA-LOIRE,42670,BELMONT-DE-LA-LOIRE,46.163364,4.34943
42155_OUCHES,42155,OUCHES,46.010449,3.999526
42720_POUILLY-SOUS-CHARLIEU,42720,POUILLY-SOUS-CHARLIEU,46.138533,4.130627
42150_LA RICAMARIE,42150,LA RICAMARIE,45.404941,4.367848
42132_SAINT-CYR-DE-FAVIERES,42132,SAINT-CYR-DE-FAVIERES,45.973252,4.101758
42131_LA VALLA-EN-GIER,42131,LA VALLA-EN-GIER,45.414234,4.519345
42660_SAINT-REGIS-DU-COIN,42660,SAINT-REGIS-DU-COIN,45.294958,4.452763
42560_MAROLS,42560,MAROLS,45.469067,4.03289
42136_SAINT-JUST-EN-BAS -,42136,SAINT-JUST-EN-BAS -,44.591118,0.703597
42670_BELMONT-DE-LA-LOIRE -,42670,BELMONT-DE-LA-LOIRE -,46.163364,4.34943
42450_SURY-LE-COMTAL -,42450,SURY-LE-COMTAL -,45.54708,4.18107
42230_ROCHE-LA-MOLIERE -,42230,ROCHE-LA-MOLIERE -,45.429513,4.326948
42670_BELLEROCHE,42670,BELLEROCHE,46.166689,4.413861
42470_NEAUX,42470,NEAUX,45.965833,4.165023
42320_SAINT-CHRISTO-EN-JAREZ -,42320,SAINT-CHRISTO-EN-JAREZ -,45.534249,4.471178
42130_TRELINS -,42130,TRELINS -,45.726122,4.00767
42110_CHAMBEON,42110,CHAMBEON,45.69732,4.168173
42510_SAINTE-AGATHE-EN-DONZY,42510,SAINTE-AGATHE-EN-DONZY,45.834629,4.307559
42990_SAINT-GEORGES-EN-COUZAN,42990,SAINT-GEORGES-EN-COUZAN,45.703796,3.927466
42720_BRIENNON -,42720,BRIENNON -,46.147478,4.08258
42430_CHERIER,42430,CHERIER,45.966042,3.889906
42370_SAINT-HAON-LE-CHATEL,42370,SAINT-HAON-LE-CHATEL,46.064465,3.917705
42820_AMBIERLE -,42820,AMBIERLE -,46.10801,3.902109
42260_BUSSY-ALBIEUX,42260,BUSSY-ALBIEUX,45.79716,4.032901
42660_MARLHES,42660,MARLHES,45.301393,4.403272
42380_MONTARCHER,42380,MONTARCHER,45.455007,3.9953
42630_SAINT-VICTOR-SUR-RHINS -,42630,SAINT-VICTOR-SUR-RHINS -,46.004319,4.281045
42990_SAUVAIN,42990,SAUVAIN,45.667783,3.885097
42600_VERRIERES-EN-FOREZ,42600,VERRIERES-EN-FOREZ,45.569409,3.996202
42550_USSON-EN-FOREZ,42550,USSON-EN-FOREZ,45.389239,3.930941
42600_LEZIGNEUX,42600,LEZIGNEUX,45.565959,4.055878
42000_SAINT-ETIENNE -,42000,SAINT-ETIENNE -,45.430195,4.370045
42520_SAINT-PIERRE-DE-BOEUF,42520,SAINT-PIERRE-DE-BOEUF,45.377365,4.739908
42130_SAINTE-AGATHE-LA-BOUTERESSE,42130,SAINTE-AGATHE-LA-BOUTERESSE,45.737147,4.043569
42500_LE CHAMBON-FEUGEROLLES -,42500,LE CHAMBON-FEUGEROLLES -,45.389791,4.331899
42470_FOURNEAUX,42470,FOURNEAUX,45.941239,4.269777
42330_SAINT-GALMIER -,42330,SAINT-GALMIER -,45.603027,4.316801
42153_RIORGES -,42153,RIORGES -,46.041508,4.04171
42300_ROANNE -,42300,ROANNE -,46.043412,4.072015
42340_VEAUCHETTE,42340,VEAUCHETTE,45.56175,4.252311
42410_PELUSSIN,42410,PELUSSIN,45.42376,4.662505
42140_CHAZELLES-SUR-LYON -,42140,CHAZELLES-SUR-LYON -,45.626096,4.373732
42110_FEURS -,42110,FEURS -,45.737125,4.220145
42780_VIOLAY,42780,VIOLAY,45.85106,4.351806
42700_FIRMINY -,42700,FIRMINY -,45.386573,4.287703
42140_CHAZELLES-SUR-LYON,42140,CHAZELLES-SUR-LYON,45.626096,4.373732
42130_BOEN,42130,BOEN,45.748065,4.004425
42340_VEAUCHE -,42340,VEAUCHE -,45.561486,4.290024
42330_SAINT-GALMIER,42330,SAINT-GALMIER,45.603027,4.316801
42122_SAINT-MARCEL-DE-FELINES -,42122,SAINT-MARCEL-DE-FELINES -,45.864047,4.18945
42110_FEURS,42110,FEURS,45.737125,4.220145
42430_CHAMPOLY,42430,CHAMPOLY,45.852347,3.84508
42670_ECOCHE,42670,ECOCHE,46.155158,4.306967
42380_SAINT-BONNET-LE-CHATEAU,42380,SAINT-BONNET-LE-CHATEAU,45.425024,4.0669
42190_SAINT-NIZIER-SOUS-CHARLIEU,42190,SAINT-NIZIER-SOUS-CHARLIEU,46.164135,4.129582
42240_UNIEUX,42240,UNIEUX,45.403353,4.269808
42320_VALFLEURY,42320,VALFLEURY,45.54005,4.502432
42260_CREMEAUX,42260,CREMEAUX,45.909656,3.921643
42210_L'HOPITAL-LE-GRAND,42210,L'HOPITAL-LE-GRAND,45.589612,4.197775
42130_SAINT-ETIENNE-LE-MOLARD,42130,SAINT-ETIENNE-LE-MOLARD,45.738083,4.095824
42130_SAINT-ETIENNE-LE-MOLARD -,42130,SAINT-ETIENNE-LE-MOLARD -,45.738083,4.095824
42440_SAINT-PRIEST-LA-VETRE,42440,SAINT-PRIEST-LA-VETRE,45.801536,3.809484
43370_CUSSAC-SUR-LOIRE,43370,CUSSAC-SUR-LOIRE,44.987031,3.870638
43210_BAS-EN-BASSET,43210,BAS-EN-BASSET,45.318034,4.112018
43400_LE CHAMBON-SUR-LIGNON,43400,LE CHAMBON-SUR-LIGNON,45.054499,4.329501
43000_ESPALY-SAINT-MARCEL,43000,ESPALY-SAINT-MARCEL,45.047396,3.858489
43430_FAY-SUR-LIGNON,43430,FAY-SUR-LIGNON,44.984072,4.211492
43290_MONTFAUCON-EN-VELAY,43290,MONTFAUCON-EN-VELAY,45.184654,4.32414
43130_RETOURNAC,43130,RETOURNAC,45.222908,4.020359
43500_SAINT-PAL-DE-CHALENCON,43500,SAINT-PAL-DE-CHALENCON,45.34998,3.954026
43160_LA CHAISE-DIEU,43160,LA CHAISE-DIEU,45.318446,3.689495
43300_LANGEAC,43300,LANGEAC,45.076811,3.480192
43200_YSSINGEAUX,43200,YSSINGEAUX,45.141795,4.124026
43000_AIGUILHE,43000,AIGUILHE,45.053069,3.885246
43110_AUREC-SUR-LOIRE,43110,AUREC-SUR-LOIRE,45.367893,4.203088
43220_DUNIERES,43220,DUNIERES,45.218388,4.344959
43150_LE MONASTIER-SUR-GAZEILLE,43150,LE MONASTIER-SUR-GAZEILLE,44.934928,4.021655
43120_MONISTROL-SUR-LOIRE,43120,MONISTROL-SUR-LOIRE,45.292442,4.184792
43220_RIOTORD,43220,RIOTORD,45.232298,4.421318
43100_BRIOUDE,43100,BRIOUDE,45.297811,3.381042
43500_CRAPONNE-SUR-ARZON -,43500,CRAPONNE-SUR-ARZON -,45.329722,3.861711
43000_LE PUY-EN-VELAY,43000,LE PUY-EN-VELAY,45.031845,3.899669
43290_RAUCOULES,43290,RAUCOULES,45.187447,4.285182
43600_SAINTE-SIGOLENE,43600,SAINTE-SIGOLENE,45.248052,4.227086
43590_BEAUZAC,43590,BEAUZAC,45.255309,4.098761
43770_CHADRAC,43770,CHADRAC,45.059736,3.899007
43370_SAINT-CHRISTOPHE-SUR-DOLAISON,43370,SAINT-CHRISTOPHE-SUR-DOLAISON,44.994255,3.825505
43160_SEMBADEL,43160,SEMBADEL,45.269942,3.695666
43800_VOREY,43800,VOREY,45.193122,3.91346
43150_LAUSSONNE -,43150,LAUSSONNE -,44.969337,4.051145
43420_PRADELLES,43420,PRADELLES,44.768013,3.883394
43620_SAINT-ROMAIN-LACHALM,43620,SAINT-ROMAIN-LACHALM,45.268606,4.338011
43140_SAINT-VICTOR-MALESCOURS,43140,SAINT-VICTOR-MALESCOURS,45.290086,4.324767
43390_AUZON,43390,AUZON,45.3863,3.379235
43500_BOISSET,43500,BOISSET,45.321102,3.979947
43300_LANGEAC -,43300,LANGEAC -,45.076811,3.480192
43800_CHAMALIERES-SUR-LOIRE,43800,CHAMALIERES-SUR-LOIRE,45.189523,3.978757
43500_CHOMELIX,43500,CHOMELIX,45.259666,3.826293
43700_COUBON,43700,COUBON,45.003206,3.918849
43520_MAZET-SAINT-VOY,43520,MAZET-SAINT-VOY,45.046371,4.240107
43330_PONT-SALOMON,43330,PONT-SALOMON,45.333143,4.243939
43290_SAINT-BONNET-LE-FROID,43290,SAINT-BONNET-LE-FROID,45.143837,4.435172
43200_SAINT-MAURICE-DE-LIGNON,43200,SAINT-MAURICE-DE-LIGNON,45.226443,4.131893
43190_TENCE,43190,TENCE,45.117271,4.296174
43500_CRAPONNE-SUR-ARZON,43500,CRAPONNE-SUR-ARZON,45.329722,3.861711
43220_SAINT-JULIEN-MOLHESABATE,43220,SAINT-JULIEN-MOLHESABATE,45.187101,4.426985
43100_VIEILLE-BRIOUDE -,43100,VIEILLE-BRIOUDE -,45.258607,3.404149
43270_ALLEGRE,43270,ALLEGRE,45.185743,3.69007
43800_SAINT-VINCENT,43800,SAINT-VINCENT,45.150561,3.910485
43550_SAINT-FRONT,43550,SAINT-FRONT,44.975977,4.139445
43620_SAINT-ROMAIN-LACHALM -,43620,SAINT-ROMAIN-LACHALM -,45.268606,4.338011
43440_LAVAL-SUR-DOULON,43440,LAVAL-SUR-DOULON,45.357,3.566
43270_VERNASSAL,43270,VERNASSAL,45.155113,3.727466
43100_MERCOEUR,43100,MERCOEUR,45.182069,3.305372
43500_SAINT-GEORGES-LAGRICOL -,43500,SAINT-GEORGES-LAGRICOL -,45.303723,3.881044
43150_ALLEYRAC,43150,ALLEYRAC,44.892337,3.983006
43160_CONNANGLES,43160,CONNANGLES,45.299977,3.647383
43340_LANDOS,43340,LANDOS,44.84764,3.84923
43380_LAVOUTE-CHILHAC,43380,LAVOUTE-CHILHAC,45.154306,3.406602
43430_LES VASTRES,43430,LES VASTRES,45.000859,4.280664
43300_SIAUGUES-SAINTE-MARIE,43300,SIAUGUES-SAINTE-MARIE,45.080926,3.623582
43490_VIELPRAT,43490,VIELPRAT,44.847466,3.958679
43350_SAINT-PAULIEN,43350,SAINT-PAULIEN,45.130235,3.822126
43150_LES ESTABLES,43150,LES ESTABLES,44.913095,4.134093
43380_BLASSAC,43380,BLASSAC,45.157662,3.384499
43190_CHENEREILLES,43190,CHENEREILLES,45.131194,4.236174
43200_ARAULES,43200,ARAULES,45.066505,4.174042
43260_CHAMPCLAUSE,43260,CHAMPCLAUSE,45.022235,4.175658
43120_LA CHAPELLE-D'AUREC,43120,LA CHAPELLE-D'AUREC,45.332027,4.207176
43160_LA CHAPELLE-GENESTE,43160,LA CHAPELLE-GENESTE,45.350438,3.669098
43200_GRAZAC,43200,GRAZAC,45.189244,4.184477
43190_LE MAS-DE-TENCE,43190,LE MAS-DE-TENCE,45.121816,4.362041
43200_SAINT-JEURES,43200,SAINT-JEURES,45.115299,4.207097
43210_VALPRIVAS,43210,VALPRIVAS,45.333807,4.047468
43800_ROSIERES,43800,ROSIERES,45.129712,4.006029
43000_LE PUY-EN-VELAY -,43000,LE PUY-EN-VELAY -,45.031845,3.899669
43230_PAULHAGUET,43230,PAULHAGUET,45.212414,3.516853
43700_SAINT-GERMAIN-LAPRADE,43700,SAINT-GERMAIN-LAPRADE,45.035461,3.980146
43770_POLIGNAC,43770,POLIGNAC,45.067953,3.898404
43170_VENTEUGES,43170,VENTEUGES,44.97986,3.49303
43210_MALVALETTE,43210,MALVALETTE,45.356206,4.156364
43510_SAINT-JEAN-LACHALM,43510,SAINT-JEAN-LACHALM,44.942717,3.728934
43260_SAINT-ETIENNE-LARDEYROL,43260,SAINT-ETIENNE-LARDEYROL,45.089901,4.000924
43230_CHAVANIAC-LAFAYETTE,43230,CHAVANIAC-LAFAYETTE,45.156955,3.581338
43400_LE CHAMBON-SUR-LIGNON -,43400,LE CHAMBON-SUR-LIGNON -,45.054499,4.329501
44110_CHATEAUBRIANT,44110,CHATEAUBRIANT,47.715318,-1.385354
44350_GUERANDE,44350,GUERANDE,47.331311,-2.40676
44410_HERBIGNAC,44410,HERBIGNAC,47.451299,-2.317992
44610_INDRE,44610,INDRE,47.198227,-1.664069
44380_PORNICHET,44380,PORNICHET,47.259148,-2.324189
44310_SAINT-LUMINE-DE-COUTAIS,44310,SAINT-LUMINE-DE-COUTAIS,47.050106,-1.724458
44710_PORT-SAINT-PERE,44710,PORT-SAINT-PERE,47.141803,-1.77052
44770_PREFAILLES,44770,PREFAILLES,47.13174,-2.220803
44730_SAINT-MICHEL-CHEF-CHEF,44730,SAINT-MICHEL-CHEF-CHEF,47.173705,-2.129038
44310_SAINT-PHILBERT-DE-GRAND-LIEU,44310,SAINT-PHILBERT-DE-GRAND-LIEU,47.035231,-1.635256
44420_LA TURBALLE,44420,LA TURBALLE,47.350971,-2.490765
44150_ANCENIS,44150,ANCENIS,47.385541,-1.197594
44340_BOUGUENAIS,44340,BOUGUENAIS,47.172155,-1.615684
44470_CARQUEFOU,44470,CARQUEFOU,47.297116,-1.466824
44500_LA BAULE-ESCOUBLAC,44500,LA BAULE-ESCOUBLAC,47.288754,-2.363461
44430_LE LOROUX-BOTTEREAU,44430,LE LOROUX-BOTTEREAU,47.234468,-1.329107
44300_NANTES,44300,NANTES,47.239367,-1.555335
44300_NANTES -,44300,NANTES -,47.239367,-1.555335
44170_NOZAY,44170,NOZAY,47.573952,-1.597839
44250_SAINT-BREVIN-LES-PINS,44250,SAINT-BREVIN-LES-PINS,47.231784,-2.156649
44320_SAINT-PERE-EN-RETZ,44320,SAINT-PERE-EN-RETZ,47.228353,-2.080048
44760_LA BERNERIE-EN-RETZ,44760,LA BERNERIE-EN-RETZ,47.084814,-2.032265
44190_BOUSSAY,44190,BOUSSAY,47.053187,-1.170476
44410_LA CHAPELLE-DES-MARAIS,44410,LA CHAPELLE-DES-MARAIS,47.442262,-2.245622
44330_LA CHAPELLE-HEULIN,44330,LA CHAPELLE-HEULIN,47.171031,-1.348759
44240_LA CHAPELLE-SUR-ERDRE,44240,LA CHAPELLE-SUR-ERDRE,47.302321,-1.560549
44190_CLISSON,44190,CLISSON,47.092311,-1.27044
44420_MESQUER,44420,MESQUER,47.405751,-2.472201
44560_PAIMBOEUF,44560,PAIMBOEUF,47.286082,-2.028559
44390_SAFFRE,44390,SAFFRE,47.487148,-1.589637
44800_SAINT-HERBLAIN,44800,SAINT-HERBLAIN,47.227082,-1.625284
44350_SAINT-MOLF,44350,SAINT-MOLF,47.384315,-2.405279
44230_SAINT-SEBASTIEN-SUR-LOIRE,44230,SAINT-SEBASTIEN-SUR-LOIRE,47.199355,-1.502678
44170_VAY,44170,VAY,47.541804,-1.703935
44190_GORGES,44190,GORGES,47.106444,-1.317155
44260_MALVILLE,44260,MALVILLE,47.344613,-1.842894
44160_PONTCHATEAU,44160,PONTCHATEAU,47.441775,-2.091299
44210_PORNIC,44210,PORNIC,47.123771,-2.054216
44710_SAINT-LEGER-LES-VIGNES,44710,SAINT-LEGER-LES-VIGNES,47.138333,-1.718697
44980_SAINTE-LUCE-SUR-LOIRE,44980,SAINTE-LUCE-SUR-LOIRE,47.253977,-1.475773
44580_BOURGNEUF-EN-RETZ,44580,BOURGNEUF-EN-RETZ,47.036555,-1.904582
44130_LE GAVRE,44130,LE GAVRE,47.531506,-1.762006
44260_PRINQUIAU,44260,PRINQUIAU,47.377942,-2.007954
44330_VALLET,44330,VALLET,47.175229,-1.267176
44410_ASSERAC,44410,ASSERAC,47.439575,-2.412102
44490_LE CROISIC,44490,LE CROISIC,47.291165,-2.523774
44270_PAULX,44270,PAULX,46.966144,-1.775813
44770_LA PLAINE-SUR-MER,44770,LA PLAINE-SUR-MER,47.14491,-2.182656
44510_LE POULIGUEN,44510,LE POULIGUEN,47.272535,-2.433124
44410_SAINT-LYPHARD,44410,SAINT-LYPHARD,47.378126,-2.346602
44310_SAINT-COLOMBAN,44310,SAINT-COLOMBAN,47.017203,-1.559828
44480_DONGES,44480,DONGES,47.345752,-2.066722
44115_BASSE-GOULAINE,44115,BASSE-GOULAINE,47.211055,-1.4627
44740_BATZ-SUR-MER,44740,BATZ-SUR-MER,47.273649,-2.473022
44680_SAINTE-PAZANNE,44680,SAINTE-PAZANNE,47.089585,-1.813234
44440_JOUE-SUR-ERDRE -,44440,JOUE-SUR-ERDRE -,47.511793,-1.43393
44110_SAINT-AUBIN-DES-CHATEAUX -,44110,SAINT-AUBIN-DES-CHATEAUX -,47.709252,-1.458675
44130_BLAIN,44130,BLAIN,47.462685,-1.779969
44850_LIGNE,44850,LIGNE,47.4037,-1.383746
44830_BOUAYE,44830,BOUAYE,47.148487,-1.667611
44220_COUERON,44220,COUERON,47.231751,-1.7056
44760_LES MOUTIERS-EN-RETZ,44760,LES MOUTIERS-EN-RETZ,47.055217,-1.995496
44270_MACHECOUL,44270,MACHECOUL,47.005401,-1.815446
44400_REZE,44400,REZE,47.17269,-1.552789
44440_RIAILLE,44440,RIAILLE,47.514289,-1.305372
44650_CORCOUE-SUR-LOGNE,44650,CORCOUE-SUR-LOGNE,46.957237,-1.606814
44600_SAINT-NAZAIRE,44600,SAINT-NAZAIRE,47.275247,-2.242494
44240_SUCE-SUR-ERDRE,44240,SUCE-SUR-ERDRE,47.347927,-1.522283
44120_VERTOU,44120,VERTOU,47.155326,-1.467557
44140_GENESTON,44140,GENESTON,47.058834,-1.526145
44850_LE CELLIER,44850,LE CELLIER,47.337206,-1.356722
44770_LA PLAINE-SUR-MER -,44770,LA PLAINE-SUR-MER -,47.14491,-2.182656
44521_OUDON,44521,OUDON,47.355989,-1.273918
44720_SAINT-JOACHIM,44720,SAINT-JOACHIM,47.378042,-2.197599
44880_SAUTRON,44880,SAUTRON,47.275287,-1.679981
44570_TRIGNAC,44570,TRIGNAC,47.304636,-2.203221
44500_LA BAULE-ESCOUBLAC -,44500,LA BAULE-ESCOUBLAC -,47.288754,-2.363461
44270_MACHECOUL -,44270,MACHECOUL -,47.005401,-1.815446
44600_SAINT-NAZAIRE -,44600,SAINT-NAZAIRE -,47.275247,-2.242494
44810_HERIC,44810,HERIC,47.421506,-1.641014
44810_LA CHEVALLERAIS,44810,LA CHEVALLERAIS,47.473059,-1.665942
44370_BELLIGNE,44370,BELLIGNE,47.482599,-1.076618
44117_SAINT-ANDRE-DES-EAUX,44117,SAINT-ANDRE-DES-EAUX,47.325307,-2.313979
44740_BATZ-SUR-MER -,44740,BATZ-SUR-MER -,47.273649,-2.473022
44118_LA CHEVROLIERE,44118,LA CHEVROLIERE,47.088609,-1.59922
44420_PIRIAC-SUR-MER,44420,PIRIAC-SUR-MER,47.383991,-2.524388
44410_SAINT-LYPHARD -,44410,SAINT-LYPHARD -,47.378126,-2.346602
44370_LA CHAPELLE-SAINT-SAUVEUR,44370,LA CHAPELLE-SAINT-SAUVEUR,47.446364,-0.970206
44450_SAINT-JULIEN-DE-CONCELLES,44450,SAINT-JULIEN-DE-CONCELLES,47.246671,-1.400032
44390_PUCEUL,44390,PUCEUL,47.517738,-1.62504
44640_ROUANS,44640,ROUANS,47.17017,-1.847032
44390_SAFFRE -,44390,SAFFRE -,47.487148,-1.589637
44390_NORT-SUR-ERDRE,44390,NORT-SUR-ERDRE,47.444281,-1.530425
44700_ORVAULT -,44700,ORVAULT -,47.270999,-1.619416
44460_SAINT-NICOLAS-DE-REDON,44460,SAINT-NICOLAS-DE-REDON,47.637616,-2.056461
44290_GUEMENE-PENFAO -,44290,GUEMENE-PENFAO -,47.644886,-1.820263
44210_PORNIC -,44210,PORNIC -,47.123771,-2.054216
44840_LES SORINIERES,44840,LES SORINIERES,47.142838,-1.517993
44140_AIGREFEUILLE-SUR-MAINE,44140,AIGREFEUILLE-SUR-MAINE,47.074166,-1.414577
44470_CARQUEFOU -,44470,CARQUEFOU -,47.297116,-1.466824
44110_ERBRAY,44110,ERBRAY,47.669993,-1.332139
44116_VIEILLEVIGNE,44116,VIEILLEVIGNE,46.967509,-1.419189
44880_SAUTRON -,44880,SAUTRON -,47.275287,-1.679981
44400_REZE -,44400,REZE -,47.17269,-1.552789
44270_SAINT-ETIENNE-DE-MER-MORTE,44270,SAINT-ETIENNE-DE-MER-MORTE,46.946606,-1.71774
44290_GUEMENE-PENFAO,44290,GUEMENE-PENFAO,47.644886,-1.820263
44430_LA BOISSIERE-DU-DORE -,44430,LA BOISSIERE-DU-DORE -,47.233888,-1.209557
44270_SAINT-MEME-LE-TENU,44270,SAINT-MEME-LE-TENU,47.005401,-1.815446
44430_LE LANDREAU,44430,LE LANDREAU,47.208826,-1.300276
44530_GUENROUET,44530,GUENROUET,47.518344,-1.949913
44710_PORT-SAINT-PERE -,44710,PORT-SAINT-PERE -,47.141803,-1.77052
44170_LA GRIGONNAIS,44170,LA GRIGONNAIS,47.519073,-1.685684
44160_SAINTE-REINE-DE-BRETAGNE,44160,SAINTE-REINE-DE-BRETAGNE,47.44547,-2.184908
44170_JANS,44170,JANS,47.624831,-1.609662
44540_SAINT-MARS-LA-JAILLE,44540,SAINT-MARS-LA-JAILLE,47.532543,-1.160009
44320_FROSSAY -,44320,FROSSAY -,47.236324,-1.9209
44150_SAINT-GEREON,44150,SAINT-GEREON,47.385541,-1.197594
44370_VARADES,44370,VARADES,47.414706,-1.004157
44800_SAINT-HERBLAIN -,44800,SAINT-HERBLAIN -,47.227082,-1.625284
44650_CORCOUE-SUR-LOGNE -,44650,CORCOUE-SUR-LOGNE -,46.957237,-1.606814
44320_CHAUMES-EN-RETZ -,44320,CHAUMES-EN-RETZ -,47.156873,-1.915136
44610_INDRE -,44610,INDRE -,47.198227,-1.664069
44620_LA MONTAGNE,44620,LA MONTAGNE,47.184208,-1.680857
44110_CHATEAUBRIANT -,44110,CHATEAUBRIANT -,47.715318,-1.385354
45340_BEAUNE-LA-ROLANDE,45340,BEAUNE-LA-ROLANDE,48.072383,2.430275
45760_BOIGNY-SUR-BIONNE -,45760,BOIGNY-SUR-BIONNE -,47.926102,2.025322
45120_CEPOY -,45120,CEPOY -,48.049687,2.742668
45190_BEAUGENCY,45190,BEAUGENCY,47.781732,1.632386
45630_BEAULIEU-SUR-LOIRE,45630,BEAULIEU-SUR-LOIRE,47.528105,2.797976
45150_JARGEAU,45150,JARGEAU,47.853864,2.125874
45370_JOUY-LE-POTIER,45370,JOUY-LE-POTIER,47.754804,1.80571
45100_ORLEANS,45100,ORLEANS,47.873569,1.911358
45220_CHATEAU-RENARD,45220,CHATEAU-RENARD,47.926396,2.923771
45120_CORQUILLEROY -,45120,CORQUILLEROY -,48.03693,2.707947
45450_FAY-AUX-LOGES,45450,FAY-AUX-LOGES,47.924197,2.149531
45770_SARAN,45770,SARAN,47.946923,1.875773
45330_MALESHERBES -,45330,MALESHERBES -,48.279834,2.328662
45200_MONTARGIS,45200,MONTARGIS,47.998342,2.735445
45300_PITHIVIERS,45300,PITHIVIERS,48.177503,2.254209
45270_QUIERS-SUR-BEZONDE,45270,QUIERS-SUR-BEZONDE,47.98781,2.433505
45140_SAINT-JEAN-DE-LA-RUELLE,45140,SAINT-JEAN-DE-LA-RUELLE,47.911217,1.872048
45530_VITRY-AUX-LOGES,45530,VITRY-AUX-LOGES,47.932542,2.245375
45300_VRIGNY -,45300,VRIGNY -,48.082352,2.238582
45410_ARTENAY -,45410,ARTENAY -,48.07644,1.876771
45160_ARDON,45160,ARDON,47.799744,1.871557
45480_AUTRUY-SUR-JUINE -,45480,AUTRUY-SUR-JUINE -,48.279239,2.094915
45490_CORBEILLES,45490,CORBEILLES,48.076856,2.554729
45500_GIEN,45500,GIEN,47.69809,2.645031
45340_BOISCOMMUN -,45340,BOISCOMMUN -,48.035769,2.374569
45470_LOURY -,45470,LOURY -,48.005298,2.086217
45360_CHATILLON-SUR-LOIRE,45360,CHATILLON-SUR-LOIRE,47.571226,2.743192
45170_CHILLEURS-AUX-BOIS,45170,CHILLEURS-AUX-BOIS,48.067263,2.145362
45320_COURTENAY,45320,COURTENAY,48.03441,3.062413
45240_LA FERTE-SAINT-AUBIN -,45240,LA FERTE-SAINT-AUBIN -,47.724028,1.921132
45260_LORRIS -,45260,LORRIS -,47.874513,2.493078
45370_MAREAU-AUX-PRES,45370,MAREAU-AUX-PRES,47.84858,1.788524
45290_NOGENT-SUR-VERNISSON,45290,NOGENT-SUR-VERNISSON,47.835908,2.73731
45490_TREILLES-EN-GATINAIS,45490,TREILLES-EN-GATINAIS,48.082075,2.661847
45480_BAZOCHES-LES-GALLERANDES -,45480,BAZOCHES-LES-GALLERANDES -,48.164554,2.047449
45720_COULLONS,45720,COULLONS,47.618666,2.520369
45260_LORRIS,45260,LORRIS,47.874513,2.493078
45160_OLIVET,45160,OLIVET,47.859196,1.889457
45250_BRIARE,45250,BRIARE,47.639161,2.729558
45120_CHALETTE-SUR-LOING,45120,CHALETTE-SUR-LOING,48.019121,2.720474
45110_CHATEAUNEUF-SUR-LOIRE -,45110,CHATEAUNEUF-SUR-LOIRE -,47.872743,2.223164
45230_CHATILLON-COLIGNY,45230,CHATILLON-COLIGNY,47.826014,2.868523
45520_CHEVILLY,45520,CHEVILLY,48.034855,1.899622
45680_DORDIVES,45680,DORDIVES,48.146038,2.78159
45130_SAINT-AY,45130,SAINT-AY,47.860376,1.757843
45730_SAINT-BENOIT-SUR-LOIRE,45730,SAINT-BENOIT-SUR-LOIRE,47.811894,2.31823
45210_FERRIERES-EN-GATINAIS,45210,FERRIERES-EN-GATINAIS,48.109986,2.807126
45640_SANDILLON -,45640,SANDILLON -,47.841174,2.030893
45700_VILLEMANDEUR,45700,VILLEMANDEUR,47.9864,2.701824
45140_INGRE,45140,INGRE,47.918826,1.822654
45480_LEOUVILLE,45480,LEOUVILLE,48.223826,2.088088
45470_TRAINOU -,45470,TRAINOU -,47.957045,2.087298
45400_CHANTEAU,45400,CHANTEAU,47.976172,1.957995
45380_LA CHAPELLE-SAINT-MESMIN,45380,LA CHAPELLE-SAINT-MESMIN,47.889553,1.834869
45480_CHARMONT-EN-BEAUCE,45480,CHARMONT-EN-BEAUCE,48.233316,2.107026
45190_BEAUGENCY -,45190,BEAUGENCY -,47.781732,1.632386
45240_LA FERTE-SAINT-AUBIN,45240,LA FERTE-SAINT-AUBIN,47.724028,1.921132
45420_BONNY-SUR-LOIRE,45420,BONNY-SUR-LOIRE,47.577434,2.836448
45430_CHECY -,45430,CHECY -,47.902112,2.020374
45370_CLERY-SAINT-ANDRE -,45370,CLERY-SAINT-ANDRE -,47.8285,1.7668
45310_PATAY,45310,PATAY,48.04266,1.698291
45650_SAINT-JEAN-LE-BLANC,45650,SAINT-JEAN-LE-BLANC,47.880617,1.928519
45750_SAINT-PRYVE-SAINT-MESMIN,45750,SAINT-PRYVE-SAINT-MESMIN,47.883309,1.864898
45510_TIGY -,45510,TIGY -,47.775965,2.197515
45550_SAINT-DENIS-DE-L'HOTEL,45550,SAINT-DENIS-DE-L'HOTEL,47.872891,2.130842
45210_LA SELLE-SUR-LE-BIED,45210,LA SELLE-SUR-LE-BIED,48.074517,2.896832
45200_AMILLY,45200,AMILLY,47.978977,2.784263
45270_LADON -,45270,LADON -,48.007588,2.529622
45430_MARDIE -,45430,MARDIE -,47.897594,2.06307
45380_CHAINGY -,45380,CHAINGY -,47.884712,1.778734
45380_CHAINGY,45380,CHAINGY,47.884712,1.778734
45400_FLEURY-LES-AUBRAIS,45400,FLEURY-LES-AUBRAIS,47.933752,1.918736
45290_VARENNES-CHANGY -,45290,VARENNES-CHANGY -,47.868813,2.661807
45130_MEUNG-SUR-LOIRE -,45130,MEUNG-SUR-LOIRE -,47.836679,1.690177
45140_ORMES,45140,ORMES,47.949744,1.813552
45570_OUZOUER-SUR-LOIRE,45570,OUZOUER-SUR-LOIRE,47.772835,2.481441
45250_OUZOUER-SUR-TREZEE,45250,OUZOUER-SUR-TREZEE,47.679309,2.82151
45700_PANNES -,45700,PANNES -,48.004732,2.675917
45590_SAINT-CYR-EN-VAL,45590,SAINT-CYR-EN-VAL,47.810828,1.955437
45800_SAINT-JEAN-DE-BRAYE -,45800,SAINT-JEAN-DE-BRAYE -,47.917374,1.967767
45300_YEVRE-LA-VILLE,45300,YEVRE-LA-VILLE,48.146685,2.322757
45270_BELLEGARDE,45270,BELLEGARDE,47.987546,2.443907
45170_NEUVILLE-AUX-BOIS,45170,NEUVILLE-AUX-BOIS,48.070025,2.052106
45390_PUISEAUX -,45390,PUISEAUX -,48.212582,2.45807
45600_SULLY-SUR-LOIRE,45600,SULLY-SUR-LOIRE,47.760545,2.353447
45120_CEPOY,45120,CEPOY,48.049687,2.742668
45240_MARCILLY-EN-VILLETTE,45240,MARCILLY-EN-VILLETTE,47.78114,2.018598
45500_AUTRY-LE-CHATEL,45500,AUTRY-LE-CHATEL,47.60107,2.606047
45470_LOURY,45470,LOURY,48.005298,2.086217
45110_CHATEAUNEUF-SUR-LOIRE,45110,CHATEAUNEUF-SUR-LOIRE,47.872743,2.223164
45600_SULLY-SUR-LOIRE -,45600,SULLY-SUR-LOIRE -,47.760545,2.353447
45210_LA SELLE-EN-HERMOY,45210,LA SELLE-EN-HERMOY,48.0022,2.887514
45230_ADON,45230,ADON,47.765764,2.798099
45330_AUGERVILLE-LA-RIVIERE,45330,AUGERVILLE-LA-RIVIERE,48.254584,2.426997
45480_AUTRUY-SUR-JUINE,45480,AUTRUY-SUR-JUINE,48.279239,2.094915
45340_AUXY,45340,AUXY,48.103199,2.476734
45130_BACCON,45130,BACCON,47.88961,1.632798
45130_BAULE,45130,BAULE,47.810333,1.67005
45390_BOESSES,45390,BOESSES,48.147003,2.448198
45460_LES BORDES,45460,LES BORDES,47.806152,2.415323
45170_BOUGY-LEZ-NEUVILLE,45170,BOUGY-LEZ-NEUVILLE,48.039106,2.026877
45140_BOULAY-LES-BARRES,45140,BOULAY-LES-BARRES,47.977509,1.782206
45460_BOUZY-LA-FORET,45460,BOUZY-LA-FORET,47.856962,2.356798
45300_BOYNES,45300,BOYNES,48.115776,2.357572
45460_BRAY-EN-VAL,45460,BRAY-EN-VAL,47.83792,2.325011
45520_CERCOTTES,45520,CERCOTTES,47.981458,1.882095
45340_CHAMBON-LA-FORET,45340,CHAMBON-LA-FORET,48.058325,2.291326
45260_CHATENOY,45260,CHATENOY,47.918286,2.399315
45370_CLERY-SAINT-ANDRE,45370,CLERY-SAINT-ANDRE,47.8285,1.7668
45310_COINCES,45310,COINCES,48.024729,1.736867
45190_CRAVANT,45190,CRAVANT,47.826179,1.600239
45570_DAMPIERRE-EN-BURLY,45570,DAMPIERRE-EN-BURLY,47.755271,2.516815
45220_DOUCHY,45220,DOUCHY,47.953465,3.059557
45130_EPIEDS-EN-BEAUCE,45130,EPIEDS-EN-BEAUCE,47.954874,1.613906
45150_FEROLLES,45150,FEROLLES,47.830208,2.119979
45210_FONTENAY-SUR-LOING,45210,FONTENAY-SUR-LOING,48.080781,2.770378
45340_GAUBERTIN,45340,GAUBERTIN,48.12326,2.432559
45130_HUISSEAU-SUR-MAUVES,45130,HUISSEAU-SUR-MAUVES,47.893661,1.702001
45450_INGRANNES,45450,INGRANNES,47.995958,2.210319
45620_ISDES,45620,ISDES,47.671586,2.261092
45480_JOUY-EN-PITHIVERAIS,45480,JOUY-EN-PITHIVERAIS,48.148376,2.135614
45740_LAILLY-EN-VAL,45740,LAILLY-EN-VAL,47.766526,1.687077
45240_LIGNY-LE-RIBAULT,45240,LIGNY-LE-RIBAULT,47.687849,1.769779
45330_MALESHERBES,45330,MALESHERBES,48.279834,2.328662
45430_MARDIE,45430,MARDIE,47.897594,2.06307
45760_MARIGNY-LES-USAGES,45760,MARIGNY-LES-USAGES,47.960687,2.018805
45370_MEZIERES-LEZ-CLERY,45370,MEZIERES-LEZ-CLERY,47.828777,1.802982
45700_MONTCRESSON,45700,MONTCRESSON,47.91661,2.812342
45330_ORVEAU-BELLESAUVE,45330,ORVEAU-BELLESAUVE,48.283073,2.325098
45480_OUTARVILLE,45480,OUTARVILLE,48.21112,2.013627
45500_SAINT-BRISSON-SUR-LOIRE,45500,SAINT-BRISSON-SUR-LOIRE,47.640212,2.681522
45560_SAINT-DENIS-EN-VAL,45560,SAINT-DENIS-EN-VAL,47.87857,1.969971
45220_SAINT-FIRMIN-DES-BOIS,45220,SAINT-FIRMIN-DES-BOIS,47.965931,2.913685
45220_SAINT-GERMAIN-DES-PRES,45220,SAINT-GERMAIN-DES-PRES,47.967082,2.836212
45170_SAINT-LYE-LA-FORET,45170,SAINT-LYE-LA-FORET,48.045047,1.96819
45310_SAINT-PERAVY-LA-COLOMBE,45310,SAINT-PERAVY-LA-COLOMBE,47.999273,1.688145
45640_SANDILLON,45640,SANDILLON,47.841174,2.030893
45240_SENNELY,45240,SENNELY,47.682212,2.138902
45300_SERMAISES,45300,SERMAISES,48.296377,2.213599
45110_SIGLOY,45110,SIGLOY,47.835592,2.219259
45260_THIMORY,45260,THIMORY,47.931192,2.58848
45510_TIGY,45510,TIGY,47.775965,2.197515
45470_TRAINOU,45470,TRAINOU,47.957045,2.087298
45290_VARENNES-CHANGY,45290,VARENNES-CHANGY,47.868813,2.661807
45260_VIEILLES-MAISONS-SUR-JOUDRY,45260,VIEILLES-MAISONS-SUR-JOUDRY,47.886403,2.447115
45510_VIENNE-EN-VAL,45510,VIENNE-EN-VAL,47.794147,2.133368
45310_VILLAMBLAIN,45310,VILLAMBLAIN,48.012498,1.554584
45190_VILLORCEAU,45190,VILLORCEAU,47.802904,1.596506
45480_CHAUSSY,45480,CHAUSSY,48.167529,1.995806
45430_CHECY,45430,CHECY,47.902112,2.020374
45220_CHUELLES,45220,CHUELLES,48.000065,2.970162
45260_LA COUR-MARIGNY,45260,LA COUR-MARIGNY,47.895305,2.594908
45150_DARVOY,45150,DARVOY,47.854887,2.094044
45370_DRY,45370,DRY,47.799804,1.722255
45520_GIDY,45520,GIDY,47.994041,1.838839
45130_MEUNG-SUR-LOIRE,45130,MEUNG-SUR-LOIRE,47.836679,1.690177
45230_MONTBOUY,45230,MONTBOUY,47.874743,2.835091
45150_OUVROUER-LES-CHAMPS,45150,OUVROUER-LES-CHAMPS,47.833807,2.178016
45500_POILLY-LEZ-GIEN,45500,POILLY-LEZ-GIEN,47.671432,2.598982
45390_PUISEAUX,45390,PUISEAUX,48.212582,2.45807
45470_REBRECHIEN,45470,REBRECHIEN,47.98897,2.039391
45410_RUAN,45410,RUAN,48.101295,1.925894
45600_SAINT-AIGNAN-LE-JAILLARD,45600,SAINT-AIGNAN-LE-JAILLARD,47.747908,2.435846
45500_SAINT-MARTIN-SUR-OCRE,45500,SAINT-MARTIN-SUR-OCRE,47.651472,2.649316
45190_TAVERS,45190,TAVERS,47.763857,1.614093
45600_VILLEMURLIN,45600,VILLEMURLIN,47.682797,2.33738
45290_LES CHOUX -,45290,LES CHOUX -,47.797846,2.678881
45100_ORLEANS -,45100,ORLEANS -,47.873569,1.911358
45420_DAMMARIE-EN-PUISAYE,45420,DAMMARIE-EN-PUISAYE,47.631747,2.859437
45420_BONNY-SUR-LOIRE -,45420,BONNY-SUR-LOIRE -,47.577434,2.836448
45230_CHATILLON-COLIGNY -,45230,CHATILLON-COLIGNY -,47.826014,2.868523
45250_BRIARE -,45250,BRIARE -,47.639161,2.729558
45120_GIROLLES -,45120,GIROLLES -,48.068613,2.725971
45500_SAINT-BRISSON-SUR-LOIRE -,45500,SAINT-BRISSON-SUR-LOIRE -,47.640212,2.681522
45230_SAINTE-GENEVIEVE-DES-BOIS -,45230,SAINTE-GENEVIEVE-DES-BOIS -,47.817272,2.790579
45680_DORDIVES -,45680,DORDIVES -,48.146038,2.78159
45500_GIEN -,45500,GIEN -,47.69809,2.645031
45300_GIVRAINES,45300,GIVRAINES,48.149022,2.370776
45340_BEAUNE-LA-ROLANDE -,45340,BEAUNE-LA-ROLANDE -,48.072383,2.430275
45260_MONTEREAU,45260,MONTEREAU,47.849687,2.577774
45190_MESSAS,45190,MESSAS,47.80646,1.64069
45300_ASCOUX -,45300,ASCOUX -,48.131075,2.245233
45370_DRY -,45370,DRY -,47.799804,1.722255
45160_ARDON -,45160,ARDON -,47.799744,1.871557
45700_VILLEMANDEUR -,45700,VILLEMANDEUR -,47.9864,2.701824
45700_SAINT-MAURICE-SUR-FESSARD,45700,SAINT-MAURICE-SUR-FESSARD,47.99127,2.618313
45270_BELLEGARDE -,45270,BELLEGARDE -,47.987546,2.443907
45320_COURTENAY -,45320,COURTENAY -,48.03441,3.062413
45720_COULLONS -,45720,COULLONS -,47.618666,2.520369
45550_SAINT-DENIS-DE-L'HOTEL -,45550,SAINT-DENIS-DE-L'HOTEL -,47.872891,2.130842
45410_ARTENAY,45410,ARTENAY,48.07644,1.876771
45270_LADON,45270,LADON,48.007588,2.529622
45770_SARAN -,45770,SARAN -,47.946923,1.875773
45120_CHALETTE-SUR-LOING -,45120,CHALETTE-SUR-LOING -,48.019121,2.720474
45650_SAINT-JEAN-LE-BLANC -,45650,SAINT-JEAN-LE-BLANC -,47.880617,1.928519
45200_MONTARGIS -,45200,MONTARGIS -,47.998342,2.735445
45800_SAINT-JEAN-DE-BRAYE,45800,SAINT-JEAN-DE-BRAYE,47.917374,1.967767
45360_PIERREFITTE-ES-BOIS,45360,PIERREFITTE-ES-BOIS,47.515923,2.700751
45300_PITHIVIERS-LE-VIEIL -,45300,PITHIVIERS-LE-VIEIL -,48.18552,2.205908
45220_CHATEAU-RENARD -,45220,CHATEAU-RENARD -,47.926396,2.923771
46270_BAGNAC-SUR-CELE,46270,BAGNAC-SUR-CELE,44.662987,2.148639
46000_CAHORS,46000,CAHORS,44.457559,1.438342
46100_CAMBURAT,46100,CAMBURAT,44.646377,1.999831
46210_LATRONQUIERE,46210,LATRONQUIERE,44.801757,2.075125
46140_LUZECH,46140,LUZECH,44.48158,1.276823
46110_LES QUATRE-ROUTES-DU-LOT,46110,LES QUATRE-ROUTES-DU-LOT,44.997643,1.640422
46600_MARTEL,46600,MARTEL,44.93655,1.60708
46350_MASCLAT,46350,MASCLAT,44.83093,1.384277
46350_PAYRAC,46350,PAYRAC,44.787587,1.454628
46340_SALVIAC,46340,SALVIAC,44.684289,1.269575
46130_BIARS-SUR-CERE,46130,BIARS-SUR-CERE,44.928072,1.856038
46200_LACAVE,46200,LACAVE,44.841247,1.55374
46090_MERCUES,46090,MERCUES,44.498227,1.386769
46140_SAUZET,46140,SAUZET,44.415885,1.258479
46090_VERS,46090,VERS,44.481484,1.580527
46110_VAYRAC,46110,VAYRAC,44.947909,1.699933
46330_CABRERETS,46330,CABRERETS,44.518363,1.630751
46400_LATOUILLE-LENTILLAC,46400,LATOUILLE-LENTILLAC,44.842539,1.976559
46500_GRAMAT,46500,GRAMAT,44.765975,1.718225
46090_LABASTIDE-MARNHAC,46090,LABASTIDE-MARNHAC,44.389116,1.391142
46220_PRAYSSAC,46220,PRAYSSAC,44.503572,1.181244
46400_SAINT-CERE,46400,SAINT-CERE,44.854274,1.904821
46300_SAINT-CIRQ-SOUILLAGUET,46300,SAINT-CIRQ-SOUILLAGUET,44.708857,1.453456
46310_SAINT-GERMAIN-DU-BEL-AIR,46310,SAINT-GERMAIN-DU-BEL-AIR,44.6516,1.43668
46200_SOUILLAC,46200,SOUILLAC,44.905473,1.47181
46260_VARAIRE,46260,VARAIRE,44.358339,1.726557
46260_BEAUREGARD,46260,BEAUREGARD,44.345748,1.788934
46800_LE BOULVE -,46800,LE BOULVE -,44.403919,1.149042
46130_BRETENOUX,46130,BRETENOUX,44.915852,1.840223
46160_CAJARC,46160,CAJARC,44.495076,1.833606
46700_DURAVEL,46700,DURAVEL,44.514213,1.080004
46100_FIGEAC,46100,FIGEAC,44.609226,2.02419
46250_GOUJOUNAC,46250,GOUJOUNAC,44.576618,1.198463
46300_GOURDON,46300,GOURDON,44.737928,1.373636
46120_LACAPELLE-MARIVAL,46120,LACAPELLE-MARIVAL,44.727607,1.934966
46230_LALBENQUE,46230,LALBENQUE,44.338314,1.562321
46090_LAMAGDELAINE,46090,LAMAGDELAINE,44.469823,1.494491
46240_MONTFAUCON,46240,MONTFAUCON,44.691023,1.565438
46310_UZECH,46310,UZECH,44.594523,1.390835
46500_ALVIGNAC,46500,ALVIGNAC,44.82726,1.689004
46090_ARCAMBAL,46090,ARCAMBAL,44.454482,1.543166
46090_AUJOLS,46090,AUJOLS,44.410617,1.545821
46100_CARDAILLAC,46100,CARDAILLAC,44.678064,2.016095
46170_CASTELNAU-MONTRATIER,46170,CASTELNAU-MONTRATIER,44.272025,1.340429
46250_CAZALS,46250,CAZALS,44.646535,1.221294
46300_FAJOLES,46300,FAJOLES,44.806479,1.380331
46260_CONCOTS,46260,CONCOTS,44.400918,1.646279
46600_CRESSENSAC,46600,CRESSENSAC,45.0133,1.54496
46140_DOUELLE,46140,DOUELLE,44.472989,1.359618
46090_ESPERE,46090,ESPERE,44.510937,1.376172
46260_LIMOGNE-EN-QUERCY,46260,LIMOGNE-EN-QUERCY,44.394057,1.789993
46800_MONTCUQ,46800,MONTCUQ,44.352049,1.172575
46130_PUYBRUN,46130,PUYBRUN,44.917865,1.787679
46330_SAINT-GERY,46330,SAINT-GERY,44.481484,1.580527
46200_SAINT-SOZY,46200,SAINT-SOZY,44.881144,1.558983
46300_LE VIGAN EN QUERCY,46300,LE VIGAN EN QUERCY,44.743166,1.446437
46100_CAPDENAC,46100,CAPDENAC,44.584306,2.071321
46320_LIVERNON,46320,LIVERNON,44.650549,1.847955
46700_PUY-L'EVEQUE,46700,PUY-L'EVEQUE,44.514406,1.132548
46330_SAINT-CIRQ-LAPOPIE,46330,SAINT-CIRQ-LAPOPIE,44.456314,1.658395
46130_TAURIAC,46130,TAURIAC,44.910221,1.776287
46800_SAUX,46800,SAUX,44.329591,1.311678
46500_BIO,46500,BIO,44.780102,1.785895
46320_BRENGUES,46320,BRENGUES,44.580684,1.837416
46500_MIERS,46500,MIERS,44.857093,1.71156
46700_MONTCABRIER,46700,MONTCABRIER,44.554384,1.086754
46320_ASSIER,46320,ASSIER,44.679581,1.879045
46190_CALVIAC -,46190,CALVIAC -,44.957419,2.041741
46150_CATUS,46150,CATUS,44.557598,1.34085
46700_SAINT-MARTIN-LE-REDON,46700,SAINT-MARTIN-LE-REDON,44.530185,1.042365
46100_VIAZAC,46100,VIAZAC,44.6488,2.07431
46400_SAINT-JEAN-LAGINESTE,46400,SAINT-JEAN-LAGINESTE,44.82454,1.856602
46200_LACHAPELLE-AUZAC,46200,LACHAPELLE-AUZAC,44.933458,1.482056
46250_MONTCLERA,46250,MONTCLERA,44.620758,1.208968
46190_SOUSCEYRAC,46190,SOUSCEYRAC,44.895822,2.027832
46500_PADIRAC,46500,PADIRAC,44.848979,1.756075
46300_SAINT-PROJET,46300,SAINT-PROJET,44.74098,1.505292
46110_CARENNAC,46110,CARENNAC,44.904877,1.726286
46500_CARLUCET,46500,CARLUCET,44.721729,1.598886
46160_MARCILHAC-SUR-CELE,46160,MARCILHAC-SUR-CELE,44.551517,1.76708
46330_TOUR-DE-FAURE,46330,TOUR-DE-FAURE,44.469317,1.687539
46500_RIGNAC,46500,RIGNAC,44.805512,1.699699
46100_SAINT-FELIX,46100,SAINT-FELIX,44.611321,2.111666
46500_ROCAMADOUR,46500,ROCAMADOUR,44.814737,1.628392
46400_AUTOIRE,46400,AUTOIRE,44.859108,1.826112
46090_FRANCOULES,46090,FRANCOULES,44.556081,1.481445
46170_LHOSPITALET,46170,LHOSPITALET,44.348175,1.406246
46200_LANZAC,46200,LANZAC,44.874567,1.473275
46500_PADIRAC -,46500,PADIRAC -,44.848979,1.756075
46250_SAINT-CAPRAIS,46250,SAINT-CAPRAIS,44.607988,1.157584
46400_SAINT-CERE -,46400,SAINT-CERE -,44.854274,1.904821
46700_SOTURAC,46700,SOTURAC,44.511748,1.031283
46800_LASCABANES,46800,LASCABANES,44.322123,1.293874
46170_CEZAC -,46170,CEZAC -,44.343314,1.331449
46200_SOUILLAC -,46200,SOUILLAC -,44.905473,1.47181
46600_GIGNAC,46600,GIGNAC,44.986351,1.468372
46170_FLAUGNAC,46170,FLAUGNAC,44.293809,1.433538
46250_MARMINIAC,46250,MARMINIAC,44.663261,1.180352
46500_THEGRA,46500,THEGRA,44.824026,1.75484
46600_CUZANCE,46600,CUZANCE,44.95309,1.529254
46090_COURS,46090,COURS,44.5191,1.539608
46140_SAINT-VINCENT-RIVE-D'OLT,46140,SAINT-VINCENT-RIVE-D'OLT,44.449813,1.317265
46300_LEOBARD -,46300,LEOBARD -,44.721867,1.310739
46130_LOUBRESSAC,46130,LOUBRESSAC,44.866453,1.800056
46130_BELMONT-BRETENOUX,46130,BELMONT-BRETENOUX,44.887757,1.88624
46500_ROCAMADOUR -,46500,ROCAMADOUR -,44.814737,1.628392
46130_BELMONT-BRETENOUX -,46130,BELMONT-BRETENOUX -,44.887757,1.88624
46340_DEGAGNAC,46340,DEGAGNAC,44.664379,1.318663
46100_LENTILLAC-SAINT-BLAISE,46100,LENTILLAC-SAINT-BLAISE,44.5902,2.11928
46500_GRAMAT -,46500,GRAMAT -,44.765975,1.718225
46150_THEDIRAC,46150,THEDIRAC,44.602611,1.32292
46000_CAHORS -,46000,CAHORS -,44.457559,1.438342
46100_CORN,46100,CORN,44.603491,1.892114
46230_LALBENQUE -,46230,LALBENQUE -,44.338314,1.562321
46310_CONCORES,46310,CONCORES,44.669152,1.401424
46300_LEOBARD,46300,LEOBARD,44.721867,1.310739
46600_CUZANCE -,46600,CUZANCE -,44.95309,1.529254
46350_CALES,46350,CALES,44.797364,1.54497
46140_DOUELLE -,46140,DOUELLE -,44.472989,1.359618
46300_GOURDON -,46300,GOURDON -,44.737928,1.373636
46140_CAILLAC,46140,CAILLAC,44.490516,1.34701
46110_BETAILLE,46110,BETAILLE,44.943106,1.742621
46700_MAUROUX,46700,MAUROUX,44.457708,1.042684
46700_MAUROUX -,46700,MAUROUX -,44.457708,1.042684
46800_SAINT-MATRE,46800,SAINT-MATRE,44.418366,1.139191
46130_PRUDHOMAT -,46130,PRUDHOMAT -,44.898893,1.806798
46400_SAINT-JEAN-LESPINASSE -,46400,SAINT-JEAN-LESPINASSE -,44.864707,1.859152
46260_LIMOGNE-EN-QUERCY -,46260,LIMOGNE-EN-QUERCY -,44.394057,1.789993
47310_LAPLUME,47310,LAPLUME,44.120305,0.540187
47360_MONTPEZAT,47360,MONTPEZAT,44.344499,0.528535
47400_TONNEINS,47400,TONNEINS,44.38244,0.324108
47340_LAROQUE-TIMBAUT,47340,LAROQUE-TIMBAUT,44.277754,0.761107
47200_MARMANDE -,47200,MARMANDE -,44.50184,0.170988
47170_MEZIN,47170,MEZIN,44.057665,0.264745
47500_MONSEMPRON-LIBOS,47500,MONSEMPRON-LIBOS,44.497143,0.935899
47200_SAINTE-BAZEILLE,47200,SAINTE-BAZEILLE,44.444711,0.224448
47390_LAYRAC,47390,LAYRAC,44.11852,0.652054
47120_SAINT-SERNIN,47120,SAINT-SERNIN,44.706482,0.238519
47000_AGEN,47000,AGEN,44.202304,0.631041
47450_COLAYRAC-SAINT-CIRQ,47450,COLAYRAC-SAINT-CIRQ,44.234474,0.56074
47320_LAFITTE-SUR-LOT,47320,LAFITTE-SUR-LOT,44.356897,0.431378
47410_LAUZUN,47410,LAUZUN,44.639318,0.465633
47480_PONT-DU-CASSE,47480,PONT-DU-CASSE,44.237975,0.676974
47600_NERAC,47600,NERAC,44.134193,0.346004
47210_VILLEREAL,47210,VILLEREAL,44.63267,0.745578
47240_BON-ENCONTRE -,47240,BON-ENCONTRE -,44.206805,0.683882
47600_FRANCESCAS,47600,FRANCESCAS,44.06384,0.423791
47500_FUMEL,47500,FUMEL,44.512514,0.976313
47150_GAVAUDUN,47150,GAVAUDUN,44.563682,0.890631
47300_PUJOLS,47300,PUJOLS,44.367384,0.70246
47350_SEYCHES,47350,SEYCHES,44.547462,0.302122
47370_TOURNON-D'AGENAIS,47370,TOURNON-D'AGENAIS,44.400862,0.991786
47120_DURAS,47120,DURAS,44.678615,0.196581
47800_MIRAMONT-DE-GUYENNE,47800,MIRAMONT-DE-GUYENNE,44.586734,0.359365
47470_BEAUVILLE,47470,BEAUVILLE,44.274929,0.889053
47550_BOE,47550,BOE,44.170995,0.650534
47240_CASTELCULIER,47240,CASTELCULIER,44.186886,0.702999
47110_SAINTE-LIVRADE-SUR-LOT,47110,SAINTE-LIVRADE-SUR-LOT,44.407782,0.60059
47140_PENNE-D'AGENAIS,47140,PENNE-D'AGENAIS,44.38338,0.828599
47480_BAJAMONT,47480,BAJAMONT,44.249689,0.703665
47390_LAYRAC -,47390,LAYRAC -,44.11852,0.652054
47270_TAYRAC,47270,TAYRAC,44.209781,0.834804
47160_DAMAZAN,47160,DAMAZAN,44.285537,0.275669
47260_LAPARADE,47260,LAPARADE,44.407469,0.430095
47270_PUYMIROL,47270,PUYMIROL,44.187721,0.80044
47190_AIGUILLON -,47190,AIGUILLON -,44.2974,0.364287
47240_BON-ENCONTRE,47240,BON-ENCONTRE,44.206805,0.683882
47400_LAGRUERE -,47400,LAGRUERE -,44.388627,0.260879
47150_MONFLANQUIN,47150,MONFLANQUIN,44.505934,0.74921
47210_SAINT-EUTROPE-DE-BORN,47210,SAINT-EUTROPE-DE-BORN,44.577018,0.708187
47300_VILLENEUVE-SUR-LOT,47300,VILLENEUVE-SUR-LOT,44.416152,0.747052
47800_LA SAUVETAT-DU-DROPT,47800,LA SAUVETAT-DU-DROPT,44.644974,0.331769
47250_COCUMONT,47250,COCUMONT,44.453496,0.031617
47230_VIANNE,47230,VIANNE,44.212279,0.325032
47200_MARMANDE,47200,MARMANDE,44.50184,0.170988
47290_MONBAHUS,47290,MONBAHUS,44.543738,0.525143
47320_CLAIRAC,47320,CLAIRAC,44.362399,0.390015
47600_MONCRABEAU,47600,MONCRABEAU,44.050612,0.367556
47150_LACAPELLE-BIRON,47150,LACAPELLE-BIRON,44.595651,0.899212
47220_ASTAFFORT,47220,ASTAFFORT,44.060675,0.647905
47250_GUERIN,47250,GUERIN,44.412235,0.062349
47700_CASTELJALOUX,47700,CASTELJALOUX,44.313176,0.090952
47470_DONDAS,47470,DONDAS,44.233037,0.845043
47360_MONTPEZAT -,47360,MONTPEZAT -,44.344499,0.528535
47400_TONNEINS -,47400,TONNEINS -,44.38244,0.324108
47000_AGEN -,47000,AGEN -,44.202304,0.631041
47300_VILLENEUVE-SUR-LOT -,47300,VILLENEUVE-SUR-LOT -,44.416152,0.747052
47120_DURAS -,47120,DURAS -,44.678615,0.196581
47130_CLERMONT-DESSOUS,47130,CLERMONT-DESSOUS,44.248853,0.453438
47120_MONTETON,47120,MONTETON,44.61396,0.256137
47230_LAVARDAC,47230,LAVARDAC,44.181449,0.29908
47370_THEZAC,47370,THEZAC,44.43589,1.023628
47250_SAMAZAN,47250,SAMAZAN,44.437471,0.108522
47110_LE TEMPLE-SUR-LOT,47110,LE TEMPLE-SUR-LOT,44.379382,0.518786
47500_MONSEMPRON-LIBOS -,47500,MONSEMPRON-LIBOS -,44.497143,0.935899
47700_FARGUES-SUR-OURBISE -,47700,FARGUES-SUR-OURBISE -,44.236734,0.157763
47310_AUBIAC -,47310,AUBIAC -,44.136519,0.574899
47200_BIRAC-SUR-TREC -,47200,BIRAC-SUR-TREC -,44.485057,0.251356
47440_CASSENEUIL -,47440,CASSENEUIL -,44.447586,0.635746
47160_DAMAZAN -,47160,DAMAZAN -,44.285537,0.275669
47200_SAINT-PARDOUX-DU-BREUIL -,47200,SAINT-PARDOUX-DU-BREUIL -,44.475304,0.204153
47310_SAINT-VINCENT-DE-LAMONTJOIE,47310,SAINT-VINCENT-DE-LAMONTJOIE,44.086989,0.501447
47210_VILLEREAL -,47210,VILLEREAL -,44.63267,0.745578
47450_COLAYRAC-SAINT-CIRQ -,47450,COLAYRAC-SAINT-CIRQ -,44.234474,0.56074
47130_BRUCH,47130,BRUCH,44.207616,0.407172
47140_SAINT-SYLVESTRE-SUR-LOT,47140,SAINT-SYLVESTRE-SUR-LOT,44.416615,0.810725
47310_LAMONTJOIE,47310,LAMONTJOIE,44.070097,0.531979
48100_MARVEJOLS,48100,MARVEJOLS,44.5578,3.29374
48150_MEYRUEIS,48150,MEYRUEIS,44.180267,3.443171
48190_BAGNOLS-LES-BAINS,48190,BAGNOLS-LES-BAINS,44.506369,3.663462
48190_LE BLEYMARD,48190,LE BLEYMARD,44.486595,3.735064
48500_LA CANOURGUE,48500,LA CANOURGUE,44.428695,3.257473
48400_FLORAC,48400,FLORAC,44.316301,3.619748
48000_MENDE,48000,MENDE,44.52643,3.483971
48200_SAINT-CHELY-D'APCHER,48200,SAINT-CHELY-D'APCHER,44.813895,3.282889
48340_SAINT-GERMAIN-DU-TEIL,48340,SAINT-GERMAIN-DU-TEIL,44.478162,3.175238
48300_LANGOGNE,48300,LANGOGNE,44.722205,3.836524
48600_GRANDRIEU,48600,GRANDRIEU,44.779722,3.646662
48110_SAINTE-CROIX-VALLEE-FRANCAISE -,48110,SAINTE-CROIX-VALLEE-FRANCAISE -,44.188015,3.737254
48100_MARVEJOLS -,48100,MARVEJOLS -,44.5578,3.29374
48110_MOISSAC-VALLEE-FRANCAISE,48110,MOISSAC-VALLEE-FRANCAISE,44.163242,3.784707
48100_LE MONASTIER-PIN-MORIES,48100,LE MONASTIER-PIN-MORIES,44.49109,3.239622
48210_SAINTE-ENIMIE,48210,SAINTE-ENIMIE,44.408329,3.439995
48160_SAINT-HILAIRE-DE-LAVIT,48160,SAINT-HILAIRE-DE-LAVIT,44.257477,3.861101
48400_BARRE-DES-CEVENNES,48400,BARRE-DES-CEVENNES,44.251029,3.665443
48800_PIED-DE-BORNE,48800,PIED-DE-BORNE,44.484014,3.975368
48400_FLORAC -,48400,FLORAC -,44.316301,3.619748
48800_VILLEFORT,48800,VILLEFORT,44.440071,3.925593
48600_GRANDRIEU -,48600,GRANDRIEU -,44.779722,3.646662
48320_ISPAGNAC -,48320,ISPAGNAC -,44.373045,3.537196
48300_LANGOGNE -,48300,LANGOGNE -,44.722205,3.836524
48500_LE MASSEGROS,48500,LE MASSEGROS,44.30986,3.173891
48220_VIALAS -,48220,VIALAS -,44.328927,3.906405
48300_CHASTANIER,48300,CHASTANIER,44.720625,3.751159
48000_MENDE -,48000,MENDE -,44.52643,3.483971
48210_SAINTE-ENIMIE -,48210,SAINTE-ENIMIE -,44.365608,3.434141
48100_LES SALCES,48100,LES SALCES,44.527454,3.180975
48160_SAINT-MARTIN-DE-BOUBAUX,48160,SAINT-MARTIN-DE-BOUBAUX,44.196733,3.926539
48500_BANASSAC,48500,BANASSAC,44.427173,3.171368
48300_NAUSSAC,48300,NAUSSAC,44.759715,3.817633
48220_LE PONT-DE-MONTVERT,48220,LE PONT-DE-MONTVERT,44.360081,3.758931
48340_SAINT-PIERRE-DE-NOGARET,48340,SAINT-PIERRE-DE-NOGARET,44.490669,3.132803
48500_SAINT-SATURNIN,48500,SAINT-SATURNIN,44.410673,3.189081
48340_TRELANS,48340,TRELANS,44.493144,3.102096
48320_ISPAGNAC,48320,ISPAGNAC,44.373045,3.537196
48260_NASBINALS,48260,NASBINALS,44.668545,3.056717
48500_CANILHAC,48500,CANILHAC,44.427173,3.171368
48210_MONTBRUN,48210,MONTBRUN,44.336273,3.500018
48120_SAINT-ALBAN-SUR-LIMAGNOLE,48120,SAINT-ALBAN-SUR-LIMAGNOLE,44.799959,3.401777
48250_LA BASTIDE-PUYLAURENT,48250,LA BASTIDE-PUYLAURENT,44.567963,3.887492
48340_LES HERMAUX,48340,LES HERMAUX,44.506795,3.140161
48140_LE MALZIEU-VILLE,48140,LE MALZIEU-VILLE,44.857618,3.330181
48300_FONTANES,48300,FONTANES,44.759715,3.817633
48100_CHIRAC,48100,CHIRAC,44.502,3.275
48130_AUMONT-AUBRAC,48130,AUMONT-AUBRAC,44.702869,3.285199
48240_SAINT-FREZAL-DE-VENTALON,48240,SAINT-FREZAL-DE-VENTALON,44.288376,3.839918
48370_SAINT-GERMAIN-DE-CALBERTE,48370,SAINT-GERMAIN-DE-CALBERTE,44.224697,3.834755
48130_AUMONT-AUBRAC -,48130,AUMONT-AUBRAC -,44.702869,3.285199
48330_SAINT-ETIENNE-VALLEE-FRANCAISE,48330,SAINT-ETIENNE-VALLEE-FRANCAISE,44.177686,3.847842
48110_SAINTE-CROIX-VALLEE-FRANCAISE,48110,SAINTE-CROIX-VALLEE-FRANCAISE,44.188015,3.737254
49260_COURCHAMPS,49260,COURCHAMPS,47.20147,-0.165102
49140_BAUNE,49140,BAUNE,47.502289,-0.319682
49110_MONTREVAULT,49110,MONTREVAULT,47.247975,-1.020829
49410_SAINT-FLORENT-LE-VIEIL,49410,SAINT-FLORENT-LE-VIEIL,47.362476,-1.020776
49100_ANGERS,49100,ANGERS,47.467471,-0.561615
49140_SEICHES-SUR-LE-LOIR,49140,SEICHES-SUR-LE-LOIR,47.594963,-0.364888
49320_BRISSAC-QUINCE,49320,BRISSAC-QUINCE,47.347144,-0.413557
49120_CHEMILLE,49120,CHEMILLE,47.216653,-0.689179
49280_CHOLET,49280,CHOLET,47.097931,-0.898793
49160_LONGUE-JUMELLES,49160,LONGUE-JUMELLES,47.389825,-0.110825
49570_MONTJEAN-SUR-LOIRE,49570,MONTJEAN-SUR-LOIRE,47.346899,-0.934451
49420_POUANCE,49420,POUANCE,47.740562,-1.178501
49100_ANGERS -,49100,ANGERS -,47.467471,-0.561615
49800_LA DAGUENIERE,49800,LA DAGUENIERE,47.41935,-0.436907
49120_LA JUMELLIERE,49120,LA JUMELLIERE,47.281352,-0.728057
49350_LE THOUREIL,49350,LE THOUREIL,47.346183,-0.237583
49120_LA TOURLANDRY,49120,LA TOURLANDRY,47.140497,-0.696145
49500_SAINTE-GEMMES-D'ANDIGNE,49500,SAINTE-GEMMES-D'ANDIGNE,47.675397,-0.882841
49450_SAINT-MACAIRE-EN-MAUGES,49450,SAINT-MACAIRE-EN-MAUGES,47.203865,-0.982956
49110_SAINT-PIERRE-MONTLIMART,49110,SAINT-PIERRE-MONTLIMART,47.281906,-1.031531
49110_SAINT-QUENTIN-EN-MAUGES,49110,SAINT-QUENTIN-EN-MAUGES,47.300095,-0.902545
49400_SAUMUR,49400,SAUMUR,47.261814,-0.082764
49620_LA POMMERAYE,49620,LA POMMERAYE,47.324259,-0.890309
49320_SAINT-SATURNIN-SUR-LOIRE,49320,SAINT-SATURNIN-SUR-LOIRE,47.372471,-0.42034
49250_BRION,49250,BRION,47.481721,-0.183947
49730_MONTSOREAU,49730,MONTSOREAU,47.215984,0.061773
49260_LE PUY-NOTRE-DAME,49260,LE PUY-NOTRE-DAME,47.120333,-0.232726
49250_SAINT-REMY-LA-VARENNE,49250,SAINT-REMY-LA-VARENNE,47.397944,-0.314528
49800_TRELAZE,49800,TRELAZE,47.448372,-0.486376
49440_CANDE,49440,CANDE,47.558262,-1.038641
49350_LES ROSIERS-SUR-LOIRE,49350,LES ROSIERS-SUR-LOIRE,47.350653,-0.224185
49750_RABLAY-SUR-LAYON,49750,RABLAY-SUR-LAYON,47.314109,-0.610032
49350_GENNES,49350,GENNES,47.339337,-0.236141
49260_MONTREUIL-BELLAY,49260,MONTREUIL-BELLAY,47.134447,-0.115961
49280_LA SEGUINIERE,49280,LA SEGUINIERE,47.076275,-0.960266
49410_BEAUSSE,49410,BEAUSSE,47.320717,-0.926529
49410_LE MARILLAIS,49410,LE MARILLAIS,47.357579,-1.073737
49400_DISTRE,49400,DISTRE,47.229769,-0.11742
49640_DAUMERAY,49640,DAUMERAY,47.718323,-0.378465
49160_LONGUE-JUMELLES -,49160,LONGUE-JUMELLES -,47.389825,-0.110825
49410_LE MESNIL-EN-VALLEE,49410,LE MESNIL-EN-VALLEE,47.36822,-0.916788
49190_ROCHEFORT-SUR-LOIRE,49190,ROCHEFORT-SUR-LOIRE,47.348656,-0.651235
49700_DOUE-LA-FONTAINE,49700,DOUE-LA-FONTAINE,47.176993,-0.313755
49270_SAINT-SAUVEUR-DE-LANDEMONT,49270,SAINT-SAUVEUR-DE-LANDEMONT,47.267014,-1.244864
49150_BAUGE,49150,BAUGE,47.555466,-0.095428
49250_BEAUFORT-EN-VALLEE,49250,BEAUFORT-EN-VALLEE,47.441186,-0.213719
49440_CHALLAIN-LA-POTHERIE,49440,CHALLAIN-LA-POTHERIE,47.628168,-1.057316
49620_LA POMMERAYE -,49620,LA POMMERAYE -,47.324259,-0.890309
49460_MONTREUIL-JUIGNE,49460,MONTREUIL-JUIGNE,47.539125,-0.609289
49130_LES PONTS-DE-CE,49130,LES PONTS-DE-CE,47.42928,-0.521967
49400_SAUMUR -,49400,SAUMUR -,47.261814,-0.082764
49500_SEGRE,49500,SEGRE,47.710424,-0.846339
49125_TIERCE,49125,TIERCE,47.629085,-0.443205
49700_LES VERCHERS-SUR-LAYON,49700,LES VERCHERS-SUR-LAYON,47.1591,-0.319623
49270_LE FUILET,49270,LE FUILET,47.283166,-1.11233
49270_SAINT-LAURENT-DES-AUTELS -,49270,SAINT-LAURENT-DES-AUTELS -,47.293853,-1.19882
49490_GENNETEIL,49490,GENNETEIL,47.59075,0.050601
49320_VAUCHRETIEN,49320,VAUCHRETIEN,47.337741,-0.505777
49440_FREIGNE,49440,FREIGNE,47.554357,-1.053301
49290_SAINT-LAURENT-DE-LA-PLAINE,49290,SAINT-LAURENT-DE-LA-PLAINE,47.340784,-0.784272
49440_ANGRIE,49440,ANGRIE,47.57211,-0.971528
49250_FONTAINE-GUERIN,49250,FONTAINE-GUERIN,47.463042,-0.224521
49170_SAINT-GEORGES-SUR-LOIRE,49170,SAINT-GEORGES-SUR-LOIRE,47.396984,-0.755571
49640_MORANNES,49640,MORANNES,47.718323,-0.378465
49520_NOYANT-LA-GRAVOYERE,49520,NOYANT-LA-GRAVOYERE,,
49500_SEGRE -,49500,SEGRE -,47.710424,-0.846339
49380_CHAMP-SUR-LAYON,49380,CHAMP-SUR-LAYON,47.265285,-0.512451
49350_SAINT-GEORGES-DES-SEPT-VOIES,49350,SAINT-GEORGES-DES-SEPT-VOIES,47.333118,-0.280097
49540_MARTIGNE-BRIAND,49540,MARTIGNE-BRIAND,47.234778,-0.429462
49700_DENEZE-SOUS-DOUE,49700,DENEZE-SOUS-DOUE,47.252345,-0.263529
49600_LA CHAPELLE-DU-GENET,49600,LA CHAPELLE-DU-GENET,47.183958,-1.023559
49330_CHERRE,49330,CHERRE,47.710503,-0.563091
49800_TRELAZE -,49800,TRELAZE -,47.448372,-0.486376
49430_DURTAL,49430,DURTAL,47.680898,-0.257065
49110_SAINT-REMY-EN-MAUGES,49110,SAINT-REMY-EN-MAUGES,47.203865,-0.982956
49560_CLERE-SUR-LAYON,49560,CLERE-SUR-LAYON,47.094196,-0.419292
49800_ANDARD,49800,ANDARD,47.451351,-0.405345
49430_LEZIGNE,49430,LEZIGNE,47.645507,-0.307965
49122_LE MAY-SUR-EVRE,49122,LE MAY-SUR-EVRE,47.133127,-0.881301
49240_AVRILLE,49240,AVRILLE,47.502041,-0.596317
49070_BEAUCOUZE,49070,BEAUCOUZE,47.474128,-0.628861
49390_MOULIHERNE,49390,MOULIHERNE,47.463083,0.020295
49330_MARIGNE,49330,MARIGNE,47.722713,-0.617741
49124_SAINT-BARTHELEMY-D'ANJOU,49124,SAINT-BARTHELEMY-D'ANJOU,47.472342,-0.490203
49510_JALLAIS,49510,JALLAIS,47.200222,-0.859646
49240_AVRILLE -,49240,AVRILLE -,47.502041,-0.596317
49700_DOUE-LA-FONTAINE -,49700,DOUE-LA-FONTAINE -,47.176993,-0.313755
49310_VIHIERS,49310,VIHIERS,47.169461,-0.513845
49122_BEGROLLES-EN-MAUGES,49122,BEGROLLES-EN-MAUGES,47.138777,-0.934507
49370_LE LOUROUX-BECONNAIS,49370,LE LOUROUX-BECONNAIS,47.517563,-0.86954
49140_SOUCELLES,49140,SOUCELLES,47.568293,-0.418837
49280_CHOLET -,49280,CHOLET -,47.097931,-0.898793
49330_CHATEAUNEUF-SUR-SARTHE,49330,CHATEAUNEUF-SUR-SARTHE,47.680588,-0.489652
49610_MOZE-SUR-LOUET -,49610,MOZE-SUR-LOUET -,47.362727,-0.567968
49330_CONTIGNE,49330,CONTIGNE,47.729181,-0.515563
49270_SAINT-LAURENT-DES-AUTELS,49270,SAINT-LAURENT-DES-AUTELS,47.293853,-1.19882
49530_BOUZILLE,49530,BOUZILLE,47.339168,-1.111129
49330_CHAMPIGNE,49330,CHAMPIGNE,47.663643,-0.568247
49710_LE LONGERON,49710,LE LONGERON,47.018828,-1.054528
49500_L'HOTELLERIE-DE-FLEE,49500,L'HOTELLERIE-DE-FLEE,47.756027,-0.918148
49400_VILLEBERNIER -,49400,VILLEBERNIER -,47.258755,-0.02437
49520_COMBREE,49520,COMBREE,47.727323,-1.10549
49730_VARENNES-SUR-LOIRE,49730,VARENNES-SUR-LOIRE,47.245917,0.036689
50180_AGNEAUX,50180,AGNEAUX,49.113735,-1.122633
50290_BRICQUEVILLE-SUR-MER,50290,BRICQUEVILLE-SUR-MER,48.91581,-1.51807
50450_GAVRAY,50450,GAVRAY,48.88674,-1.3265
50400_GRANVILLE,50400,GRANVILLE,48.83071,-1.57398
50250_LA HAYE-DU-PUITS,50250,LA HAYE-DU-PUITS,49.280984,-1.590045
50660_QUETTREVILLE-SUR-SIENNE,50660,QUETTREVILLE-SUR-SIENNE,48.96763,-1.432072
50600_SAINT-HILAIRE-DU-HARCOUET,50600,SAINT-HILAIRE-DU-HARCOUET,48.572359,-1.117255
50300_AVRANCHES,50300,AVRANCHES,48.677533,-1.345193
50270_BARNEVILLE-CARTERET,50270,BARNEVILLE-CARTERET,49.37918,-1.77789
50510_CERENCES,50510,CERENCES,48.91228,-1.441694
50200_COUTANCES,50200,COUTANCES,49.054264,-1.445325
50170_PONTORSON,50170,PONTORSON,48.56138,-1.468355
50580_PORTBAIL,50580,PORTBAIL,49.333862,-1.685442
50300_SAINT-LOUP,50300,SAINT-LOUP,48.664743,-1.307295
50380_SAINT-PAIR-SUR-MER,50380,SAINT-PAIR-SUR-MER,48.799123,-1.543949
50670_SAINT-POIS,50670,SAINT-POIS,48.746656,-1.060896
50230_AGON-COUTAINVILLE,50230,AGON-COUTAINVILLE,49.044277,-1.58078
50610_JULLOUVILLE,50610,JULLOUVILLE,48.763231,-1.53192
50860_CANISY,50860,CANISY,49.07748,-1.159114
50560_GOUVILLE-SUR-MER,50560,GOUVILLE-SUR-MER,49.108955,-1.533628
50450_HAMBYE,50450,HAMBYE,48.946348,-1.263039
50860_MOYON,50860,MOYON,48.997217,-1.135614
50360_PICAUVILLE,50360,PICAUVILLE,49.377688,-1.406013
50260_SAINT-MARTIN-LE-HEBERT,50260,SAINT-MARTIN-LE-HEBERT,49.500146,-1.631482
50300_SAINT-MARTIN-DES-CHAMPS,50300,SAINT-MARTIN-DES-CHAMPS,48.672954,-1.343916
50460_URVILLE-NACQUEVILLE,50460,URVILLE-NACQUEVILLE,49.673313,-1.737649
50530_SARTILLY,50530,SARTILLY,48.746667,-1.44722
50640_LE TEILLEUL,50640,LE TEILLEUL,48.543332,-0.900538
50700_VALOGNES,50700,VALOGNES,49.515116,-1.478121
50800_VILLEDIEU-LES-POELES,50800,VILLEDIEU-LES-POELES,48.828156,-1.238902
50440_BEAUMONT-HAGUE,50440,BEAUMONT-HAGUE,49.658246,-1.818725
50880_PONT-HEBERT,50880,PONT-HEBERT,49.172789,-1.154614
50500_SAINT-HILAIRE-PETITVILLE,50500,SAINT-HILAIRE-PETITVILLE,49.305863,-1.230896
50430_LESSAY,50430,LESSAY,49.22443,-1.525736
50430_LESSAY -,50430,LESSAY -,49.22443,-1.525736
50170_LE MONT-SAINT-MICHEL,50170,LE MONT-SAINT-MICHEL,48.617623,-1.511072
50770_PIROU,50770,PIROU,49.167414,-1.574259
50240_SAINT-JAMES,50240,SAINT-JAMES,48.516226,-1.366342
50550_SAINT-VAAST-LA-HOUGUE,50550,SAINT-VAAST-LA-HOUGUE,49.59619,-1.271162
50260_BRICQUEBEC,50260,BRICQUEBEC,49.458497,-1.668017
50500_CARENTAN,50500,CARENTAN,49.309227,-1.217758
50290_COUDEVILLE-SUR-MER,50290,COUDEVILLE-SUR-MER,48.874361,-1.534958
50440_OMONVILLE-LA-ROGUE,50440,OMONVILLE-LA-ROGUE,,
50270_SURTAINVILLE,50270,SURTAINVILLE,49.45783,-1.794302
50430_BRETTEVILLE-SUR-AY,50430,BRETTEVILLE-SUR-AY,49.259251,-1.62978
50130_CHERBOURG-OCTEVILLE,50130,CHERBOURG-OCTEVILLE,49.628684,-1.63324
50590_REGNEVILLE-SUR-MER,50590,REGNEVILLE-SUR-MER,49.015749,-1.533207
50150_SOURDEVAL,50150,SOURDEVAL,48.727287,-0.912498
50630_QUETTEHOU,50630,QUETTEHOU,49.58592,-1.330582
50560_GOUVILLE-SUR-MER -,50560,GOUVILLE-SUR-MER -,49.108955,-1.533628
50370_LE PETIT-CELLAND,50370,LE PETIT-CELLAND,48.696286,-1.213673
50530_SAINT-JEAN-LE-THOMAS,50530,SAINT-JEAN-LE-THOMAS,48.726972,-1.51745
50530_SAINT-PIERRE-LANGERS,50530,SAINT-PIERRE-LANGERS,48.784019,-1.490741
50640_SAINT-SYMPHORIEN-DES-MONTS -,50640,SAINT-SYMPHORIEN-DES-MONTS -,48.54999,-0.967652
50590_MONTMARTIN-SUR-MER -,50590,MONTMARTIN-SUR-MER -,48.989138,-1.534644
50840_FERMANVILLE -,50840,FERMANVILLE -,49.684383,-1.455966
50200_GRATOT,50200,GRATOT,49.066014,-1.487821
50450_GRIMESNIL,50450,GRIMESNIL,48.954841,-1.351303
50720_BARENTON,50720,BARENTON,48.602702,-0.846939
50500_CARENTAN -,50500,CARENTAN -,49.309227,-1.217758
50590_HAUTEVILLE-SUR-MER -,50590,HAUTEVILLE-SUR-MER -,48.970757,-1.545948
50260_SOTTEVAST -,50260,SOTTEVAST -,49.521295,-1.605277
50700_VALOGNES -,50700,VALOGNES -,49.515116,-1.478121
50340_SIOUVILLE-HAGUE,50340,SIOUVILLE-HAGUE,49.560427,-1.82679
50340_FLAMANVILLE,50340,FLAMANVILLE,49.531675,-1.863139
50870_LE LUOT,50870,LE LUOT,48.770495,-1.322228
50390_SAINT-JACQUES-DE-NEHOU -,50390,SAINT-JACQUES-DE-NEHOU -,49.417569,-1.61509
50240_SAINT-JAMES -,50240,SAINT-JAMES -,48.516226,-1.366342
50000_SAINT-LO,50000,SAINT-LO,49.113843,-1.080182
50000_SAINT-LO -,50000,SAINT-LO -,49.113843,-1.080182
50480_SAINTE-MERE-EGLISE,50480,SAINTE-MERE-EGLISE,49.423046,-1.281656
50270_SURTAINVILLE -,50270,SURTAINVILLE -,49.45783,-1.794302
50160_TORIGNI-SUR-VIRE -,50160,TORIGNI-SUR-VIRE -,49.034919,-0.987731
50390_SAINT-SAUVEUR-LE-VICOMTE,50390,SAINT-SAUVEUR-LE-VICOMTE,49.382654,-1.54003
50400_YQUELON,50400,YQUELON,48.843704,-1.549107
50300_SAINT-JEAN-DE-LA-HAIZE,50300,SAINT-JEAN-DE-LA-HAIZE,48.727719,-1.355005
50610_JULLOUVILLE -,50610,JULLOUVILLE -,48.763231,-1.53192
50530_LA ROCHELLE-NORMANDE,50530,LA ROCHELLE-NORMANDE,48.765135,-1.436433
50730_SAINT-MARTIN-DE-LANDELLES,50730,SAINT-MARTIN-DE-LANDELLES,48.545774,-1.130093
50440_JOBOURG,50440,JOBOURG,49.68364,-1.905245
50170_BEAUVOIR,50170,BEAUVOIR,48.598505,-1.506404
50400_SAINT-PLANCHERS -,50400,SAINT-PLANCHERS -,48.827036,-1.502433
50320_LA LUCERNE-D'OUTREMER,50320,LA LUCERNE-D'OUTREMER,48.788111,-1.404731
50710_CREANCES,50710,CREANCES,49.205089,-1.562785
50210_MONTPINCHON,50210,MONTPINCHON,49.029074,-1.325477
50210_MONTPINCHON -,50210,MONTPINCHON -,49.029074,-1.325477
50350_DONVILLE-LES-BAINS,50350,DONVILLE-LES-BAINS,48.849917,-1.573057
50530_BACILLY,50530,BACILLY,48.703923,-1.431472
50370_LA CHAPELLE-UREE -,50370,LA CHAPELLE-UREE -,48.669784,-1.13626
50580_FIERVILLE-LES-MINES,50580,FIERVILLE-LES-MINES,49.394232,-1.663677
50670_LE MESNIL-GILBERT,50670,LE MESNIL-GILBERT,48.723247,-1.05528
50410_MONTABOT,50410,MONTABOT,48.939577,-1.132613
50530_MONTVIRON,50530,MONTVIRON,48.738744,-1.419674
50260_QUETTETOT,50260,QUETTETOT,49.512448,-1.680684
50620_SAINT-FROMOND,50620,SAINT-FROMOND,49.220555,-1.107478
50530_SARTILLY -,50530,SARTILLY -,48.746667,-1.44722
50570_CARANTILLY,50570,CARANTILLY,49.067715,-1.245348
50760_BARFLEUR,50760,BARFLEUR,49.669253,-1.263712
50540_ISIGNY-LE-BUAT,50540,ISIGNY-LE-BUAT,48.621834,-1.176212
50850_GER,50850,GER,48.676279,-0.791193
50670_CUVES,50670,CUVES,48.735443,-1.099034
50220_POILLEY,50220,POILLEY,48.618714,-1.319372
50000_BAUDRE,50000,BAUDRE,49.089822,-1.06874
50760_REVILLE,50760,REVILLE,49.625025,-1.250544
50690_TEURTHEVILLE-HAGUE,50690,TEURTHEVILLE-HAGUE,49.578808,-1.735225
50170_LE MONT-SAINT-MICHEL -,50170,LE MONT-SAINT-MICHEL -,48.617623,-1.511072
50370_LA CHAISE-BAUDOUIN,50370,LA CHAISE-BAUDOUIN,48.762403,-1.239427
50890_CONDE-SUR-VIRE -,50890,CONDE-SUR-VIRE -,49.050547,-1.037879
50680_AIREL,50680,AIREL,49.21193,-1.074488
50220_DUCEY,50220,DUCEY,48.623843,-1.265767
50160_GIEVILLE,50160,GIEVILLE,49.078158,-0.885411
50630_QUETTEHOU -,50630,QUETTEHOU -,49.58592,-1.330582
50390_RAUVILLE-LA-PLACE,50390,RAUVILLE-LA-PLACE,49.388333,-1.504859
50180_SAINT-GILLES,50180,SAINT-GILLES,49.101425,-1.164991
50600_SAINT-HILAIRE-DU-HARCOUET -,50600,SAINT-HILAIRE-DU-HARCOUET -,48.572359,-1.117255
50420_DOMJEAN,50420,DOMJEAN,48.989167,-1.027331
50140_MORTAIN,50140,MORTAIN,48.611003,-0.940307
50420_TESSY-SUR-VIRE,50420,TESSY-SUR-VIRE,49.050547,-1.037879
50410_PERCY,50410,PERCY,48.920476,-1.186429
50700_COLOMBY,50700,COLOMBY,49.45343,-1.490565
50880_LA MEAUFFE,50880,LA MEAUFFE,49.171339,-1.109225
50700_LIEUSAINT -,50700,LIEUSAINT -,49.483288,-1.47199
50450_GAVRAY -,50450,GAVRAY -,48.88674,-1.3265
50320_BEAUCHAMPS,50320,BEAUCHAMPS,48.83311,-1.368289
50250_LITHAIRE,50250,LITHAIRE,49.274239,-1.522029
50630_LE VAST -,50630,LE VAST -,49.614719,-1.362965
50480_SEBEVILLE,50480,SEBEVILLE,49.385788,-1.287634
50630_LE VAST,50630,LE VAST,49.614719,-1.362965
50320_HOCQUIGNY,50320,HOCQUIGNY,48.806828,-1.401244
50250_SAINT-JORES -,50250,SAINT-JORES -,49.295984,-1.388751
50560_BLAINVILLE-SUR-MER,50560,BLAINVILLE-SUR-MER,49.069347,-1.570875
50250_COIGNY,50250,COIGNY,49.325459,-1.381226
50700_BRIX -,50700,BRIX -,49.549891,-1.577922
50510_LE MESNIL-AUBERT,50510,LE MESNIL-AUBERT,48.945544,-1.413961
50480_BLOSVILLE,50480,BLOSVILLE,49.373594,-1.288153
50110_LE MESNIL-AU-VAL,50110,LE MESNIL-AU-VAL,49.604909,-1.524762
51230_FERE-CHAMPENOISE,51230,FERE-CHAMPENOISE,48.758005,3.9976
51190_GRAUVES,51190,GRAUVES,48.97262,3.961768
51100_REIMS -,51100,REIMS -,49.250948,4.055595
51270_ORBAIS-L'ABBAYE,51270,ORBAIS-L'ABBAYE,48.954713,3.695758
51300_VITRY-LE-FRANCOIS,51300,VITRY-LE-FRANCOIS,48.726332,4.593002
51110_SAINT-ETIENNE-SUR-SUIPPE,51110,SAINT-ETIENNE-SUR-SUIPPE,49.385124,4.096381
51700_DORMANS,51700,DORMANS,49.07008,3.64217
51800_SAINTE-MENEHOULD,51800,SAINTE-MENEHOULD,49.099215,4.936022
51480_OEUILLY,51480,OEUILLY,49.07089,3.796335
51390_GUEUX,51390,GUEUX,49.250157,3.908999
51430_BEZANNES -,51430,BEZANNES -,49.220632,3.997585
51460_COURTISOLS,51460,COURTISOLS,48.984397,4.520544
51350_CORMONTREUIL -,51350,CORMONTREUIL -,49.220317,4.05091
51100_REIMS,51100,REIMS,49.250948,4.055595
51130_BERGERES-LES-VERTUS,51130,BERGERES-LES-VERTUS,48.878807,4.002487
51130_VOUZY,51130,VOUZY,48.923021,4.104567
51200_SAINT-MARTIN-D'ABLOIS,51200,SAINT-MARTIN-D'ABLOIS,49.012711,3.867204
51260_ANGLURE,51260,ANGLURE,48.584978,3.813296
51110_BAZANCOURT,51110,BAZANCOURT,49.361726,4.170236
51000_CHALONS-EN-CHAMPAGNE,51000,CHALONS-EN-CHAMPAGNE,48.955254,4.368278
51200_EPERNAY,51200,EPERNAY,49.040236,3.960527
51170_FAVEROLLES-ET-COEMY,51170,FAVEROLLES-ET-COEMY,49.23299,3.789931
51170_FISMES,51170,FISMES,49.308235,3.688225
51140_JONCHERY-SUR-VESLE,51140,JONCHERY-SUR-VESLE,49.287552,3.815378
51120_SEZANNE,51120,SEZANNE,48.718482,3.721712
51500_SILLERY,51500,SILLERY,49.196103,4.136894
51600_SUIPPES,51600,SUIPPES,49.125966,4.535135
51130_VERTUS,51130,VERTUS,48.878807,4.002487
51110_WARMERIVILLE,51110,WARMERIVILLE,49.350653,4.219717
51420_WITRY-LES-REIMS,51420,WITRY-LES-REIMS,49.286269,4.106283
51300_ECRIENNES -,51300,ECRIENNES -,48.691301,4.685042
51330_GIVRY-EN-ARGONNE -,51330,GIVRY-EN-ARGONNE -,48.947833,4.888661
51190_LE MESNIL-SUR-OGER -,51190,LE MESNIL-SUR-OGER -,48.94827,4.029889
51400_MOURMELON-LE-GRAND,51400,MOURMELON-LE-GRAND,49.138444,4.364571
51140_MUIZON,51140,MUIZON,,
51430_TINQUEUX,51430,TINQUEUX,49.249951,3.989012
51260_CONFLANS-SUR-SEINE,51260,CONFLANS-SUR-SEINE,48.552786,3.679551
51290_SAINTE-MARIE-DU-LAC-NUISEMENT,51290,SAINTE-MARIE-DU-LAC-NUISEMENT,48.605722,4.779008
51130_CHALTRAIT,51130,CHALTRAIT,48.930688,3.895781
51310_ESTERNAY,51310,ESTERNAY,48.729703,3.55924
51290_LARZICOURT,51290,LARZICOURT,48.635744,4.710969
51700_MAREUIL-LE-PORT,51700,MAREUIL-LE-PORT,49.078326,3.742631
51260_SAINT-JUST-SAUVAGE,51260,SAINT-JUST-SAUVAGE,48.546039,3.7685
51000_CHALONS-EN-CHAMPAGNE -,51000,CHALONS-EN-CHAMPAGNE -,48.955254,4.368278
51500_TAISSY,51500,TAISSY,49.213766,4.090452
51160_GERMAINE,51160,GERMAINE,49.122208,4.026132
51370_SAINT-BRICE-COURCELLES -,51370,SAINT-BRICE-COURCELLES -,49.266197,3.990229
51160_SAINT-IMOGES,51160,SAINT-IMOGES,49.104265,3.981839
51600_AUBERIVE -,51600,AUBERIVE -,49.204498,4.418453
51150_BISSEUIL,51150,BISSEUIL,49.066134,4.207083
51200_MOUSSY -,51200,MOUSSY -,49.014117,3.923208
51480_POURCY,51480,POURCY,49.157582,3.915547
51160_AY-CHAMPAGNE,51160,Ay-Champagne,49.049939,4.037171
51800_AUVE,51800,AUVE,49.035071,4.693879
51200_CHOUILLY,51200,CHOUILLY,49.025666,3.955324
51330_DOMMARTIN-VARIMONT,51330,DOMMARTIN-VARIMONT,48.975772,4.782179
51460_L'EPINE,51460,L'EPINE,,
51510_FAGNIERES,51510,FAGNIERES,48.955353,4.324609
51460_HERPONT,51460,HERPONT,48.997502,4.736771
51330_NOIRLIEU,51330,NOIRLIEU,48.946561,4.81081
51200_OIRY,51200,OIRY,49.020896,4.045247
51150_PLIVOT,51150,PLIVOT,49.014669,4.072656
51330_SAINT-MARD-SUR-LE-MONT,51330,SAINT-MARD-SUR-LE-MONT,,
51460_TILLOY-ET-BELLAY,51460,TILLOY-ET-BELLAY,49.017488,4.617312
51700_TROISSY,51700,TROISSY,49.080215,3.703603
51700_VANDIERES,51700,VANDIERES,49.108433,3.731421
51520_SAINT-MARTIN-SUR-LE-PRE,51520,SAINT-MARTIN-SUR-LE-PRE,48.978525,4.342294
51200_EPERNAY -,51200,EPERNAY -,49.040236,3.960527
51330_GIVRY-EN-ARGONNE,51330,GIVRY-EN-ARGONNE,48.947833,4.888661
51800_MOIREMONT,51800,MOIREMONT,49.132077,4.888276
51150_TOURS-SUR-MARNE,51150,TOURS-SUR-MARNE,49.053317,4.125917
51290_SAINT-REMY-EN-BOUZEMONT-SAINT-GENEST-ET-ISSON,51290,SAINT-REMY-EN-BOUZEMONT-SAINT-GENEST-ET-ISSON,48.625502,4.648274
51200_MARDEUIL,51200,MARDEUIL,49.054409,3.948871
51160_AY-CHAMPAGNE -,51160,Ay-Champagne -,49.049939,4.037171
51110_CAUREL,51110,CAUREL,49.307975,4.141129
51300_CHATELRAOULD-SAINT-LOUVENT,51300,CHATELRAOULD-SAINT-LOUVENT,48.67139,4.541748
51300_LOISY-SUR-MARNE,51300,LOISY-SUR-MARNE,48.757275,4.543137
51400_LES GRANDES-LOGES,51400,LES GRANDES-LOGES,49.065334,4.292646
51200_MOUSSY,51200,MOUSSY,49.014117,3.923208
51800_MALMY,51800,MALMY,49.175849,4.811708
51110_BOURGOGNE -,51110,BOURGOGNE -,49.348407,4.07703
51200_CHAVOT-COURCOURT,51200,CHAVOT-COURCOURT,48.999949,3.917409
51200_MOSLINS,51200,MOSLINS,48.966669,3.919739
51500_MAILLY-CHAMPAGNE,51500,MAILLY-CHAMPAGNE,49.155293,4.112168
51260_MARCILLY-SUR-SEINE,51260,MARCILLY-SUR-SEINE,48.55786,3.707486
51520_RECY,51520,RECY,48.988402,4.320949
51150_ATHIS,51150,ATHIS,49.016372,4.129312
51600_SAINT-HILAIRE-LE-GRAND -,51600,SAINT-HILAIRE-LE-GRAND -,49.173621,4.457731
51480_DAMERY,51480,DAMERY,49.072979,3.876545
52400_BOURBONNE-LES-BAINS,52400,BOURBONNE-LES-BAINS,47.941072,5.778769
52140_VAL-DE-MEUSE,52140,VAL-DE-MEUSE,48.006133,5.52826
52100_SAINT-DIZIER,52100,SAINT-DIZIER,48.638926,4.957021
52600_CHALINDREY,52600,CHALINDREY,47.798511,5.443473
52130_WASSY,52130,WASSY,48.50571,4.942636
52100_CHANCENAY,52100,CHANCENAY,48.670366,4.987764
52210_COUR-L'EVEQUE,52210,COUR-L'EVEQUE,47.968726,4.972711
52300_JOINVILLE,52300,JOINVILLE,48.442067,5.144232
52200_LANGRES,52200,LANGRES,47.860319,5.337775
52220_MONTIER-EN-DER,52220,MONTIER-EN-DER,48.483904,4.774256
52260_ROLAMPONT,52260,ROLAMPONT,47.942519,5.317803
52120_CHATEAUVILLAIN,52120,CHATEAUVILLAIN,48.028417,4.911497
52000_CHAUMONT,52000,CHAUMONT,48.104307,5.129976
52800_NOGENT,52800,NOGENT,48.036528,5.354463
52210_SAINT-LOUP-SUR-AUJON,52210,SAINT-LOUP-SUR-AUJON,47.888944,5.088004
52500_FAYL-BILLOT,52500,FAYL-BILLOT,47.784485,5.614817
52320_FRONCLES,52320,FRONCLES,48.299187,5.141646
52170_NARCY,52170,NARCY,48.584206,5.087293
52360_FRECOURT,52360,FRECOURT,47.950428,5.458665
52110_DOMMARTIN-LE-SAINT-PERE,52110,DOMMARTIN-LE-SAINT-PERE,48.393489,4.921335
52100_SAINT-DIZIER -,52100,SAINT-DIZIER -,48.638926,4.957021
52310_OUDINCOURT,52310,OUDINCOURT,48.225207,5.09457
52100_VALCOURT -,52100,VALCOURT -,48.613637,4.909157
52700_ANDELOT-BLANCHEVILLE,52700,ANDELOT-BLANCHEVILLE,48.24242,5.292498
52190_PRAUTHOY,52190,PRAUTHOY,47.679588,5.296275
53340_BALLEE,53340,BALLEE,47.970571,-0.405275
53810_CHANGE,53810,CHANGE,48.108825,-0.794647
53200_DAON,53200,DAON,47.752867,-0.624628
53120_GORRON,53120,GORRON,48.420028,-0.803042
53230_COSSE-LE-VIVIEN,53230,COSSE-LE-VIVIEN,47.950146,-0.922073
53400_CRAON,53400,CRAON,47.842596,-0.949298
53110_LASSAY-LES-CHATEAUX,53110,LASSAY-LES-CHATEAUX,48.448055,-0.503712
53000_LAVAL,53000,LAVAL,48.059596,-0.77159
53940_SAINT-BERTHEVIN,53940,SAINT-BERTHEVIN,48.070431,-0.84541
53370_SAINT-PIERRE-DES-NIDS,53370,SAINT-PIERRE-DES-NIDS,48.399465,-0.117148
53240_ANDOUILLE,53240,ANDOUILLE,48.179935,-0.788671
53440_ARON,53440,ARON,48.302875,-0.560462
53160_BAIS,53160,BAIS,48.253892,-0.3568
53470_COMMER,53470,COMMER,48.235553,-0.620691
53200_CHATEAU-GONTIER,53200,CHATEAU-GONTIER,47.819956,-0.694321
53600_EVRON,53600,EVRON,48.14689,-0.415423
53150_MONTSURS,53150,MONTSURS,48.16881,-0.551357
53500_SAINT-DENIS-DE-GASTINES,53500,SAINT-DENIS-DE-GASTINES,48.344975,-0.876498
53960_BONCHAMP-LES-LAVAL,53960,BONCHAMP-LES-LAVAL,48.067438,-0.704544
53200_LAIGNE,53200,LAIGNE,47.8409,-0.818712
53190_FOUGEROLLES-DU-PLESSIS,53190,FOUGEROLLES-DU-PLESSIS,48.488005,-0.952082
53970_L'HUISSERIE,53970,L'HUISSERIE,48.017716,-0.76969
53250_JAVRON-LES-CHAPELLES,53250,JAVRON-LES-CHAPELLES,48.425667,-0.333534
53140_LIGNIERES-ORGERES,53140,LIGNIERES-ORGERES,48.540499,-0.203859
53950_LOUVERNE,53950,LOUVERNE,48.127751,-0.715859
53100_MAYENNE -,53100,MAYENNE -,48.303387,-0.617261
53170_MESLAY-DU-MAINE,53170,MESLAY-DU-MAINE,47.947642,-0.548596
53220_MONTAUDIN -,53220,MONTAUDIN -,48.380012,-0.980025
53220_PONTMAIN,53220,PONTMAIN,48.436156,-1.060333
53360_QUELAINES-SAINT-GAULT,53360,QUELAINES-SAINT-GAULT,47.924767,-0.798666
53800_RENAZE,53800,RENAZE,47.789299,-1.043273
53300_AMBRIERES-LES-VALLEES,53300,AMBRIERES-LES-VALLEES,48.426329,-0.619444
53100_MAYENNE,53100,MAYENNE,48.303387,-0.617261
53500_MONTENAY,53500,MONTENAY,48.285829,-0.895796
53140_PRE-EN-PAIL,53140,PRE-EN-PAIL,48.452966,-0.203951
53270_SAINTE-SUZANNE,53270,SAINTE-SUZANNE,48.100347,-0.366527
53160_SAINT-PIERRE-SUR-ORTHE,53160,SAINT-PIERRE-SUR-ORTHE,48.225564,-0.220209
53700_VILLAINES-LA-JUHEL,53700,VILLAINES-LA-JUHEL,48.339036,-0.288241
53160_IZE,53160,IZE,48.225297,-0.296817
53230_MERAL,53230,MERAL,47.956193,-1.000859
53700_COURCITE,53700,COURCITE,48.30485,-0.252949
53420_CHAILLAND,53420,CHAILLAND,48.228648,-0.875519
53500_ERNEE,53500,ERNEE,48.305923,-0.932244
53410_LE BOURGNEUF-LA-FORET,53410,LE BOURGNEUF-LA-FORET,48.163048,-0.989262
53110_LASSAY-LES-CHATEAUX -,53110,LASSAY-LES-CHATEAUX -,48.448055,-0.503712
53360_ORIGNE,53360,ORIGNE,47.952748,-0.727665
53220_SAINT-ELLIER-DU-MAINE,53220,SAINT-ELLIER-DU-MAINE,48.40235,-1.039676
53320_MONTJEAN,53320,MONTJEAN,48.004061,-0.950661
53480_VAIGES,53480,VAIGES,48.058283,-0.465966
53320_BEAULIEU-SUR-OUDON,53320,BEAULIEU-SUR-OUDON,47.995266,-0.982446
53190_DESERTINES,53190,DESERTINES,48.46817,-0.870916
53540_GASTINES,53540,GASTINES,47.948532,-1.11158
53370_CHAMPFREMONT,53370,CHAMPFREMONT,48.426824,-0.100686
53300_LE PAS,53300,LE PAS,48.424375,-0.687805
53300_SAINT-LOUP-DU-GAST,53300,SAINT-LOUP-DU-GAST,48.385557,-0.586633
53360_SIMPLE,53360,SIMPLE,47.887307,-0.848469
53500_MONTENAY -,53500,MONTENAY -,48.285829,-0.895796
53190_LANDIVY,53190,LANDIVY,48.477904,-1.032917
53220_SAINT-MARS-SUR-LA-FUTAIE,53220,SAINT-MARS-SUR-LA-FUTAIE,48.431129,-1.010477
53220_SAINT-MARS-SUR-LA-FUTAIE -,53220,SAINT-MARS-SUR-LA-FUTAIE -,48.431129,-1.010477
53350_BALLOTS,53350,BALLOTS,47.895105,-1.055638
53960_BONCHAMP-LES-LAVAL -,53960,BONCHAMP-LES-LAVAL -,48.067438,-0.704544
53300_OISSEAU,53300,OISSEAU,48.363684,-0.669715
53210_ARGENTRE,53210,ARGENTRE,48.090533,-0.633973
53120_COLOMBIERS-DU-PLESSIS,53120,COLOMBIERS-DU-PLESSIS,48.389788,-0.84226
53380_JUVIGNE,53380,JUVIGNE,48.231426,-1.017439
53300_LE PAS -,53300,LE PAS -,48.424375,-0.687805
54290_BAYON,54290,BAYON,48.475155,6.317411
54450_BLAMONT,54450,BLAMONT,48.590374,6.843303
54520_LAXOU,54520,LAXOU,48.688106,6.141298
54300_MONCEL-LES-LUNEVILLE,54300,MONCEL-LES-LUNEVILLE,48.575425,6.526584
54200_TOUL,54200,TOUL,48.678031,5.900596
54480_CIREY-SUR-VEZOUZE,54480,CIREY-SUR-VEZOUZE,48.580792,6.943399
54300_LUNEVILLE,54300,LUNEVILLE,48.593492,6.497808
54120_BACCARAT,54120,BACCARAT,48.451687,6.734503
54670_CUSTINES,54670,CUSTINES,48.791473,6.138776
54240_JOEUF,54240,JOEUF,49.228948,6.010426
54860_HAUCOURT-MOULAINE,54860,HAUCOURT-MOULAINE,49.502598,5.816212
54120_MERVILLER,54120,MERVILLER,48.476222,6.774846
54540_PIERRE-PERCEE,54540,PIERRE-PERCEE,48.461794,6.947795
54470_THIAUCOURT-REGNIEVILLE,54470,THIAUCOURT-REGNIEVILLE,48.951059,5.869432
54500_VANDOEUVRE-LES-NANCY,54500,VANDOEUVRE-LES-NANCY,48.661576,6.162638
54180_HOUDEMONT -,54180,HOUDEMONT -,48.644569,6.18064
54100_NANCY -,54100,NANCY -,48.688135,6.171263
54700_PONT-A-MOUSSON,54700,PONT-A-MOUSSON,48.912759,6.045297
54200_VILLEY-SAINT-ETIENNE,54200,VILLEY-SAINT-ETIENNE,48.731892,5.978121
54100_NANCY,54100,NANCY,48.688135,6.171263
54420_PULNOY,54420,PULNOY,48.703353,6.257946
54136_BOUXIERES-AUX-DAMES,54136,BOUXIERES-AUX-DAMES,48.75611,6.163363
54114_JEANDELAINCOURT,54114,JEANDELAINCOURT,48.843078,6.245222
54118_MOYEN,54118,MOYEN,48.484153,6.565967
54330_VEZELISE,54330,VEZELISE,48.48776,6.089156
54400_LONGWY,54400,LONGWY,49.521585,5.768938
54840_GONDREVILLE,54840,GONDREVILLE,48.692839,5.964633
54820_MARBACHE,54820,MARBACHE,48.798677,6.104896
54610_EPLY,54610,EPLY,48.919555,6.181412
54680_CRUSNES,54680,CRUSNES,49.431886,5.926633
54740_HAROUE -,54740,HAROUE -,48.469514,6.178232
54510_TOMBLAINE,54510,TOMBLAINE,48.684819,6.21855
54820_MARBACHE -,54820,MARBACHE -,48.798677,6.104896
54970_LANDRES -,54970,LANDRES -,49.319671,5.801318
54560_SERROUVILLE,54560,SERROUVILLE,49.399503,5.889199
54890_CHAMBLEY-BUSSIERES,54890,CHAMBLEY-BUSSIERES,49.048647,5.905395
54122_FONTENOY-LA-JOUTE,54122,FONTENOY-LA-JOUTE,48.45459,6.660384
54450_HERBEVILLER,54450,HERBEVILLER,48.557415,6.756647
54800_JARNY -,54800,JARNY -,49.153575,5.879061
54260_LONGUYON,54260,LONGUYON,49.461942,5.59814
54135_MEXY -,54135,MEXY -,49.500371,5.782098
54210_SAINT-NICOLAS-DE-PORT -,54210,SAINT-NICOLAS-DE-PORT -,48.627249,6.299884
54800_CONFLANS-EN-JARNISY,54800,CONFLANS-EN-JARNISY,49.168121,5.852236
54170_THUILLEY-AUX-GROSEILLES,54170,THUILLEY-AUX-GROSEILLES,48.574783,5.973034
54280_SEICHAMPS,54280,SEICHAMPS,48.71559,6.26396
54320_MAXEVILLE -,54320,MAXEVILLE -,48.707941,6.147492
54320_MAXEVILLE,54320,MAXEVILLE,48.707941,6.147492
54710_LUDRES -,54710,LUDRES -,48.618012,6.177712
54200_PAGNEY-DERRIERE-BARINE -,54200,PAGNEY-DERRIERE-BARINE -,48.695491,5.846673
54110_DOMBASLE-SUR-MEURTHE,54110,DOMBASLE-SUR-MEURTHE,48.618581,6.357492
54500_VANDOEUVRE-LES-NANCY -,54500,VANDOEUVRE-LES-NANCY -,48.661576,6.162638
54470_REMBERCOURT-SUR-MAD,54470,REMBERCOURT-SUR-MAD,48.987986,5.904164
54700_BLENOD-LES-PONT-A-MOUSSON -,54700,BLENOD-LES-PONT-A-MOUSSON -,48.874841,6.060522
54170_ALLAIN -,54170,ALLAIN -,48.544696,5.909318
54150_NORROY-LE-SEC,54150,NORROY-LE-SEC,49.279383,5.810653
54710_LUDRES,54710,LUDRES,48.618012,6.177712
54220_MALZEVILLE,54220,MALZEVILLE,48.718616,6.190008
54280_SEICHAMPS -,54280,SEICHAMPS -,48.71559,6.26396
54115_BATTIGNY -,54115,BATTIGNY -,48.447952,5.978851
54380_SAIZERAIS,54380,SAIZERAIS,48.788855,6.048083
54470_THIAUCOURT-REGNIEVILLE -,54470,THIAUCOURT-REGNIEVILLE -,48.951059,5.869432
54840_VILLEY-LE-SEC -,54840,VILLEY-LE-SEC -,48.65669,5.980861
54690_LAY-SAINT-CHRISTOPHE,54690,LAY-SAINT-CHRISTOPHE,48.750406,6.194218
54180_HOUDEMONT,54180,HOUDEMONT,48.644569,6.18064
54700_PORT-SUR-SEILLE,54700,PORT-SUR-SEILLE,48.900672,6.157794
54460_LIVERDUN,54460,LIVERDUN,48.757942,6.083109
54160_FROLOIS,54160,FROLOIS,48.564859,6.127645
54920_MORFONTAINE,54920,MORFONTAINE,49.445514,5.81711
55240_BOULIGNY -,55240,BOULIGNY -,49.296712,5.739972
55110_DOULCON -,55110,DOULCON -,49.382064,5.171431
55110_DUN-SUR-MEUSE,55110,DUN-SUR-MEUSE,49.384236,5.18529
55130_HORVILLE-EN-ORNOIS,55130,HORVILLE-EN-ORNOIS,48.491135,5.467285
55000_BAR-LE-DUC,55000,BAR-LE-DUC,48.773944,5.165032
55400_ETAIN -,55400,ETAIN -,49.21397,5.634955
55120_RARECOURT -,55120,RARECOURT -,49.075887,5.122794
55430_BELLEVILLE-SUR-MEUSE,55430,BELLEVILLE-SUR-MEUSE,49.176651,5.381431
55140_CHAMPOUGNY,55140,CHAMPOUGNY,48.545087,5.694836
55200_COMMERCY,55200,COMMERCY,48.758768,5.588862
55130_GONDRECOURT-LE-CHATEAU -,55130,GONDRECOURT-LE-CHATEAU -,48.490259,5.445439
55500_LIGNY-EN-BARROIS,55500,LIGNY-EN-BARROIS,48.685345,5.324155
55700_STENAY -,55700,STENAY -,49.495612,5.188354
55200_VIGNOT,55200,VIGNOT,48.774671,5.604285
55500_LONGEAUX,55500,LONGEAUX,48.648775,5.341406
55600_MARVILLE,55600,MARVILLE,49.454012,5.451155
55140_VAUCOULEURS,55140,VAUCOULEURS,48.600511,5.667623
55100_VERDUN,55100,VERDUN,49.153914,5.365593
55600_AVIOTH,55600,AVIOTH,49.567611,5.390095
55270_MONTFAUCON-D'ARGONNE,55270,MONTFAUCON-D'ARGONNE,49.271053,5.136895
55300_SAINT-MIHIEL,55300,SAINT-MIHIEL,48.891687,5.542342
55310_TRONVILLE-EN-BARROIS,55310,TRONVILLE-EN-BARROIS,48.720725,5.281348
55600_AVIOTH -,55600,AVIOTH -,49.567611,5.390095
55000_LONGEVILLE-EN-BARROIS,55000,LONGEVILLE-EN-BARROIS,48.744769,5.204871
55700_STENAY,55700,STENAY,49.495612,5.188354
55140_SAUVIGNY,55140,SAUVIGNY,48.507865,5.719538
55110_CONSENVOYE,55110,CONSENVOYE,49.288007,5.285585
55130_GONDRECOURT-LE-CHATEAU,55130,GONDRECOURT-LE-CHATEAU,48.490259,5.445439
55600_JUVIGNY-SUR-LOISON,55600,JUVIGNY-SUR-LOISON,49.465365,5.339347
55170_SOMMELONNE,55170,SOMMELONNE,48.674195,5.036678
55200_BONCOURT-SUR-MEUSE,55200,BONCOURT-SUR-MEUSE,48.80256,5.571134
55000_BAR-LE-DUC -,55000,BAR-LE-DUC -,48.773944,5.165032
55170_AULNOIS-EN-PERTHOIS,55170,AULNOIS-EN-PERTHOIS,48.631711,5.129648
55800_BRABANT-LE-ROI,55800,BRABANT-LE-ROI,48.844132,4.979793
55800_REVIGNY-SUR-ORNAIN,55800,REVIGNY-SUR-ORNAIN,48.825749,4.985088
55250_BEAUSITE,55250,BEAUSITE,48.964116,5.217391
55220_IPPECOURT,55220,IPPECOURT,49.035082,5.210273
55800_LAIMONT,55800,LAIMONT,48.838135,5.040039
55800_LOUPPY-LE-CHATEAU,55800,LOUPPY-LE-CHATEAU,48.868415,5.07405
55120_NIXEVILLE-BLERCOURT,55120,NIXEVILLE-BLERCOURT,49.110351,5.271411
55250_NUBECOURT,55250,NUBECOURT,49.000916,5.171016
55220_LES SOUHESMES-RAMPONT,55220,LES SOUHESMES-RAMPONT,49.08918,5.243337
55220_VADELAINCOURT,55220,VADELAINCOURT,49.071207,5.263054
55250_VILLOTTE-DEVANT-LOUPPY,55250,VILLOTTE-DEVANT-LOUPPY,48.885692,5.077461
55150_AZANNES-ET-SOUMAZANNES -,55150,AZANNES-ET-SOUMAZANNES -,49.293289,5.467938
55400_BUZY-DARMONT -,55400,BUZY-DARMONT -,49.172911,5.704457
55800_CONTRISSON,55800,CONTRISSON,48.804222,4.956045
55300_LES PAROCHES -,55300,LES PAROCHES -,48.908294,5.513601
55190_VOID-VACON -,55190,VOID-VACON -,48.678218,5.610125
55150_AZANNES-ET-SOUMAZANNES,55150,AZANNES-ET-SOUMAZANNES,49.293289,5.467938
55000_HAIRONVILLE,55000,HAIRONVILLE,48.684297,5.085139
58410_ENTRAINS-SUR-NOHAIN,58410,ENTRAINS-SUR-NOHAIN,47.470665,3.263574
58330_SAINT-SAULGE,58330,SAINT-SAULGE,47.098912,3.514872
58110_CHATILLON-EN-BAZOIS,58110,CHATILLON-EN-BAZOIS,47.054199,3.65209
58000_NEVERS,58000,NEVERS,46.988535,3.160778
58140_LORMES,58140,LORMES,47.287707,3.819983
58800_MOURON-SUR-YONNE,58800,MOURON-SUR-YONNE,47.191821,3.734663
58320_POUGUES-LES-EAUX,58320,POUGUES-LES-EAUX,47.07434,3.099288
58360_SAINT-HONORE-LES-BAINS,58360,SAINT-HONORE-LES-BAINS,46.903029,3.847254
58220_CESSY-LES-BOIS,58220,CESSY-LES-BOIS,47.319126,3.217275
58150_POUILLY-SUR-LOIRE,58150,POUILLY-SUR-LOIRE,47.288194,2.973306
58400_LA CHARITE-SUR-LOIRE,58400,LA CHARITE-SUR-LOIRE,47.182338,3.031527
58300_LAMENAY-SUR-LOIRE,58300,LAMENAY-SUR-LOIRE,46.760605,3.570505
58190_TANNAY,58190,TANNAY,47.364985,3.599621
58270_SAINT-BENIN-D'AZY,58270,SAINT-BENIN-D'AZY,46.999861,3.396104
58340_CERCY-LA-TOUR,58340,CERCY-LA-TOUR,46.848313,3.65024
58300_DECIZE,58300,DECIZE,46.809753,3.473532
58500_CLAMECY,58500,CLAMECY,47.455864,3.505066
58110_ROUY,58110,ROUY,47.033738,3.540004
58000_CHALLUY -,58000,CHALLUY -,46.948228,3.141154
58200_ALLIGNY-COSNE,58200,ALLIGNY-COSNE,47.447085,3.072842
58430_ARLEUF,58430,ARLEUF,47.039618,4.00308
58190_ASNOIS,58190,ASNOIS,47.39871,3.594318
58110_BICHES,58110,BICHES,46.99779,3.652784
58120_CORANCY,58120,CORANCY,47.104403,3.950417
58200_COSNE-COURS-SUR-LOIRE,58200,COSNE-COURS-SUR-LOIRE,47.407726,2.93582
58300_COSSAYE,58300,COSSAYE,46.754925,3.513738
58330_CRUX-LA-VILLE,58330,CRUX-LA-VILLE,47.153422,3.545821
58180_FOURCHAMBAULT,58180,FOURCHAMBAULT,47.001661,3.104238
58130_GUERIGNY,58130,GUERIGNY,47.090655,3.202692
58240_LUTHENAY-UXELOUP,58240,LUTHENAY-UXELOUP,46.849253,3.265358
58470_MAGNY-COURS,58470,MAGNY-COURS,46.887084,3.152141
58130_MONTIGNY-AUX-AMOGNES,58130,MONTIGNY-AUX-AMOGNES,47.028283,3.271739
58290_MOULINS-ENGILBERT,58290,MOULINS-ENGILBERT,46.989192,3.815394
58440_MYENNES,58440,MYENNES,47.455446,2.940876
58230_PLANCHEZ,58230,PLANCHEZ,47.146842,4.028582
58310_SAINT-AMAND-EN-PUISAYE,58310,SAINT-AMAND-EN-PUISAYE,47.535502,3.076793
58300_SAINT-GERMAIN-CHASSENAY,58300,SAINT-GERMAIN-CHASSENAY,46.777723,3.396626
58490_SAINT-PARIZE-LE-CHATEL,58490,SAINT-PARIZE-LE-CHATEL,46.856773,3.169345
58240_TRESNAY,58240,TRESNAY,46.699332,3.193597
58640_VARENNES-VAUZELLES,58640,VARENNES-VAUZELLES,47.032848,3.142538
58210_VARZY,58210,VARZY,47.354881,3.389029
58310_ARQUIAN,58310,ARQUIAN,47.528556,3.001209
58300_CHARRIN,58300,CHARRIN,46.790347,3.598912
58310_BITRY,58310,BITRY,47.493115,3.0871
58310_BOUHY,58310,BOUHY,47.48561,3.18835
58120_CHATEAU-CHINON (VILLE),58120,CHATEAU-CHINON (VILLE),47.066641,3.933363
58800_CORBIGNY,58800,CORBIGNY,47.252609,3.688203
58660_COULANGES-LES-NEVERS,58660,COULANGES-LES-NEVERS,47.008487,3.190945
58220_DONZY,58220,DONZY,47.378309,3.112722
58140_GACOGNE,58140,GACOGNE,47.2331,3.871867
58600_GARCHIZY,58600,GARCHIZY,47.036337,3.101289
58380_LUCENAY-LES-AIX,58380,LUCENAY-LES-AIX,46.701487,3.488231
58170_LUZY,58170,LUZY,46.79197,3.983703
58260_LA MACHINE,58260,LA MACHINE,46.897575,3.458865
58190_MONCEAUX-LE-COMTE,58190,MONCEAUX-LE-COMTE,47.328841,3.661897
58300_NEUVILLE-LES-DECIZE,58300,NEUVILLE-LES-DECIZE,46.772318,3.314958
58700_NOLAY,58700,NOLAY,47.120326,3.321096
58210_OUDAN,58210,OUDAN,47.343533,3.349675
58200_SAINT-LOUP,58200,SAINT-LOUP,47.445779,3.005867
58300_SAINT-PARIZE-EN-VIRY,58300,SAINT-PARIZE-EN-VIRY,46.766336,3.358698
58200_SAINT-PERE,58200,SAINT-PERE,47.408442,2.970091
58290_VANDENESSE,58290,VANDENESSE,46.915385,3.758293
58370_VILLAPOURCON,58370,VILLAPOURCON,46.928948,3.957162
58140_BRASSY,58140,BRASSY,47.256294,3.943461
58600_GARCHIZY -,58600,GARCHIZY -,47.036337,3.101289
58370_GLUX-EN-GLENNE,58370,GLUX-EN-GLENNE,46.957678,4.029541
58230_SAINT-BRISSON,58230,SAINT-BRISSON,47.263828,4.094169
58110_ACHUN,58110,ACHUN,47.126087,3.678103
58370_ONLAY,58370,ONLAY,46.962737,3.889049
58170_POIL,58170,POIL,46.866795,4.0714
58390_DORNES,58390,DORNES,46.713267,3.333886
58130_BALLERAY,58130,BALLERAY,47.086626,3.20302
58400_VARENNES-LES-NARCY,58400,VARENNES-LES-NARCY,47.216,3.070364
58170_LUZY -,58170,LUZY -,46.79197,3.983703
58000_CHALLUY,58000,CHALLUY,46.948228,3.141154
58150_SAINT-ANDELAIN,58150,SAINT-ANDELAIN,47.307566,2.984362
58110_BAZOLLES,58110,BAZOLLES,47.14733,3.612277
58150_VIELMANAY,58150,VIELMANAY,47.268835,3.113656
58290_MAUX,58290,MAUX,47.045539,3.762126
58130_URZY,58130,URZY,47.054735,3.195669
58400_MESVES-SUR-LOIRE,58400,MESVES-SUR-LOIRE,47.22279,3.005708
58500_CHEVROCHES,58500,CHEVROCHES,47.447781,3.546417
58420_GUIPY,58420,GUIPY,47.227745,3.580161
58700_OULON,58700,OULON,47.195506,3.40324
58000_NEVERS -,58000,NEVERS -,46.988535,3.160778
59310_AIX-EN-PEVELE,59310,AIX-EN-PEVELE,50.501495,3.309294
59650_VILLENEUVE-D'ASCQ,59650,VILLENEUVE-D'ASCQ,50.637632,3.148286
59165_AUBERCHICOURT,59165,AUBERCHICOURT,50.331654,3.22906
59870_BOUVIGNIES,59870,BOUVIGNIES,50.431127,3.24489
59400_CAMBRAI,59400,CAMBRAI,50.172628,3.240712
59242_GENECH,59242,GENECH,50.531421,3.222461
59254_GHYVELDE,59254,GHYVELDE,51.046529,2.529108
59130_LAMBERSART,59130,LAMBERSART,50.652843,3.024594
59810_LESQUIN,59810,LESQUIN,50.587214,3.111117
59160_LOMME,59160,LOMME,50.645076,2.997518
59120_LOOS,59120,LOOS,50.61232,3.02319
59270_METEREN,59270,METEREN,50.755582,2.667827
59890_QUESNOY-SUR-DEULE,59890,QUESNOY-SUR-DEULE,50.711082,3.005697
59223_RONCQ,59223,RONCQ,50.745084,3.116387
59310_SAMEON,59310,SAMEON,50.475335,3.339933
59300_VALENCIENNES,59300,VALENCIENNES,50.358552,3.510438
59150_WATTRELOS,59150,WATTRELOS,50.711887,3.218738
59186_ANOR,59186,ANOR,49.987344,4.119788
59270_BAILLEUL,59270,BAILLEUL,50.732435,2.739978
59860_BRUAY-SUR-L'ESCAUT,59860,BRUAY-SUR-L'ESCAUT,50.398197,3.540327
59670_CASSEL,59670,CASSEL,50.791856,2.492766
59320_ENGLOS,59320,ENGLOS,50.625418,2.955778
59760_GRANDE-SYNTHE,59760,GRANDE-SYNTHE,51.014848,2.299666
59320_HALLENNES-LEZ-HAUBOURDIN,59320,HALLENNES-LEZ-HAUBOURDIN,,
59460_JEUMONT,59460,JEUMONT,50.294117,4.10377
59287_LEWARDE,59287,LEWARDE,50.338609,3.168655
59800_LILLE -,59800,LILLE -,50.630951,3.045391
59600_MAUBEUGE,59600,MAUBEUGE,50.284569,3.965341
59710_MERIGNIES,59710,MERIGNIES,50.505808,3.123802
59182_MONTIGNY-EN-OSTREVENT,59182,MONTIGNY-EN-OSTREVENT,50.368504,3.183997
59370_MONS-EN-BAROEUL,59370,MONS-EN-BAROEUL,50.643576,3.107716
59420_MOUVAUX,59420,MOUVAUX,50.704016,3.137943
59162_OSTRICOURT,59162,OSTRICOURT,50.45648,3.029941
59920_QUIEVRECHAIN,59920,QUIEVRECHAIN,50.392116,3.660097
59173_RENESCURE,59173,RENESCURE,50.730249,2.371715
59790_RONCHIN,59790,RONCHIN,50.601523,3.090902
59990_SEBOURG,59990,SEBOURG,50.348438,3.645455
59490_SOMAIN,59490,SOMAIN,50.358485,3.277754
59580_ANICHE,59580,ANICHE,50.331489,3.253349
59280_ARMENTIERES,59280,ARMENTIERES,50.692113,2.879124
59830_BACHY,59830,BACHY,50.544891,3.266935
59440_AVESNES-SUR-HELPE,59440,AVESNES-SUR-HELPE,50.122767,3.928852
59235_BERSEE,59235,BERSEE,50.485717,3.150597
59780_CAMPHIN-EN-PEVELE,59780,CAMPHIN-EN-PEVELE,50.595429,3.26113
59180_CAPPELLE-LA-GRANDE,59180,CAPPELLE-LA-GRANDE,50.999127,2.372913
59360_LE CATEAU-CAMBRESIS,59360,LE CATEAU-CAMBRESIS,50.101341,3.546544
59540_CAUDRY,59540,CAUDRY,50.121477,3.419012
59176_ECAILLON,59176,ECAILLON,50.347204,3.212381
59610_FOURMIES,59610,FOURMIES,50.015147,4.061667
59320_HAUBOURDIN,59320,HAUBOURDIN,50.603267,2.985558
59111_LIEU-SAINT-AMAND,59111,LIEU-SAINT-AMAND,50.274032,3.339991
59700_MARCQ-EN-BAROEUL,59700,MARCQ-EN-BAROEUL,50.676748,3.100596
59176_MASNY,59176,MASNY,50.339971,3.193813
59940_NEUF-BERQUIN,59940,NEUF-BERQUIN,50.665079,2.661571
59133_PHALEMPIN,59133,PHALEMPIN,50.512769,3.023725
59530_LE QUESNOY,59530,LE QUESNOY,50.250739,3.624064
59870_RIEULAY,59870,RIEULAY,50.383145,3.257651
59230_SAINT-AMAND-LES-EAUX,59230,SAINT-AMAND-LES-EAUX,50.436464,3.431727
59450_SIN-LE-NOBLE,59450,SIN-LE-NOBLE,50.368824,3.118599
59380_STEENE,59380,STEENE,50.953843,2.366451
59143_WATTEN,59143,WATTEN,50.828645,2.211725
59136_WAVRIN,59136,WAVRIN,50.570418,2.940825
59440_BAS-LIEU,59440,BAS-LIEU,50.143012,3.947788
59540_BEAUMONT-EN-CAMBRESIS,59540,BEAUMONT-EN-CAMBRESIS,50.123148,3.453248
59380_BERGUES -,59380,BERGUES -,50.969038,2.435516
59310_BEUVRY-LA-FORET,59310,BEUVRY-LA-FORET,50.456944,3.284536
59113_SECLIN,59113,SECLIN,50.548725,3.034718
59217_CATTENIERES,59217,CATTENIERES,50.1356,3.332026
59680_CERFONTAINE,59680,CERFONTAINE,50.261028,4.022745
59560_COMINES -,59560,COMINES -,50.749717,3.015462
59310_COUTICHES,59310,COUTICHES,50.445971,3.18757
59500_DOUAI -,59500,DOUAI -,50.379896,3.094897
59640_DUNKERQUE,59640,DUNKERQUE,51.028256,2.346525
59710_ENNEVELIN,59710,ENNEVELIN,50.537448,3.126085
59179_FENAIN,59179,FENAIN,50.360723,3.301235
59253_LA GORGUE,59253,LA GORGUE,50.626727,2.72984
59820_GRAVELINES,59820,GRAVELINES,50.991459,2.134164
59330_HAUTMONT,59330,HAUTMONT,50.252233,3.921316
59870_MARCHIENNES,59870,MARCHIENNES,50.413926,3.26865
59520_MARQUETTE-LEZ-LILLE,59520,MARQUETTE-LEZ-LILLE,50.672133,3.058712
59310_NOMAIN,59310,NOMAIN,50.501172,3.244196
59840_PERENCHIES,59840,PERENCHIES,50.669221,2.969171
59184_SAINGHIN-EN-WEPPES,59184,SAINGHIN-EN-WEPPES,50.56101,2.901898
59350_SAINT-ANDRE-LEZ-LILLE,59350,SAINT-ANDRE-LEZ-LILLE,50.661146,3.040218
59216_SARS-POTERIES,59216,SARS-POTERIES,50.171288,4.044197
59113_SECLIN -,59113,SECLIN -,50.548725,3.034718
59114_STEENVOORDE,59114,STEENVOORDE,50.82016,2.578601
59190_WALLON-CAPPEL,59190,WALLON-CAPPEL,50.72876,2.479183
59670_ZUYTPEENE,59670,ZUYTPEENE,50.793689,2.430066
59650_VILLENEUVE-D'ASCQ -,59650,VILLENEUVE-D'ASCQ -,50.637632,3.148286
59111_BOUCHAIN,59111,BOUCHAIN,50.280328,3.322325
59830_CYSOING,59830,CYSOING,50.56769,3.215763
59500_DOUAI,59500,DOUAI,50.379896,3.094897
59161_ESCAUDOEUVRES,59161,ESCAUDOEUVRES,50.192446,3.265688
59610_FERON,59610,FERON,50.054426,4.015427
59122_HONDSCHOOTE,59122,HONDSCHOOTE,50.975503,2.584028
59800_LILLE,59800,LILLE,50.630951,3.045391
59238_MARETZ,59238,MARETZ,50.045615,3.417434
59400_NIERGNIES,59400,NIERGNIES,50.147395,3.255912
59242_TEMPLEUVE,59242,TEMPLEUVE,50.534565,3.170614
59118_WAMBRECHIES,59118,WAMBRECHIES,50.695971,3.046954
59117_WERVICQ-SUD,59117,WERVICQ-SUD,50.760836,3.0485
59380_BERGUES,59380,BERGUES,50.969038,2.435516
59153_GRAND-FORT-PHILIPPE,59153,GRAND-FORT-PHILIPPE,50.997484,2.106017
59244_CARTIGNIES,59244,CARTIGNIES,50.081935,3.836429
59840_LOMPRET,59840,LOMPRET,50.665264,2.99464
59218_SALESCHES,59218,SALESCHES,50.2046,3.591671
59182_LOFFRE,59182,LOFFRE,50.356557,3.172457
59120_LOOS -,59120,LOOS -,50.61232,3.02319
59246_MONS-EN-PEVELE,59246,MONS-EN-PEVELE,50.479692,3.10295
59470_ESQUELBECQ,59470,ESQUELBECQ,50.886793,2.424416
59263_HOUPLIN-ANCOISNE,59263,HOUPLIN-ANCOISNE,50.565498,2.992844
59310_LANDAS,59310,LANDAS,50.470629,3.292043
59100_ROUBAIX,59100,ROUBAIX,50.688454,3.183662
59265_AUBENCHEUL-AU-BAC,59265,AUBENCHEUL-AU-BAC,50.256297,3.160516
59740_BERELLES,59740,BERELLES,50.215833,4.098764
59222_BOUSIES,59222,BOUSIES,50.151949,3.613582
59168_BOUSSOIS,59168,BOUSSOIS,50.292346,4.043342
59490_SOMAIN -,59490,SOMAIN -,50.358485,3.277754
59193_ERQUINGHEM-LYS,59193,ERQUINGHEM-LYS,50.670474,2.837901
59158_FLINES-LES-MORTAGNE,59158,FLINES-LES-MORTAGNE,50.507719,3.487869
59132_GLAGEON,59132,GLAGEON,50.050508,4.069582
59134_LE MAISNIL,59134,LE MAISNIL,50.617531,2.882331
59960_NEUVILLE-EN-FERRAIN,59960,NEUVILLE-EN-FERRAIN,50.755828,3.163244
59114_SAINT-SYLVESTRE-CAPPEL,59114,SAINT-SYLVESTRE-CAPPEL,50.775232,2.550616
59211_SANTES,59211,SANTES,50.592753,2.954679
59232_VIEUX-BERQUIN,59232,VIEUX-BERQUIN,50.69676,2.622522
59261_WAHAGNIES,59261,WAHAGNIES,50.485266,3.025971
59213_SAINT-MARTIN-SUR-ECAILLON,59213,SAINT-MARTIN-SUR-ECAILLON,50.245626,3.522392
59111_WAVRECHAIN-SOUS-FAULX -,59111,WAVRECHAIN-SOUS-FAULX -,50.271309,3.285557
59229_TETEGHEM -,59229,TETEGHEM -,51.008962,2.438375
59119_WAZIERS,59119,WAZIERS,50.384285,3.112246
59730_SOLESMES,59730,SOLESMES,50.183735,3.512854
59620_AULNOYE-AYMERIES -,59620,AULNOYE-AYMERIES -,50.202617,3.836304
59470_BROXEELE,59470,BROXEELE,50.829654,2.32268
59265_HAYNECOURT -,59265,HAYNECOURT -,50.21165,3.161891
59265_HAYNECOURT,59265,HAYNECOURT,50.21165,3.161891
59530_LOCQUIGNOL,59530,LOCQUIGNOL,50.197748,3.71777
59670_OCHTEZEELE,59670,OCHTEZEELE,50.816807,2.405235
59670_OUDEZEELE,59670,OUDEZEELE,,
59143_SAINT-MOMELIN,59143,SAINT-MOMELIN,50.794963,2.249086
59880_SAINT-SAULVE,59880,SAINT-SAULVE,50.376565,3.561715
59580_ANICHE -,59580,ANICHE -,50.331489,3.253349
59570_BERMERIES,59570,BERMERIES,50.287942,3.752868
59282_DOUCHY-LES-MINES,59282,DOUCHY-LES-MINES,50.300811,3.388782
59680_FERRIERE-LA-GRANDE,59680,FERRIERE-LA-GRANDE,50.248005,3.994261
59148_FLINES-LEZ-RACHES -,59148,FLINES-LEZ-RACHES -,50.415828,3.187552
59249_FROMELLES -,59249,FROMELLES -,50.608176,2.858221
59249_FROMELLES,59249,FROMELLES,50.608176,2.858221
59270_GODEWAERSVELDE -,59270,GODEWAERSVELDE -,50.797007,2.646354
59116_HOUPLINES,59116,HOUPLINES,50.681818,2.922632
59141_IWUY,59141,IWUY,50.234099,3.324555
59167_LALLAING,59167,LALLAING,50.385062,3.161443
59380_STEENE -,59380,STEENE -,50.953843,2.366451
59530_VILLERS-POL,59530,VILLERS-POL,50.284793,3.614186
59112_ANNOEULLIN,59112,ANNOEULLIN,50.527933,2.929681
59890_DEULEMONT -,59890,DEULEMONT -,50.728271,2.969861
59190_HAZEBROUCK,59190,HAZEBROUCK,50.719443,2.531796
59510_HEM,59510,HEM,50.658041,3.193069
59550_MAROILLES,59550,MAROILLES,50.137723,3.75547
59139_NOYELLES-LES-SECLIN,59139,NOYELLES-LES-SECLIN,50.574206,3.022804
59890_QUESNOY-SUR-DEULE -,59890,QUESNOY-SUR-DEULE -,50.711082,3.005697
59740_SOLRE-LE-CHATEAU,59740,SOLRE-LE-CHATEAU,50.175776,4.10298
59139_WATTIGNIES,59139,WATTIGNIES,50.586719,3.040384
59780_WILLEMS,59780,WILLEMS,50.631474,3.232443
59186_ANOR -,59186,ANOR -,49.987344,4.119788
59410_ANZIN,59410,ANZIN,50.375338,3.51069
59151_ARLEUX,59151,ARLEUX,50.282562,3.11328
59620_AULNOYE-AYMERIES,59620,AULNOYE-AYMERIES,50.202617,3.836304
59123_BRAY-DUNES,59123,BRAY-DUNES,51.071707,2.527969
59151_BRUNEMONT,59151,BRUNEMONT,50.270518,3.137885
59680_COLLERET,59680,COLLERET,50.259399,4.082572
59560_COMINES,59560,COMINES,50.749717,3.015462
59990_CURGIES -,59990,CURGIES -,50.330254,3.603263
59830_CYSOING -,59830,CYSOING -,50.56769,3.215763
59640_DUNKERQUE -,59640,DUNKERQUE -,51.028256,2.346525
59940_ESTAIRES -,59940,ESTAIRES -,50.653743,2.722799
59179_FENAIN -,59179,FENAIN -,50.360723,3.301235
59153_GRAND-FORT-PHILIPPE -,59153,GRAND-FORT-PHILIPPE -,50.997484,2.106017
59121_HAULCHIN -,59121,HAULCHIN -,50.316366,3.419582
59171_HORNAING,59171,HORNAING,50.363121,3.331845
59259_LECLUSE,59259,LECLUSE,50.279557,3.042952
59620_LEVAL,59620,LEVAL,50.183734,3.835841
59630_LOOBERGHE -,59630,LOOBERGHE -,50.912099,2.280905
59720_LOUVROIL,59720,LOUVROIL,50.259356,3.954899
59390_LYS-LEZ-LANNOY,59390,LYS-LEZ-LANNOY,50.671644,3.21584
59164_MARPENT -,59164,MARPENT -,50.293922,4.077265
59700_MARCQ-EN-BAROEUL -,59700,MARCQ-EN-BAROEUL -,50.676748,3.100596
59164_MARPENT,59164,MARPENT,50.293922,4.077265
59370_MONS-EN-BAROEUL -,59370,MONS-EN-BAROEUL -,50.643576,3.107716
59143_NIEURLET,59143,NIEURLET,50.793345,2.283549
59162_OSTRICOURT -,59162,OSTRICOURT -,50.45648,3.029941
59133_PHALEMPIN -,59133,PHALEMPIN -,50.512769,3.023725
59138_PONT-SUR-SAMBRE,59138,PONT-SUR-SAMBRE,50.229156,3.841311
59185_PROVIN -,59185,PROVIN -,50.513722,2.911615
59283_RAIMBEAUCOURT,59283,RAIMBEAUCOURT,50.438764,3.10078
59590_RAISMES,59590,RAISMES,50.397739,3.493164
59100_ROUBAIX -,59100,ROUBAIX -,50.688454,3.183662
59188_SAINT-VAAST-EN-CAMBRESIS -,59188,SAINT-VAAST-EN-CAMBRESIS -,50.192781,3.424445
59174_LA SENTINELLE -,59174,LA SENTINELLE -,50.349217,3.477275
59189_STEENBECQUE -,59189,STEENBECQUE -,50.682093,2.493866
59239_THUMERIES,59239,THUMERIES,50.473739,3.062631
59141_THUN-SAINT-MARTIN -,59141,THUN-SAINT-MARTIN -,50.224488,3.303158
59600_VIEUX-RENG -,59600,VIEUX-RENG -,50.327253,4.043822
59142_VILLERS-OUTREAUX -,59142,VILLERS-OUTREAUX -,50.031911,3.291471
59135_WALLERS,59135,WALLERS,50.367796,3.3955
59173_EBBLINGHEM,59173,EBBLINGHEM,50.736703,2.41476
59279_LOON-PLAGE,59279,LOON-PLAGE,50.989805,2.2362
59122_REXPOEDE,59122,REXPOEDE,50.931018,2.545559
59530_ENGLEFONTAINE,59530,ENGLEFONTAINE,50.191712,3.641571
59142_VILLERS-OUTREAUX,59142,VILLERS-OUTREAUX,50.031911,3.291471
59400_CAMBRAI -,59400,CAMBRAI -,50.172628,3.240712
59254_GHYVELDE -,59254,GHYVELDE -,51.046529,2.529108
59740_BEAURIEUX,59740,BEAURIEUX,50.175015,4.13209
59132_EPPE-SAUVAGE,59132,EPPE-SAUVAGE,50.120935,4.170982
59236_FRELINGHIEN,59236,FRELINGHIEN,50.702293,2.948299
59226_LECELLES -,59226,LECELLES -,50.476343,3.401422
59122_LES MOERES,59122,LES MOERES,51.022409,2.548323
59159_RIBECOURT-LA-TOUR,59159,RIBECOURT-LA-TOUR,50.11101,3.130082
59270_BERTHEN,59270,BERTHEN,50.778203,2.68043
59330_BOUSSIERES-SUR-SAMBRE,59330,BOUSSIERES-SUR-SAMBRE,50.241485,3.882529
59247_HEM-LENGLET,59247,HEM-LENGLET,50.259026,3.228866
59143_LEDERZEELE,59143,LEDERZEELE,50.81638,2.291156
59570_LA LONGUEVILLE,59570,LA LONGUEVILLE,50.300574,3.872936
59770_MARLY,59770,MARLY,50.348175,3.544788
59310_ORCHIES,59310,ORCHIES,50.470488,3.240832
59166_BOUSBECQUE,59166,BOUSBECQUE,50.765541,3.07788
59247_FRESSIES,59247,FRESSIES,50.260988,3.198892
59870_WANDIGNIES-HAMAGE,59870,WANDIGNIES-HAMAGE,50.39895,3.318988
59980_BERTRY,59980,BERTRY,50.08762,3.441062
59290_WASQUEHAL -,59290,WASQUEHAL -,50.67305,3.129497
59285_BUYSSCHEURE,59285,BUYSSCHEURE,50.806405,2.337507
59470_BOLLEZEELE,59470,BOLLEZEELE,50.86956,2.333792
59440_BOULOGNE-SUR-HELPE,59440,BOULOGNE-SUR-HELPE,50.07877,3.892411
59144_GOMMEGNIES,59144,GOMMEGNIES,50.262251,3.718832
59244_GRAND-FAYT,59244,GRAND-FAYT,50.114491,3.805781
59670_OXELAERE,59670,OXELAERE,50.78803,2.462172
59146_PECQUENCOURT,59146,PECQUENCOURT,50.377024,3.215661
59144_BRY,59144,BRY,50.318337,3.678395
59247_FECHAIN,59247,FECHAIN,50.266773,3.212594
59173_SERCUS,59173,SERCUS,50.709964,2.455156
59750_FEIGNIES,59750,FEIGNIES,50.292809,3.914832
59570_BELLIGNIES -,59570,BELLIGNIES -,50.324328,3.768948
59299_BOESCHEPE,59299,BOESCHEPE,50.800068,2.698555
59630_BOURBOURG,59630,BOURBOURG,50.937906,2.205957
59169_CANTIN,59169,CANTIN,50.312113,3.117549
59152_TRESSIN,59152,TRESSIN,50.617799,3.192422
59268_BLECOURT,59268,BLECOURT,50.22114,3.214836
59190_CAESTRE,59190,CAESTRE,50.752686,2.609441
59219_LAROUILLIES,59219,LAROUILLIES,50.034871,3.924776
59262_SAINGHIN-EN-MELANTOIS,59262,SAINGHIN-EN-MELANTOIS,50.586325,3.162621
59292_SAINT-HILAIRE-LEZ-CAMBRAI,59292,SAINT-HILAIRE-LEZ-CAMBRAI,50.183783,3.411805
59570_TAISNIERES-SUR-HON,59570,TAISNIERES-SUR-HON,50.326795,3.860514
59126_LINSELLES,59126,LINSELLES,50.73755,3.077653
59730_SAINT-PYTHON,59730,SAINT-PYTHON,50.189999,3.481698
59230_CHATEAU-L'ABBAYE,59230,CHATEAU-L'ABBAYE,50.480507,3.475673
59147_CHEMY,59147,CHEMY,50.531349,2.995026
59279_CRAYWICK,59279,CRAYWICK,50.968391,2.236106
59400_ESTOURMEL,59400,ESTOURMEL,50.148782,3.323798
59156_LOURCHES,59156,LOURCHES,50.311028,3.354621
59274_MARQUILLIES,59274,MARQUILLIES,50.552778,2.863577
59178_BRILLON,59178,BRILLON,50.434367,3.338829
59290_WASQUEHAL,59290,WASQUEHAL,50.67305,3.129497
59139_WATTIGNIES -,59139,WATTIGNIES -,50.586719,3.040384
59553_CUINCY,59553,CUINCY,50.379826,3.041932
59187_DECHY,59187,DECHY,50.35317,3.123999
59134_FOURNES-EN-WEPPES,59134,FOURNES-EN-WEPPES,50.591361,2.895554
59147_HERRIN,59147,HERRIN,50.546625,2.966926
59266_HONNECOURT-SUR-ESCAUT,59266,HONNECOURT-SUR-ESCAUT,50.034714,3.203465
59158_MORTAGNE-DU-NORD,59158,MORTAGNE-DU-NORD,50.50129,3.45217
59225_CLARY,59225,CLARY,50.076261,3.393029
59600_MAUBEUGE -,59600,MAUBEUGE -,50.284569,3.965341
59190_HAZEBROUCK -,59190,HAZEBROUCK -,50.719443,2.531796
59300_FAMARS,59300,FAMARS,50.317733,3.518656
59250_HALLUIN,59250,HALLUIN,50.774135,3.125231
59199_HERGNIES,59199,HERGNIES,50.482421,3.530157
59310_ORCHIES -,59310,ORCHIES -,50.470488,3.240832
59188_SAINT-AUBERT,59188,SAINT-AUBERT,50.204673,3.412608
59269_SEPMERIES,59269,SEPMERIES,50.281924,3.561184
59551_ATTICHES,59551,ATTICHES,50.510956,3.065495
59710_PONT-A-MARCQ,59710,PONT-A-MARCQ,,
59310_AUCHY-LEZ-ORCHIES,59310,AUCHY-LEZ-ORCHIES,50.482492,3.197239
59840_LOMPRET -,59840,LOMPRET -,50.665264,2.99464
59226_RUMEGIES,59226,RUMEGIES,50.492968,3.352992
59127_WALINCOURT-SELVIGNY,59127,WALINCOURT-SELVIGNY,50.074219,3.341469
59118_WAMBRECHIES -,59118,WAMBRECHIES -,50.695971,3.046954
59610_FOURMIES -,59610,FOURMIES -,50.015147,4.061667
59410_ANZIN -,59410,ANZIN -,50.375338,3.51069
59211_SANTES -,59211,SANTES -,50.592753,2.954679
59137_BUSIGNY,59137,BUSIGNY,50.032681,3.471457
59195_HERIN,59195,HERIN,50.362078,3.44533
59310_MOUCHIN,59310,MOUCHIN,50.516605,3.296903
59220_DENAIN -,59220,DENAIN -,50.330176,3.392754
59191_HAUCOURT-EN-CAMBRESIS,59191,HAUCOURT-EN-CAMBRESIS,50.104471,3.341364
59510_HEM -,59510,HEM -,50.658041,3.193069
59242_CAPPELLE-EN-PEVELE,59242,CAPPELLE-EN-PEVELE,50.504895,3.174947
59550_LANDRECIES,59550,LANDRECIES,50.119107,3.690389
59175_TEMPLEMARS,59175,TEMPLEMARS,50.573164,3.058341
59163_CONDE-SUR-L'ESCAUT,59163,CONDE-SUR-L'ESCAUT,50.469785,3.606542
59470_MERCKEGHEM -,59470,MERCKEGHEM -,50.869716,2.266165
59177_SAINS-DU-NORD,59177,SAINS-DU-NORD,50.08688,4.02229
59300_VALENCIENNES -,59300,VALENCIENNES -,50.358552,3.510438
59258_CREVECOEUR-SUR-L'ESCAUT,59258,CREVECOEUR-SUR-L'ESCAUT,50.106673,3.252251
59219_ETROEUNGT,59219,ETROEUNGT,50.0658,3.941743
59553_LAUWIN-PLANQUE,59553,LAUWIN-PLANQUE,50.392152,3.044971
59233_MAING,59233,MAING,50.312659,3.483639
59224_MONCHAUX-SUR-ECAILLON,59224,MONCHAUX-SUR-ECAILLON,50.28592,3.45348
59840_PERENCHIES -,59840,PERENCHIES -,50.669221,2.969171
59230_ROSULT,59230,ROSULT,50.452063,3.364764
59480_ILLIES,59480,ILLIES,50.564327,2.833546
59161_ESCAUDOEUVRES -,59161,ESCAUDOEUVRES -,50.192446,3.265688
59830_BOURGHELLES,59830,BOURGHELLES,50.557385,3.246586
59287_LEWARDE -,59287,LEWARDE -,50.338609,3.168655
59190_MORBECQUE,59190,MORBECQUE,50.688526,2.522261
59147_GONDECOURT,59147,GONDECOURT,50.548264,2.982353
59170_CROIX,59170,CROIX,50.676606,3.155948
59283_RAIMBEAUCOURT -,59283,RAIMBEAUCOURT -,50.438764,3.10078
59296_AVESNES-LE-SEC,59296,AVESNES-LE-SEC,50.249144,3.379595
59222_BOUSIES -,59222,BOUSIES -,50.151949,3.613582
59830_LOUVIL,59830,LOUVIL,50.556657,3.195011
59660_MERVILLE,59660,MERVILLE,50.648306,2.635739
59151_BUGNICOURT,59151,BUGNICOURT,50.289874,3.155229
59283_MONCHEAUX,59283,MONCHEAUX,50.456724,3.085249
59223_RONCQ -,59223,RONCQ -,50.745084,3.116387
59380_CROCHTE,59380,CROCHTE,50.919112,2.384244
59495_LEFFRINCKOUCKE,59495,LEFFRINCKOUCKE,51.044669,2.447247
59285_ARNEKE -,59285,ARNEKE -,50.835546,2.418094
59233_MAING -,59233,MAING -,50.312659,3.483639
59350_SAINT-ANDRE-LEZ-LILLE -,59350,SAINT-ANDRE-LEZ-LILLE -,50.661146,3.040218
59330_BEAUFORT,59330,BEAUFORT,50.220882,3.961589
59295_ESTRUN,59295,ESTRUN,50.249499,3.293255
59600_GOGNIES-CHAUSSEE,59600,GOGNIES-CHAUSSEE,50.331987,3.944954
59132_WALLERS-EN-FAGNE,59132,WALLERS-EN-FAGNE,50.058622,4.165653
59129_AVESNES-LES-AUBERT,59129,AVESNES-LES-AUBERT,50.196335,3.382733
59133_CAMPHIN-EN-CAREMBAULT,59133,CAMPHIN-EN-CAREMBAULT,50.50686,2.99171
59740_LEZ-FONTAINE,59740,LEZ-FONTAINE,50.177245,4.062037
59530_RUESNES,59530,RUESNES,50.262462,3.590059
59217_CARNIERES,59217,CARNIERES,50.163174,3.348126
59266_BANTOUZELLE,59266,BANTOUZELLE,50.061671,3.206694
59161_RAMILLIES,59161,RAMILLIES,50.200615,3.257346
59400_SERANVILLERS-FORENVILLE,59400,SERANVILLERS-FORENVILLE,50.126582,3.28321
59144_WARGNIES-LE-PETIT,59144,WARGNIES-LE-PETIT,50.297616,3.687218
59176_ECAILLON -,59176,ECAILLON -,50.347204,3.212381
59540_INCHY,59540,INCHY,50.121478,3.467429
62147_MOEUVRES,62147,MOEUVRES,50.160347,3.064922
59470_MERCKEGHEM,59470,MERCKEGHEM,50.869716,2.266165
59550_PRISCHES,59550,PRISCHES,50.075879,3.75918
59172_ROEULX,59172,ROEULX,50.309614,3.336243
59670_CASSEL -,59670,CASSEL -,50.791856,2.492766
59273_FRETIN,59273,FRETIN,50.563383,3.143035
59670_WINNEZEELE,59670,WINNEZEELE,50.847976,2.571417
59161_CAGNONCLES,59161,CAGNONCLES,50.189349,3.310384
59360_CATILLON-SUR-SAMBRE,59360,CATILLON-SUR-SAMBRE,50.076407,3.6511
59890_DEULEMONT,59890,DEULEMONT,50.728271,2.969861
59127_ELINCOURT,59127,ELINCOURT,50.044585,3.371929
59131_ROUSIES,59131,ROUSIES,50.272457,3.996897
59237_VERLINGHEM -,59237,VERLINGHEM -,50.68189,2.998313
59560_WARNETON -,59560,WARNETON -,50.742414,2.967116
59242_CAPPELLE-EN-PEVELE -,59242,CAPPELLE-EN-PEVELE -,50.504895,3.174947
59520_MARQUETTE-LEZ-LILLE -,59520,MARQUETTE-LEZ-LILLE -,50.672133,3.058712
59554_BANTIGNY,59554,BANTIGNY,50.227408,3.227129
59267_CANTAING-SUR-ESCAUT,59267,CANTAING-SUR-ESCAUT,50.150846,3.169142
59310_FAUMONT,59310,FAUMONT,50.452513,3.135592
59143_HOLQUE,59143,HOLQUE,50.853158,2.204925
59600_ELESMES,59600,ELESMES,50.304238,4.002386
59270_GODEWAERSVELDE,59270,GODEWAERSVELDE,50.797007,2.646354
59980_HONNECHY,59980,HONNECHY,50.06802,3.470044
59554_SAILLY-LEZ-CAMBRAI,59554,SAILLY-LEZ-CAMBRAI,50.192471,3.176692
59234_VILLERS-AU-TERTRE,59234,VILLERS-AU-TERTRE,50.301915,3.181836
59470_VOLCKERINCKHOVE,59470,VOLCKERINCKHOVE,50.836768,2.300055
59237_VERLINGHEM,59237,VERLINGHEM,50.68189,2.998313
59170_CROIX -,59170,CROIX -,50.676606,3.155948
60170_TRACY-LE-MONT,60170,TRACY-LE-MONT,49.478636,3.002012
60510_BRESLES,60510,BRESLES,49.407997,2.243996
60100_CREIL,60100,CREIL,49.257474,2.4788
60140_LIANCOURT,60140,LIANCOURT,49.329145,2.463267
60400_NOYON,60400,NOYON,49.584458,3.003812
60410_VERBERIE,60410,VERBERIE,49.311862,2.742606
60380_SONGEONS,60380,SONGEONS,49.553854,1.854067
60150_THOUROTTE,60150,THOUROTTE,49.478981,2.880679
60210_GRANDVILLIERS,60210,GRANDVILLIERS,49.6649,1.940815
60350_PIERREFONDS,60350,PIERREFONDS,49.343878,2.972556
60860_SAINT-OMER-EN-CHAUSSEE,60860,SAINT-OMER-EN-CHAUSSEE,49.531114,1.999014
60700_PONTPOINT,60700,PONTPOINT,49.30407,2.649484
60700_PONT-SAINTE-MAXENCE,60700,PONT-SAINTE-MAXENCE,49.309303,2.60379
60650_SAINT-PAUL,60650,SAINT-PAUL,49.427119,1.988342
60300_SENLIS,60300,SENLIS,49.207336,2.587679
60155_BEAUVAIS -,60155,BEAUVAIS -,49.403705,1.997695
60120_ANSAUVILLERS,60120,ANSAUVILLERS,49.563956,2.386985
60690_FONTAINE-LAVAGANNE,60690,FONTAINE-LAVAGANNE,49.598717,1.955116
60460_PRECY-SUR-OISE,60460,PRECY-SUR-OISE,49.202879,2.374708
60155_BEAUVAIS,60155,BEAUVAIS,49.403705,1.997695
60120_HARDIVILLERS,60120,HARDIVILLERS,49.617317,2.228136
60360_CREVECOEUR-LE-GRAND,60360,CREVECOEUR-LE-GRAND,49.61355,2.079481
60190_ESTREES-SAINT-DENIS,60190,ESTREES-SAINT-DENIS,49.428453,2.645197
60480_MONTREUIL-SUR-BRECHE,60480,MONTREUIL-SUR-BRECHE,49.507765,2.273621
60370_HERMES,60370,HERMES,49.354908,2.254989
60310_LASSIGNY,60310,LASSIGNY,49.595024,2.845555
60430_NOAILLES,60430,NOAILLES,49.328468,2.202204
60870_VILLERS-SAINT-PAUL,60870,VILLERS-SAINT-PAUL,49.288257,2.491239
60200_COMPIEGNE,60200,COMPIEGNE,49.405934,2.844366
60510_THERDONNE,60510,THERDONNE,49.420803,2.149279
60130_SAINT-JUST-EN-CHAUSSEE,60130,SAINT-JUST-EN-CHAUSSEE,49.512254,2.428343
60590_FLAVACOURT,60590,FLAVACOURT,49.33673,1.823118
60700_FLEURINES,60700,FLEURINES,49.263065,2.589987
60480_ABBEVILLE-SAINT-LUCIEN,60480,ABBEVILLE-SAINT-LUCIEN,49.517176,2.172051
60500_CHANTILLY,60500,CHANTILLY,49.188222,2.461897
60950_ERMENONVILLE,60950,ERMENONVILLE,49.129293,2.696894
60290_LAIGNEVILLE,60290,LAIGNEVILLE,49.297753,2.445801
60890_VARINFROY,60890,VARINFROY,49.095518,3.048419
60400_PORQUERICOURT -,60400,PORQUERICOURT -,49.595681,2.962721
60490_RESSONS-SUR-MATZ,60490,RESSONS-SUR-MATZ,49.540311,2.745551
60730_SAINTE-GENEVIEVE,60730,SAINTE-GENEVIEVE,49.288312,2.197661
60120_FLECHY,60120,FLECHY,49.659495,2.231764
60240_JOUY-SOUS-THELLE,60240,JOUY-SOUS-THELLE,49.318525,1.954765
60150_LONGUEIL-ANNEL,60150,LONGUEIL-ANNEL,49.466338,2.855235
60540_BORNEL,60540,BORNEL,49.208652,2.194276
60350_JAULZY,60350,JAULZY,49.39129,3.059309
60120_VENDEUIL-CAPLY,60120,VENDEUIL-CAPLY,49.611846,2.290084
60560_ORRY-LA-VILLE -,60560,ORRY-LA-VILLE -,49.136593,2.507755
60570_ANDEVILLE,60570,ANDEVILLE,49.262324,2.164373
60390_AUNEUIL,60390,AUNEUIL,49.377401,1.991483
60120_BRETEUIL,60120,BRETEUIL,49.631941,2.285979
60170_CAMBRONNE-LES-RIBECOURT,60170,CAMBRONNE-LES-RIBECOURT,49.501461,2.90126
60230_CHAMBLY,60230,CHAMBLY,49.170042,2.244676
60750_CHOISY-AU-BAC,60750,CHOISY-AU-BAC,49.435771,2.891215
60600_CLERMONT,60600,CLERMONT,49.37814,2.413758
60150_COUDUN,60150,COUDUN,49.462748,2.807067
60800_CREPY-EN-VALOIS,60800,CREPY-EN-VALOIS,49.234294,2.893527
60120_CROISSY-SUR-CELLE,60120,CROISSY-SUR-CELLE,49.696681,2.170014
60240_DELINCOURT,60240,DELINCOURT,49.242625,1.831186
60510_HAUDIVILLERS,60510,HAUDIVILLERS,49.487478,2.244438
60150_JANVILLE,60150,JANVILLE,49.453862,2.859437
60680_JONQUIERES,60680,JONQUIERES,49.403416,2.743904
60650_LACHAPELLE-AUX-POTS,60650,LACHAPELLE-AUX-POTS,49.451292,1.911487
60610_LACROIX-SAINT-OUEN,60610,LACROIX-SAINT-OUEN,49.361304,2.786898
60260_LAMORLAYE,60260,LAMORLAYE,49.160684,2.420235
60420_MAIGNELAY-MONTIGNY,60420,MAIGNELAY-MONTIGNY,49.548849,2.518137
60890_MAREUIL-SUR-OURCQ,60890,MAREUIL-SUR-OURCQ,49.13636,3.083924
60510_THERDONNE -,60510,THERDONNE -,49.420803,2.149279
60112_MILLY-SUR-THERAIN,60112,MILLY-SUR-THERAIN,49.501828,2.001782
60160_MONTATAIRE,60160,MONTATAIRE,49.259476,2.433931
60180_NOGENT-SUR-OISE,60180,NOGENT-SUR-OISE,49.276302,2.468691
60490_ORVILLERS-SOREL,60490,ORVILLERS-SOREL,49.575011,2.707809
60170_RIBECOURT-DRESLINCOURT,60170,RIBECOURT-DRESLINCOURT,49.517426,2.925414
60190_SACY-LE-PETIT,60190,SACY-LE-PETIT,49.361653,2.628762
60340_SAINT-LEU-D'ESSERENT,60340,SAINT-LEU-D'ESSERENT,49.225314,2.41967
60320_SAINT-SAUVEUR,60320,SAINT-SAUVEUR,49.317511,2.779777
60350_ATTICHY,60350,ATTICHY,49.419568,3.043308
60320_BETHISY-SAINT-PIERRE,60320,BETHISY-SAINT-PIERRE,49.303585,2.796552
60200_CLAIROIX,60200,CLAIROIX,49.4392,2.847004
60640_FRENICHES,60640,FRENICHES,49.672233,3.003376
60280_MARGNY-LES-COMPIEGNE,60280,MARGNY-LES-COMPIEGNE,49.427428,2.815584
60880_LE MEUX,60880,LE MEUX,49.367892,2.745127
60740_SAINT-MAXIMIN,60740,SAINT-MAXIMIN,49.225821,2.44572
60890_VARINFROY -,60890,VARINFROY -,49.095518,3.048419
60340_VILLERS-SOUS-SAINT-LEU,60340,VILLERS-SOUS-SAINT-LEU,49.212265,2.394189
60370_BERTHECOURT,60370,BERTHECOURT,49.345878,2.22461
60129_GLAIGNES,60129,GLAIGNES,49.271262,2.850467
60390_LA HOUSSOYE,60390,LA HOUSSOYE,49.353572,1.945178
60220_QUINCAMPOIX-FLEUZY,60220,QUINCAMPOIX-FLEUZY,49.752865,1.761394
60490_CONCHY-LES-POTS,60490,CONCHY-LES-POTS,49.608371,2.728575
60220_CAMPEAUX,60220,CAMPEAUX,49.611868,1.754481
60220_FORMERIE,60220,FORMERIE,49.647187,1.736158
60190_MONTIERS,60190,MONTIERS,49.499337,2.576408
60640_GUISCARD,60640,GUISCARD,49.658413,3.061765
60510_LA NEUVILLE-EN-HEZ,60510,LA NEUVILLE-EN-HEZ,49.400442,2.326533
60155_SAINT-LEGER-EN-BRAY -,60155,SAINT-LEGER-EN-BRAY -,49.391722,2.023694
60810_BARBERY,60810,BARBERY,49.221313,2.670547
60350_BITRY,60350,BITRY,49.41307,3.07656
60500_CHANTILLY -,60500,CHANTILLY -,49.188222,2.461897
60850_CUIGY-EN-BRAY,60850,CUIGY-EN-BRAY,49.428902,1.834838
60490_MAREUIL-LA-MOTTE,60490,MAREUIL-LA-MOTTE,49.545951,2.800539
60127_FRESNOY-LA-RIVIERE,60127,FRESNOY-LA-RIVIERE,49.282239,2.930703
60270_GOUVIEUX,60270,GOUVIEUX,49.187346,2.418556
60190_MOYENNEVILLE,60190,MOYENNEVILLE,49.491507,2.632287
60120_VILLERS-VICOMTE,60120,VILLERS-VICOMTE,49.64319,2.238485
60000_GOINCOURT,60000,GOINCOURT,49.427153,2.03133
60240_LAVILLETERTRE,60240,LAVILLETERTRE,49.193614,1.930605
60480_MAULERS,60480,MAULERS,49.547956,2.165129
60128_MORTEFONTAINE,60128,MORTEFONTAINE,49.1114,2.602656
60200_COMPIEGNE -,60200,COMPIEGNE -,49.405934,2.844366
60350_BERNEUIL-SUR-AISNE,60350,BERNEUIL-SUR-AISNE,49.413416,2.999575
60600_ERQUERY,60600,ERQUERY,49.405578,2.459035
60640_FRETOY-LE-CHATEAU,60640,FRETOY-LE-CHATEAU,49.660251,2.978634
60280_MARGNY-LES-COMPIEGNE -,60280,MARGNY-LES-COMPIEGNE -,49.427428,2.815584
60210_SAINT-MAUR,60210,SAINT-MAUR,49.616504,1.919876
60149_SAINT-CREPIN-IBOUVILLERS,60149,SAINT-CREPIN-IBOUVILLERS,49.264389,2.064046
60400_CAISNES,60400,CAISNES,49.521581,3.066521
60350_CHELLES -,60350,CHELLES -,49.349043,3.038015
60590_TRIE-CHATEAU,60590,TRIE-CHATEAU,49.295296,1.817521
60120_TROUSSENCOURT,60120,TROUSSENCOURT,49.606555,2.253893
60310_LAGNY,60310,LAGNY,49.611182,2.91493
60950_ERMENONVILLE -,60950,ERMENONVILLE -,,
60650_SAINT-PAUL -,60650,SAINT-PAUL -,49.427119,1.988342
60300_FONTAINE-CHAALIS,60300,FONTAINE-CHAALIS,49.169995,2.68627
60560_ORRY-LA-VILLE,60560,ORRY-LA-VILLE,49.136593,2.507755
60350_PIERREFONDS -,60350,PIERREFONDS -,49.343878,2.972556
60128_PLAILLY -,60128,PLAILLY -,49.106982,2.583715
60300_COURTEUIL,60300,COURTEUIL,49.199872,2.546451
60240_CHAUMONT-EN-VEXIN -,60240,CHAUMONT-EN-VEXIN -,49.26818,1.8772
60600_AGNETZ,60600,AGNETZ,49.39195,2.375554
60170_CARLEPONT -,60170,CARLEPONT -,49.516794,3.022042
60800_CREPY-EN-VALOIS -,60800,CREPY-EN-VALOIS -,49.234294,2.893527
60290_NEUILLY-SOUS-CLERMONT,60290,NEUILLY-SOUS-CLERMONT,49.349325,2.414609
60600_FITZ-JAMES,60600,FITZ-JAMES,49.391638,2.42377
60120_ANSAUVILLERS -,60120,ANSAUVILLERS -,49.563956,2.386985
60210_HAUTBOS,60210,HAUTBOS,49.629763,1.872472
60430_SAINT-SULPICE,60430,SAINT-SULPICE,49.352049,2.121202
60420_TRICOT -,60420,TRICOT -,49.560899,2.590465
60950_VER-SUR-LAUNETTE,60950,VER-SUR-LAUNETTE,49.107746,2.68072
60480_LE QUESNEL-AUBRY -,60480,LE QUESNEL-AUBRY -,49.509123,2.309017
60540_ANSERVILLE,60540,ANSERVILLE,49.199752,2.208743
60820_BORAN-SUR-OISE,60820,BORAN-SUR-OISE,49.161365,2.357826
60310_CANNY-SUR-MATZ,60310,CANNY-SUR-MATZ,49.602124,2.79893
60200_BIENVILLE,60200,BIENVILLE,49.450869,2.829471
60480_LACHAUSSEE-DU-BOIS-D'ECU,60480,LACHAUSSEE-DU-BOIS-D'ECU,49.560191,2.173768
60250_MOUY,60250,MOUY,,
60400_NOYON -,60400,NOYON -,49.584458,3.003812
60930_BAILLEUL-SUR-THERAIN,60930,BAILLEUL-SUR-THERAIN,49.385767,2.22864
60120_BONNEUIL-LES-EAUX,60120,BONNEUIL-LES-EAUX,49.675611,2.248528
60190_GRANDVILLERS-AUX-BOIS,60190,GRANDVILLERS-AUX-BOIS,49.45853,2.608196
60420_SAINS-MORAINVILLERS,60420,SAINS-MORAINVILLERS,49.579619,2.458893
60600_NOINTEL,60600,NOINTEL,49.379706,2.418266
60480_NOYERS-SAINT-MARTIN,60480,NOYERS-SAINT-MARTIN,49.554459,2.263335
60130_WAVIGNIES,60130,WAVIGNIES,49.545697,2.360508
60400_BEAURAINS-LES-NOYON,60400,BEAURAINS-LES-NOYON,49.608677,2.972995
60240_FRESNEAUX-MONTCHEVREUIL,60240,FRESNEAUX-MONTCHEVREUIL,49.28867,1.99878
60680_GRANDFRESNOY,60680,GRANDFRESNOY,49.371734,2.652919
60400_GRANDRU,60400,GRANDRU,49.60474,3.088158
60113_MONCHY-HUMIERES,60113,MONCHY-HUMIERES,49.469987,2.751544
60550_VERNEUIL-EN-HALATTE,60550,VERNEUIL-EN-HALATTE,49.279703,2.521525
60600_AIRION,60600,AIRION,49.415967,2.419913
60500_VINEUIL-SAINT-FIRMIN,60500,VINEUIL-SAINT-FIRMIN,49.200978,2.499546
60000_AUX MARAIS,60000,AUX MARAIS,49.412808,2.041409
60410_SAINT-VAAST-DE-LONGMONT,60410,SAINT-VAAST-DE-LONGMONT,49.306263,2.74238
61260_LE THEIL VAL-AU-PERCHE,61260,LE THEIL VAL-AU-PERCHE,48.288255,0.703077
61000_ALENCON,61000,ALENCON,48.429633,0.092012
61230_GACE,61230,GACE,48.789144,0.307868
61150_ECOUCHE,61150,ECOUCHE,48.720957,-0.127705
61140_BAGNOLES-DE-L'ORNE,61140,BAGNOLES-DE-L'ORNE,48.566399,-0.415932
61110_BRETONCELLES,61110,BRETONCELLES,48.435089,0.900399
61800_TINCHEBRAY,61800,TINCHEBRAY,48.727762,-0.72622
61110_BOISSY-MAUGIS,61110,BOISSY-MAUGIS,48.45305,0.707169
61300_L'AIGLE,61300,L'AIGLE,48.760561,0.613716
61260_CETON,61260,CETON,48.221557,0.759002
61100_MONTILLY-SUR-NOIREAU,61100,MONTILLY-SUR-NOIREAU,48.812465,-0.572598
61700_CHAMPSECRET,61700,CHAMPSECRET,48.615444,-0.555649
61160_MONTABARD,61160,MONTABARD,48.810201,-0.07771
61430_ATHIS-DE-L'ORNE,61430,ATHIS-DE-L'ORNE,48.794774,-0.458812
61100_LA CARNEILLE,61100,LA CARNEILLE,48.77792,-0.445426
61110_CONDE-SUR-HUISNE,61110,CONDE-SUR-HUISNE,48.387323,0.866411
61350_SAINT-FRAIMBAULT,61350,SAINT-FRAIMBAULT,48.499245,-0.718385
61500_SEES,61500,SEES,48.605531,0.166549
61290_BIZOU,61290,BIZOU,48.500707,0.74766
61290_LONGNY-AU-PERCHE -,61290,LONGNY-AU-PERCHE -,48.529754,0.75198
61700_DOMFRONT,61700,DOMFRONT,48.580927,-0.655306
61600_LA FERTE-MACE,61600,LA FERTE-MACE,48.570091,-0.36181
61100_FLERS,61100,FLERS,48.737426,-0.563453
61210_PUTANGES-PONT-ECREPIN,61210,PUTANGES-PONT-ECREPIN,48.769086,-0.250238
61130_BELLEME,61130,BELLEME,48.370718,0.562701
61300_SAINT-OUEN-SUR-ITON,61300,SAINT-OUEN-SUR-ITON,48.734495,0.665908
61190_TOUROUVRE -,61190,TOUROUVRE -,48.602342,0.646069
61110_BRETONCELLES -,61110,BRETONCELLES -,48.435089,0.900399
61220_BRIOUZE -,61220,BRIOUZE -,48.710496,-0.390195
61380_MOULINS-LA-MARCHE,61380,MOULINS-LA-MARCHE,48.64778,0.479025
61570_SAINT-CHRISTOPHE-LE-JAJOLET,61570,SAINT-CHRISTOPHE-LE-JAJOLET,48.664892,0.009249
61120_VIMOUTIERS -,61120,VIMOUTIERS -,48.92603,0.20244
61290_SAINT-VICTOR-DE-RENO,61290,SAINT-VICTOR-DE-RENO,48.501513,0.698044
61290_LONGNY-AU-PERCHE,61290,LONGNY-AU-PERCHE,48.529754,0.75198
61150_RANES -,61150,RANES -,48.648277,-0.223162
61130_SAINT-CYR-LA-ROSIERE,61130,SAINT-CYR-LA-ROSIERE,48.320696,0.638217
61560_BAZOCHES-SUR-HOENE,61560,BAZOCHES-SUR-HOENE,48.549719,0.470904
61400_LE PIN-LA-GARENNE -,61400,LE PIN-LA-GARENNE -,48.441892,0.54744
61190_TOUROUVRE,61190,TOUROUVRE,48.602342,0.646069
61370_ECHAUFFOUR,61370,ECHAUFFOUR,48.735475,0.391726
61600_LE GRAIS,61600,LE GRAIS,48.637989,-0.32694
61600_LA FERTE-MACE -,61600,LA FERTE-MACE -,48.570091,-0.36181
61270_LE MENIL-BERARD,61270,LE MENIL-BERARD,48.707964,0.509671
61270_RAI,61270,RAI,48.752202,0.568391
61170_SAINTE-SCOLASSE-SUR-SARTHE,61170,SAINTE-SCOLASSE-SUR-SARTHE,48.580812,0.385531
61700_LONLAY-L'ABBAYE,61700,LONLAY-L'ABBAYE,48.655299,-0.705446
61400_LE PIN-LA-GARENNE,61400,LE PIN-LA-GARENNE,48.441892,0.54744
61360_LA PERRIERE,61360,LA PERRIERE,48.389322,0.439813
61600_LA SAUVAGERE,61600,LA SAUVAGERE,48.617002,-0.439241
61000_SAINT-GERMAIN-DU-CORBEIS,61000,SAINT-GERMAIN-DU-CORBEIS,48.417428,0.058762
61000_ALENCON -,61000,ALENCON -,48.429633,0.092012
61570_MORTREE,61570,MORTREE,48.62222,0.076127
61120_LE RENOUARD,61120,LE RENOUARD,48.909957,0.102607
61110_REMALARD,61110,REMALARD,48.437346,0.761443
61400_SAINT-LANGIS-LES-MORTAGNE,61400,SAINT-LANGIS-LES-MORTAGNE,48.511612,0.534585
61400_COURGEON,61400,COURGEON,48.479037,0.61757
61470_LE SAP,61470,LE SAP,48.898592,0.351034
61170_LE MELE-SUR-SARTHE,61170,LE MELE-SUR-SARTHE,48.512108,0.352959
61130_SERIGNY,61130,SERIGNY,48.36958,0.573367
61380_SOLIGNY-LA-TRAPPE,61380,SOLIGNY-LA-TRAPPE,48.617749,0.54186
61310_LE PIN-AU-HARAS,61310,LE PIN-AU-HARAS,48.744496,0.135182
61100_SAINT-GEORGES-DES-GROSEILLERS,61100,SAINT-GEORGES-DES-GROSEILLERS,48.769534,-0.566801
61400_MORTAGNE-AU-PERCHE,61400,MORTAGNE-AU-PERCHE,48.522115,0.557216
61390_COURTOMER,61390,COURTOMER,48.627297,0.349865
61400_MORTAGNE-AU-PERCHE -,61400,MORTAGNE-AU-PERCHE -,48.522115,0.557216
61260_CETON -,61260,CETON -,48.221557,0.759002
61100_MONTILLY-SUR-NOIREAU -,61100,MONTILLY-SUR-NOIREAU -,48.812465,-0.572598
61290_MALETABLE,61290,MALETABLE,48.560743,0.698945
61250_SAINT-CENERI-LE-GEREI,61250,SAINT-CENERI-LE-GEREI,48.386112,-0.041265
61190_BEAULIEU,61190,BEAULIEU,48.683248,0.72793
61190_LA POTERIE-AU-PERCHE,61190,LA POTERIE-AU-PERCHE,48.602342,0.646069
61320_CARROUGES -,61320,CARROUGES -,48.567549,-0.159689
62000_ARRAS,62000,ARRAS,50.287896,2.768267
62370_AUDRUICQ,62370,AUDRUICQ,50.884115,2.083412
62400_BETHUNE,62400,BETHUNE,50.528207,2.646031
62200_BOULOGNE-SUR-MER,62200,BOULOGNE-SUR-MER,50.726334,1.607492
62780_CUCQ,62780,CUCQ,50.490321,1.609766
62800_LIEVIN,62800,LIEVIN,50.424192,2.769683
62152_NEUFCHATEL-HARDELOT,62152,NEUFCHATEL-HARDELOT,50.627944,1.61477
62215_OYE-PLAGE,62215,OYE-PLAGE,50.983864,2.038785
62179_WISSANT,62179,WISSANT,50.886892,1.670324
62510_ARQUES,62510,ARQUES,50.734524,2.305321
62210_AVION,62210,AVION,50.408007,2.829131
62575_BLENDECQUES,62575,BLENDECQUES,50.718194,2.279608
62700_BRUAY-LA-BUISSIERE,62700,BRUAY-LA-BUISSIERE,50.485715,2.555019
62380_CLETY,62380,CLETY,50.65243,2.182759
62880_ESTEVELLES,62880,ESTEVELLES,50.475559,2.906057
62140_HESDIN,62140,HESDIN,50.373009,2.032024
62330_ISBERGUES,62330,ISBERGUES,50.615551,2.451655
62350_MONT-BERNANCHON,62350,MONT-BERNANCHON,50.586862,2.599566
62217_NEUVILLE-VITASSE,62217,NEUVILLE-VITASSE,50.246717,2.8187
62950_NOYELLES-GODAULT,62950,NOYELLES-GODAULT,50.421676,2.990806
62230_OUTREAU,62230,OUTREAU,50.700487,1.590091
62280_SAINT-MARTIN-BOULOGNE,62280,SAINT-MARTIN-BOULOGNE,50.722704,1.643003
62129_THEROUANNE,62129,THEROUANNE,50.635016,2.258836
62217_TILLOY-LES-MOFFLAINES,62217,TILLOY-LES-MOFFLAINES,50.279859,2.815306
62380_VAUDRINGHEM,62380,VAUDRINGHEM,50.657033,2.023634
62820_LIBERCOURT,62820,LIBERCOURT,50.482953,3.007382
62810_AVESNES-LE-COMTE,62810,AVESNES-LE-COMTE,50.277388,2.528371
62400_BETHUNE -,62400,BETHUNE -,50.528207,2.646031
62650_CAMPAGNE-LES-BOULONNAIS,62650,CAMPAGNE-LES-BOULONNAIS,50.614986,2.002047
62170_ECUIRES,62170,ECUIRES,50.449813,1.759259
62224_EQUIHEN-PLAGE,62224,EQUIHEN-PLAGE,50.67665,1.574231
62630_ETAPLES -,62630,ETAPLES -,50.519262,1.653178
62600_GROFFLIERS,62600,GROFFLIERS,50.382847,1.611259
62110_HENIN-BEAUMONT,62110,HENIN-BEAUMONT,50.420666,2.951562
62650_HUCQUELIERS,62650,HUCQUELIERS,50.56877,1.908046
62290_NOEUX-LES-MINES,62290,NOEUX-LES-MINES,50.475274,2.667523
62480_LE PORTEL,62480,LE PORTEL,50.712174,1.57873
62113_VERQUIGNEUL,62113,VERQUIGNEUL,50.502083,2.659891
62930_WIMEREUX,62930,WIMEREUX,50.766371,1.613177
62138_AUCHY-LES-MINES,62138,AUCHY-LES-MINES,50.511551,2.784553
62390_AUXI-LE-CHATEAU,62390,AUXI-LE-CHATEAU,50.232952,2.111019
62580_BAILLEUL-SIR-BERTHOULT,62580,BAILLEUL-SIR-BERTHOULT,50.339394,2.848613
62650_BOURTHES,62650,BOURTHES,50.615136,1.93086
62100_CALAIS -,62100,CALAIS -,50.951564,1.866112
62220_CARVIN,62220,CARVIN,50.488104,2.950265
62119_DOURGES,62119,DOURGES,50.434738,2.985156
62580_GIVENCHY-EN-GOHELLE,62580,GIVENCHY-EN-GOHELLE,50.394499,2.775847
62190_LILLERS,62190,LILLERS,50.565423,2.483877
62218_LOISON-SOUS-LENS,62218,LOISON-SOUS-LENS,50.446163,2.859778
62380_LUMBRES,62380,LUMBRES,50.706707,2.11448
62990_MARESQUEL-ECQUEMICOURT,62990,MARESQUEL-ECQUEMICOURT,50.406019,1.937182
62111_MONCHY-AU-BOIS,62111,MONCHY-AU-BOIS,50.181352,2.656739
62170_MONTREUIL- SUR-MER,62170,MONTREUIL- SUR-MER,50.464284,1.764471
62136_RICHEBOURG,62136,RICHEBOURG,50.584992,2.748645
62136_RICHEBOURG -,62136,RICHEBOURG -,50.584992,2.748645
62240_QUESQUES,62240,QUESQUES,50.7023,1.939335
62720_RINXENT,62720,RINXENT,50.80727,1.742494
62520_LE TOUQUET-PARIS-PLAGE -,62520,LE TOUQUET-PARIS-PLAGE -,50.512202,1.603514
62800_LIEVIN -,62800,LIEVIN -,50.424192,2.769683
62219_LONGUENESSE -,62219,LONGUENESSE -,50.736072,2.253257
62164_AUDRESSELLES,62164,AUDRESSELLES,50.823848,1.59484
62137_COULOGNE -,62137,COULOGNE -,50.913785,1.884798
62850_LICQUES -,62850,LICQUES -,50.792694,1.947904
62100_CALAIS,62100,CALAIS,50.951564,1.866112
62000_ARRAS -,62000,ARRAS -,50.287896,2.768267
62960_FLECHIN,62960,FLECHIN,50.562596,2.288964
62520_LE TOUQUET-PARIS-PLAGE,62520,LE TOUQUET-PARIS-PLAGE,50.512202,1.603514
62190_AMES,62190,AMES,50.537897,2.419494
62123_BERLES-AU-BOIS,62123,BERLES-AU-BOIS,50.197929,2.629669
62170_BRIMEUX,62170,BRIMEUX,50.441835,1.839108
62116_BUCQUOY,62116,BUCQUOY,50.143035,2.696717
62690_CAMBLAIN-L'ABBE,62690,CAMBLAIN-L'ABBE,50.373744,2.635447
62970_COURCELLES-LES-LENS -,62970,COURCELLES-LES-LENS -,50.416562,3.01529
62570_HELFAUT,62570,HELFAUT,50.693954,2.247822
62690_IZEL-LES-HAMEAU,62690,IZEL-LES-HAMEAU,50.314656,2.535872
62730_MARCK -,62730,MARCK -,50.94992,1.944342
62500_SAINT-OMER,62500,SAINT-OMER,50.763422,2.275524
62162_SAINT-OMER-CAPELLE,62162,SAINT-OMER-CAPELLE,50.952948,2.094032
62120_AIRE-SUR-LA-LYS,62120,AIRE-SUR-LA-LYS,50.643784,2.403358
62118_BIACHE-SAINT-VAAST,62118,BIACHE-SAINT-VAAST,50.312514,2.941489
62137_COULOGNE,62137,COULOGNE,50.913785,1.884798
62370_GUEMPS,62370,GUEMPS,50.919428,2.000263
62500_TILQUES,62500,TILQUES,50.77954,2.212628
62180_VERTON,62180,VERTON,50.40313,1.656559
62600_BERCK,62600,BERCK,50.411178,1.58198
62200_BOULOGNE-SUR-MER -,62200,BOULOGNE-SUR-MER -,50.726334,1.607492
62121_ACHIET-LE-PETIT -,62121,ACHIET-LE-PETIT -,50.122411,2.753325
62260_AUCHEL,62260,AUCHEL,50.509575,2.465347
62380_BLEQUIN,62380,BLEQUIN,50.661352,1.981741
62138_DOUVRIN,62138,DOUVRIN,50.514004,2.824373
62450_GREVILLERS,62450,GREVILLERS,50.104625,2.81161
62150_HOUDAIN,62150,HOUDAIN,50.457708,2.539445
62190_LIERES,62190,LIERES,50.552722,2.413253
62880_PONT-A-VENDIN,62880,PONT-A-VENDIN,50.477657,2.886971
62123_WANQUETIN,62123,WANQUETIN,50.27591,2.617623
62164_AMBLETEUSE,62164,AMBLETEUSE,50.811429,1.615558
62380_BLEQUIN -,62380,BLEQUIN -,50.661352,1.981741
62127_PENIN,62127,PENIN,50.327961,2.490097
62370_POLINCOVE -,62370,POLINCOVE -,50.862589,2.10925
62370_SAINT-FOLQUIN -,62370,SAINT-FOLQUIN -,50.936319,2.129633
62223_SAINT-NICOLAS -,62223,SAINT-NICOLAS -,50.304769,2.782118
62690_VILLERS-BRULIN,62690,VILLERS-BRULIN,50.368141,2.531271
62250_WACQUINGHEN -,62250,WACQUINGHEN -,50.781339,1.666793
62500_ZUDAUSQUES -,62500,ZUDAUSQUES -,50.751567,2.150668
62232_ANNEZIN -,62232,ANNEZIN -,50.542989,2.619984
62690_AUBIGNY-EN-ARTOIS,62690,AUBIGNY-EN-ARTOIS,50.349515,2.588902
62620_BARLIN,62620,BARLIN,50.454083,2.610205
62176_CAMIERS,62176,CAMIERS,50.570685,1.603791
62470_CALONNE-RICOUART,62470,CALONNE-RICOUART,50.489278,2.487906
62360_CONDETTE,62360,CONDETTE,50.656629,1.634292
62231_COQUELLES,62231,COQUELLES,50.926111,1.834056
62380_COULOMBY,62380,COULOMBY,50.714106,1.99867
62240_DESVRES,62240,DESVRES,50.66699,1.83556
62630_FRENCQ,62630,FRENCQ,50.560488,1.697205
62340_GUINES,62340,GUINES,50.875394,1.871529
62850_LICQUES,62850,LICQUES,50.792694,1.947904
62120_MAMETZ,62120,MAMETZ,50.634354,2.314957
62730_MARCK,62730,MARCK,50.94992,1.944342
62140_MARCONNE,62140,MARCONNE,50.37452,2.014401
62155_MERLIMONT,62155,MERLIMONT,50.454686,1.603765
62640_MONTIGNY-EN-GOHELLE,62640,MONTIGNY-EN-GOHELLE,50.426544,2.930776
62180_RANG-DU-FLIERS,62180,RANG-DU-FLIERS,50.421582,1.630556
62360_SAINT-ETIENNE-AU-MONT,62360,SAINT-ETIENNE-AU-MONT,50.670065,1.610249
62360_SAINT-LEONARD,62360,SAINT-LEONARD,50.694287,1.620322
62830_SAMER,62830,SAMER,50.635311,1.756388
62560_THIEMBRONNE,62560,THIEMBRONNE,50.623227,2.057384
62370_ZUTKERQUE,62370,ZUTKERQUE,50.847749,2.069487
62360_LA CAPELLE-LES-BOULOGNE,62360,LA CAPELLE-LES-BOULOGNE,50.72821,1.702803
62232_ANNEZIN,62232,ANNEZIN,50.542989,2.619984
62610_ARDRES,62610,ARDRES,50.878729,1.981228
62910_HOULLE,62910,HOULLE,50.799068,2.179214
62410_HULLUCH,62410,HULLUCH,50.486955,2.814514
62550_AUMERVAL,62550,AUMERVAL,50.506969,2.402663
62810_BEAUDRICOURT -,62810,BEAUDRICOURT -,50.25159,2.405755
62158_BAVINCOURT,62158,BAVINCOURT,50.214114,2.562294
62138_BILLY-BERCLAU -,62138,BILLY-BERCLAU -,50.519962,2.866475
62575_BLENDECQUES -,62575,BLENDECQUES -,50.718194,2.279608
62320_BOIS-BERNARD -,62320,BOIS-BERNARD -,50.381256,2.909413
62172_BOUVIGNY-BOYEFFLES,62172,BOUVIGNY-BOYEFFLES,50.427662,2.674491
62128_BULLECOURT,62128,BULLECOURT,50.190683,2.927273
62130_BUNEVILLE -,62130,BUNEVILLE -,50.325155,2.358406
62176_CAMIERS -,62176,CAMIERS -,50.570685,1.603791
62121_COURCELLES-LE-COMTE -,62121,COURCELLES-LE-COMTE -,50.164318,2.779464
62187_DANNES,62187,DANNES,50.588786,1.615814
62128_ECOUST-SAINT-MEIN,62128,ECOUST-SAINT-MEIN,50.182682,2.910952
62300_ELEU-DIT-LEAUWETTE -,62300,ELEU-DIT-LEAUWETTE -,50.418882,2.811566
62145_ESTREE-BLANCHE,62145,ESTREE-BLANCHE,50.590363,2.323802
62630_ETAPLES,62630,ETAPLES,50.519262,1.653178
62250_FERQUES -,62250,FERQUES -,50.828672,1.762951
62250_FERQUES,62250,FERQUES,50.828672,1.762951
62223_FEUCHY -,62223,FEUCHY -,50.291358,2.846564
62270_FREVENT,62270,FREVENT,50.274454,2.287814
62940_HAILLICOURT -,62940,HAILLICOURT -,50.473713,2.573397
62910_HOULLE -,62910,HOULLE -,50.799068,2.179214
62360_ISQUES,62360,ISQUES,50.678421,1.650544
62960_LAIRES,62960,LAIRES,50.541507,2.254682
62122_LAPUGNOY -,62122,LAPUGNOY -,50.51252,2.539212
62270_LIGNY-SUR-CANCHE,62270,LIGNY-SUR-CANCHE,50.28324,2.25971
62270_LINZEUX,62270,LINZEUX,50.342403,2.201793
62540_MARLES-LES-MINES,62540,MARLES-LES-MINES,50.504306,2.505224
62250_MARQUISE,62250,MARQUISE,50.808855,1.708814
62680_MERICOURT,62680,MERICOURT,50.405452,2.86982
62152_NESLES,62152,NESLES,50.627207,1.655314
62290_NOEUX-LES-MINES -,62290,NOEUX-LES-MINES -,50.475274,2.667523
62221_NOYELLES-SOUS-LENS -,62221,NOYELLES-SOUS-LENS -,50.428991,2.87857
62980_NOYELLES-LES-VERMELLES -,62980,NOYELLES-LES-VERMELLES -,50.490019,2.727661
62550_PERNES,62550,PERNES,50.485598,2.411721
62490_QUIERY-LA-MOTTE,62490,QUIERY-LA-MOTTE,50.366221,2.976223
62120_RACQUINGHEM,62120,RACQUINGHEM,50.697418,2.355539
62320_ROUVROY,62320,ROUVROY,50.398005,2.904972
62370_RUMINGHEM,62370,RUMINGHEM,50.857351,2.161728
62113_SAILLY-LABOURSE,62113,SAILLY-LABOURSE,50.504597,2.70193
62370_SAINT-FOLQUIN,62370,SAINT-FOLQUIN,50.936319,2.129633
62370_SAINTE-MARIE-KERQUE,62370,SAINTE-MARIE-KERQUE,50.898849,2.140409
62430_SALLAUMINES,62430,SALLAUMINES,50.419861,2.862986
62390_BEAUVOIR-WAVANS,62390,BEAUVOIR-WAVANS,50.21541,2.167683
62880_VENDIN-LE-VIEIL,62880,VENDIN-LE-VIEIL,50.467754,2.859528
62880_VENDIN-LE-VIEIL -,62880,VENDIN-LE-VIEIL -,50.467754,2.859528
62770_VIEIL-HESDIN,62770,VIEIL-HESDIN,50.361969,2.10373
62162_VIEILLE-EGLISE,62162,VIEILLE-EGLISE,50.935704,2.07509
62380_ACQUIN-WESTBECOURT,62380,ACQUIN-WESTBECOURT,50.738402,2.082622
62170_AIX-EN-ISSART,62170,AIX-EN-ISSART,50.475374,1.86027
62450_FREMICOURT,62450,FREMICOURT,50.110986,2.901925
62122_LABEUVRIERE,62122,LABEUVRIERE,50.523661,2.561625
62530_HERSIN-COUPIGNY,62530,HERSIN-COUPIGNY,50.446791,2.64289
62127_MAGNICOURT-EN-COMTE,62127,MAGNICOURT-EN-COMTE,50.406161,2.485979
62410_MEURCHIN,62410,MEURCHIN,50.495083,2.895954
62221_NOYELLES-SOUS-LENS,62221,NOYELLES-SOUS-LENS,50.428991,2.87857
62118_PLOUVAIN,62118,PLOUVAIN,50.306848,2.926375
62140_BOUIN-PLUMOISON,62140,BOUIN-PLUMOISON,50.382131,1.989458
62380_SENINGHEM,62380,SENINGHEM,50.702475,2.034315
62810_WARLUZEL,62810,WARLUZEL,50.226854,2.468792
62610_AUTINGUES,62610,AUTINGUES,50.842986,1.984318
62340_BOUQUEHAULT,62340,BOUQUEHAULT,50.825438,1.90949
62250_LANDRETHUN-LE-NORD,62250,LANDRETHUN-LE-NORD,50.842617,1.778663
62136_LESTREM,62136,LESTREM,50.612515,2.678481
62760_PAS-EN-ARTOIS,62760,PAS-EN-ARTOIS,50.156066,2.49129
62890_TOURNEHEM-SUR-LA-HEM,62890,TOURNEHEM-SUR-LA-HEM,50.801651,2.046404
62550_BAILLEUL-LES-PERNES,62550,BAILLEUL-LES-PERNES,50.511555,2.383724
62164_AMBLETEUSE -,62164,AMBLETEUSE -,50.811429,1.615558
62158_SAULTY,62158,SAULTY,50.209106,2.52884
62870_DOURIEZ,62870,DOURIEZ,50.337772,1.870614
62360_BAINCTHUN,62360,BAINCTHUN,50.706515,1.691679
62164_AUDRESSELLES -,62164,AUDRESSELLES -,50.823848,1.59484
62151_BURBURE -,62151,BURBURE -,50.532773,2.465848
62151_BURBURE,62151,BURBURE,50.532773,2.465848
62560_FAUQUEMBERGUES,62560,FAUQUEMBERGUES,50.59677,2.09287
62360_ISQUES -,62360,ISQUES -,50.678421,1.650544
62960_LIGNY-LES-AIRE -,62960,LIGNY-LES-AIRE -,50.564482,2.343877
62134_PREDEFIN,62134,PREDEFIN,50.50239,2.255268
62380_QUERCAMPS -,62380,QUERCAMPS -,50.751347,2.047752
62630_TUBERSENT,62630,TUBERSENT,50.51777,1.701244
62410_WINGLES -,62410,WINGLES -,50.494664,2.85678
62179_WISSANT -,62179,WISSANT -,50.886892,1.670324
62400_LOCON,62400,LOCON,50.570072,2.669278
62580_ARLEUX-EN-GOHELLE,62580,ARLEUX-EN-GOHELLE,50.362012,2.869599
62770_BLANGY-SUR-TERNOISE,62770,BLANGY-SUR-TERNOISE,50.422115,2.170337
62760_MONDICOURT,62760,MONDICOURT,50.174173,2.462028
62480_LE PORTEL -,62480,LE PORTEL -,50.712174,1.57873
62179_AUDINGHEN,62179,AUDINGHEN,50.853579,1.610889
62690_CAMBLIGNEUL,62690,CAMBLIGNEUL,50.379682,2.616874
62710_COURRIERES,62710,COURRIERES,50.454139,2.943183
62400_ESSARS,62400,ESSARS,50.546862,2.66099
62760_FAMECHON,62760,FAMECHON,50.140203,2.464517
62840_FLEURBAIX,62840,FLEURBAIX,50.641433,2.831747
62232_FOUQUIERES-LES-BETHUNE,62232,FOUQUIERES-LES-BETHUNE,50.515287,2.616252
62123_HABARCQ,62123,HABARCQ,50.306439,2.61239
62790_LEFOREST,62790,LEFOREST,50.436538,3.061625
62610_LOUCHES,62610,LOUCHES,50.830637,2.0033
62490_SAILLY-EN-OSTREVENT,62490,SAILLY-EN-OSTREVENT,50.288127,2.994589
62123_BERNEVILLE,62123,BERNEVILLE,50.265803,2.672781
62128_BOYELLES -,62128,BOYELLES -,50.199684,2.816693
62440_HARNES,62440,HARNES,50.452605,2.903981
62670_MAZINGARBE,62670,MAZINGARBE,50.468828,2.739898
62217_BEAURAINS,62217,BEAURAINS,50.262892,2.790563
62219_LONGUENESSE,62219,LONGUENESSE,50.736072,2.253257
62580_NEUVILLE-SAINT-VAAST,62580,NEUVILLE-SAINT-VAAST,50.355266,2.757333
62231_SANGATTE,62231,SANGATTE,50.953802,1.788029
62390_AUBROMETZ,62390,AUBROMETZ,50.305013,2.178326
62350_BUSNES,62350,BUSNES,50.587171,2.518595
62170_BEAUMERIE-SAINT-MARTIN,62170,BEAUMERIE-SAINT-MARTIN,50.458059,1.793019
62156_BOIRY-NOTRE-DAME,62156,BOIRY-NOTRE-DAME,50.273607,2.942324
62180_CONCHIL-LE-TEMPLE,62180,CONCHIL-LE-TEMPLE,50.366398,1.666652
62145_ENQUIN-LES-MINES,62145,ENQUIN-LES-MINES,50.595605,2.29518
62127_MONCHY-BRETON,62127,MONCHY-BRETON,50.399698,2.436468
62690_VILLERS-CHATEL,62690,VILLERS-CHATEL,50.376142,2.582758
62570_WIZERNES,62570,WIZERNES,50.710728,2.232719
62000_DAINVILLE,62000,DAINVILLE,50.279681,2.726019
62118_HAMBLAIN-LES-PRES,62118,HAMBLAIN-LES-PRES,50.292887,2.96095
62590_OIGNIES -,62590,OIGNIES -,50.464173,2.99474
62450_BAPAUME -,62450,BAPAUME -,50.101426,2.853188
62700_BRUAY-LA-BUISSIERE -,62700,BRUAY-LA-BUISSIERE -,50.485715,2.555019
62142_COLEMBERT,62142,COLEMBERT,50.742653,1.828887
62149_CUINCHY,62149,CUINCHY,50.520712,2.749209
62860_ECOURT-SAINT-QUENTIN,62860,ECOURT-SAINT-QUENTIN,50.254334,3.06787
62910_EPERLECQUES,62910,EPERLECQUES,50.806376,2.157485
62223_ANZIN-SAINT-AUBIN -,62223,ANZIN-SAINT-AUBIN -,50.313776,2.739235
62160_BULLY-LES-MINES,62160,BULLY-LES-MINES,50.448147,2.721491
62113_LABOURSE,62113,LABOURSE,50.496887,2.67982
62300_LENS -,62300,LENS -,50.437872,2.819642
62270_BOUBERS-SUR-CANCHE,62270,BOUBERS-SUR-CANCHE,50.289783,2.23776
62560_DENNEBROEUCQ -,62560,DENNEBROEUCQ -,50.580156,2.159861
62510_ARQUES -,62510,ARQUES -,50.734524,2.305321
62155_MERLIMONT -,62155,MERLIMONT -,50.454686,1.603765
62223_SAINT-LAURENT-BLANGY -,62223,SAINT-LAURENT-BLANGY -,50.304189,2.809964
62270_FREVENT -,62270,FREVENT -,50.274454,2.287814
62130_SAINT-POL-SUR-TERNOISE,62130,SAINT-POL-SUR-TERNOISE,50.381142,2.336943
62160_BULLY-LES-MINES -,62160,BULLY-LES-MINES -,50.448147,2.721491
62120_AIRE-SUR-LA-LYS -,62120,AIRE-SUR-LA-LYS -,50.643784,2.403358
62300_LENS,62300,LENS,50.437872,2.819642
62120_QUIESTEDE -,62120,QUIESTEDE -,50.679361,2.329546
62840_LAVENTIE,62840,LAVENTIE,50.611517,2.783704
62340_BONNINGUES-LES-CALAIS,62340,BONNINGUES-LES-CALAIS,50.89265,1.772088
62136_LA COUTURE,62136,LA COUTURE,50.578297,2.700782
62138_HAISNES,62138,HAISNES,50.508189,2.800434
62114_SAINS-EN-GOHELLE,62114,SAINS-EN-GOHELLE,50.451801,2.683127
62121_ERVILLERS,62121,ERVILLERS,50.162011,2.822028
62370_OFFEKERQUE,62370,OFFEKERQUE,50.925098,2.026316
62360_CONDETTE -,62360,CONDETTE -,50.656629,1.634292
62860_RUMAUCOURT -,62860,RUMAUCOURT -,50.241272,3.058399
62840_SAILLY-SUR-LA-LYS,62840,SAILLY-SUR-LA-LYS,50.652043,2.790639
62223_ANZIN-SAINT-AUBIN,62223,ANZIN-SAINT-AUBIN,50.313776,2.739235
62910_MORINGHEM,62910,MORINGHEM,50.762528,2.126799
62121_COURCELLES-LE-COMTE,62121,COURCELLES-LE-COMTE,50.164318,2.779464
62830_DOUDEAUVILLE,62830,DOUDEAUVILLE,50.619608,1.828722
62360_HESDIGNEUL-LES-BOULOGNE,62360,HESDIGNEUL-LES-BOULOGNE,50.650374,1.673092
62630_LEFAUX,62630,LEFAUX,50.543995,1.656225
62124_METZ-EN-COUTURE,62124,METZ-EN-COUTURE,50.06685,3.063128
62124_BEUGNY,62124,BEUGNY,50.118769,2.932746
62860_SAUDEMONT,62860,SAUDEMONT,50.244121,3.039655
62490_TORTEQUESNE,62490,TORTEQUESNE,50.28776,3.039644
62130_CROIX-EN-TERNOIS,62130,CROIX-EN-TERNOIS,50.382613,2.279108
62126_WIMILLE,62126,WIMILLE,50.758617,1.637614
62870_MAINTENAY,62870,MAINTENAY,50.370854,1.816385
62630_HUBERSENT,62630,HUBERSENT,50.581722,1.73083
62490_FRESNES-LES-MONTAUBAN,62490,FRESNES-LES-MONTAUBAN,50.334721,2.931344
62990_LEBIEZ,62990,LEBIEZ,50.46551,1.982507
62380_ELNES,62380,ELNES,50.688111,2.126973
62760_HENU,62760,HENU,50.154264,2.524785
62560_SAINT-MARTIN-D'HARDINGHEM,62560,SAINT-MARTIN-D'HARDINGHEM,50.610547,2.103223
62223_SAINT-NICOLAS,62223,SAINT-NICOLAS,50.304769,2.782118
62159_VAULX-VRAUCOURT,62159,VAULX-VRAUCOURT,50.148237,2.904403
62140_HUBY-SAINT-LEU,62140,HUBY-SAINT-LEU,50.383159,2.041228
62116_PUISIEUX,62116,PUISIEUX,50.115041,2.690325
62720_RETY,62720,RETY,50.793322,1.781247
62140_RAYE-SUR-AUTHIE,62140,RAYE-SUR-AUTHIE,50.299605,1.953417
62960_LIGNY-LES-AIRE,62960,LIGNY-LES-AIRE,50.564482,2.343877
62390_WILLENCOURT,62390,WILLENCOURT,50.24125,2.086698
62160_GRENAY,62160,GRENAY,50.449842,2.743708
62173_RIVIERE,62173,RIVIERE,50.234953,2.695074
62170_SAINT-AUBIN,62170,SAINT-AUBIN,50.45998,1.66467
62580_VIMY,62580,VIMY,50.375054,2.822448
62232_VENDIN-LES-BETHUNE,62232,VENDIN-LES-BETHUNE,50.546183,2.60726
62950_NOYELLES-GODAULT -,62950,NOYELLES-GODAULT -,50.421676,2.990806
63600_AMBERT,63600,AMBERT,45.549591,3.745486
63170_AUBIERE,63170,AUBIERE,45.752526,3.125786
63110_BEAUMONT,63110,BEAUMONT,45.751398,3.08607
63440_BLOT-L'EGLISE,63440,BLOT-L'EGLISE,46.032766,2.956467
63800_COURNON-D'AUVERGNE,63800,COURNON-D'AUVERGNE,45.739285,3.18543
63450_COURNOLS,63450,COURNOLS,45.645835,3.030453
63320_MONTAIGUT-LE-BLANC,63320,MONTAIGUT-LE-BLANC,45.579805,3.08278
63850_EGLISENEUVE-D'ENTRAIGUES,63850,EGLISENEUVE-D'ENTRAIGUES,45.411151,2.815278
63200_MOZAC,63200,MOZAC,45.890609,3.085755
63920_PESCHADOIRES,63920,PESCHADOIRES,45.826815,3.482736
63380_PONTAUMUR,63380,PONTAUMUR,45.865695,2.677954
63430_PONT-DU-CHATEAU,63430,PONT-DU-CHATEAU,45.797567,3.24335
63200_RIOM,63200,RIOM,45.891454,3.13187
63300_THIERS,63300,THIERS,45.864809,3.540017
63400_CHAMALIERES,63400,CHAMALIERES,45.774269,3.060492
63120_COURPIERE,63120,COURPIERE,45.761146,3.542673
63690_TAUVES,63690,TAUVES,45.562051,2.629118
63590_AUZELLES,63590,AUZELLES,45.60776,3.519937
63460_BEAUREGARD-VENDON,63460,BEAUREGARD-VENDON,45.9625,3.10659
63320_CHAMPEIX,63320,CHAMPEIX,45.587272,3.123286
63100_CLERMONT-FERRAND -,63100,CLERMONT-FERRAND -,45.786671,3.107055
63130_ROYAT,63130,ROYAT,45.758891,3.045271
63530_VOLVIC,63530,VOLVIC,45.863245,3.023059
63150_LA BOURBOULE,63150,LA BOURBOULE,45.581241,2.745899
63670_LE CENDRE,63670,LE CENDRE,45.720546,3.188048
63670_LE CENDRE -,63670,LE CENDRE -,45.720546,3.188048
63350_LUZILLAT,63350,LUZILLAT,45.961676,3.379202
63500_ISSOIRE,63500,ISSOIRE,45.542007,3.24313
63880_OLMET -,63880,OLMET -,45.708992,3.660533
63410_LOUBEYRAT,63410,LOUBEYRAT,45.942931,3.003297
63100_CLERMONT-FERRAND,63100,CLERMONT-FERRAND,45.786671,3.107055
63140_CHATEL-GUYON,63140,CHATEL-GUYON,45.921997,3.060949
63610_BESSE-ET-SAINT-ANASTAISE,63610,BESSE-ET-SAINT-ANASTAISE,45.504661,2.920871
63160_BILLOM,63160,BILLOM,45.727269,3.331093
63390_SAINT-GERVAIS-D'AUVERGNE,63390,SAINT-GERVAIS-D'AUVERGNE,46.022952,2.829003
63190_MOISSAT,63190,MOISSAT,45.778001,3.350507
63440_SAINT-HILAIRE-LA-CROIX,63440,SAINT-HILAIRE-LA-CROIX,46.036742,3.037424
63270_ISSERTEAUX,63270,ISSERTEAUX,45.651663,3.376652
63230_PONTGIBAUD,63230,PONTGIBAUD,45.832221,2.85311
63122_SAINT-GENES-CHAMPANELLE,63122,SAINT-GENES-CHAMPANELLE,45.720307,3.005606
63500_LE BROC,63500,LE BROC,45.503734,3.248333
63230_BROMONT-LAMOTHE,63230,BROMONT-LAMOTHE,45.835267,2.809247
63200_YSSAC-LA-TOURETTE,63200,YSSAC-LA-TOURETTE,45.933843,3.093875
63150_LA BOURBOULE -,63150,LA BOURBOULE -,45.581241,2.745899
63620_GIAT,63620,GIAT,45.802179,2.482598
63230_BROMONT-LAMOTHE -,63230,BROMONT-LAMOTHE -,45.835267,2.809247
63320_CHASSAGNE -,63320,CHASSAGNE -,45.495527,3.068285
63590_LA CHAPELLE-AGNON,63590,LA CHAPELLE-AGNON,45.631967,3.634803
63440_SAINT-GAL-SUR-SIOULE -,63440,SAINT-GAL-SUR-SIOULE -,46.109787,2.997024
63600_AMBERT -,63600,AMBERT -,45.549591,3.745486
63490_SAUXILLANGES,63490,SAUXILLANGES,45.557209,3.370015
63340_TERNANT-LES-EAUX,63340,TERNANT-LES-EAUX,45.478945,3.131461
63230_SAINT-OURS,63230,SAINT-OURS,45.84714,2.891948
63390_SAINTE-CHRISTINE,63390,SAINTE-CHRISTINE,46.075398,2.832779
63700_YOUX -,63700,YOUX -,46.143074,2.801608
63850_ESPINCHAL,63850,ESPINCHAL,45.392905,2.881007
63330_PIONSAT,63330,PIONSAT,46.116286,2.683985
63520_SAINT-DIER-D'AUVERGNE,63520,SAINT-DIER-D'AUVERGNE,45.669662,3.482874
63580_SAINT-ETIENNE-SUR-USSON,63580,SAINT-ETIENNE-SUR-USSON,45.509364,3.399317
63220_ARLANC,63220,ARLANC,45.421948,3.723939
63790_CHAMBON-SUR-LAC,63790,CHAMBON-SUR-LAC,45.568924,2.897285
63970_AYDAT -,63970,AYDAT -,45.660852,2.983135
63490_EGLISENEUVE-DES-LIARDS -,63490,EGLISENEUVE-DES-LIARDS -,45.573062,3.416543
63700_MONTAIGUT,63700,MONTAIGUT,46.178999,2.806131
63660_SAINT-ANTHEME,63660,SAINT-ANTHEME,45.54512,3.912138
63710_SAINT-NECTAIRE,63710,SAINT-NECTAIRE,45.59164,2.993801
63600_CHAMPETIERES,63600,CHAMPETIERES,45.514213,3.68311
63230_SAINT-OURS -,63230,SAINT-OURS -,45.84714,2.891948
63330_SAINT-MAURICE-PRES-PIONSAT -,63330,SAINT-MAURICE-PRES-PIONSAT -,46.069758,2.595553
63118_CEBAZAT,63118,CEBAZAT,45.828874,3.103703
63910_VERTAIZON,63910,VERTAIZON,45.776746,3.290774
63960_VEYRE-MONTON,63960,VEYRE-MONTON,45.6769,3.16606
63800_COURNON-D'AUVERGNE -,63800,COURNON-D'AUVERGNE -,45.739285,3.18543
63190_BORT-L'ETANG,63190,BORT-L'ETANG,45.783385,3.440789
63720_ENNEZAT,63720,ENNEZAT,45.896667,3.213291
63720_ENNEZAT -,63720,ENNEZAT -,45.896667,3.213291
63980_FOURNOLS,63980,FOURNOLS,45.518837,3.588895
63670_LA ROCHE-BLANCHE,63670,LA ROCHE-BLANCHE,45.713149,3.13302
63290_CHATELDON -,63290,CHATELDON -,45.973775,3.557924
63200_RIOM -,63200,RIOM -,45.891454,3.13187
63370_LEMPDES,63370,LEMPDES,45.771877,3.193029
63320_NESCHERS,63320,NESCHERS,45.589287,3.157669
63420_ARDES,63420,ARDES,45.400794,3.123854
63250_ARCONSAT,63250,ARCONSAT,45.889447,3.713573
63400_CHAMALIERES -,63400,CHAMALIERES -,45.774269,3.060492
63700_SAINT-ELOY-LES-MINES,63700,SAINT-ELOY-LES-MINES,46.161017,2.843128
63110_BEAUMONT -,63110,BEAUMONT -,45.751398,3.08607
63122_CEYRAT -,63122,CEYRAT -,45.743989,3.063463
63200_MARSAT,63200,MARSAT,45.876502,3.080371
63430_LES MARTRES-D'ARTIERE,63430,LES MARTRES-D'ARTIERE,45.828576,3.253708
63300_THIERS -,63300,THIERS -,45.864809,3.540017
63200_SAINT-BONNET-PRES-RIOM,63200,SAINT-BONNET-PRES-RIOM,45.929581,3.110658
63730_LES MARTRES-DE-VEYRE,63730,LES MARTRES-DE-VEYRE,45.685073,3.196383
63780_SAINT-GEORGES-DE-MONS,63780,SAINT-GEORGES-DE-MONS,45.942616,2.870935
63460_ARTONNE,63460,ARTONNE,46.002393,3.15291
63970_AYDAT,63970,AYDAT,45.660852,2.983135
63490_USSON,63490,USSON,45.52842,3.340524
64170_ARTIX,64170,ARTIX,43.397719,-0.56877
64100_BAYONNE,64100,BAYONNE,43.488544,-1.466564
64100_BAYONNE -,64100,BAYONNE -,43.488544,-1.466564
64140_BILLERE,64140,BILLERE,43.307764,-0.394159
64250_CAMBO-LES-BAINS,64250,CAMBO-LES-BAINS,43.366822,-1.389666
64250_ESPELETTE,64250,ESPELETTE,43.336897,-1.45102
64700_HENDAYE,64700,HENDAYE,43.360838,-1.759629
64190_NAVARRENX,64190,NAVARRENX,43.320733,-0.753326
64600_ANGLET,64600,ANGLET,43.488004,-1.518997
64520_BARDOS,64520,BARDOS,43.458726,-1.231839
64320_BIZANOS,64320,BIZANOS,43.292606,-0.337914
64320_IDRON,64320,IDRON,43.300182,-0.307208
64000_PAU,64000,PAU,43.313503,-0.343106
64220_SAINT-JEAN-PIED-DE-PORT,64220,SAINT-JEAN-PIED-DE-PORT,43.160464,-1.234743
64270_SALIES-DE-BEARN,64270,SALIES-DE-BEARN,43.471177,-0.920134
64310_ASCAIN,64310,ASCAIN,43.348137,-1.635149
64210_BIDART,64210,BIDART,43.437712,-1.575579
64110_JURANCON,64110,JURANCON,43.273065,-0.400834
64400_OLORON-SAINTE-MARIE,64400,OLORON-SAINTE-MARIE,43.17757,-0.611566
64270_PUYOO,64270,PUYOO,43.525932,-0.911938
64500_SAINT-JEAN-DE-LUZ,64500,SAINT-JEAN-DE-LUZ,43.391942,-1.633128
64370_ARTHEZ-DE-BEARN,64370,ARTHEZ-DE-BEARN,43.466815,-0.620808
64000_PAU -,64000,PAU -,43.313503,-0.343106
64210_GUETHARY,64210,GUETHARY,43.420612,-1.608833
64240_HASPARREN,64240,HASPARREN,43.399274,-1.315071
64230_LESCAR,64230,LESCAR,43.333142,-0.432714
64170_LACQ,64170,LACQ,43.427991,-0.611339
64130_MAULEON-LICHARRE,64130,MAULEON-LICHARRE,43.222286,-0.890234
64121_MONTARDON,64121,MONTARDON,43.366965,-0.35322
64150_MOURENX,64150,MOURENX,43.373101,-0.620784
64300_ORTHEZ,64300,ORTHEZ,43.493121,-0.773351
64800_NAY,64800,NAY,43.178919,-0.259084
64122_URRUGNE,64122,URRUGNE,43.362557,-1.713386
64390_SAUVETERRE-DE-BEARN,64390,SAUVETERRE-DE-BEARN,43.415075,-0.932624
64480_USTARITZ,64480,USTARITZ,43.406326,-1.475245
64210_ARBONNE,64210,ARBONNE,43.421701,-1.553807
64510_NARCASTET,64510,NARCASTET,43.240599,-0.31656
64500_CIBOURE,64500,CIBOURE,43.380006,-1.668889
64110_GELOS,64110,GELOS,43.256911,-0.367064
64240_LA BASTIDE-CLAIRENCE,64240,LA BASTIDE-CLAIRENCE,43.415455,-1.23939
64360_LUCQ-DE-BEARN,64360,LUCQ-DE-BEARN,43.292186,-0.637884
64360_MONEIN,64360,MONEIN,43.297683,-0.557811
64310_SARE,64310,SARE,43.298772,-1.572691
64200_BASSUSSARRY,64200,BASSUSSARRY,43.443138,-1.498608
64140_LONS,64140,LONS,43.324331,-0.406921
64160_MORLAAS,64160,MORLAAS,43.339236,-0.273937
64310_SAINT-PEE-SUR-NIVELLE,64310,SAINT-PEE-SUR-NIVELLE,43.34824,-1.562224
64250_AINHOA,64250,AINHOA,43.302893,-1.496759
64200_BIARRITZ -,64200,BIARRITZ -,43.472166,-1.555076
64520_BIDACHE,64520,BIDACHE,43.471125,-1.146247
64700_BIRIATOU,64700,BIRIATOU,43.334883,-1.743402
64430_SAINT-ETIENNE-DE-BAIGORRY,64430,SAINT-ETIENNE-DE-BAIGORRY,43.191465,-1.33046
64210_AHETZE,64210,AHETZE,43.406036,-1.572061
64460_AAST,64460,AAST,43.289024,-0.087034
64510_BORDES -,64510,BORDES -,43.239101,-0.276305
64530_GER,64530,GER,43.251147,-0.061441
64420_SOUMOULOU,64420,SOUMOULOU,43.26407,-0.190552
64780_IRISSARRY,64780,IRISSARRY,43.258307,-1.230394
64350_MOMY,64350,MOMY,43.3951,-0.106266
64400_SAINT-GOIN,64400,SAINT-GOIN,43.242188,-0.70447
64120_AMENDEUIX-ONEIX,64120,AMENDEUIX-ONEIX,43.342458,-1.043224
64990_LAHONCE,64990,LAHONCE,43.482671,-1.40076
64200_BIARRITZ,64200,BIARRITZ,43.472166,-1.555076
64570_ARETTE,64570,ARETTE,43.051716,-0.688299
64800_BRUGES-CAPBIS-MIFAGET,64800,BRUGES-CAPBIS-MIFAGET,43.123649,-0.298551
64440_EAUX-BONNES,64440,EAUX-BONNES,42.968634,-0.370267
64230_SIROS,64230,SIROS,43.345709,-0.487548
64800_ARTHEZ-D'ASSON,64800,ARTHEZ-D'ASSON,43.082101,-0.25069
64260_ARUDY,64260,ARUDY,43.104571,-0.430831
64410_ARZACQ-ARRAZIGUET,64410,ARZACQ-ARRAZIGUET,43.536403,-0.429095
64490_BEDOUS,64490,BEDOUS,42.99438,-0.600308
64440_LARUNS,64440,LARUNS,42.951911,-0.439634
64150_SAUVELADE,64150,SAUVELADE,43.39511,-0.707218
64250_ITXASSOU,64250,ITXASSOU,43.313207,-1.401637
64240_MACAYE,64240,MACAYE,43.324989,-1.324464
64570_ARAMITS -,64570,ARAMITS -,43.124997,-0.719225
64490_ETSAUT,64490,ETSAUT,42.913285,-0.571006
64120_GARRIS,64120,GARRIS,43.3411,-1.057704
64220_UHART-CIZE,64220,UHART-CIZE,43.143699,-1.259363
64270_CASTAGNEDE,64270,CASTAGNEDE,43.455469,-0.985784
64400_GEUS-D'OLORON,64400,GEUS-D'OLORON,43.248035,-0.713513
64230_LESCAR -,64230,LESCAR -,43.333142,-0.432714
64130_AUSSURUCQ,64130,AUSSURUCQ,43.149732,-0.933268
64390_LAAS,64390,LAAS,43.381671,-0.850491
64520_CAME,64520,CAME,43.488545,-1.096686
64480_HALSOU,64480,HALSOU,43.383119,-1.414907
64240_ISTURITS,64240,ISTURITS,43.366601,-1.206865
64570_ARAMITS,64570,ARAMITS,43.124997,-0.719225
64220_LASSE,64220,LASSE,43.132128,-1.2808
64600_ANGLET -,64600,ANGLET -,43.488004,-1.518997
64310_SAINT-PEE-SUR-NIVELLE -,64310,SAINT-PEE-SUR-NIVELLE -,43.34824,-1.562224
64140_BILLERE -,64140,BILLERE -,43.307764,-0.394159
64800_SAINT-VINCENT,64800,SAINT-VINCENT,43.165069,-0.150468
64200_ARCANGUES,64200,ARCANGUES,43.429341,-1.512481
64220_LACARRE,64220,LACARRE,43.18927,-1.167216
64240_BRISCOUS,64240,BRISCOUS,43.459633,-1.329962
64140_LONS -,64140,LONS -,43.324331,-0.406921
64440_LARUNS -,64440,LARUNS -,42.951911,-0.439634
64200_ARCANGUES -,64200,ARCANGUES -,43.429341,-1.512481
64230_ARTIGUELOUVE -,64230,ARTIGUELOUVE -,43.309318,-0.467465
64250_CAMBO-LES-BAINS -,64250,CAMBO-LES-BAINS -,43.366822,-1.389666
64640_ARMENDARITS,64640,ARMENDARITS,43.302893,-1.174386
64640_HELETTE,64640,HELETTE,43.308646,-1.246987
64300_BIRON,64300,BIRON,43.461374,-0.74208
65300_LANNEMEZAN,65300,LANNEMEZAN,43.124965,0.392453
65240_ARREAU,65240,ARREAU,42.905103,0.360969
65200_CIEUTAT,65200,CIEUTAT,43.118057,0.21024
65000_TARBES -,65000,TARBES -,43.239349,0.06402
65000_TARBES,65000,TARBES,43.239349,0.06402
65120_BAREGES,65120,BAREGES,42.897131,0.071176
65110_CAUTERETS,65110,CAUTERETS,42.894729,-0.10968
65130_CAPVERN,65130,CAPVERN,43.108898,0.328743
65400_ARGELES-GAZOST,65400,ARGELES-GAZOST,43.005398,-0.094273
65200_BAGNERES-DE-BIGORRE,65200,BAGNERES-DE-BIGORRE,42.999349,0.128609
65320_BORDERES-SUR-L'ECHEZ,65320,BORDERES-SUR-L'ECHEZ,43.264873,0.047857
65260_PIERREFITTE-NESTALAS,65260,PIERREFITTE-NESTALAS,42.962445,-0.072396
65500_VIC-EN-BIGORRE,65500,VIC-EN-BIGORRE,43.385428,0.052102
65700_MADIRAN,65700,MADIRAN,43.554864,-0.048868
65200_TREBONS,65200,TREBONS,43.101829,0.117037
65220_TRIE-SUR-BAISE,65220,TRIE-SUR-BAISE,43.319124,0.360931
65400_LAU-BALAGNAS,65400,LAU-BALAGNAS,42.991213,-0.093505
65120_LUZ-SAINT-SAUVEUR,65120,LUZ-SAINT-SAUVEUR,42.857424,-0.005356
65140_RABASTENS-DE-BIGORRE,65140,RABASTENS-DE-BIGORRE,43.384035,0.152266
65710_CAMPAN,65710,CAMPAN,42.975261,0.233623
65120_SAZOS,65120,SAZOS,42.880935,-0.022646
65400_ARRENS-MARSOUS,65400,ARRENS-MARSOUS,42.952886,-0.214185
65100_LOURDES -,65100,LOURDES -,43.105728,-0.067389
65120_GEDRE,65120,GEDRE,42.781282,0.034961
65140_SAINT-SEVER-DE-RUSTAN,65140,SAINT-SEVER-DE-RUSTAN,43.350331,0.222465
65460_BAZET,65460,BAZET,43.289726,0.074901
65100_LOURDES,65100,LOURDES,43.105728,-0.067389
65170_SAINT-LARY-SOULAN,65170,SAINT-LARY-SOULAN,42.818987,0.290483
65430_SOUES,65430,SOUES,43.208401,0.100066
65710_BEAUDEAN,65710,BEAUDEAN,43.010883,0.141454
65170_ARAGNOUET,65170,ARAGNOUET,42.78724,0.215368
65330_GALAN,65330,GALAN,43.221002,0.405866
65100_ASPIN-EN-LAVEDAN -,65100,ASPIN-EN-LAVEDAN -,43.073131,-0.046166
65100_JUNCALAS,65100,JUNCALAS,43.052849,-0.003246
65130_MAUVEZIN,65130,MAUVEZIN,43.116857,0.280783
65150_NISTOS,65150,NISTOS,43.007101,0.468897
65380_BENAC,65380,BENAC,43.154295,0.026523
65700_MAUBOURGUET,65700,MAUBOURGUET,43.457306,0.032083
65800_AUREILHAN,65800,AUREILHAN,43.248737,0.100081
65420_IBOS -,65420,IBOS -,43.231364,0.005887
65600_SEMEAC -,65600,SEMEAC -,43.225324,0.104643
65200_BAGNERES-DE-BIGORRE -,65200,BAGNERES-DE-BIGORRE -,42.999349,0.128609
65400_ARGELES-GAZOST -,65400,ARGELES-GAZOST -,43.005398,-0.094273
66700_ARGELES-SUR-MER,66700,ARGELES-SUR-MER,42.549618,3.025655
66300_BANYULS-DELS-ASPRES,66300,BANYULS-DELS-ASPRES,42.565791,2.865639
66170_NEFIACH,66170,NEFIACH,42.688181,2.66631
66750_SAINT-CYPRIEN,66750,SAINT-CYPRIEN,42.619322,3.015165
66460_MAURY,66460,MAURY,42.813886,2.601205
66340_OSSEJA,66340,OSSEJA,42.415898,1.97713
66250_SAINT-LAURENT-DE-LA-SALANQUE,66250,SAINT-LAURENT-DE-LA-SALANQUE,42.772926,2.996623
66230_PRATS-DE-MOLLO-LA-PRESTE,66230,PRATS-DE-MOLLO-LA-PRESTE,42.406291,2.469523
66530_CLAIRA,66530,CLAIRA,42.759565,2.944109
66130_ILLE-SUR-TET,66130,ILLE-SUR-TET,42.672938,2.629795
66430_BOMPAS,66430,BOMPAS,42.727143,2.939645
66210_FORMIGUERES,66210,FORMIGUERES,42.61399,2.107804
66200_MONTESCOT,66200,MONTESCOT,42.607851,2.931465
66100_PERPIGNAN,66100,PERPIGNAN,42.701507,2.902811
66300_THUIR,66300,THUIR,42.640605,2.757167
66420_LE BARCARES,66420,LE BARCARES,42.806308,3.032501
66650_BANYULS-SUR-MER,66650,BANYULS-SUR-MER,42.474567,3.116827
66690_SAINT-ANDRE,66690,SAINT-ANDRE,42.553126,2.97736
66350_TOULOUGES,66350,TOULOUGES,42.67186,2.832609
66500_PRADES,66500,PRADES,42.619497,2.429123
66140_CANET-EN-ROUSSILLON,66140,CANET-EN-ROUSSILLON,42.698333,3.005075
66190_COLLIOURE,66190,COLLIOURE,42.518575,3.075905
66420_LE BARCARES -,66420,LE BARCARES -,42.806308,3.032501
66150_ARLES-SUR-TECH,66150,ARLES-SUR-TECH,42.454604,2.627354
66500_CATLLAR -,66500,CATLLAR -,42.632157,2.424171
66470_SAINTE-MARIE,66470,SAINTE-MARIE,42.731448,3.024516
66150_ARLES-SUR-TECH -,66150,ARLES-SUR-TECH -,42.454604,2.627354
66400_REYNES -,66400,REYNES -,42.487499,2.714215
66820_VERNET-LES-BAINS,66820,VERNET-LES-BAINS,42.549495,2.385065
66400_CERET,66400,CERET,42.49267,2.756936
66130_BOULETERNERE -,66130,BOULETERNERE -,42.653257,2.590106
66760_DORRES -,66760,DORRES -,42.485881,1.938882
66360_PY -,66360,PY -,42.497264,2.353724
66700_ARGELES-SUR-MER -,66700,ARGELES-SUR-MER -,42.549618,3.025655
66400_CERET -,66400,CERET -,42.49267,2.756936
66240_SAINT-ESTEVE -,66240,SAINT-ESTEVE -,42.71229,2.851877
66100_PERPIGNAN -,66100,PERPIGNAN -,42.701507,2.902811
66110_AMELIE-LES-BAINS-PALALDA -,66110,AMELIE-LES-BAINS-PALALDA -,42.469253,2.668409
66600_PEYRESTORTES -,66600,PEYRESTORTES -,42.753502,2.849417
66320_VINCA,66320,VINCA,42.64298,2.525573
66140_CANET-EN-ROUSSILLON -,66140,CANET-EN-ROUSSILLON -,42.698333,3.005075
66280_SALEILLES -,66280,SALEILLES -,42.658716,2.943543
66320_FINESTRET,66320,FINESTRET,42.616477,2.511869
66500_CODALET,66500,CODALET,42.608468,2.412574
66550_CORNEILLA-LA-RIVIERE,66550,CORNEILLA-LA-RIVIERE,42.699507,2.730065
66600_SALSES-LE-CHATEAU -,66600,SALSES-LE-CHATEAU -,42.830849,2.911454
67310_CRASTATT,67310,CRASTATT,48.659357,7.427961
67650_DAMBACH-LA-VILLE,67650,DAMBACH-LA-VILLE,48.32498,7.430445
67120_ERNOLSHEIM-BRUCHE,67120,ERNOLSHEIM-BRUCHE,48.557173,7.566743
67760_GAMBSHEIM,67760,GAMBSHEIM,48.692147,7.889485
67440_MARMOUTIER,67440,MARMOUTIER,48.692784,7.372252
67690_HATTEN,67690,HATTEN,48.89784,7.981247
67360_MORSBRONN-LES-BAINS,67360,MORSBRONN-LES-BAINS,48.904048,7.742938
67700_SAVERNE,67700,SAVERNE,48.74043,7.369676
67620_SOUFFLENHEIM,67620,SOUFFLENHEIM,48.823814,7.963814
67202_WOLFISHEIM,67202,WOLFISHEIM,48.580194,7.666394
67140_ANDLAU,67140,ANDLAU,48.396131,7.400892
67850_HERRLISHEIM -,67850,HERRLISHEIM -,48.73511,7.908324
67110_NIEDERBRONN-LES-BAINS,67110,NIEDERBRONN-LES-BAINS,48.959855,7.641224
67130_SCHIRMECK,67130,SCHIRMECK,48.482457,7.197214
67470_SELTZ,67470,SELTZ,48.898581,8.11107
67210_OBERNAI,67210,OBERNAI,48.462885,7.468147
67190_STILL,67190,STILL,48.552138,7.396154
67350_PFAFFENHOFFEN -,67350,PFAFFENHOFFEN -,48.843039,7.606547
67300_SCHILTIGHEIM,67300,SCHILTIGHEIM,48.611161,7.739944
67460_SOUFFELWEYERSHEIM,67460,SOUFFELWEYERSHEIM,48.630369,7.740028
67200_STRASBOURG,67200,STRASBOURG,48.579831,7.761454
67160_CLEEBOURG,67160,CLEEBOURG,48.998487,7.893426
67410_DRUSENHEIM,67410,DRUSENHEIM,48.761615,7.9577
67470_EBERBACH-SELTZ,67470,EBERBACH-SELTZ,48.927448,8.06526
67117_FURDENHEIM -,67117,FURDENHEIM -,48.612874,7.56202
67190_MOLLKIRCH,67190,MOLLKIRCH,48.507942,7.38477
67380_LINGOLSHEIM,67380,LINGOLSHEIM,48.557865,7.688191
67130_LUTZELHOUSE,67130,LUTZELHOUSE,48.520438,7.285416
67190_MUTZIG,67190,MUTZIG,48.536102,7.459405
67240_OBERHOFFEN-SUR-MODER,67240,OBERHOFFEN-SUR-MODER,48.782394,7.862411
67540_OSTWALD,67540,OSTWALD,48.54582,7.705552
67115_PLOBSHEIM,67115,PLOBSHEIM,48.470532,7.728656
67190_ROSHEIM,67190,ROSHEIM,48.531818,7.462872
67200_STRASBOURG -,67200,STRASBOURG -,48.579831,7.761454
67610_LA WANTZENAU,67610,LA WANTZENAU,48.657358,7.82622
67310_WASSELONNE,67310,WASSELONNE,48.638764,7.442063
67110_ZINSWILLER,67110,ZINSWILLER,48.918632,7.59173
67140_BARR,67140,BARR,48.405225,7.436282
67230_BENFELD,67230,BENFELD,48.371893,7.595545
67340_INGWILLER,67340,INGWILLER,48.874901,7.477593
67110_NIEDERBRONN-LES-BAINS -,67110,NIEDERBRONN-LES-BAINS -,48.959855,7.641224
67450_MUNDOLSHEIM,67450,MUNDOLSHEIM,48.638775,7.716596
67600_SELESTAT,67600,SELESTAT,48.263968,7.451766
67203_OBERSCHAEFFOLSHEIM,67203,OBERSCHAEFFOLSHEIM,48.590597,7.646742
67350_UHLWILLER,67350,UHLWILLER,48.817443,7.669792
67201_ECKBOLSHEIM,67201,ECKBOLSHEIM,48.579682,7.687329
67190_GRENDELBRUCH,67190,GRENDELBRUCH,48.48995,7.312154
67500_HAGUENAU,67500,HAGUENAU,48.814549,7.772611
67750_SCHERWILLER,67750,SCHERWILLER,48.289163,7.424669
67230_WESTHOUSE,67230,WESTHOUSE,48.398035,7.587642
67400_GEISPOLSHEIM,67400,GEISPOLSHEIM,48.523153,7.677407
67250_LAMPERTSLOCH,67250,LAMPERTSLOCH,48.954518,7.820252
67870_BISCHOFFSHEIM,67870,BISCHOFFSHEIM,48.484641,7.487309
67330_KIRRWILLER -,67330,KIRRWILLER -,48.814547,7.529598
67110_WINDSTEIN,67110,WINDSTEIN,48.991348,7.68166
67430_DIEMERINGEN -,67430,DIEMERINGEN -,48.939809,7.189403
67220_NEUVE-EGLISE -,67220,NEUVE-EGLISE -,48.328877,7.308906
67370_TRUCHTERSHEIM -,67370,TRUCHTERSHEIM -,48.660045,7.636648
67204_ACHENHEIM,67204,ACHENHEIM,48.579941,7.627274
67140_ANDLAU -,67140,ANDLAU -,48.396131,7.400892
67500_BATZENDORF,67500,BATZENDORF,48.782534,7.706451
67240_BISCHWILLER,67240,BISCHWILLER,48.766657,7.865305
67330_BOUXWILLER,67330,BOUXWILLER,48.82292,7.472542
67170_BRUMATH,67170,BRUMATH,48.728347,7.70635
67680_EPFIG -,67680,EPFIG -,48.357315,7.464216
67330_ERNOLSHEIM-LES-SAVERNE,67330,ERNOLSHEIM-LES-SAVERNE,48.791648,7.382606
67350_ETTENDORF,67350,ETTENDORF,48.811552,7.584106
67150_ERSTEIN,67150,ERSTEIN,48.41893,7.667782
67800_HOENHEIM,67800,HOENHEIM,48.625139,7.748813
67720_HOERDT,67720,HOERDT,48.687614,7.786642
67400_ILLKIRCH-GRAFFENSTADEN,67400,ILLKIRCH-GRAFFENSTADEN,48.524658,7.722443
67630_LAUTERBOURG,67630,LAUTERBOURG,48.968013,8.182747
67330_NEUWILLER-LES-SAVERNE,67330,NEUWILLER-LES-SAVERNE,48.828944,7.4041
67590_SCHWEIGHOUSE-SUR-MODER -,67590,SCHWEIGHOUSE-SUR-MODER -,48.823958,7.732588
67730_CHATENOIS -,67730,CHATENOIS -,48.279539,7.389682
67710_WANGENBOURG-ENGENTHAL,67710,WANGENBOURG-ENGENTHAL,48.61907,7.301945
67220_NEUVE-EGLISE,67220,NEUVE-EGLISE,48.328877,7.308906
67120_MOLSHEIM,67120,MOLSHEIM,48.54001,7.505367
67470_MOTHERN,67470,MOTHERN,48.935198,8.155386
67700_SAVERNE -,67700,SAVERNE -,48.74043,7.369676
67600_SELESTAT -,67600,SELESTAT -,48.263968,7.451766
67360_WOERTH,67360,WOERTH,48.944552,7.74308
67140_STOTZHEIM,67140,STOTZHEIM,48.378408,7.492123
67430_MACKWILLER,67430,MACKWILLER,48.924324,7.178799
67680_EPFIG,67680,EPFIG,48.357315,7.464216
67140_HEILIGENSTEIN,67140,HEILIGENSTEIN,48.42045,7.451022
67170_GEUDERTHEIM -,67170,GEUDERTHEIM -,48.719126,7.756935
67460_SOUFFELWEYERSHEIM -,67460,SOUFFELWEYERSHEIM -,48.630369,7.740028
67270_ALTECKENDORF -,67270,ALTECKENDORF -,48.79177,7.593658
67520_MARLENHEIM,67520,MARLENHEIM,48.622064,7.487144
67390_BOESENBIESEN,67390,BOESENBIESEN,48.227662,7.563606
67112_BREUSCHWICKERSHEIM,67112,BREUSCHWICKERSHEIM,48.580848,7.604535
67600_EBERSMUNSTER -,67600,EBERSMUNSTER -,48.308483,7.525012
67260_SARRE-UNION -,67260,SARRE-UNION -,48.937843,7.087813
67410_ROHRWILLER -,67410,ROHRWILLER -,48.756514,7.903752
67850_OFFENDORF,67850,OFFENDORF,48.710924,7.9168
67400_GEISPOLSHEIM -,67400,GEISPOLSHEIM -,48.523153,7.677407
67440_MARMOUTIER -,67440,MARMOUTIER -,48.692784,7.372252
67590_OHLUNGEN,67590,OHLUNGEN,48.809534,7.69185
67480_LEUTENHEIM -,67480,LEUTENHEIM -,48.845419,8.022677
67290_TIEFFENBACH -,67290,TIEFFENBACH -,48.904147,7.250977
67850_HERRLISHEIM,67850,HERRLISHEIM,48.73511,7.908324
67450_MUNDOLSHEIM -,67450,MUNDOLSHEIM -,48.638775,7.716596
67290_ROSTEIG,67290,ROSTEIG,48.931704,7.338913
67350_UBERACH,67350,UBERACH,48.849418,7.614399
67360_MORSBRONN-LES-BAINS -,67360,MORSBRONN-LES-BAINS -,48.904048,7.742938
67190_MUTZIG -,67190,MUTZIG -,48.536102,7.459405
67880_KRAUTERGERSHEIM,67880,KRAUTERGERSHEIM,48.476533,7.568064
67370_PFULGRIESHEIM,67370,PFULGRIESHEIM,48.642774,7.671152
67170_BRUMATH -,67170,BRUMATH -,48.728347,7.70635
67480_ROPPENHEIM,67480,ROPPENHEIM,48.845584,8.055946
67350_BITSCHHOFFEN -,67350,BITSCHHOFFEN -,48.859614,7.617634
67210_GOXWILLER -,67210,GOXWILLER -,48.430678,7.486298
67240_OBERHOFFEN-SUR-MODER -,67240,OBERHOFFEN-SUR-MODER -,48.782394,7.862411
67140_BARR -,67140,BARR -,48.405225,7.436282
67490_LITTENHEIM,67490,LITTENHEIM,48.72869,7.488876
67540_OSTWALD -,67540,OSTWALD -,48.54582,7.705552
67110_OBERBRONN,67110,OBERBRONN,48.940291,7.605912
67700_MONSWILLER -,67700,MONSWILLER -,48.74873,7.377091
67610_LA WANTZENAU -,67610,LA WANTZENAU -,48.657358,7.82622
67130_BELMONT,67130,BELMONT,48.405682,7.243752
67880_INNENHEIM,67880,INNENHEIM,48.497079,7.572942
67390_MARCKOLSHEIM,67390,MARCKOLSHEIM,48.163517,7.556024
67480_ROUNTZENHEIM,67480,ROUNTZENHEIM,48.817614,8.01229
67490_DETTWILLER,67490,DETTWILLER,48.759119,7.462494
67470_MUNCHHAUSEN,67470,MUNCHHAUSEN,48.921654,8.149746
67430_DIEMERINGEN,67430,DIEMERINGEN,48.939809,7.189403
67220_SAINT-PIERRE-BOIS,67220,SAINT-PIERRE-BOIS,48.328126,7.360013
67190_ROSHEIM -,67190,ROSHEIM -,48.531818,7.462872
67110_REICHSHOFFEN,67110,REICHSHOFFEN,48.938269,7.676396
67320_DRULINGEN,67320,DRULINGEN,48.866029,7.193805
67320_DRULINGEN -,67320,DRULINGEN -,48.866029,7.193805
67260_DIEDENDORF -,67260,DIEDENDORF -,48.878598,7.046688
67210_GRIESHEIM-PRES-MOLSHEIM,67210,GRIESHEIM-PRES-MOLSHEIM,,
67340_LICHTENBERG,67340,LICHTENBERG,48.920858,7.482793
67205_OBERHAUSBERGEN,67205,OBERHAUSBERGEN,48.607048,7.691033
67860_FRIESENHEIM,67860,FRIESENHEIM,48.303696,7.667658
67160_WISSEMBOURG,67160,WISSEMBOURG,49.015263,7.953119
67730_CHATENOIS,67730,CHATENOIS,48.279539,7.389682
67310_WESTHOFFEN,67310,WESTHOFFEN,48.601263,7.438468
68740_BLODELSHEIM,68740,BLODELSHEIM,47.885333,7.519216
68870_BARTENHEIM,68870,BARTENHEIM,47.635827,7.493037
68630_BENNWIHR,68630,BENNWIHR,48.142053,7.332343
68000_COLMAR,68000,COLMAR,48.081779,7.352569
68290_MASEVAUX,68290,MASEVAUX,47.770256,6.989717
68380_METZERAL,68380,METZERAL,48.011582,7.067259
68250_ROUFFACH,68250,ROUFFACH,47.960622,7.304975
68230_TURCKHEIM,68230,TURCKHEIM,48.086122,7.267499
68130_ALTKIRCH,68130,ALTKIRCH,47.621808,7.241581
68220_ATTENSCHWILLER,68220,ATTENSCHWILLER,47.569465,7.46448
68210_MANSPACH,68210,MANSPACH,47.61721,7.104576
68170_RIXHEIM,68170,RIXHEIM,47.748336,7.397823
68140_STOSSWIHR,68140,STOSSWIHR,48.053597,7.097085
68310_WITTELSHEIM,68310,WITTELSHEIM,,
68730_BLOTZHEIM,68730,BLOTZHEIM,47.602205,7.496345
68110_ILLZACH,68110,ILLZACH,47.776,7.361973
68480_FERRETTE,68480,FERRETTE,47.494215,7.315175
68500_GUEBWILLER,68500,GUEBWILLER,47.909349,7.212755
68240_KAYSERSBERG,68240,KAYSERSBERG,48.13961,7.267205
68600_NEUF-BRISACH,68600,NEUF-BRISACH,48.017387,7.527629
68340_RIQUEWIHR,68340,RIQUEWIHR,48.170222,7.293183
68640_WALDIGHOFEN,68640,WALDIGHOFEN,47.550246,7.313104
68490_BANTZENHEIM,68490,BANTZENHEIM,47.822164,7.51341
68200_MULHOUSE,68200,MULHOUSE,47.751661,7.326517
68140_MUNSTER,68140,MUNSTER,48.042721,7.142765
68150_RIBEAUVILLE,68150,RIBEAUVILLE,48.198432,7.30831
68160_SAINTE-MARIE-AUX-MINES,68160,SAINTE-MARIE-AUX-MINES,48.227414,7.169401
68380_SONDERNACH,68380,SONDERNACH,47.990946,7.067227
68190_UNGERSHEIM,68190,UNGERSHEIM,47.877861,7.312419
68920_WINTZENHEIM,68920,WINTZENHEIM,48.074451,7.276905
68210_GILDWILLER,68210,GILDWILLER,47.690136,7.137452
68750_BERGHEIM,68750,BERGHEIM,48.207932,7.350572
68240_KAYSERSBERG -,68240,KAYSERSBERG -,48.13961,7.267205
68800_THANN,68800,THANN,47.806833,7.100567
68740_BALGAU,68740,BALGAU,47.92792,7.538972
68590_THANNENKIRCH,68590,THANNENKIRCH,48.234816,7.299885
68770_AMMERSCHWIHR,68770,AMMERSCHWIHR,48.123497,7.256527
68128_SAINT-LOUIS,68128,SAINT-LOUIS,47.603618,7.560108
68420_HERRLISHEIM-PRES-COLMAR,68420,HERRLISHEIM-PRES-COLMAR,48.021827,7.32175
68440_LANDSER,68440,LANDSER,47.68455,7.389761
68200_MULHOUSE -,68200,MULHOUSE -,47.751661,7.326517
68480_PFETTERHOUSE,68480,PFETTERHOUSE,47.500212,7.166302
68340_RIQUEWIHR -,68340,RIQUEWIHR -,48.170222,7.293183
68320_WICKERSCHWIHR -,68320,WICKERSCHWIHR -,48.110183,7.438542
68780_SENTHEIM,68780,SENTHEIM,47.754831,7.049708
68610_LAUTENBACH,68610,LAUTENBACH,47.940784,7.16531
68610_LAUTENBACHZELL,68610,LAUTENBACHZELL,47.934936,7.142849
68740_FESSENHEIM,68740,FESSENHEIM,47.913314,7.527768
68500_HARTMANNSWILLER -,68500,HARTMANNSWILLER -,47.861882,7.215368
68330_HUNINGUE,68330,HUNINGUE,47.5917,7.57858
68290_MASEVAUX -,68290,MASEVAUX -,47.770256,6.989717
68380_METZERAL -,68380,METZERAL -,48.011582,7.067259
68490_OTTMARSHEIM,68490,OTTMARSHEIM,47.787066,7.506679
68400_RIEDISHEIM,68400,RIEDISHEIM,47.741089,7.362723
68720_SPECHBACH-LE-HAUT,68720,SPECHBACH-LE-HAUT,47.674333,7.224557
68270_WITTENHEIM,68270,WITTENHEIM,47.814198,7.321897
68500_HARTMANNSWILLER,68500,HARTMANNSWILLER,47.861882,7.215368
68390_BATTENHEIM,68390,BATTENHEIM,47.82033,7.3817
68520_BURNHAUPT-LE-HAUT,68520,BURNHAUPT-LE-HAUT,47.736969,7.137517
68110_ILLZACH -,68110,ILLZACH -,47.776,7.361973
68290_LAUW,68290,LAUW,47.758021,7.019268
68470_RANSPACH,68470,RANSPACH,47.885718,7.009602
68140_SOULTZEREN -,68140,SOULTZEREN -,48.07009,7.106894
68360_SOULTZ-HAUT-RHIN,68360,SOULTZ-HAUT-RHIN,47.887571,7.226373
68700_CERNAY,68700,CERNAY,47.80342,7.170948
68000_COLMAR -,68000,COLMAR -,48.081779,7.352569
68700_ASPACH-LE-HAUT -,68700,ASPACH-LE-HAUT -,47.760815,7.149006
68380_BREITENBACH-HAUT-RHIN -,68380,BREITENBACH-HAUT-RHIN -,48.018836,7.107699
68590_SAINT-HIPPOLYTE,68590,SAINT-HIPPOLYTE,48.228335,7.377597
68820_WILDENSTEIN -,68820,WILDENSTEIN -,47.974954,6.960602
68820_WILDENSTEIN,68820,WILDENSTEIN,47.974954,6.960602
68210_AMMERZWILLER,68210,AMMERZWILLER,47.688065,7.187413
68210_BERNWILLER,68210,BERNWILLER,47.693688,7.183035
68500_GUEBWILLER -,68500,GUEBWILLER -,47.909349,7.212755
68680_KEMBS,68680,KEMBS,47.66955,7.497788
68230_KATZENTHAL,68230,KATZENTHAL,48.108638,7.280924
68220_HAGENTHAL-LE-HAUT,68220,HAGENTHAL-LE-HAUT,47.521217,7.467587
68990_HEIMSBRUNN,68990,HEIMSBRUNN,47.729321,7.226063
68660_LIEPVRE,68660,LIEPVRE,48.273051,7.282953
68220_MICHELBACH-LE-HAUT,68220,MICHELBACH-LE-HAUT,47.566559,7.447758
68250_PFAFFENHEIM,68250,PFAFFENHEIM,47.985659,7.288437
68480_DURMENACH,68480,DURMENACH,47.528776,7.339065
68480_OBERLARG,68480,OBERLARG,47.457599,7.232843
68840_PULVERSHEIM,68840,PULVERSHEIM,47.837085,7.300456
68650_LAPOUTROIE,68650,LAPOUTROIE,48.155358,7.166067
68390_SAUSHEIM -,68390,SAUSHEIM -,47.783427,7.378105
68220_HESINGUE,68220,HESINGUE,47.576778,7.524635
68440_HABSHEIM,68440,HABSHEIM,47.727754,7.419399
68190_UNGERSHEIM -,68190,UNGERSHEIM -,47.877861,7.312419
68290_BOURBACH-LE-HAUT,68290,BOURBACH-LE-HAUT,47.797431,7.029276
68530_BUHL,68530,BUHL,47.92775,7.190171
68760_WILLER-SUR-THUR,68760,WILLER-SUR-THUR,47.848363,7.077953
68320_GRUSSENHEIM,68320,GRUSSENHEIM,48.146162,7.486852
68220_HEGENHEIM,68220,HEGENHEIM,47.563876,7.527764
68320_MUNTZENHEIM -,68320,MUNTZENHEIM -,48.103019,7.472979
68390_SAUSHEIM,68390,SAUSHEIM,47.783427,7.378105
68390_BATTENHEIM -,68390,BATTENHEIM -,47.82033,7.3817
68600_ALGOLSHEIM,68600,ALGOLSHEIM,48.006359,7.562971
68850_STAFFELFELDEN,68850,STAFFELFELDEN,47.828776,7.260902
68380_BREITENBACH-HAUT-RHIN,68380,BREITENBACH-HAUT-RHIN,48.018836,7.107699
68320_WICKERSCHWIHR,68320,WICKERSCHWIHR,48.110183,7.438542
68490_HOMBOURG -,68490,HOMBOURG -,47.758721,7.507977
68720_HOCHSTATT,68720,HOCHSTATT,47.703087,7.278087
68125_HOUSSEN,68125,HOUSSEN,48.125367,7.37214
68500_ISSENHEIM,68500,ISSENHEIM,47.899657,7.245233
68130_OBERMORSCHWILLER -,68130,OBERMORSCHWILLER -,47.643763,7.310763
68920_WETTOLSHEIM -,68920,WETTOLSHEIM -,48.055332,7.308152
68130_ZAESSINGUE,68130,ZAESSINGUE,47.624215,7.365761
68730_RANSPACH-LE-BAS,68730,RANSPACH-LE-BAS,47.586623,7.445808
68370_ORBEY,68370,ORBEY,48.116331,7.144097
68780_SOPPE-LE-HAUT,68780,SOPPE-LE-HAUT,47.716486,7.090328
68720_SPECHBACH-LE-BAS,68720,SPECHBACH-LE-BAS,47.674333,7.224557
68140_GRIESBACH-AU-VAL,68140,GRIESBACH-AU-VAL,48.037498,7.17802
69430_BEAUJEU,69430,BEAUJEU,46.154269,4.588919
69500_BRON,69500,BRON,45.73548,4.911201
69009_LYON -,69009,LYON -,45.758,4.835
69210_BULLY,69210,BULLY,45.86168,4.57762
69220_CERCIE,69220,CERCIE,46.122608,4.669562
69770_CHAMBOST-LONGESSAIGNE,69770,CHAMBOST-LONGESSAIGNE,45.77885,4.375904
69410_CHAMPAGNE-AU-MONT-D'OR,69410,CHAMPAGNE-AU-MONT-D'OR,45.798586,4.784087
69340_FRANCHEVILLE,69340,FRANCHEVILLE,45.739734,4.755341
69470_COURS-LA-VILLE,69470,COURS-LA-VILLE,46.103302,4.326966
69290_CRAPONNE,69290,CRAPONNE,45.745346,4.730163
69130_ECULLY,69130,ECULLY,45.782507,4.776493
69250_FLEURIEU-SUR-SAONE,69250,FLEURIEU-SUR-SAONE,45.861546,4.845336
69270_FONTAINES-SUR-SAONE,69270,FONTAINES-SUR-SAONE,45.825612,4.858032
69700_GIVORS,69700,GIVORS,45.582983,4.756279
69540_IRIGNY,69540,IRIGNY,45.678592,4.820883
69210_LENTILLY,69210,LENTILLY,45.810468,4.666172
69380_LOZANNE,69380,LOZANNE,45.853558,4.684088
69350_LA MULATIERE,69350,LA MULATIERE,45.733604,4.810694
69310_PIERRE-BENITE,69310,PIERRE-BENITE,45.709441,4.806746
69370_SAINT-DIDIER-AU-MONT-D'OR,69370,SAINT-DIDIER-AU-MONT-D'OR,45.811101,4.798026
69110_SAINTE-FOY-LES-LYON,69110,SAINTE-FOY-LES-LYON,45.736615,4.79394
69230_SAINT-GENIS-LAVAL,69230,SAINT-GENIS-LAVAL,45.695316,4.794065
69440_SAINT-LAURENT-D'AGNY,69440,SAINT-LAURENT-D'AGNY,45.636525,4.684036
69590_SAINT-SYMPHORIEN-SUR-COISE,69590,SAINT-SYMPHORIEN-SUR-COISE,45.634387,4.449903
69440_TALUYERS,69440,TALUYERS,45.635653,4.726352
69160_TASSIN-LA-DEMI-LUNE,69160,TASSIN-LA-DEMI-LUNE,45.761251,4.75677
69240_THIZY,69240,THIZY,46.053207,4.309214
69120_VAULX-EN-VELIN,69120,VAULX-EN-VELIN,45.770799,4.923175
69100_VILLEURBANNE -,69100,VILLEURBANNE -,45.768975,4.890035
69200_VENISSIEUX,69200,VENISSIEUX,45.707095,4.881379
69390_VERNAISON,69390,VERNAISON,45.645322,4.807211
69770_VILLECHENEVE,69770,VILLECHENEVE,45.813077,4.40936
69400_VILLEFRANCHE-SUR-SAONE,69400,VILLEFRANCHE-SUR-SAONE,45.985089,4.724382
69100_VILLEURBANNE,69100,VILLEURBANNE,45.768975,4.890035
69680_CHASSIEU,69680,CHASSIEU,45.73584,4.958712
69360_COMMUNAY,69360,COMMUNAY,45.597428,4.837694
69330_MEYZIEU,69330,MEYZIEU,45.774559,5.008024
69780_MIONS,69780,MIONS,45.667741,4.952457
69140_RILLIEUX-LA-PAPE,69140,RILLIEUX-LA-PAPE,45.818387,4.892817
69380_ALIX,69380,ALIX,45.913574,4.652565
69400_ARNAS,69400,ARNAS,46.016726,4.705745
69690_BESSENAY,69690,BESSENAY,45.769413,4.555139
69300_CALUIRE-ET-CUIRE,69300,CALUIRE-ET-CUIRE,45.797623,4.848745
69260_CHARBONNIERES-LES-BAINS,69260,CHARBONNIERES-LES-BAINS,45.780125,4.742693
69390_CHARLY,69390,CHARLY,45.649984,4.785846
69380_CHASSELAY,69380,CHASSELAY,45.882319,4.76424
69380_CHAZAY-D'AZERGUES,69380,CHAZAY-D'AZERGUES,45.875233,4.709396
69870_GRANDRIS,69870,GRANDRIS,46.038324,4.466916
69520_GRIGNY,69520,GRIGNY,45.606805,4.783866
69610_HAUTE-RIVOIRE,69610,HAUTE-RIVOIRE,45.714708,4.405338
69770_LONGESSAIGNE,69770,LONGESSAIGNE,45.786135,4.423848
69390_MILLERY,69390,MILLERY,45.631303,4.784229
69860_MONSOLS,69860,MONSOLS,46.259584,4.540221
69620_OINGT,69620,OINGT,45.941821,4.568879
69600_OULLINS,69600,OULLINS,45.709441,4.806746
69460_LE PERREON,69460,LE PERREON,46.066246,4.591854
69430_QUINCIE-EN-BEAUJOLAIS,69430,QUINCIE-EN-BEAUJOLAIS,46.120192,4.617003
69430_REGNIE-DURETTE,69430,REGNIE-DURETTE,46.146462,4.65034
69610_SAINTE-FOY-L'ARGENTIERE,69610,SAINTE-FOY-L'ARGENTIERE,45.704861,4.47396
69620_SAINT-LAURENT-D'OINGT,69620,SAINT-LAURENT-D'OINGT,45.947303,4.575233
69620_SAINTE-PAULE,69620,SAINTE-PAULE,45.97427,4.563456
69170_TARARE,69170,TARARE,45.9007,4.429772
69510_THURINS,69510,THURINS,45.682251,4.623944
69890_LA TOUR-DE-SALVAGNY,69890,LA TOUR-DE-SALVAGNY,,
69910_VILLIE-MORGON,69910,VILLIE-MORGON,46.156209,4.665175
69150_DECINES-CHARPIEU,69150,DECINES-CHARPIEU,45.768363,4.958356
69970_CHAPONNAY,69970,CHAPONNAY,45.62714,4.956839
69330_JONAGE,69330,JONAGE,45.786584,5.044721
69720_SAINT-BONNET-DE-MURE,69720,SAINT-BONNET-DE-MURE,45.701284,5.028299
69800_SAINT-PRIEST,69800,SAINT-PRIEST,45.701894,4.94422
69530_BRIGNAIS -,69530,BRIGNAIS -,45.674704,4.754841
69480_ANSE,69480,ANSE,45.945347,4.713021
69210_L'ARBRESLE,69210,L'ARBRESLE,45.834532,4.610769
69620_BAGNOLS,69620,BAGNOLS,45.910519,4.610485
69530_BRIGNAIS,69530,BRIGNAIS,45.674704,4.754841
69620_LE BOIS-D'OINGT,69620,LE BOIS-D'OINGT,45.941821,4.568879
69126_BRINDAS,69126,BRINDAS,45.719674,4.704228
69690_BRULLIOLES,69690,BRULLIOLES,45.761652,4.497247
69270_CAILLOUX-SUR-FONTAINES,69270,CAILLOUX-SUR-FONTAINES,45.849092,4.870181
69380_CHESSY,69380,CHESSY,45.889034,4.616461
69420_CONDRIEU,69420,CONDRIEU,45.476757,4.754055
69700_LOIRE-SUR-RHONE,69700,LOIRE-SUR-RHONE,45.546801,4.781106
69380_DOMMARTIN,69380,DOMMARTIN,45.836748,4.71452
69290_GREZIEU-LA-VARENNE,69290,GREZIEU-LA-VARENNE,45.748732,4.68504
69380_LISSIEU,69380,LISSIEU,45.858366,4.74792
69510_MESSIMY,69510,MESSIMY,45.698526,4.677906
69700_MONTAGNY,69700,MONTAGNY,45.627934,4.753992
69870_POULE-LES-ECHARMEAUX,69870,POULE-LES-ECHARMEAUX,46.144706,4.467842
69440_MORNANT,69440,MORNANT,45.613266,4.675025
69250_NEUVILLE-SUR-SAONE,69250,NEUVILLE-SUR-SAONE,45.878728,4.842213
69490_PONTCHARRA-SUR-TURDINE,69490,PONTCHARRA-SUR-TURDINE,45.889916,4.492543
69210_SOURCIEUX-LES-MINES,69210,SOURCIEUX-LES-MINES,45.803773,4.624548
69610_SAINT-GENIS-L'ARGENTIERE,69610,SAINT-GENIS-L'ARGENTIERE,45.71104,4.48984
69870_SAINT-JUST-D'AVRAY,69870,SAINT-JUST-D'AVRAY,46.002817,4.450634
69640_VILLE-SUR-JARNIOUX,69640,VILLE-SUR-JARNIOUX,45.971036,4.596373
69320_FEYZIN,69320,FEYZIN,45.674658,4.858258
69960_CORBAS,69960,CORBAS,45.666017,4.909309
69360_SAINT-SYMPHORIEN-D'OZON,69360,SAINT-SYMPHORIEN-D'OZON,45.63828,4.870588
69580_SATHONAY-VILLAGE,69580,SATHONAY-VILLAGE,45.839385,4.875573
69360_TERNAY,69360,TERNAY,45.608583,4.809254
69780_TOUSSIEU,69780,TOUSSIEU,45.659302,4.982766
69250_ALBIGNY-SUR-SAONE,69250,ALBIGNY-SUR-SAONE,45.866601,4.82951
69550_AMPLEPUIS,69550,AMPLEPUIS,45.964365,4.325054
69220_BELLEVILLE-EN-BEAUJOLAIS,69220,BELLEVILLE-EN-BEAUJOLAIS,46.120759,4.732028
69380_CHATILLON,69380,CHATILLON,45.874468,4.647877
69850_DUERNE,69850,DUERNE,45.677969,4.527091
69820_FLEURIE,69820,FLEURIE,46.193336,4.697876
69870_LAMURE-SUR-AZERGUES,69870,LAMURE-SUR-AZERGUES,46.048529,4.502855
69380_MARCILLY-D'AZERGUES,69380,MARCILLY-D'AZERGUES,45.869977,4.728887
69530_ORLIENAS,69530,ORLIENAS,45.663272,4.719994
69670_VAUGNERAY,69670,VAUGNERAY,45.726545,4.653848
69270_ROCHETAILLEE-SUR-SAONE,69270,ROCHETAILLEE-SUR-SAONE,45.843148,4.840635
69930_SAINT-CLEMENT-LES-PLACES,69930,SAINT-CLEMENT-LES-PLACES,45.753394,4.42355
69450_SAINT-CYR-AU-MONT-D'OR,69450,SAINT-CYR-AU-MONT-D'OR,45.818702,4.821927
69190_SAINT-FONS,69190,SAINT-FONS,45.701914,4.855418
69490_SAINT-FORGEUX,69490,SAINT-FORGEUX,45.853045,4.456886
69830_SAINT-GEORGES-DE-RENEINS,69830,SAINT-GEORGES-DE-RENEINS,46.061204,4.710816
69220_SAINT-LAGER,69220,SAINT-LAGER,46.112609,4.672896
69930_SAINT-LAURENT-DE-CHAMOUSSET,69930,SAINT-LAURENT-DE-CHAMOUSSET,45.739449,4.466971
69850_SAINT-MARTIN-EN-HAUT,69850,SAINT-MARTIN-EN-HAUT,45.650211,4.55455
69730_GENAY,69730,GENAY,45.898898,4.831803
69720_SAINT-LAURENT-DE-MURE,69720,SAINT-LAURENT-DE-MURE,45.681771,5.056161
69780_SAINT-PIERRE-DE-CHANDIEU,69780,SAINT-PIERRE-DE-CHANDIEU,45.643907,5.006979
69430_CHENELETTE,69430,CHENELETTE,46.166111,4.490364
69009_LYON,69009,LYON,45.758,4.835
69210_SAINT-GERMAIN-SUR-L'ARBRESLE,69210,SAINT-GERMAIN-SUR-L'ARBRESLE,45.839754,4.647104
69510_YZERON,69510,YZERON,45.708253,4.59959
69740_GENAS -,69740,GENAS -,45.729595,5.001369
69840_JULIENAS,69840,JULIENAS,46.239776,4.70422
69650_SAINT-GERMAIN-AU-MONT-D'OR,69650,SAINT-GERMAIN-AU-MONT-D'OR,45.886631,4.802086
69400_LIERGUES,69400,LIERGUES,45.969985,4.662323
69480_AMBERIEUX,69480,AMBERIEUX,45.929693,4.732919
69690_BIBOST,69690,BIBOST,45.797173,4.549965
69720_SAINT-BONNET-DE-MURE -,69720,SAINT-BONNET-DE-MURE -,45.701284,5.028299
69550_CUBLIZE -,69550,CUBLIZE -,46.019553,4.385531
69300_CALUIRE-ET-CUIRE -,69300,CALUIRE-ET-CUIRE -,45.797623,4.848745
69400_GLEIZE,69400,GLEIZE,45.992645,4.685147
69480_MORANCE,69480,MORANCE,45.893827,4.699866
69790_PROPIERES,69790,PROPIERES,46.193515,4.448309
69650_QUINCIEUX,69650,QUINCIEUX,45.917308,4.771209
69440_SAINT-DIDIER-SOUS-RIVERIE,69440,SAINT-DIDIER-SOUS-RIVERIE,45.59654,4.608926
69460_SAINT-ETIENNE-LA-VARENNE,69460,SAINT-ETIENNE-LA-VARENNE,46.077052,4.629739
69220_LANCIE,69220,LANCIE,46.171154,4.724136
69690_COURZIEU,69690,COURZIEU,45.743093,4.570142
69470_RANCHAL,69470,RANCHAL,46.126017,4.402126
69240_BOURG-DE-THIZY,69240,BOURG-DE-THIZY,46.053207,4.309214
69610_MEYS -,69610,MEYS -,45.682071,4.395508
69670_VAUGNERAY -,69670,VAUGNERAY -,45.726545,4.653848
69510_SOUCIEU-EN-JARREST,69510,SOUCIEU-EN-JARREST,45.674783,4.692709
69700_SAINT-JEAN-DE-TOUSLAS,69700,SAINT-JEAN-DE-TOUSLAS,45.566174,4.69669
69500_BRON -,69500,BRON -,45.73548,4.911201
69140_RILLIEUX-LA-PAPE -,69140,RILLIEUX-LA-PAPE -,45.818387,4.892817
69690_COURZIEU -,69690,COURZIEU -,45.743093,4.570142
69800_SAINT-PRIEST -,69800,SAINT-PRIEST -,45.701894,4.94422
69740_GENAS,69740,GENAS,45.729595,5.001369
69360_SOLAIZE,69360,SOLAIZE,45.64505,4.841929
69350_LA MULATIERE -,69350,LA MULATIERE -,45.733604,4.810694
69110_SAINTE-FOY-LES-LYON -,69110,SAINTE-FOY-LES-LYON -,45.736615,4.79394
69240_PONT-TRAMBOUZE,69240,PONT-TRAMBOUZE,46.03366,4.290508
69430_REGNIE-DURETTE -,69430,REGNIE-DURETTE -,46.146462,4.65034
69770_MONTROTTIER,69770,MONTROTTIER,45.800364,4.466226
69250_ALBIGNY-SUR-SAONE -,69250,ALBIGNY-SUR-SAONE -,45.866601,4.82951
69290_SAINT-GENIS-LES-OLLIERES,69290,SAINT-GENIS-LES-OLLIERES,45.760554,4.726938
69290_SAINT-GENIS-LES-OLLIERES -,69290,SAINT-GENIS-LES-OLLIERES -,45.760554,4.726938
69170_SAINT-MARCEL-L'ECLAIRE -,69170,SAINT-MARCEL-L'ECLAIRE -,45.883288,4.428547
69510_YZERON -,69510,YZERON -,45.708253,4.59959
69440_CHAUSSAN,69440,CHAUSSAN,45.635738,4.632145
69240_MARDORE,69240,MARDORE,46.061542,4.328866
69870_SAINT-CYR-LE-CHATOUX,69870,SAINT-CYR-LE-CHATOUX,46.029794,4.537815
70320_AILLEVILLERS-ET-LYAUMONT,70320,AILLEVILLERS-ET-LYAUMONT,47.938745,6.33005
70290_CHAMPAGNEY,70290,CHAMPAGNEY,47.697097,6.680776
70800_CONFLANS-SUR-LANTERNE,70800,CONFLANS-SUR-LANTERNE,47.820992,6.20947
70000_VESOUL,70000,VESOUL,47.628692,6.157979
70300_LUXEUIL-LES-BAINS,70300,LUXEUIL-LES-BAINS,47.817813,6.374503
70150_MARNAY,70150,MARNAY,47.294074,5.772888
70220_FOUGEROLLES,70220,FOUGEROLLES,47.892252,6.413278
70150_MARNAY -,70150,MARNAY -,47.294074,5.772888
70140_BROYE-AUBIGNEY-MONTSEUGNY,70140,BROYE-AUBIGNEY-MONTSEUGNY,47.329463,5.537032
70310_FAUCOGNEY-ET-LA-MER,70310,FAUCOGNEY-ET-LA-MER,47.828929,6.585169
70360_SCEY-SUR-SAONE-ET-SAINT-ALBIN,70360,SCEY-SUR-SAONE-ET-SAINT-ALBIN,47.663258,5.970741
70270_MELISEY,70270,MELISEY,47.761255,6.564513
70600_CHAMPLITTE,70600,CHAMPLITTE,47.642384,5.511009
70110_ESPRELS,70110,ESPRELS,47.536648,6.365996
70800_SAINT-LOUP-SUR-SEMOUSE -,70800,SAINT-LOUP-SUR-SEMOUSE -,47.881539,6.274881
70100_GRAY,70100,GRAY,47.440426,5.599432
70200_LURE,70200,LURE,47.684245,6.496245
70290_PLANCHER-BAS,70290,PLANCHER-BAS,47.718674,6.741409
70800_SAINT-LOUP-SUR-SEMOUSE,70800,SAINT-LOUP-SUR-SEMOUSE,47.881539,6.274881
70130_SOING-CUBRY-CHARENTENAY,70130,SOING-CUBRY-CHARENTENAY,47.589327,5.882473
70100_VELESMES-ECHEVANNE,70100,VELESMES-ECHEVANNE,47.420988,5.69658
70440_SERVANCE,70440,SERVANCE,47.837003,6.692945
70400_HERICOURT,70400,HERICOURT,47.566726,6.754797
70300_LUXEUIL-LES-BAINS -,70300,LUXEUIL-LES-BAINS -,47.817813,6.374503
70310_CORRAVILLERS,70310,CORRAVILLERS,47.887743,6.630358
70210_FONTENOIS-LA-VILLE,70210,FONTENOIS-LA-VILLE,47.928943,6.165568
70270_ECROMAGNY,70270,ECROMAGNY,47.791048,6.560123
70120_LA ROCHE-MOREY,70120,LA ROCHE-MOREY,47.702575,5.737475
70300_BREUCHES -,70300,BREUCHES -,47.799306,6.333154
70700_CHARCENNE,70700,CHARCENNE,47.370571,5.778166
70700_GY -,70700,GY -,47.408135,5.814024
70440_HAUT-DU-THEM-CHATEAU-LAMBERT -,70440,HAUT-DU-THEM-CHATEAU-LAMBERT -,47.843408,6.72937
70120_MALVILLERS -,70120,MALVILLERS -,47.733494,5.784546
70200_VOUHENANS,70200,VOUHENANS,47.644863,6.481002
70190_CHAUX-LA-LOTIERE -,70190,CHAUX-LA-LOTIERE -,,
70180_DAMPIERRE-SUR-SALON,70180,DAMPIERRE-SUR-SALON,47.55698,5.678309
70300_SAINT-SAUVEUR,70300,SAINT-SAUVEUR,47.801265,6.387674
70400_LUZE -,70400,LUZE -,47.597361,6.738564
70170_PORT-SUR-SAONE -,70170,PORT-SUR-SAONE -,47.692694,6.029708
70700_IGNY -,70700,IGNY -,47.480808,5.7574
70000_VESOUL -,70000,VESOUL -,47.628692,6.157979
70140_VALAY -,70140,VALAY -,47.336876,5.634237
70110_VILLERSEXEL -,70110,VILLERSEXEL -,47.551621,6.433516
70120_BOURGUIGNON-LES-MOREY,70120,BOURGUIGNON-LES-MOREY,47.709883,5.702613
70130_FRESNE-SAINT-MAMES,70130,FRESNE-SAINT-MAMES,47.551412,5.855608
71400_AUTUN,71400,AUTUN,46.938842,4.304399
71100_CHALON-SUR-SAONE,71100,CHALON-SUR-SAONE,46.792112,4.846002
71130_GUEUGNON,71130,GUEUGNON,46.594633,4.057848
71570_ROMANECHE-THORINS,71570,ROMANECHE-THORINS,46.192344,4.74063
71800_SAINT-CHRISTOPHE-EN-BRIONNAIS,71800,SAINT-CHRISTOPHE-EN-BRIONNAIS,46.286711,4.183093
71700_TOURNUS,71700,TOURNUS,46.566369,4.896828
71960_BERZE-LA-VILLE,71960,BERZE-LA-VILLE,46.365914,4.70357
71630_BOURGVILAIN,71630,BOURGVILAIN,46.369681,4.630757
71520_MATOUR,71520,MATOUR,46.308684,4.483261
71300_MONTCEAU-LES-MINES,71300,MONTCEAU-LES-MINES,46.676942,4.358337
71250_SALORNAY-SUR-GUYE,71250,SALORNAY-SUR-GUYE,46.521742,4.59687
71410_SANVIGNES-LES-MINES,71410,SANVIGNES-LES-MINES,46.669395,4.27645
71470_ROMENAY,71470,ROMENAY,,
71250_BUFFIERES,71250,BUFFIERES,46.433485,4.539208
71490_COUCHES,71490,COUCHES,46.863799,4.57823
71150_CHEILLY-LES-MARANGES,71150,CHEILLY-LES-MARANGES,46.894211,4.663687
71160_DIGOIN,71160,DIGOIN,46.490552,4.02482
71600_PARAY-LE-MONIAL,71600,PARAY-LE-MONIAL,46.450662,4.113602
71140_BOURBON-LANCY,71140,BOURBON-LANCY,46.624797,3.758687
71420_CIRY-LE-NOBLE,71420,CIRY-LE-NOBLE,46.594429,4.290634
71250_CLUNY,71250,CLUNY,46.429596,4.66015
71250_CORTAMBERT,71250,CORTAMBERT,46.466496,4.706701
71500_LOUHANS,71500,LOUHANS,46.634818,5.235807
71390_MOROGES,71390,MOROGES,46.750753,4.679434
71570_SAINT-AMOUR-BELLEVUE,71570,SAINT-AMOUR-BELLEVUE,46.242803,4.735405
71330_SAINT-GERMAIN-DU-BOIS,71330,SAINT-GERMAIN-DU-BOIS,46.738362,5.251228
71150_CHAGNY,71150,CHAGNY,46.905365,4.75628
71000_MACON,71000,MACON,46.325859,4.810979
71400_LA CELLE-EN-MORVAN,71400,LA CELLE-EN-MORVAN,47.010987,4.17264
71110_MARCIGNY,71110,MARCIGNY,46.2727,4.039015
71270_PIERRE-DE-BRESSE,71270,PIERRE-DE-BRESSE,46.877955,5.252328
71330_BOSJEAN,71330,BOSJEAN,46.768933,5.340074
71290_CUISERY,71290,CUISERY,46.559666,4.990546
71640_GIVRY,71640,GIVRY,46.777801,4.743764
71500_LOUHANS -,71500,LOUHANS -,46.634818,5.235807
71210_MONTCHANIN,71210,MONTCHANIN,46.745008,4.47425
71700_PLOTTES,71700,PLOTTES,,
71110_BOURG-LE-COMTE,71110,BOURG-LE-COMTE,46.308767,3.986433
71480_CUISEAUX,71480,CUISEAUX,46.506184,5.361638
71500_LA CHAPELLE-NAUDE,71500,LA CHAPELLE-NAUDE,46.586555,5.188376
71580_LE FAY,71580,LE FAY,46.662462,5.331352
71170_CHAUFFAILLES -,71170,CHAUFFAILLES -,46.204626,4.340862
71850_CHARNAY-LES-MACON,71850,CHARNAY-LES-MACON,46.30439,4.791769
71880_CHATENOY-LE-ROYAL,71880,CHATENOY-LE-ROYAL,46.786447,4.80794
71800_LA CLAYETTE,71800,LA CLAYETTE,46.286805,4.310679
71200_LE CREUSOT,71200,LE CREUSOT,46.806421,4.426656
71370_OUROUX-SUR-SAONE,71370,OUROUX-SUR-SAONE,46.726494,4.956463
71100_SAINT-REMY,71100,SAINT-REMY,46.759413,4.829623
71610_AMANZE,71610,AMANZE,46.324778,4.241256
71450_BLANZY,71450,BLANZY,46.701647,4.393046
71460_CORMATIN,71460,CORMATIN,46.541864,4.689246
71520_DOMPIERRE-LES-ORMES,71520,DOMPIERRE-LES-ORMES,46.357283,4.482394
71110_MARCIGNY -,71110,MARCIGNY -,46.2727,4.039015
71370_OUROUX-SUR-SAONE -,71370,OUROUX-SUR-SAONE -,46.726494,4.956463
71220_SIVIGNON,71220,SIVIGNON,46.425695,4.49508
71670_SAINT-FIRMIN,71670,SAINT-FIRMIN,46.846632,4.458717
71540_LUCENAY-L'EVEQUE,71540,LUCENAY-L'EVEQUE,47.084014,4.252895
71170_CHAUFFAILLES,71170,CHAUFFAILLES,46.204626,4.340862
71240_SENNECEY-LE-GRAND,71240,SENNECEY-LE-GRAND,46.634907,4.864782
71610_DYO,71610,DYO,46.361423,4.27833
71220_SAINT-BONNET-DE-JOUX -,71220,SAINT-BONNET-DE-JOUX -,46.477174,4.443961
71460_BRESSE-SUR-GROSNE,71460,BRESSE-SUR-GROSNE,46.589771,4.728481
71460_SAINT-MAURICE-DES-CHAMPS,71460,SAINT-MAURICE-DES-CHAMPS,46.629242,4.622392
71800_SAINT-CHRISTOPHE-EN-BRIONNAIS -,71800,SAINT-CHRISTOPHE-EN-BRIONNAIS -,46.286711,4.183093
71550_ANOST,71550,ANOST,47.077602,4.107209
71220_LE ROUSSET,71220,LE ROUSSET,46.581588,4.442597
71120_CHAROLLES,71120,CHAROLLES,46.445628,4.281358
71150_DEMIGNY,71150,DEMIGNY,46.921328,4.837348
71270_FRETTERANS,71270,FRETTERANS,46.920019,5.289634
71270_FRETTERANS -,71270,FRETTERANS -,46.920019,5.289634
71340_MELAY -,71340,MELAY -,46.204806,4.013581
71290_PRETY -,71290,PRETY -,46.543971,4.940565
71290_PRETY,71290,PRETY,46.543971,4.940565
71133_SAINT-LOUP-GEANGES,71133,SAINT-LOUP-GEANGES,46.947263,4.902763
71520_TRAMAYES,71520,TRAMAYES,46.305374,4.598372
71700_UCHIZY -,71700,UCHIZY -,46.498167,4.89011
71140_MALTAT,71140,MALTAT,46.678316,3.810683
71500_SAINT-USUGE,71500,SAINT-USUGE,46.693183,5.227929
71370_SAINT-CHRISTOPHE-EN-BRESSE,71370,SAINT-CHRISTOPHE-EN-BRESSE,46.746255,4.99092
71570_ROMANECHE-THORINS -,71570,ROMANECHE-THORINS -,46.192344,4.74063
71140_CRONAT -,71140,CRONAT -,46.719678,3.687422
71400_AUTUN -,71400,AUTUN -,46.938842,4.304399
71000_MACON -,71000,MACON -,46.325859,4.810979
71300_MONTCEAU-LES-MINES -,71300,MONTCEAU-LES-MINES -,46.676942,4.358337
71250_MASSY -,71250,MASSY -,46.489724,4.674178
71120_VENDENESSE-LES-CHAROLLES,71120,VENDENESSE-LES-CHAROLLES,46.439245,4.353683
71350_VERDUN-SUR-LE-DOUBS,71350,VERDUN-SUR-LE-DOUBS,46.893057,5.022621
71100_CHALON-SUR-SAONE -,71100,CHALON-SUR-SAONE -,46.792112,4.846002
71260_AZE -,71260,AZE -,46.423865,4.750958
71690_MONT-SAINT-VINCENT,71690,MONT-SAINT-VINCENT,46.646641,4.491529
71520_MATOUR -,71520,MATOUR -,46.308684,4.483261
71570_LA CHAPELLE-DE-GUINCHAY,71570,LA CHAPELLE-DE-GUINCHAY,46.216462,4.755776
71220_SAINT-BONNET-DE-JOUX,71220,SAINT-BONNET-DE-JOUX,46.477174,4.443961
71260_PERONNE -,71260,PERONNE -,46.437222,4.803443
71960_BUSSIERES,71960,BUSSIERES,46.334681,4.709944
71240_SAINT-AMBREUIL,71240,SAINT-AMBREUIL,46.693557,4.856779
71960_DAVAYE -,71960,DAVAYE -,46.303542,4.749744
71510_SAINT-LEGER-SUR-DHEUNE,71510,SAINT-LEGER-SUR-DHEUNE,46.84863,4.637747
71450_BLANZY -,71450,BLANZY -,46.701647,4.393046
71420_PERRECY-LES-FORGES,71420,PERRECY-LES-FORGES,46.614401,4.232858
71960_BERZE-LE-CHATEL,71960,BERZE-LE-CHATEL,46.387197,4.688997
71220_VEROSVRES,71220,VEROSVRES,46.397853,4.443456
71870_LAIZE,71870,LAIZE,46.382904,4.802012
71580_SAILLENARD,71580,SAILLENARD,46.694968,5.371016
71250_CLUNY -,71250,CLUNY -,46.429596,4.66015
71380_SAINT-MARCEL,71380,SAINT-MARCEL,46.775806,4.889732
72500_CHATEAU-DU-LOIR,72500,CHATEAU-DU-LOIR,47.689512,0.41561
72210_LOUPLANDE,72210,LOUPLANDE,47.944132,0.048938
72160_CONNERRE,72160,CONNERRE,48.050393,0.469335
72100_LE MANS,72100,LE MANS,47.993378,0.191169
72300_SOLESMES,72300,SOLESMES,47.845717,-0.300289
72160_TUFFE,72160,TUFFE,48.119149,0.511884
72140_SILLE-LE-GUILLAUME,72140,SILLE-LE-GUILLAUME,48.191327,-0.132058
72130_ASSE-LE-BOISNE,72130,ASSE-LE-BOISNE,48.317275,-0.007484
72390_DOLLON,72390,DOLLON,48.036495,0.591352
72240_CONLIE,72240,CONLIE,48.120451,-0.005115
72800_LE LUDE,72800,LE LUDE,47.636782,0.151056
72400_SAINT-AUBIN-DES-COUDRAIS,72400,SAINT-AUBIN-DES-COUDRAIS,48.174261,0.582127
72120_SAINT-CALAIS,72120,SAINT-CALAIS,47.919475,0.748865
72210_LA SUZE-SUR-SARTHE,72210,LA SUZE-SUR-SARTHE,47.881391,0.023304
72440_VOLNAY,72440,VOLNAY,47.003315,4.779464
72110_BONNETABLE,72110,BONNETABLE,48.177653,0.437875
72100_LE MANS -,72100,LE MANS -,47.993378,0.191169
72400_LA FERTE-BERNARD,72400,LA FERTE-BERNARD,48.180121,0.63966
72340_LHOMME,72340,LHOMME,47.758477,0.559879
72210_FILLE,72210,FILLE,47.90297,0.118302
72270_MALICORNE-SUR-SARTHE,72270,MALICORNE-SUR-SARTHE,47.812545,-0.09815
72300_PRECIGNE,72300,PRECIGNE,47.763333,-0.31524
72300_SABLE-SUR-SARTHE,72300,SABLE-SUR-SARTHE,47.839167,-0.338763
72300_VION,72300,VION,47.813437,-0.270367
72310_BESSE-SUR-BRAYE,72310,BESSE-SUR-BRAYE,47.821046,0.738266
72190_COULAINES,72190,COULAINES,48.030875,0.208443
72800_AUBIGNE-RACAN,72800,AUBIGNE-RACAN,47.68904,0.258579
72350_BRULON,72350,BRULON,47.970609,-0.236821
72440_BOULOIRE,72440,BOULOIRE,47.970755,0.550144
72430_NOYEN-SUR-SARTHE,72430,NOYEN-SUR-SARTHE,47.861586,-0.097372
72160_THORIGNE-SUR-DUE,72160,THORIGNE-SUR-DUE,48.028859,0.520118
72230_ARNAGE,72230,ARNAGE,47.930465,0.194978
72110_COURCIVAL,72110,COURCIVAL,48.235523,0.398502
72610_BOURG-LE-ROI,72610,BOURG-LE-ROI,48.345113,0.133043
72500_JUPILLES,72500,JUPILLES,47.799896,0.408907
72230_GUECELARD,72230,GUECELARD,47.881287,0.136382
72210_ROEZE-SUR-SARTHE,72210,ROEZE-SUR-SARTHE,47.892547,0.067296
72320_VIBRAYE,72320,VIBRAYE,48.051359,0.738118
72500_MONTABON,72500,MONTABON,47.68233,0.398961
72260_RENE,72260,RENE,48.281713,0.218071
72500_VOUVRAY-SUR-LOIR,72500,VOUVRAY-SUR-LOIR,47.656712,0.398889
72800_LE LUDE -,72800,LE LUDE -,47.636782,0.151056
72700_ALLONNES,72700,ALLONNES,47.960493,0.150194
72650_LA BAZOGE,72650,LA BAZOGE,48.100298,0.151868
72370_LE BREIL-SUR-MERIZE,72370,LE BREIL-SUR-MERIZE,48.002047,0.489092
72250_CHALLES,72250,CHALLES,47.929433,0.421488
72470_CHAMPAGNE,72470,CHAMPAGNE,48.014163,0.331368
72300_LA CHAPELLE-D'ALIGNE,72300,LA CHAPELLE-D'ALIGNE,47.738347,-0.246234
72340_LA CHARTRE-SUR-LE-LOIR,72340,LA CHARTRE-SUR-LE-LOIR,47.729581,0.580089
72170_CHERANCE,72170,CHERANCE,48.283445,0.178565
72800_COULONGE,72800,COULONGE,47.694486,0.199184
72260_COURGAINS,72260,COURGAINS,48.291193,0.280785
72500_DISSAY-SOUS-COURCILLON,72500,DISSAY-SOUS-COURCILLON,47.669036,0.476666
72220_ECOMMOY,72220,ECOMMOY,47.826704,0.286829
72700_ETIVAL-LES-LE-MANS,72700,ETIVAL-LES-LE-MANS,47.96081,0.081487
72150_LE GRAND-LUCE,72150,LE GRAND-LUCE,47.873181,0.451987
72380_LA GUIERCHE,72380,LA GUIERCHE,48.117556,0.194747
72200_LA FLECHE,72200,LA FLECHE,47.69813,-0.065341
72220_LAIGNE-EN-BELIN,72220,LAIGNE-EN-BELIN,47.834982,0.218181
72320_LAMNAY,72320,LAMNAY,48.112763,0.707324
72540_LOUE,72540,LOUE,48.005907,-0.143419
72800_LUCHE-PRINGE,72800,LUCHE-PRINGE,47.701105,0.097034
72170_MEURCE,72170,MEURCE,48.235683,0.196081
72650_LA MILESSE,72650,LA MILESSE,48.06312,0.132381
72230_MONCE-EN-BELIN,72230,MONCE-EN-BELIN,47.903444,0.195999
72320_MONTMIRAIL,72320,MONTMIRAIL,48.103291,0.770308
72330_OIZE,72330,OIZE,47.803056,0.10716
72250_PARIGNE-L'EVEQUE,72250,PARIGNE-L'EVEQUE,47.930851,0.357195
72450_MONTFORT-LE-GESNOIS,72450,MONTFORT-LE-GESNOIS,48.056816,0.413168
72510_PONTVALLAIN,72510,PONTVALLAIN,47.752689,0.186713
72500_VAAS -,72500,VAAS -,47.676347,0.313776
72110_SAINT-COSME-EN-VAIRAIS,72110,SAINT-COSME-EN-VAIRAIS,48.282277,0.469112
72350_SAINT-DENIS-D'ORQUES,72350,SAINT-DENIS-D'ORQUES,48.029106,-0.288212
72380_SAINTE-JAMME-SUR-SARTHE,72380,SAINTE-JAMME-SUR-SARTHE,48.138351,0.155434
72380_SAINT-JEAN-D'ASSE,72380,SAINT-JEAN-D'ASSE,48.152786,0.129336
72320_SAINT-MAIXENT,72320,SAINT-MAIXENT,48.104045,0.647535
72220_SAINT-MARS-D'OUTILLE,72220,SAINT-MARS-D'OUTILLE,47.871442,0.323043
72150_SAINT-VINCENT-DU-LOROUER,72150,SAINT-VINCENT-DU-LOROUER,47.821671,0.487786
72460_SAVIGNE-L'EVEQUE,72460,SAVIGNE-L'EVEQUE,48.076841,0.286006
72160_SCEAUX-SUR-HUISNE,72160,SCEAUX-SUR-HUISNE,48.103986,0.581126
72290_SOULIGNE-SOUS-BALLON,72290,SOULIGNE-SOUS-BALLON,48.139418,0.237598
72700_SPAY,72700,SPAY,47.919636,0.153267
72110_TORCE-EN-VALLEE,72110,TORCE-EN-VALLEE,48.132588,0.395702
72160_BEILLE,72160,BEILLE,48.082593,0.51042
72300_AUVERS-LE-HAMON,72300,AUVERS-LE-HAMON,47.90661,-0.349127
72200_LE BAILLEUL,72200,LE BAILLEUL,47.772074,-0.164279
72110_BEAUFAY,72110,BEAUFAY,48.144262,0.356509
72150_COURDEMANCHE -,72150,COURDEMANCHE -,47.81773,0.559464
72560_CHANGE,72560,CHANGE,47.976869,0.294919
72130_GESNES-LE-GANDELIN,72130,GESNES-LE-GANDELIN,48.354303,0.023165
72210_CHEMIRE-LE-GAUDIN,72210,CHEMIRE-LE-GAUDIN,47.928406,-0.011962
72150_COURDEMANCHE,72150,COURDEMANCHE,47.81773,0.559464
72160_DUNEAU,72160,DUNEAU,48.067827,0.52484
72610_FYE,72610,FYE,48.326312,0.077455
72390_LAVARE,72390,LAVARE,48.058784,0.662293
72600_MAMERS,72600,MAMERS,48.352363,0.372747
72320_MELLERAY,72320,MELLERAY,48.097568,0.794671
72220_MARIGNE-LAILLE,72220,MARIGNE-LAILLE,47.801548,0.333325
72360_MAYET,72360,MAYET,47.762012,0.275093
72270_MEZERAY,72270,MEZERAY,47.825434,-0.037362
72220_SAINT-OUEN-EN-BELIN -,72220,SAINT-OUEN-EN-BELIN -,47.834982,0.218181
72230_MULSANNE,72230,MULSANNE,47.918943,0.248322
72390_SEMUR-EN-VALLON,72390,SEMUR-EN-VALLON,48.023141,0.656965
72320_VALENNES,72320,VALENNES,48.010383,0.811433
72360_SARCE,72360,SARCE,47.714021,0.223519
72460_SILLE-LE-PHILIPPE,72460,SILLE-LE-PHILIPPE,48.10776,0.353756
72220_TELOCHE,72220,TELOCHE,47.885649,0.277005
72240_CURES,72240,CURES,48.083408,0.019814
72400_LA CHAPELLE-DU-BOIS,72400,LA CHAPELLE-DU-BOIS,48.220566,0.591385
72260_MAROLLES-LES-BRAULTS,72260,MAROLLES-LES-BRAULTS,48.253771,0.323925
72440_SAINT-MICHEL-DE-CHAVAIGNES,72440,SAINT-MICHEL-DE-CHAVAIGNES,48.014929,0.574579
72170_SEGRIE,72170,SEGRIE,48.212536,0.01099
72110_SAINT-GEORGES-DU-ROSAY,72110,SAINT-GEORGES-DU-ROSAY,48.201795,0.51688
72320_GREEZ-SUR-ROC,72320,GREEZ-SUR-ROC,48.128632,0.832147
72500_JUPILLES -,72500,JUPILLES -,47.799896,0.408907
72130_FRESNAY-SUR-SARTHE,72130,FRESNAY-SUR-SARTHE,48.285127,0.083762
72530_YVRE-L'EVEQUE,72530,YVRE-L'EVEQUE,48.026286,0.271411
72170_BEAUMONT-SUR-SARTHE,72170,BEAUMONT-SUR-SARTHE,48.223409,0.119925
72120_SAINTE-CEROTTE,72120,SAINTE-CEROTTE,47.898201,0.684998
72430_AVOISE,72430,AVOISE,47.865436,-0.206574
72650_SAINT-SATURNIN,72650,SAINT-SATURNIN,48.054627,0.164448
72550_CHAUFOUR-NOTRE-DAME,72550,CHAUFOUR-NOTRE-DAME,48.025481,0.080912
72300_PRECIGNE -,72300,PRECIGNE -,47.763333,-0.31524
72600_NEUFCHATEL-EN-SAOSNOIS,72600,NEUFCHATEL-EN-SAOSNOIS,48.37756,0.248328
72110_NOGENT-LE-BERNARD,72110,NOGENT-LE-BERNARD,48.234617,0.49212
72190_SARGE-LES-LE-MANS,72190,SARGE-LES-LE-MANS,48.040678,0.249355
72590_SAINT-GEORGES-LE-GAULTIER,72590,SAINT-GEORGES-LE-GAULTIER,48.297042,-0.106538
72300_PARCE-SUR-SARTHE,72300,PARCE-SUR-SARTHE,47.83493,-0.198425
72610_ARCONNAY,72610,ARCONNAY,48.395284,0.084701
72200_BAZOUGES-SUR-LE-LOIR,72200,BAZOUGES-SUR-LE-LOIR,47.676841,-0.162907
72200_LA FLECHE -,72200,LA FLECHE -,47.69813,-0.065341
72600_SAINT-REMY-DU-VAL,72600,SAINT-REMY-DU-VAL,48.347109,0.250784
72270_VILLAINES-SOUS-MALICORNE,72270,VILLAINES-SOUS-MALICORNE,47.751946,-0.115895
72190_SAINT-PAVACE,72190,SAINT-PAVACE,48.040135,0.196917
72610_ARCONNAY -,72610,ARCONNAY -,48.395284,0.084701
72700_ROUILLON,72700,ROUILLON,47.995585,0.141409
72320_COURGENARD,72320,COURGENARD,48.155861,0.73341
72130_DOUILLET,72130,DOUILLET,48.272737,-0.045917
72150_VILLAINES-SOUS-LUCE,72150,VILLAINES-SOUS-LUCE,47.873992,0.507825
72470_SAINT-MARS-LA-BRIERE,72470,SAINT-MARS-LA-BRIERE,48.026709,0.377174
72240_BERNAY-EN-CHAMPAGNE,72240,BERNAY-EN-CHAMPAGNE,48.066881,-0.046312
72140_CRISSE,72140,CRISSE,48.164562,-0.064482
72450_LOMBRON,72450,LOMBRON,48.079402,0.41392
72390_LE LUART,72390,LE LUART,48.084182,0.589707
72540_AUVERS-SOUS-MONTFAUCON,72540,AUVERS-SOUS-MONTFAUCON,48.002363,-0.072121
73100_AIX-LES-BAINS,73100,AIX-LES-BAINS,45.689798,5.90966
73270_BEAUFORT,73270,BEAUFORT,45.709444,6.596867
73700_BOURG-SAINT-MAURICE,73700,BOURG-SAINT-MAURICE,45.653657,6.787531
73300_SAINT-JEAN-DE-MAURIENNE,73300,SAINT-JEAN-DE-MAURIENNE,45.267964,6.347847
73200_ALBERTVILLE,73200,ALBERTVILLE,45.671004,6.396774
73370_LE BOURGET-DU-LAC,73370,LE BOURGET-DU-LAC,45.641567,5.85833
73350_BOZEL,73350,BOZEL,45.444651,6.643565
73130_LA CHAMBRE,73130,LA CHAMBRE,45.36094,6.297809
73500_MODANE,73500,MODANE,45.194019,6.664194
73170_YENNE,73170,YENNE,45.705818,5.768384
73410_LA BIOLLE,73410,LA BIOLLE,45.756719,5.920739
73450_VALLOIRE,73450,VALLOIRE,45.136353,6.419227
73460_FRONTENEX,73460,FRONTENEX,45.633414,6.311948
73600_MOUTIERS,73600,MOUTIERS,45.485221,6.531748
73250_SAINT-PIERRE-D'ALBIGNY,73250,SAINT-PIERRE-D'ALBIGNY,45.56777,6.16162
73210_AIME,73210,AIME,45.538585,6.62575
73000_BASSENS,73000,BASSENS,45.578241,5.938341
73800_MYANS,73800,MYANS,45.517208,5.980088
73000_CHAMBERY,73000,CHAMBERY,45.583223,5.909299
73800_LES MARCHES,73800,LES MARCHES,45.502139,6.032261
73440_SAINT-MARTIN-DE-BELLEVILLE,73440,SAINT-MARTIN-DE-BELLEVILLE,45.370822,6.513781
73800_MONTMELIAN,73800,MONTMELIAN,45.502196,6.055837
73230_BARBY,73230,BARBY,45.570277,5.979693
73590_NOTRE-DAME-DE-BELLECOMBE,73590,NOTRE-DAME-DE-BELLECOMBE,45.800275,6.541834
73450_VALMEINIER,73450,VALMEINIER,45.184954,6.481698
73130_MONTAIMONT,73130,MONTAIMONT,45.374169,6.324394
73000_CHAMBERY -,73000,CHAMBERY -,45.583223,5.909299
73800_CRUET,73800,CRUET,45.528461,6.095951
73100_AIX-LES-BAINS -,73100,AIX-LES-BAINS -,45.689798,5.90966
73130_SAINT-FRANCOIS-LONGCHAMP,73130,SAINT-FRANCOIS-LONGCHAMP,45.393445,6.32164
73410_ALBENS,73410,ALBENS,45.794507,5.940959
73340_AILLON-LE-JEUNE,73340,AILLON-LE-JEUNE,45.617362,6.08522
73480_BESSANS,73480,BESSANS,45.324103,7.001179
73110_LA ROCHETTE,73110,LA ROCHETTE,45.45928,6.12591
73530_SAINT-SORLIN-D'ARVES,73530,SAINT-SORLIN-D'ARVES,45.220312,6.232889
73320_TIGNES,73320,TIGNES,45.49388,6.927293
73530_SAINT-JEAN-D'ARVES,73530,SAINT-JEAN-D'ARVES,45.204531,6.279153
73220_AIGUEBELLE,73220,AIGUEBELLE,45.542141,6.307669
73620_HAUTELUCE,73620,HAUTELUCE,45.760122,6.600999
73410_CESSENS,73410,CESSENS,45.796862,5.926636
73500_AUSSOIS,73500,AUSSOIS,45.229546,6.74217
73300_ALBIEZ-MONTROND -,73300,ALBIEZ-MONTROND -,45.204845,6.336181
73300_VILLAREMBERT,73300,VILLAREMBERT,45.244796,6.272461
73300_ALBIEZ-MONTROND,73300,ALBIEZ-MONTROND,45.204845,6.336181
73440_SAINT-MARTIN-DE-BELLEVILLE -,73440,SAINT-MARTIN-DE-BELLEVILLE -,45.370822,6.513781
73150_VAL-D'ISERE,73150,VAL-D'ISERE,45.448292,6.988649
73220_EPIERRE,73220,EPIERRE,45.451385,6.295397
73300_VILLAREMBERT -,73300,VILLAREMBERT -,45.244796,6.272461
73210_MACOT-LA-PLAGNE,73210,MACOT-LA-PLAGNE,45.538585,6.62575
73120_SAINT-BON-TARENTAISE,73120,SAINT-BON-TARENTAISE,45.383432,6.610493
73530_SAINT-SORLIN-D'ARVES -,73530,SAINT-SORLIN-D'ARVES -,45.220312,6.232889
73300_SAINT-JEAN-DE-MAURIENNE -,73300,SAINT-JEAN-DE-MAURIENNE -,45.267964,6.347847
73540_ESSERTS-BLAY,73540,ESSERTS-BLAY,45.631176,6.432506
73410_EPERSY,73410,EPERSY,45.747482,5.959336
73340_LESCHERAINES,73340,LESCHERAINES,45.709255,6.103091
73400_MARTHOD,73400,MARTHOD,45.728495,6.404479
73200_ALBERTVILLE -,73200,ALBERTVILLE -,45.671004,6.396774
73460_VERRENS-ARVEY -,73460,VERRENS-ARVEY -,45.652286,6.31315
73660_SAINT-REMY-DE-MAURIENNE,73660,SAINT-REMY-DE-MAURIENNE,45.396537,6.26704
73400_UGINE -,73400,UGINE -,45.757041,6.428945
73320_TIGNES -,73320,TIGNES -,45.49388,6.927293
73460_VERRENS-ARVEY,73460,VERRENS-ARVEY,45.652286,6.31315
73480_BESSANS -,73480,BESSANS -,45.324103,7.001179
73500_VILLARODIN-BOURGET -,73500,VILLARODIN-BOURGET -,45.203982,6.698233
73410_LA BIOLLE -,73410,LA BIOLLE -,45.756719,5.920739
73800_LES MARCHES -,73800,LES MARCHES -,45.502139,6.032261
73200_MERCURY -,73200,MERCURY -,45.679218,6.342905
73520_SAINT-BERON -,73520,SAINT-BERON -,45.505224,5.723423
73310_MOTZ,73310,MOTZ,45.915871,5.839518
74800_AMANCY,74800,AMANCY,46.072575,6.32622
74940_ANNECY-LE-VIEUX,74940,ANNECY-LE-VIEUX,45.901584,6.125296
74100_ANNEMASSE,74100,ANNEMASSE,46.189327,6.243054
74540_CHAPEIRY,74540,CHAPEIRY,45.837539,6.040959
74390_CHATEL,74390,CHATEL,46.256145,6.819082
74520_CHEVRIER,74520,CHEVRIER,46.108074,5.917066
74920_COMBLOUX,74920,COMBLOUX,45.899189,6.645607
74480_PASSY,74480,PASSY,45.925787,6.703807
74210_FAVERGES -,74210,FAVERGES -,45.737295,6.286774
74270_FRANGY,74270,FRANGY,46.017996,5.924491
74600_QUINTAL,74600,QUINTAL,45.842562,6.082542
74450_LE GRAND-BORNAND,74450,LE GRAND-BORNAND,45.95992,6.457781
74310_LES HOUCHES,74310,LES HOUCHES,45.909228,6.793151
74120_MEGEVE,74120,MEGEVE,45.843574,6.626089
74960_MEYTHET,74960,MEYTHET,45.919413,6.096378
74570_THORENS-GLIERES,74570,THORENS-GLIERES,45.994956,6.254865
74110_MORZINE,74110,MORZINE,46.182181,6.72707
74190_SAINT-GERVAIS-LES-BAINS,74190,SAINT-GERVAIS-LES-BAINS,45.872382,6.717548
74340_SAMOENS,74340,SAMOENS,46.100404,6.717103
74320_SEVRIER,74320,SEVRIER,45.860063,6.144909
74600_SEYNOD,74600,SEYNOD,45.856348,6.07648
74000_ANNECY,74000,ANNECY,45.901584,6.125296
74160_ARCHAMPS,74160,ARCHAMPS,46.131498,6.133299
74300_CLUSES,74300,CLUSES,46.064209,6.575877
74960_CRAN-GEVRIER,74960,CRAN-GEVRIER,45.896815,6.088991
74350_CRUSEILLES,74350,CRUSEILLES,46.034249,6.109958
74150_MARIGNY-SAINT-MARCEL,74150,MARIGNY-SAINT-MARCEL,45.830539,5.982286
74260_LES GETS,74260,LES GETS,46.157635,6.662303
74520_JONZIER-EPAGNY,74520,JONZIER-EPAGNY,46.071588,5.99152
74470_LULLIN,74470,LULLIN,46.278549,6.515346
74380_NANGY,74380,NANGY,46.150951,6.306181
74800_LA ROCHE-SUR-FORON,74800,LA ROCHE-SUR-FORON,46.053131,6.296247
74150_RUMILLY,74150,RUMILLY,45.855395,5.937296
74410_SAINT-JORIOZ,74410,SAINT-JORIOZ,45.825142,6.160667
74440_TANINGES,74440,TANINGES,46.123449,6.613933
74200_THONON-LES-BAINS,74200,THONON-LES-BAINS,46.3759,6.478152
74140_VEIGY-FONCENEX,74140,VEIGY-FONCENEX,46.270954,6.262687
74380_BONNE,74380,BONNE,46.171674,6.323119
74130_BONNEVILLE,74130,BONNEVILLE,46.076863,6.408097
74210_FAVERGES,74210,FAVERGES,45.737295,6.286774
74500_EVIAN-LES-BAINS,74500,EVIAN-LES-BAINS,46.391632,6.591223
74330_POISY,74330,POISY,45.920735,6.066135
74970_MARIGNIER,74970,MARIGNIER,46.097489,6.495849
74440_MIEUSSY,74440,MIEUSSY,46.136506,6.525918
74150_VALLIERES,74150,VALLIERES,45.908093,5.933841
74540_SAINT-FELIX,74540,SAINT-FELIX,45.805002,5.976999
74490_SAINT-JEOIRE,74490,SAINT-JEOIRE,46.147898,6.470145
74160_SAINT-JULIEN-EN-GENEVOIS,74160,SAINT-JULIEN-EN-GENEVOIS,46.138878,6.081754
74440_VERCHAIX,74440,VERCHAIX,46.103787,6.668
74290_VEYRIER-DU-LAC,74290,VEYRIER-DU-LAC,45.881395,6.177707
74100_AMBILLY,74100,AMBILLY,46.196169,6.223892
74370_ARGONAY,74370,ARGONAY,45.946576,6.147455
74890_BONS-EN-CHABLAIS,74890,BONS-EN-CHABLAIS,46.265523,6.360454
74400_CHAMONIX-MONT-BLANC,74400,CHAMONIX-MONT-BLANC,45.948385,6.893163
74140_CHENS-SUR-LEMAN,74140,CHENS-SUR-LEMAN,46.317444,6.264674
74250_FILLINGES,74250,FILLINGES,46.165109,6.344501
74540_CUSY,74540,CUSY,45.764529,6.017835
74240_GAILLARD,74240,GAILLARD,46.185835,6.20728
74500_PUBLIER,74500,PUBLIER,46.392551,6.542114
74380_LUCINGES,74380,LUCINGES,,
74200_LYAUD,74200,LYAUD,46.334714,6.516124
74150_MARCELLAZ-ALBANAIS,74150,MARCELLAZ-ALBANAIS,45.870322,6.003961
74140_SCIEZ,74140,SCIEZ,46.328681,6.380227
74270_MUSIEGES,74270,MUSIEGES,46.011772,5.95326
74490_ONNION,74490,ONNION,46.177997,6.493652
74930_REIGNIER-ESERY,74930,REIGNIER-ESERY,46.138374,6.267746
74800_SAINT-PIERRE-EN-FAUCIGNY,74800,SAINT-PIERRE-EN-FAUCIGNY,46.059689,6.371408
74700_SALLANCHES,74700,SALLANCHES,45.944112,6.632934
74230_THONES,74230,THONES,45.883413,6.323024
74580_VIRY,74580,VIRY,46.123037,6.033171
74250_VIUZ-EN-SALLAZ,74250,VIUZ-EN-SALLAZ,46.161588,6.403601
74520_VULBENS,74520,VULBENS,46.103772,5.940657
74360_ABONDANCE,74360,ABONDANCE,46.267835,6.726113
74540_ALBY-SUR-CHERAN,74540,ALBY-SUR-CHERAN,45.81503,6.017944
74000_ANNECY -,74000,ANNECY -,45.901584,6.125296
74330_LA BALME-DE-SILLINGY,74330,LA BALME-DE-SILLINGY,45.970942,6.032646
74160_COLLONGES-SOUS-SALEVE,74160,COLLONGES-SOUS-SALEVE,46.138819,6.151138
74380_CRANVES-SALES,74380,CRANVES-SALES,46.196608,6.304966
74210_DOUSSARD,74210,DOUSSARD,45.790486,6.217766
74140_DOUVAINE,74140,DOUVAINE,46.308639,6.29984
74910_SEYSSEL,74910,SEYSSEL,45.957251,5.8518
74200_THONON-LES-BAINS -,74200,THONON-LES-BAINS -,46.3759,6.478152
74440_MORILLON,74440,MORILLON,46.075602,6.672142
74130_LE PETIT-BORNAND-LES-GLIERES,74130,LE PETIT-BORNAND-LES-GLIERES,45.987564,6.38867
74500_SAINT-PAUL-EN-CHABLAIS,74500,SAINT-PAUL-EN-CHABLAIS,46.368249,6.637376
74950_SCIONZIER,74950,SCIONZIER,46.058873,6.549565
74520_VALLEIRY,74520,VALLEIRY,46.116119,5.970601
74100_VILLE-LA-GRAND,74100,VILLE-LA-GRAND,46.205587,6.257073
74220_LA CLUSAZ,74220,LA CLUSAZ,45.896385,6.44087
74140_EXCENEVEX,74140,EXCENEVEX,46.352561,6.347085
74150_SALES,74150,SALES,45.8774,5.961276
74250_SAINT-JEAN-DE-THOLOME,74250,SAINT-JEAN-DE-THOLOME,46.112798,6.414009
74270_CLERMONT,74270,CLERMONT,45.972246,5.909434
74210_LATHUILE,74210,LATHUILE,45.785262,6.204913
74150_THUSY,74150,THUSY,45.948256,5.964994
74150_VAULX,74150,VAULX,45.927573,5.99857
74270_CHAVANNAZ,74270,CHAVANNAZ,46.046699,6.018046
74500_LARRINGES,74500,LARRINGES,46.370412,6.585299
74500_SAINT-GINGOLPH,74500,SAINT-GINGOLPH,46.394611,6.782725
74500_MAXILLY-SUR-LEMAN -,74500,MAXILLY-SUR-LEMAN -,46.397209,6.631677
74450_SAINT-JEAN-DE-SIXT,74450,SAINT-JEAN-DE-SIXT,45.925256,6.409627
74230_MANIGOD,74230,MANIGOD,45.856774,6.381258
74360_LA CHAPELLE-D'ABONDANCE,74360,LA CHAPELLE-D'ABONDANCE,46.299493,6.791724
74290_MENTHON-SAINT-BERNARD,74290,MENTHON-SAINT-BERNARD,45.864253,6.198529
74740_SIXT-FER-A-CHEVAL,74740,SIXT-FER-A-CHEVAL,46.059656,6.791454
74300_ARACHES-LA-FRASSE,74300,ARACHES-LA-FRASSE,46.038156,6.636034
74140_BALLAISON,74140,BALLAISON,46.294498,6.345965
74470_BELLEVAUX,74470,BELLEVAUX,46.235002,6.547991
74540_CHAINAZ-LES-FRASSES,74540,CHAINAZ-LES-FRASSES,45.781044,5.993473
74700_CORDON,74700,CORDON,45.913062,6.597018
74930_PERS-JUSSY,74930,PERS-JUSSY,46.102884,6.266655
74450_LE GRAND-BORNAND -,74450,LE GRAND-BORNAND -,45.95992,6.457781
74420_HABERE-POCHE,74420,HABERE-POCHE,46.254045,6.47212
74200_MARGENCEL,74200,MARGENCEL,46.337301,6.420536
74140_MESSERY,74140,MESSERY,46.348269,6.295575
74500_THOLLON-LES-MEMISES,74500,THOLLON-LES-MEMISES,46.391165,6.714131
74420_BOEGE,74420,BOEGE,46.216793,6.39472
74950_LE REPOSOIR,74950,LE REPOSOIR,46.013938,6.532619
74450_SAINT-JEAN-DE-SIXT -,74450,SAINT-JEAN-DE-SIXT -,45.925256,6.409627
74120_MEGEVE -,74120,MEGEVE -,45.843574,6.626089
74660_VALLORCINE,74660,VALLORCINE,46.032771,6.929322
74140_YVOIRE,74140,YVOIRE,46.367324,6.329655
74140_NERNIER,74140,NERNIER,46.362529,6.305481
74160_SAINT-JULIEN-EN-GENEVOIS -,74160,SAINT-JULIEN-EN-GENEVOIS -,46.138878,6.081754
74270_MINZIER,74270,MINZIER,46.054271,5.989561
74540_GRUFFY -,74540,GRUFFY -,45.784375,6.044225
74140_SCIEZ -,74140,SCIEZ -,46.328681,6.380227
74310_SERVOZ,74310,SERVOZ,45.936758,6.763221
74470_VAILLY,74470,VAILLY,46.290921,6.542468
74200_ANTHY-SUR-LEMAN,74200,ANTHY-SUR-LEMAN,46.35388,6.425875
74170_LES CONTAMINES-MONTJOIE,74170,LES CONTAMINES-MONTJOIE,45.818776,6.724756
74250_PEILLONNEX,74250,PEILLONNEX,46.131302,6.382096
74120_PRAZ-SUR-ARLY,74120,PRAZ-SUR-ARLY,45.834748,6.568615
74340_SAMOENS -,74340,SAMOENS -,46.100404,6.717103
74290_TALLOIRES,74290,TALLOIRES,45.816905,6.231385
74700_SALLANCHES -,74700,SALLANCHES -,45.944112,6.632934
74930_PERS-JUSSY -,74930,PERS-JUSSY -,46.102884,6.266655
74800_CORNIER,74800,CORNIER,46.094092,6.296894
74380_LUCINGES -,74380,LUCINGES -,46.191881,6.324308
74300_CLUSES -,74300,CLUSES -,46.064209,6.575877
74100_ANNEMASSE -,74100,ANNEMASSE -,46.189327,6.243054
74430_SAINT-JEAN-D'AULPS,74430,SAINT-JEAN-D'AULPS,46.230335,6.656896
74540_GRUFFY,74540,GRUFFY,45.784375,6.044225
74210_SAINT-FERREOL,74210,SAINT-FERREOL,45.776585,6.309314
74330_POISY -,74330,POISY -,45.920735,6.066135
74540_HERY-SUR-ALBY,74540,HERY-SUR-ALBY,45.786243,6.007277
74600_SEYNOD -,74600,SEYNOD -,,
74800_LA ROCHE-SUR-FORON -,74800,LA ROCHE-SUR-FORON -,46.053131,6.296247
74130_CONTAMINE-SUR-ARVE,74130,CONTAMINE-SUR-ARVE,46.131281,6.337986
74500_BERNEX,74500,BERNEX,46.359041,6.673534
74370_VILLAZ,74370,VILLAZ,45.951209,6.192124
74160_NEYDENS -,74160,NEYDENS -,46.118765,6.108845
74210_SEYTHENEX,74210,SEYTHENEX,45.737295,6.286774
74480_PASSY -,74480,PASSY -,,
74290_TALLOIRES -,74290,TALLOIRES -,45.816905,6.231385
74930_SCIENTRIER,74930,SCIENTRIER,46.120944,6.31377
76730_BACQUEVILLE-EN-CAUX,76730,BACQUEVILLE-EN-CAUX,49.793665,1.002384
76730_BACQUEVILLE-EN-CAUX -,76730,BACQUEVILLE-EN-CAUX -,49.793665,1.002384
76420_BIHOREL,76420,BIHOREL,49.462037,1.127533
76850_BOSC-LE-HARD,76850,BOSC-LE-HARD,49.626898,1.181741
76400_EPREVILLE,76400,EPREVILLE,49.709065,0.370267
76380_CANTELEU,76380,CANTELEU,49.432852,1.028056
76910_CRIEL-SUR-MER,76910,CRIEL-SUR-MER,50.026911,1.317182
76200_DIEPPE,76200,DIEPPE,49.919877,1.086296
76620_LE HAVRE,76620,LE HAVRE,49.507345,0.129995
76280_GONNEVILLE-LA-MALLET,76280,GONNEVILLE-LA-MALLET,49.633017,0.214192
76170_LILLEBONNE,76170,LILLEBONNE,49.519589,0.534929
76130_MONT-SAINT-AIGNAN,76130,MONT-SAINT-AIGNAN,49.467092,1.081654
76270_NEUFCHATEL-EN-BRAY,76270,NEUFCHATEL-EN-BRAY,49.731987,1.44597
76100_ROUEN,76100,ROUEN,49.440051,1.093912
76190_YVETOT,76190,YVETOT,49.61982,0.764902
76800_SAINT-ETIENNE-DU-ROUVRAY,76800,SAINT-ETIENNE-DU-ROUVRAY,49.385269,1.087904
76890_TOTES -,76890,TOTES -,49.682056,1.041343
76980_VEULES-LES-ROSES,76980,VEULES-LES-ROSES,49.871475,0.801573
76111_YPORT,76111,YPORT,49.736246,0.314351
76730_AVREMESNIL,76730,AVREMESNIL,49.849383,0.93827
76116_BLAINVILLE-CREVON -,76116,BLAINVILLE-CREVON -,49.506267,1.293007
76500_ELBEUF,76500,ELBEUF,49.283747,0.991479
76790_ETRETAT -,76790,ETRETAT -,49.705351,0.209747
76790_ETRETAT,76790,ETRETAT,49.705351,0.209747
76740_FONTAINE-LE-DUN,76740,FONTAINE-LE-DUN,49.813258,0.843458
76440_FORGES-LES-EAUX,76440,FORGES-LES-EAUX,49.61255,1.552617
76570_FRESQUIENNES,76570,FRESQUIENNES,49.557597,1.019141
76700_HARFLEUR,76700,HARFLEUR,49.511852,0.199942
76660_LONDINIERES,76660,LONDINIERES,49.837219,1.396518
76290_MONTIVILLIERS,76290,MONTIVILLIERS,49.542715,0.18932
76520_FRANQUEVILLE-SAINT-PIERRE,76520,FRANQUEVILLE-SAINT-PIERRE,49.403115,1.180328
76570_PAVILLY,76570,PAVILLY,49.577216,0.944585
76140_LE PETIT-QUEVILLY,76140,LE PETIT-QUEVILLY,49.422225,1.059571
76320_SAINT-PIERRE-LES-ELBEUF,76320,SAINT-PIERRE-LES-ELBEUF,49.278128,1.047388
76300_SOTTEVILLE-LES-ROUEN,76300,SOTTEVILLE-LES-ROUEN,49.411721,1.093954
76720_AUFFAY,76720,AUFFAY,49.703678,1.143988
76280_CRIQUETOT-L'ESNEVAL -,76280,CRIQUETOT-L'ESNEVAL -,49.63818,0.265061
76240_BONSECOURS,76240,BONSECOURS,49.424092,1.123914
76230_BOIS-GUILLAUME,76230,BOIS-GUILLAUME,49.471783,1.118326
76640_FAUVILLE-EN-CAUX,76640,FAUVILLE-EN-CAUX,49.654027,0.596053
76400_FECAMP,76400,FECAMP,49.750369,0.396705
76320_CAUDEBEC-LES-ELBEUF,76320,CAUDEBEC-LES-ELBEUF,49.282493,1.022736
76220_LA FEUILLIE -,76220,LA FEUILLIE -,49.462677,1.518973
76530_GRAND-COURONNE,76530,GRAND-COURONNE,49.350777,1.002219
76260_EU -,76260,EU -,50.04029,1.423036
76700_GONFREVILLE-L'ORCHER,76700,GONFREVILLE-L'ORCHER,49.510805,0.226063
76220_GOURNAY-EN-BRAY,76220,GOURNAY-EN-BRAY,49.482734,1.714086
76120_LE GRAND-QUEVILLY,76120,LE GRAND-QUEVILLY,49.409806,1.043854
76330_NOTRE-DAME-DE-GRAVENCHON -,76330,NOTRE-DAME-DE-GRAVENCHON -,49.496841,0.586293
76150_MAROMME,76150,MAROMME,49.475996,1.032172
76650_PETIT-COURONNE,76650,PETIT-COURONNE,49.388268,1.03023
76890_SAINT-OUEN-DU-BREUIL,76890,SAINT-OUEN-DU-BREUIL,49.630509,1.026811
76540_SAINT-PIERRE-EN-PORT,76540,SAINT-PIERRE-EN-PORT,49.81084,0.499808
76310_SAINTE-ADRESSE,76310,SAINTE-ADRESSE,49.509498,0.078887
76410_SAINT-AUBIN-LES-ELBEUF,76410,SAINT-AUBIN-LES-ELBEUF,49.302552,1.020026
76510_SAINT-AUBIN-LE-CAUF,76510,SAINT-AUBIN-LE-CAUF,49.866993,1.178192
76460_SAINT-VALERY-EN-CAUX,76460,SAINT-VALERY-EN-CAUX,49.85859,0.712015
76490_VILLEQUIER -,76490,VILLEQUIER -,49.536389,0.640908
76390_AUMALE,76390,AUMALE,49.771602,1.747712
76360_BARENTIN,76360,BARENTIN,49.544169,0.949823
76210_BOLBEC,76210,BOLBEC,49.575224,0.483302
76630_ENVERMEU -,76630,ENVERMEU -,49.899498,1.265665
76490_CAUDEBEC-EN-CAUX,76490,CAUDEBEC-EN-CAUX,49.522832,0.753719
76560_DOUDEVILLE,76560,DOUDEVILLE,49.725499,0.784482
76620_LE HAVRE -,76620,LE HAVRE -,49.507345,0.129995
76710_MONTVILLE,76710,MONTVILLE,49.545209,1.07999
76100_ROUEN -,76100,ROUEN -,49.440051,1.093912
76116_RY,76116,RY,,
76490_SAINT-GILLES-DE-CRETOT,76490,SAINT-GILLES-DE-CRETOT,49.561272,0.648678
76280_SAINT-JOUIN-BRUNEVAL -,76280,SAINT-JOUIN-BRUNEVAL -,49.637159,0.182447
76430_SAINT-ROMAIN-DE-COLBOSC -,76430,SAINT-ROMAIN-DE-COLBOSC -,49.52998,0.364753
76470_LE TREPORT,76470,LE TREPORT,50.052962,1.375323
76210_TROUVILLE,76210,TROUVILLE,49.582241,0.598073
76250_DEVILLE-LES-ROUEN,76250,DEVILLE-LES-ROUEN,49.467911,1.050794
76520_BOOS,76520,BOOS,49.387328,1.204389
76133_EPOUVILLE,76133,EPOUVILLE,49.564476,0.230458
76290_FONTAINE-LA-MALLET,76290,FONTAINE-LA-MALLET,49.540066,0.140584
76160_DARNETAL,76160,DARNETAL,49.446433,1.151905
76700_GAINNEVILLE,76700,GAINNEVILLE,49.518053,0.25622
76280_GONNEVILLE-LA-MALLET -,76280,GONNEVILLE-LA-MALLET -,49.633017,0.214192
76810_LUNERAY,76810,LUNERAY,49.822957,0.919682
76770_LE HOULME,76770,LE HOULME,49.511116,1.037848
76590_LONGUEVILLE-SUR-SCIE,76590,LONGUEVILLE-SUR-SCIE,49.795622,1.110327
76930_OCTEVILLE-SUR-MER -,76930,OCTEVILLE-SUR-MER -,49.558463,0.121508
76510_SAINT-NICOLAS-D'ALIERMONT,76510,SAINT-NICOLAS-D'ALIERMONT,49.873627,1.236401
76750_BUCHY,76750,BUCHY,49.586782,1.341072
76450_CANY-BARVILLE,76450,CANY-BARVILLE,49.78241,0.63431
76970_GREMONVILLE,76970,GREMONVILLE,49.661653,0.826388
76160_SAINT-LEGER-DU-BOURG-DENIS,76160,SAINT-LEGER-DU-BOURG-DENIS,49.431512,1.154174
76520_SAINT-AUBIN-CELLOVILLE,76520,SAINT-AUBIN-CELLOVILLE,49.379265,1.157297
76230_QUINCAMPOIX,76230,QUINCAMPOIX,49.522397,1.175454
76190_ALLOUVILLE-BELLEFOSSE,76190,ALLOUVILLE-BELLEFOSSE,49.59109,0.665681
76450_CANY-BARVILLE -,76450,CANY-BARVILLE -,49.78241,0.63431
76340_BLANGY-SUR-BRESLE,76340,BLANGY-SUR-BRESLE,49.92377,1.626011
76460_BLOSSEVILLE,76460,BLOSSEVILLE,49.852878,0.797264
76510_DAMPIERRE-SAINT-NICOLAS,76510,DAMPIERRE-SAINT-NICOLAS,49.859089,1.201948
76630_ENVERMEU,76630,ENVERMEU,49.899498,1.265665
76440_FONTAINE-EN-BRAY,76440,FONTAINE-EN-BRAY,49.679204,1.430184
76340_FOUCARMONT,76340,FOUCARMONT,49.849986,1.569528
76700_HARFLEUR -,76700,HARFLEUR -,49.511852,0.199942
76260_LE MESNIL-REAUME,76260,LE MESNIL-REAUME,49.972585,1.4453
76270_MORTEMER,76270,MORTEMER,49.75016,1.548129
76340_NESLE-NORMANDEUSE,76340,NESLE-NORMANDEUSE,49.906331,1.672283
76350_OISSEL,76350,OISSEL,49.342654,1.082335
76260_SAINT-PIERRE-EN-VAL,76260,SAINT-PIERRE-EN-VAL,50.011854,1.440569
76580_LE TRAIT,76580,LE TRAIT,49.484162,0.802257
76450_VEULETTES-SUR-MER,76450,VEULETTES-SUR-MER,49.848146,0.586952
76880_ARQUES-LA-BATAILLE,76880,ARQUES-LA-BATAILLE,49.87759,1.129147
76340_CAMPNEUSEVILLE -,76340,CAMPNEUSEVILLE -,49.865815,1.66177
76850_BOSC-LE-HARD -,76850,BOSC-LE-HARD -,49.626898,1.181741
76260_EU,76260,EU,,
76440_FORGES-LES-EAUX -,76440,FORGES-LES-EAUX -,49.61255,1.552617
76480_DUCLAIR,76480,DUCLAIR,49.480442,0.872409
76340_REALCAMP,76340,REALCAMP,49.858804,1.618544
76680_SAINT-HELLIER -,76680,SAINT-HELLIER -,49.734121,1.188858
76480_SAINT-PIERRE-DE-VARENGEVILLE,76480,SAINT-PIERRE-DE-VARENGEVILLE,49.502961,0.925974
76430_SAINT-VIGOR-D'YMONVILLE,76430,SAINT-VIGOR-D'YMONVILLE,49.491573,0.352255
76560_SAINT-LAURENT-EN-CAUX,76560,SAINT-LAURENT-EN-CAUX,49.742175,0.889225
76119_SAINTE-MARGUERITE-SUR-MER,76119,SAINTE-MARGUERITE-SUR-MER,49.909461,0.955638
76430_SAINT-ROMAIN-DE-COLBOSC,76430,SAINT-ROMAIN-DE-COLBOSC,49.52998,0.364753
76850_SEVIS,76850,SEVIS,49.70477,1.159759
76760_YERVILLE,76760,YERVILLE,49.666639,0.892262
76570_LIMESY,76570,LIMESY,49.603293,0.923008
76470_LE TREPORT -,76470,LE TREPORT -,50.052962,1.375323
76450_OURVILLE-EN-CAUX,76450,OURVILLE-EN-CAUX,49.728167,0.600061
76730_SAANE-SAINT-JUST,76730,SAANE-SAINT-JUST,49.758081,0.926616
76340_SAINT-LEGER-AUX-BOIS,76340,SAINT-LEGER-AUX-BOIS,49.829676,1.612341
76280_CRIQUETOT-L'ESNEVAL,76280,CRIQUETOT-L'ESNEVAL,49.63818,0.265061
76450_SAINT-MARTIN-AUX-BUNEAUX,76450,SAINT-MARTIN-AUX-BUNEAUX,49.825296,0.544813
76210_BEUZEVILLE-LA-GRENIER,76210,BEUZEVILLE-LA-GRENIER,49.593522,0.426884
76560_DOUDEVILLE -,76560,DOUDEVILLE -,49.725499,0.784482
76133_MANEGLISE -,76133,MANEGLISE -,49.568109,0.256823
76540_LIMPIVILLE,76540,LIMPIVILLE,49.688002,0.499365
76440_BEAUBEC-LA-ROSIERE,76440,BEAUBEC-LA-ROSIERE,49.641166,1.519716
76590_LA CHAUSSEE,76590,LA CHAUSSEE,49.820764,1.120914
76390_AUMALE -,76390,AUMALE -,49.771602,1.747712
76380_CANTELEU -,76380,CANTELEU -,49.432852,1.028056
76240_BELBEUF,76240,BELBEUF,49.382725,1.140993
76111_CRIQUEBEUF-EN-CAUX -,76111,CRIQUEBEUF-EN-CAUX -,49.739383,0.335424
76570_PAVILLY -,76570,PAVILLY -,49.577216,0.944585
76910_TOUFFREVILLE-SUR-EU -,76910,TOUFFREVILLE-SUR-EU -,49.995499,1.334892
76380_VAL-DE-LA-HAYE,76380,VAL-DE-LA-HAYE,49.38351,1.002903
76390_VIEUX-ROUEN-SUR-BRESLE,76390,VIEUX-ROUEN-SUR-BRESLE,49.835992,1.716925
76190_YVETOT -,76190,YVETOT -,49.61982,0.764902
76720_AUFFAY -,76720,AUFFAY -,49.703678,1.143988
76810_GREUVILLE,76810,GREUVILLE,49.808649,0.911986
76200_DIEPPE -,76200,DIEPPE -,49.919877,1.086296
76300_SOTTEVILLE-LES-ROUEN -,76300,SOTTEVILLE-LES-ROUEN -,49.411721,1.093954
76740_LE BOURG-DUN,76740,LE BOURG-DUN,49.875512,0.900799
76410_CLEON -,76410,CLEON -,49.315466,1.039203
76150_MAROMME -,76150,MAROMME -,49.475996,1.032172
76910_CRIEL-SUR-MER -,76910,CRIEL-SUR-MER -,50.026911,1.317182
76480_JUMIEGES,76480,JUMIEGES,49.421621,0.826187
76460_SAINT-VALERY-EN-CAUX -,76460,SAINT-VALERY-EN-CAUX -,49.85859,0.712015
76940_LA MAILLERAYE-SUR-SEINE,76940,LA MAILLERAYE-SUR-SEINE,49.475923,0.763901
76110_ECRAINVILLE -,76110,ECRAINVILLE -,49.648924,0.311771
76110_BREAUTE,76110,BREAUTE,49.621204,0.398791
76560_HERICOURT-EN-CAUX,76560,HERICOURT-EN-CAUX,49.699257,0.703831
76310_SAINTE-ADRESSE -,76310,SAINTE-ADRESSE -,49.509498,0.078887
76490_SAINT-WANDRILLE-RANCON,76490,SAINT-WANDRILLE-RANCON,49.526724,0.759007
76390_CRIQUIERS,76390,CRIQUIERS,49.678803,1.68788
76210_GRUCHET-LE-VALASSE,76210,GRUCHET-LE-VALASSE,49.551491,0.492499
76890_TOTES,76890,TOTES,49.682056,1.041343
76790_LES LOGES,76790,LES LOGES,49.701877,0.29019
76480_SAINT-PAER,76480,SAINT-PAER,49.51731,0.889206
76930_OCTEVILLE-SUR-MER,76930,OCTEVILLE-SUR-MER,49.558463,0.121508
79140_CERIZAY,79140,CERIZAY,46.819513,-0.677118
79000_NIORT -,79000,NIORT -,46.327232,-0.466291
79170_BRIOUX-SUR-BOUTONNE,79170,BRIOUX-SUR-BOUTONNE,46.140327,-0.218882
79170_PERIGNE,79170,PERIGNE,46.189404,-0.248241
79160_COULONGES-SUR-L'AUTIZE,79160,COULONGES-SUR-L'AUTIZE,46.479024,-0.603051
79390_LA FERRIERE-EN-PARTHENAY,79390,LA FERRIERE-EN-PARTHENAY,46.652561,-0.079613
79130_SECONDIGNY,79130,SECONDIGNY,46.61817,-0.434394
79600_AIRVAULT,79600,AIRVAULT,46.826345,-0.154207
79300_BRESSUIRE,79300,BRESSUIRE,46.85769,-0.478366
79510_COULON -,79510,COULON -,46.33608,-0.587495
79200_PARTHENAY,79200,PARTHENAY,46.644061,-0.240067
79600_SAINT-LOUP-LAMAIRE,79600,SAINT-LOUP-LAMAIRE,46.775815,-0.157721
79400_SAINT-MAIXENT-L'ECOLE,79400,SAINT-MAIXENT-L'ECOLE,46.412912,-0.206888
79320_MONCOUTANT,79320,MONCOUTANT,46.712132,-0.596779
79180_CHAURAY,79180,CHAURAY,46.357055,-0.388829
79160_FENIOUX,79160,FENIOUX,46.542512,-0.495285
79300_BOISME,79300,BOISME,46.776914,-0.437269
79120_LEZAY,79120,LEZAY,46.269119,-0.026484
79210_USSEAU,79210,USSEAU,46.193632,-0.66426
79510_COULON,79510,COULON,46.33608,-0.587495
79290_SAINT-MARTIN-DE-SANZAY,79290,SAINT-MARTIN-DE-SANZAY,47.065519,-0.198217
79380_LA FORET-SUR-SEVRE -,79380,LA FORET-SUR-SEVRE -,46.758374,-0.643634
79400_AZAY-LE-BRULE,79400,AZAY-LE-BRULE,46.405726,-0.272061
79700_MAULEON,79700,MAULEON,46.931266,-0.755166
79260_LA CRECHE,79260,LA CRECHE,46.367826,-0.305569
79300_BRESSUIRE -,79300,BRESSUIRE -,46.85769,-0.478366
79240_LE BUSSEAU -,79240,LE BUSSEAU -,46.580371,-0.594639
79300_SAINT-AUBIN-DU-PLAIN -,79300,SAINT-AUBIN-DU-PLAIN -,46.923725,-0.474164
79100_THOUARS,79100,THOUARS,46.981613,-0.233224
79200_CHATILLON-SUR-THOUET,79200,CHATILLON-SUR-THOUET,46.665698,-0.252174
79190_SAUZE-VAUSSAIS,79190,SAUZE-VAUSSAIS,46.134705,0.107203
79240_LE BUSSEAU,79240,LE BUSSEAU,46.580371,-0.594639
79800_EXOUDUN -,79800,EXOUDUN -,46.33729,-0.063327
79190_SAUZE-VAUSSAIS -,79190,SAUZE-VAUSSAIS -,46.134705,0.107203
79130_AZAY-SUR-THOUET,79130,AZAY-SUR-THOUET,46.621811,-0.353859
79800_PAMPROUX,79800,PAMPROUX,46.401151,-0.048885
79410_SAINT-MAXIRE,79410,SAINT-MAXIRE,46.397095,-0.477493
79340_VASLES -,79340,VASLES -,46.57229,-0.059985
79160_BECELEUF,79160,BECELEUF,46.477377,-0.505336
79000_NIORT,79000,NIORT,46.327232,-0.466291
79140_CERIZAY -,79140,CERIZAY -,46.819513,-0.677118
79150_ARGENTON-LES-VALLEES -,79150,ARGENTON-LES-VALLEES -,46.978536,-0.45879
79100_LOUZY -,79100,LOUZY -,47.016813,-0.184192
79250_NUEIL-LES-AUBIERS,79250,NUEIL-LES-AUBIERS,46.940569,-0.607222
79290_ARGENTON-L'EGLISE,79290,ARGENTON-L'EGLISE,47.058629,-0.255727
79270_EPANNES,79270,EPANNES,46.227579,-0.589388
79130_LE BEUGNON,79130,LE BEUGNON,46.596292,-0.497341
79450_FENERY,79450,FENERY,46.684851,-0.360839
79100_SAINTE-VERGE -,79100,SAINTE-VERGE -,47.012056,-0.214287
79100_SAINTE-VERGE,79100,SAINTE-VERGE,47.012056,-0.214287
79150_SAINT-CLEMENTIN,79150,SAINT-CLEMENTIN,46.943628,-0.514356
79100_MAUZE-THOUARSAIS -,79100,MAUZE-THOUARSAIS -,47.012873,-0.272562
80250_AILLY-SUR-NOYE,80250,AILLY-SUR-NOYE,49.755709,2.373207
80440_BLANGY-TRONVILLE,80440,BLANGY-TRONVILLE,49.875292,2.422996
80730_DREUIL-LES-AMIENS,80730,DREUIL-LES-AMIENS,49.914663,2.232241
80700_LIANCOURT-FOSSE,80700,LIANCOURT-FOSSE,49.754679,2.814782
80132_ABBEVILLE,80132,ABBEVILLE,50.150702,1.817057
80690_AILLY-LE-HAUT-CLOCHER,80690,AILLY-LE-HAUT-CLOCHER,50.077849,1.998721
80310_HANGEST-SUR-SOMME,80310,HANGEST-SUR-SOMME,49.979813,2.062368
80870_MOYENNEVILLE,80870,MOYENNEVILLE,50.074158,1.75279
80700_ROYE,80700,ROYE,49.698122,2.781098
80700_TILLOLOY -,80700,TILLOLOY -,49.643951,2.748237
80300_ALBERT,80300,ALBERT,50.002051,2.653772
80470_AILLY-SUR-SOMME,80470,AILLY-SUR-SOMME,49.921305,2.198152
80220_GAMACHES,80220,GAMACHES,49.985918,1.556299
80600_BOUQUEMAISON,80600,BOUQUEMAISON,50.213315,2.341055
80800_CORBIE,80800,CORBIE,49.912251,2.50516
80200_PERONNE,80200,PERONNE,49.927386,2.925254
80120_RUE,80120,RUE,50.276655,1.662978
80135_SAINT-RIQUIER,80135,SAINT-RIQUIER,50.131233,1.940802
80540_MOLLIENS-DREUIL,80540,MOLLIENS-DREUIL,49.886503,2.023228
80700_BEUVRAIGNES,80700,BEUVRAIGNES,49.642305,2.766496
80340_BRAY-SUR-SOMME,80340,BRAY-SUR-SOMME,49.941864,2.716542
80880_SAINT-QUENTIN-LA-MOTTE-CROIX-AU-BAILLY,80880,SAINT-QUENTIN-LA-MOTTE-CROIX-AU-BAILLY,50.072542,1.449201
80150_CRECY-EN-PONTHIEU,80150,CRECY-EN-PONTHIEU,50.246042,1.873489
80780_SAINT-LEGER-LES-DOMART,80780,SAINT-LEGER-LES-DOMART,50.048985,2.133082
80090_AMIENS -,80090,AMIENS -,49.903041,2.292605
80090_AMIENS,80090,AMIENS,49.903041,2.292605
80790_FORT-MAHON-PLAGE,80790,FORT-MAHON-PLAGE,50.340457,1.5659
80500_MONTDIDIER,80500,MONTDIDIER,49.646548,2.570061
80132_DRUCAT,80132,DRUCAT,50.1472,1.866135
80110_MEZIERES-EN-SANTERRE,80110,MEZIERES-EN-SANTERRE,49.787593,2.556351
80700_LAUCOURT,80700,LAUCOURT,49.674712,2.760804
80670_CANAPLES,80670,CANAPLES,50.056067,2.21695
80300_MAMETZ,80300,MAMETZ,49.995851,2.739231
80260_RAINNEVILLE,80260,RAINNEVILLE,49.972526,2.355321
80240_ROISEL,80240,ROISEL,49.947229,3.101314
80310_SOUES,80310,SOUES,49.956911,2.055086
80560_BUS-LES-ARTOIS,80560,BUS-LES-ARTOIS,50.103492,2.542387
80610_BETTENCOURT-SAINT-OUEN,80610,BETTENCOURT-SAINT-OUEN,50.029588,2.115752
80440_BOVES,80440,BOVES,49.849782,2.376974
80132_BUIGNY-SAINT-MACLOU,80132,BUIGNY-SAINT-MACLOU,50.150194,1.817274
80360_COMBLES,80360,COMBLES,50.009835,2.866389
80160_CONTY,80160,CONTY,49.747941,2.151191
80570_DARGNIES,80570,DARGNIES,50.041611,1.526097
80120_DOMINOIS,80120,DOMINOIS,50.335709,1.846954
80980_DOMPIERRE-BECQUINCOURT,80980,DOMPIERRE-BECQUINCOURT,49.907633,2.803377
80600_DOULLENS,80600,DOULLENS,50.16229,2.351045
80400_EPPEVILLE,80400,EPPEVILLE,49.735269,3.049545
80210_FEUQUIERES-EN-VIMEU,80210,FEUQUIERES-EN-VIMEU,50.06118,1.603715
80390_FRESSENNEVILLE,80390,FRESSENNEVILLE,50.068009,1.571813
80130_FRIVILLE-ESCARBOTIN,80130,FRIVILLE-ESCARBOTIN,50.086363,1.542594
80260_HERISSART,80260,HERISSART,50.027437,2.417077
80140_HUPPY,80140,HUPPY,50.029615,1.756658
80510_LONG,80510,LONG,50.034429,1.982137
80330_LONGUEAU,80330,LONGUEAU,49.87055,2.362139
80720_MARCELCAVE,80720,MARCELCAVE,49.850541,2.573746
80350_MERS-LES-BAINS,80350,MERS-LES-BAINS,50.065479,1.395233
80310_PICQUIGNY,80310,PICQUIGNY,49.942762,2.144347
80290_POIX-DE-PICARDIE,80290,POIX-DE-PICARDIE,49.761537,1.973396
80230_SAINT-VALERY-SUR-SOMME,80230,SAINT-VALERY-SUR-SOMME,50.17511,1.631979
80270_AIRAINES,80270,AIRAINES,49.968574,1.936719
80800_AUBIGNY,80800,AUBIGNY,49.899442,2.475583
80460_AULT,80460,AULT,50.098547,1.443659
80410_CAYEUX-SUR-MER,80410,CAYEUX-SUR-MER,50.192156,1.519656
80130_FRIVILLE-ESCARBOTIN -,80130,FRIVILLE-ESCARBOTIN -,50.086363,1.542594
80210_CHEPY,80210,CHEPY,50.065289,1.639929
80550_LE CROTOY,80550,LE CROTOY,50.241198,1.617842
80260_NAOURS,80260,NAOURS,50.033587,2.278403
80420_FLIXECOURT,80420,FLIXECOURT,50.015907,2.071713
80400_HAM,80400,HAM,49.746377,3.08118
80600_OCCOCHES,80600,OCCOCHES,50.17419,2.271181
80110_MOREUIL,80110,MOREUIL,49.778513,2.474414
80190_NESLE,80190,NESLE,49.757781,2.912046
80240_NURLU,80240,NURLU,50.006074,3.019753
80560_SAINT-LEGER-LES-AUTHIE,80560,SAINT-LEGER-LES-AUTHIE,50.125863,2.509973
80140_SENARPONT,80140,SENARPONT,49.892874,1.718321
80260_VILLERS-BOCAGE,80260,VILLERS-BOCAGE,49.999258,2.314755
80400_MUILLE-VILLETTE,80400,MUILLE-VILLETTE,49.728036,3.064335
80410_CAYEUX-SUR-MER -,80410,CAYEUX-SUR-MER -,50.192156,1.519656
80540_BOUGAINVILLE,80540,BOUGAINVILLE,49.869937,2.042328
80370_CONTEVILLE,80370,CONTEVILLE,50.177566,2.072917
80360_HARDECOURT-AUX-BOIS,80360,HARDECOURT-AUX-BOIS,49.989763,2.81733
80113_HEILLY,80113,HEILLY,49.949358,2.538511
80320_PUZEAUX,80320,PUZEAUX,49.798316,2.820867
80160_ESSERTAUX -,80160,ESSERTAUX -,49.74091,2.244426
80113_HEILLY -,80113,HEILLY -,49.949358,2.538511
80830_L'ETOILE,80830,L'ETOILE,50.022305,2.044322
80240_NURLU -,80240,NURLU -,50.006074,3.019753
80620_RIBEAUCOURT,80620,RIBEAUCOURT,50.112899,2.120247
80580_BRAY-LES-MAREUIL,80580,BRAY-LES-MAREUIL,50.05417,1.858562
80260_RUBEMPRE,80260,RUBEMPRE,50.01747,2.377834
80510_FONTAINE-SUR-SOMME -,80510,FONTAINE-SUR-SOMME -,50.031684,1.945791
80140_BERMESNIL,80140,BERMESNIL,49.896131,1.740032
80250_FOLLEVILLE,80250,FOLLEVILLE,49.676255,2.365227
80800_LAHOUSSOYE,80800,LAHOUSSOYE,49.951899,2.481889
80210_OCHANCOURT,80210,OCHANCOURT,50.103057,1.6137
80370_BEALCOURT,80370,BEALCOURT,50.204943,2.184476
80260_FRECHENCOURT,80260,FRECHENCOURT,49.967394,2.441947
80110_BERTEAUCOURT-LES-THENNES,80110,BERTEAUCOURT-LES-THENNES,49.816693,2.466033
80230_BOISMONT,80230,BOISMONT,50.154635,1.676505
80800_FOUILLOY,80800,FOUILLOY,49.899256,2.502689
80690_FRANCIERES,80690,FRANCIERES,50.072381,1.941322
80760_MOISLAINS,80760,MOISLAINS,49.989509,2.965168
80320_ABLAINCOURT-PRESSOIR,80320,ABLAINCOURT-PRESSOIR,49.838143,2.821046
80440_GLISY,80440,GLISY,49.870852,2.383911
80300_MIRAUMONT,80300,MIRAUMONT,50.093348,2.730217
80520_WOINCOURT -,80520,WOINCOURT -,50.06488,1.537786
80430_LIOMER,80430,LIOMER,49.856464,1.816081
80160_LOEUILLY,80160,LOEUILLY,49.744122,2.158328
80300_ALBERT -,80300,ALBERT -,50.002051,2.653772
80190_NESLE -,80190,NESLE -,49.757781,2.912046
80260_BERTANGLES,80260,BERTANGLES,49.969875,2.296066
80132_GRAND-LAVIERS,80132,GRAND-LAVIERS,50.128753,1.785077
80230_LANCHERES,80230,LANCHERES,50.157445,1.548981
80640_DROMESNIL,80640,DROMESNIL,49.880548,1.869351
80132_ABBEVILLE -,80132,ABBEVILLE -,50.150702,1.817057
80500_WARSY,80500,WARSY,49.700975,2.648031
80300_BOUZINCOURT -,80300,BOUZINCOURT -,50.024571,2.610127
80680_GRATTEPANCHE -,80680,GRATTEPANCHE -,49.787517,2.293155
80240_TINCOURT-BOUCLY,80240,TINCOURT-BOUCLY,49.938802,3.04569
80590_GAUVILLE,80590,GAUVILLE,49.781408,1.784535
80480_SALOUEL,80480,SALOUEL,49.867536,2.23318
80800_HAMELET,80800,HAMELET,49.905545,2.529211
80126_THIEULLOY-L'ABBAYE,80126,THIEULLOY-L'ABBAYE,49.826643,1.942139
80370_BEAUMETZ,80370,BEAUMETZ,50.140524,2.120986
80800_CERISY,80800,CERISY,49.904621,2.632759
80390_NIBAS,80390,NIBAS,50.094046,1.584344
80360_SAILLY-SAILLISEL,80360,SAILLY-SAILLISEL,50.028527,2.916783
80260_BEAUCOURT-SUR-L'HALLUE,80260,BEAUCOURT-SUR-L'HALLUE,49.986896,2.444822
80500_REMAUGIES,80500,REMAUGIES,49.627638,2.665993
80170_BAYONVILLERS,80170,BAYONVILLERS,49.862004,2.628431
80630_BEAUVAL,80630,BEAUVAL,50.097038,2.32985
80360_CURLU,80360,CURLU,49.964557,2.81342
80120_FAVIERES,80120,FAVIERES,50.238663,1.67506
80700_DAMERY,80700,DAMERY,49.731884,2.742968
80480_DURY,80480,DURY,49.858514,2.274577
80520_MENESLIES,80520,MENESLIES,50.058319,1.499318
80400_DOUILLY,80400,DOUILLY,49.791489,3.062472
80200_ESTREES-DENIECOURT,80200,ESTREES-DENIECOURT,49.863249,2.820846
80520_YZENGREMER,80520,YZENGREMER,50.061976,1.520832
80620_DOMQUEUR,80620,DOMQUEUR,50.11414,2.044128
80320_LIHONS,80320,LIHONS,49.824348,2.76573
80260_POULAINVILLE,80260,POULAINVILLE,49.95595,2.308018
80620_BERNEUIL,80620,BERNEUIL,50.093833,2.172452
80340_CAPPY,80340,CAPPY,49.927856,2.753884
80310_LA CHAUSSEE-TIRANCOURT,80310,LA CHAUSSEE-TIRANCOURT,49.953782,2.151386
80570_EMBREVILLE,80570,EMBREVILLE,50.028226,1.543555
80380_GENTELLES,80380,GENTELLES,49.843523,2.454602
81000_ALBI,81000,ALBI,43.930374,2.136314
81800_COUFOULEUX,81800,COUFOULEUX,43.80473,1.727721
81140_CAHUZAC-SUR-VERE,81140,CAHUZAC-SUR-VERE,43.986556,1.916406
81500_LAVAUR,81500,LAVAUR,43.696939,1.816159
81450_LE GARRIC,81450,LE GARRIC,44.007385,2.179079
81500_LABASTIDE-SAINT-GEORGES,81500,LABASTIDE-SAINT-GEORGES,43.699387,1.841832
81200_MAZAMET,81200,MAZAMET,43.466271,2.370426
81700_PUYLAURENS,81700,PUYLAURENS,43.587996,2.013876
81120_REALMONT,81120,REALMONT,43.777398,2.189465
81630_SALVAGNAC,81630,SALVAGNAC,43.913968,1.692503
81200_AUSSILLON,81200,AUSSILLON,43.500037,2.363226
81100_CASTRES,81100,CASTRES,43.609392,2.245482
81500_FIAC,81500,FIAC,43.695955,1.910499
81300_GRAULHET,81300,GRAULHET,43.762721,1.992478
81210_ROQUECOURBE,81210,ROQUECOURBE,43.670138,2.269888
81600_SENOUILLAC,81600,SENOUILLAC,43.945115,1.946969
81500_TEULAT,81500,TEULAT,43.637865,1.709294
81570_CUQ,81570,CUQ,43.648479,2.08215
81170_DONNAZAC,81170,DONNAZAC,44.015123,1.946667
81600_GAILLAC,81600,GAILLAC,43.910024,1.890514
81400_CARMAUX,81400,CARMAUX,44.053075,2.166445
81380_LESCURE-D'ALBIGEOIS,81380,LESCURE-D'ALBIGEOIS,43.962938,2.185909
81310_PARISOT,81310,PARISOT,43.80253,1.839201
81210_LACROUZETTE,81210,LACROUZETTE,43.663633,2.360208
81440_LAUTREC,81440,LAUTREC,43.707123,2.129215
81400_ROSIERES,81400,ROSIERES,44.041627,2.195615
81710_SAIX,81710,SAIX,43.582851,2.174421
81530_VIANE,81530,VIANE,43.755135,2.600965
81100_BURLATS,81100,BURLATS,43.624195,2.329356
81260_BRASSAC,81260,BRASSAC,43.623408,2.498979
81600_BRENS,81600,BRENS,43.887396,1.917203
81170_CORDES-SUR-CIEL,81170,CORDES-SUR-CIEL,44.07037,1.957461
81320_NAGES,81320,NAGES,43.656918,2.765113
81330_SAINT-PIERRE-DE-TRIVISY,81330,SAINT-PIERRE-DE-TRIVISY,43.744766,2.446734
81230_LACAUNE,81230,LACAUNE,43.703218,2.692335
81150_LAGRAVE,81150,LAGRAVE,43.895222,1.989265
81310_LISLE-SUR-TARN,81310,LISLE-SUR-TARN,43.885504,1.791323
81500_SAINT-LIEUX-LES-LAVAUR,81500,SAINT-LIEUX-LES-LAVAUR,43.754418,1.750854
81430_VILLEFRANCHE-D'ALBIGEOIS,81430,VILLEFRANCHE-D'ALBIGEOIS,43.899552,2.323903
81390_BRIATEXTE,81390,BRIATEXTE,43.746131,1.922722
81160_SAINT-JUERY,81160,SAINT-JUERY,43.941355,2.215934
81260_ANGLES,81260,ANGLES,43.537309,2.584604
81250_CURVALLE,81250,CURVALLE,43.916034,2.506739
81990_CUNAC,81990,CUNAC,43.92783,2.226103
81340_SAINT-JULIEN-GAULENE,81340,SAINT-JULIEN-GAULENE,43.998865,2.338245
81160_ARTHES,81160,ARTHES,43.963189,2.218381
81530_LE MASNAU-MASSUGUIES,81530,LE MASNAU-MASSUGUIES,43.805677,2.537646
81250_ALBAN,81250,ALBAN,43.886901,2.458798
81260_BRASSAC -,81260,BRASSAC -,43.623408,2.498979
81190_PAMPELONNE,81190,PAMPELONNE,44.107337,2.248914
81190_TANUS,81190,TANUS,44.100053,2.306826
81600_RIVIERES,81600,RIVIERES,43.913689,1.963588
81000_ALBI -,81000,ALBI -,43.930374,2.136314
81580_CAMBOUNET-SUR-LE-SOR,81580,CAMBOUNET-SUR-LE-SOR,43.577782,2.12171
81220_SAINT-PAUL-CAP-DE-JOUX,81220,SAINT-PAUL-CAP-DE-JOUX,43.632603,1.994193
81400_SAINT-BENOIT-DE-CARMAUX -,81400,SAINT-BENOIT-DE-CARMAUX -,44.053804,2.128197
81600_SENOUILLAC -,81600,SENOUILLAC -,43.945115,1.946969
81540_SOREZE,81540,SOREZE,43.452541,2.050564
81340_ASSAC,81340,ASSAC,43.975626,2.439954
81600_FENOLS -,81600,FENOLS -,43.846771,2.05364
81540_LES CAMMAZES,81540,LES CAMMAZES,43.406442,2.081994
81310_PEYROLE,81310,PEYROLE,43.821248,1.914867
81400_BLAYE-LES-MINES -,81400,BLAYE-LES-MINES -,44.036673,2.148714
81450_LE GARRIC -,81450,LE GARRIC -,44.007385,2.179079
81110_DOURGNE,81110,DOURGNE,43.485575,2.136442
81170_MILHARS,81170,MILHARS,44.124807,1.875327
81320_MURAT-SUR-VEBRE,81320,MURAT-SUR-VEBRE,43.692263,2.854098
81330_VABRE,81330,VABRE,43.706803,2.429654
81140_CASTELNAU-DE-MONTMIRAL,81140,CASTELNAU-DE-MONTMIRAL,43.965179,1.817042
81310_LISLE-SUR-TARN -,81310,LISLE-SUR-TARN -,43.885504,1.791323
81800_MEZENS -,81800,MEZENS -,43.78938,1.66851
81330_SAINT-PIERRE-DE-TRIVISY -,81330,SAINT-PIERRE-DE-TRIVISY -,43.744766,2.446734
81340_TREBAS,81340,TREBAS,43.949743,2.486305
81130_MAILHOC,81130,MAILHOC,44.004362,2.076928
81990_LE SEQUESTRE -,81990,LE SEQUESTRE -,43.911063,2.10594
81210_MONTFA,81210,MONTFA,43.699022,2.236528
81540_LES CAMMAZES -,81540,LES CAMMAZES -,43.406442,2.081994
81130_VILLENEUVE-SUR-VERE,81130,VILLENEUVE-SUR-VERE,44.002258,2.031147
81600_TECOU -,81600,TECOU -,43.8438,1.935462
81710_SAIX -,81710,SAIX -,43.582851,2.174421
81200_MAZAMET -,81200,MAZAMET -,43.466271,2.370426
81370_SAINT-SULPICE -,81370,SAINT-SULPICE -,43.764404,1.690139
81300_GRAULHET -,81300,GRAULHET -,43.762721,1.992478
81470_CUQ-TOULZA,81470,CUQ-TOULZA,43.565978,1.875583
81300_BUSQUE,81300,BUSQUE,43.783527,1.954571
81240_SAINT-AMANS-SOULT,81240,SAINT-AMANS-SOULT,43.473822,2.475141
81990_CARLUS -,81990,CARLUS -,43.884682,2.107523
81600_GAILLAC -,81600,GAILLAC -,43.910024,1.890514
81440_VENES,81440,VENES,43.733135,2.189898
81220_SERVIES,81220,SERVIES,43.661671,2.028272
81500_GIROUSSENS -,81500,GIROUSSENS -,43.762799,1.796398
81660_PONT-DE-LARN,81660,PONT-DE-LARN,43.524058,2.396277
81700_BLAN -,81700,BLAN -,43.524884,2.02681
82340_AUVILLAR,82340,AUVILLAR,44.066895,0.88927
82170_GRISOLLES,82170,GRISOLLES,43.820389,1.293516
82100_LABASTIDE-DU-TEMPLE,82100,LABASTIDE-DU-TEMPLE,44.078053,1.19367
82250_LAGUEPIE,82250,LAGUEPIE,44.148408,1.966603
82110_LAUZERTE,82110,LAUZERTE,44.264326,1.117199
82220_MOLIERES,82220,MOLIERES,44.197195,1.384964
82000_MONTAUBAN,82000,MONTAUBAN,44.01984,1.363799
82240_SEPTFONDS,82240,SEPTFONDS,44.17979,1.620188
82100_CASTELSARRASIN,82100,CASTELSARRASIN,44.048086,1.13193
82110_CAZES-MONDENARD,82110,CAZES-MONDENARD,44.216409,1.217884
82360_LAMAGISTERE,82360,LAMAGISTERE,44.12668,0.825432
82000_MONTAUBAN -,82000,MONTAUBAN -,44.01984,1.363799
82170_BESSENS,82170,BESSENS,43.883903,1.270256
82300_CAUSSADE,82300,CAUSSADE,44.157151,1.545108
82200_MOISSAC,82200,MOISSAC,44.121159,1.109159
82120_LAVIT,82120,LAVIT,43.960532,0.925994
82700_MONTECH,82700,MONTECH,43.951458,1.230378
82410_SAINT-ETIENNE-DE-TULMONT,82410,SAINT-ETIENNE-DE-TULMONT,44.047238,1.46114
82500_BEAUMONT-DE-LOMAGNE,82500,BEAUMONT-DE-LOMAGNE,43.88374,0.99516
82800_BRUNIQUEL,82800,BRUNIQUEL,44.053351,1.651932
82160_CAYLUS,82160,CAYLUS,44.229312,1.768552
82700_CORDES-TOLOSANNES,82700,CORDES-TOLOSANNES,43.985043,1.139546
82290_LACOURT-SAINT-PIERRE,82290,LACOURT-SAINT-PIERRE,43.984601,1.281199
82150_MONTAIGU-DE-QUERCY,82150,MONTAIGU-DE-QUERCY,44.345573,1.031583
82440_REALVILLE,82440,REALVILLE,44.1216,1.482392
82210_ANGEVILLE,82210,ANGEVILLE,43.99928,1.032219
82710_BRESSOLS,82710,BRESSOLS,43.949693,1.320188
82190_BOURG-DE-VISA,82190,BOURG-DE-VISA,44.254874,0.959144
82800_NEGREPELISSE,82800,NEGREPELISSE,44.06457,1.5463
82150_ROQUECOR,82150,ROQUECOR,44.319667,0.944665
82140_SAINT-ANTONIN-NOBLE-VAL,82140,SAINT-ANTONIN-NOBLE-VAL,44.151604,1.745793
82110_LAUZERTE -,82110,LAUZERTE -,44.264326,1.117199
82440_MIRABEL,82440,MIRABEL,44.141451,1.419732
82160_PARISOT,82160,PARISOT,44.253003,1.869755
82190_LACOUR,82190,LACOUR,44.281235,0.97019
82170_DIEUPENTALE -,82170,DIEUPENTALE -,43.866268,1.277254
82370_LABASTIDE-SAINT-PIERRE -,82370,LABASTIDE-SAINT-PIERRE -,43.920361,1.346429
82230_MONCLAR-DE-QUERCY -,82230,MONCLAR-DE-QUERCY -,43.98186,1.584821
82100_SAINT-AIGNAN,82100,SAINT-AIGNAN,44.018764,1.069779
82150_BELVEZE,82150,BELVEZE,44.33019,1.095061
82370_LABASTIDE-SAINT-PIERRE,82370,LABASTIDE-SAINT-PIERRE,43.920361,1.346429
82600_SAINT-SARDOS,82600,SAINT-SARDOS,43.899775,1.126469
82800_MONTRICOUX -,82800,MONTRICOUX -,44.09315,1.612756
82130_LAMOTHE-CAPDEVILLE -,82130,LAMOTHE-CAPDEVILLE -,44.091976,1.383624
82290_LA VILLE-DIEU-DU-TEMPLE,82290,LA VILLE-DIEU-DU-TEMPLE,44.042266,1.221244
82440_MIRABEL -,82440,MIRABEL -,44.141451,1.419732
82340_SAINT-LOUP -,82340,SAINT-LOUP -,44.084693,0.851274
82160_ESPINAS,82160,ESPINAS,44.192171,1.790374
82290_MONTBETON,82290,MONTBETON,44.012499,1.271325
82350_ALBIAS,82350,ALBIAS,44.081192,1.451988
82700_MONTBARTIER -,82700,MONTBARTIER -,43.913081,1.279414
82200_MOISSAC -,82200,MOISSAC -,44.121159,1.109159
82340_AUVILLAR -,82340,AUVILLAR -,44.066895,0.88927
82210_SAINT-NICOLAS-DE-LA-GRAVE,82210,SAINT-NICOLAS-DE-LA-GRAVE,44.065771,1.011748
82700_SAINT-PORQUIER,82700,SAINT-PORQUIER,44.012146,1.186081
82700_MONTECH -,82700,MONTECH -,43.951458,1.230378
82210_CASTELMAYRAN -,82210,CASTELMAYRAN -,44.026956,1.045334
82340_DUNES,82340,DUNES,44.090631,0.772494
82240_SEPTFONDS -,82240,SEPTFONDS -,,
82190_BRASSAC,82190,BRASSAC,44.218376,0.971446
82240_CAYRIECH -,82240,CAYRIECH -,44.211079,1.612579
83600_LES ADRETS-DE-L'ESTEREL,83600,LES ADRETS-DE-L'ESTEREL,43.526919,6.832592
83630_AUPS,83630,AUPS,43.628697,6.223066
83600_BAGNOLS-EN-FORET,83600,BAGNOLS-EN-FORET,43.539399,6.690304
83330_LE BEAUSSET,83330,LE BEAUSSET,43.197937,5.814324
83890_BESSE-SUR-ISSOLE,83890,BESSE-SUR-ISSOLE,43.342012,6.181535
83230_BORMES-LES-MIMOSAS,83230,BORMES-LES-MIMOSAS,43.128267,6.331036
83170_BRIGNOLES,83170,BRIGNOLES,43.405995,6.073657
83240_CAVALAIRE-SUR-MER,83240,CAVALAIRE-SUR-MER,43.177872,6.524432
83170_CAMPS-LA-SOURCE,83170,CAMPS-LA-SOURCE,43.37426,6.103999
83570_CARCES,83570,CARCES,43.470316,6.181239
83310_COGOLIN,83310,COGOLIN,43.251167,6.538759
83260_LA CRAU,83260,LA CRAU,43.155691,6.08432
83330_EVENOS,83330,EVENOS,43.172199,5.845953
83570_ENTRECASTEAUX,83570,ENTRECASTEAUX,43.50688,6.24022
83680_LA GARDE-FREINET,83680,LA GARDE-FREINET,43.313206,6.48008
83590_GONFARON,83590,GONFARON,43.32669,6.293377
83400_HYERES,83400,HYERES,43.116731,6.20255
83980_LE LAVANDOU,83980,LE LAVANDOU,43.145838,6.398058
83480_PUGET-SUR-ARGENS,83480,PUGET-SUR-ARGENS,43.470449,6.685531
83390_PIERREFEU-DU-VAR,83390,PIERREFEU-DU-VAR,43.244074,6.144363
83530_SAINT-RAPHAEL,83530,SAINT-RAPHAEL,43.442676,6.849913
83690_SALERNES,83690,SALERNES,43.561665,6.229279
83500_LA SEYNE-SUR-MER,83500,LA SEYNE-SUR-MER,43.093325,5.879651
83470_SAINT-MAXIMIN-LA-SAINTE-BAUME,83470,SAINT-MAXIMIN-LA-SAINTE-BAUME,43.446306,5.866175
83640_SAINT-ZACHARIE,83640,SAINT-ZACHARIE,43.387402,5.704293
83110_SANARY-SUR-MER,83110,SANARY-SUR-MER,43.13329,5.795273
83690_TOURTOUR,83690,TOURTOUR,43.586133,6.312637
83160_LA VALETTE-DU-VAR,83160,LA VALETTE-DU-VAR,43.143841,5.990889
83510_SAINT-ANTONIN-DU-VAR,83510,SAINT-ANTONIN-DU-VAR,43.508978,6.286216
83210_SOLLIES-PONT,83210,SOLLIES-PONT,43.189499,6.058138
83560_LA VERDIERE,83560,LA VERDIERE,43.653205,5.937909
83460_LES ARCS SUR ARGENS,83460,LES ARCS SUR ARGENS,43.46507,6.48224
83830_BARGEMON,83830,BARGEMON,43.621256,6.542692
83320_CARQUEIRANNE,83320,CARQUEIRANNE,43.096346,6.071765
83610_COLLOBRIERES,83610,COLLOBRIERES,43.241232,6.337657
83300_DRAGUIGNAN,83300,DRAGUIGNAN,43.532153,6.459174
83440_FAYENCE,83440,FAYENCE,43.616817,6.685616
83310_GRIMAUD,83310,GRIMAUD,43.282277,6.545027
83190_OLLIOULES,83190,OLLIOULES,43.134973,5.853916
83136_NEOULES,83136,NEOULES,43.305755,6.019612
83120_LE PLAN-DE-LA-TOUR,83120,LE PLAN-DE-LA-TOUR,43.340426,6.556152
83390_PUGET-VILLE -,83390,PUGET-VILLE -,43.280016,6.143814
83350_RAMATUELLE,83350,RAMATUELLE,43.219127,6.64136
83136_ROCBARON,83136,ROCBARON,43.31145,6.074408
83270_SAINT-CYR-SUR-MER,83270,SAINT-CYR-SUR-MER,43.172777,5.702532
83136_LA ROQUEBRUSSANNE,83136,LA ROQUEBRUSSANNE,43.33599,5.989188
83870_SIGNES,83870,SIGNES,43.281139,5.836554
83670_TAVERNES,83670,TAVERNES,43.601863,6.021048
83140_SIX-FOURS-LES-PLAGES,83140,SIX-FOURS-LES-PLAGES,43.091706,5.8176
83690_VILLECROZE,83690,VILLECROZE,43.569368,6.280295
83670_VARAGES,83670,VARAGES,43.597754,5.956649
83170_LA CELLE,83170,LA CELLE,43.400508,6.019042
83210_LA FARLEDE,83210,LA FARLEDE,,
83390_CUERS,83390,CUERS,43.232604,6.069884
83136_FORCALQUEIRET,83136,FORCALQUEIRET,43.337382,6.090849
83670_MONTMEYAN,83670,MONTMEYAN,43.658174,6.056228
83920_LA MOTTE,83920,LA MOTTE,43.501176,6.548803
83470_OLLIERES,83470,OLLIERES,43.479982,5.824411
83480_PUGET-SUR-ARGENS -,83480,PUGET-SUR-ARGENS -,43.470449,6.685531
83220_LE PRADET,83220,LE PRADET,43.099425,6.018368
83560_RIANS,83560,RIANS,43.61647,5.747159
83520_ROQUEBRUNE-SUR-ARGENS,83520,ROQUEBRUNE-SUR-ARGENS,43.426919,6.661756
83210_SOLLIES-TOUCAS,83210,SOLLIES-TOUCAS,43.20882,6.011222
83143_LE VAL,83143,LE VAL,43.442965,6.068763
83820_RAYOL-CANADEL-SUR-MER,83820,RAYOL-CANADEL-SUR-MER,43.159524,6.470249
83670_BARJOLS,83670,BARJOLS,43.552713,5.997287
83830_CALLAS,83830,CALLAS,43.582476,6.547534
83340_LE CANNET-DES-MAURES,83340,LE CANNET-DES-MAURES,43.401888,6.354501
83830_CLAVIERS,83830,CLAVIERS,43.600939,6.579127
83330_LE CASTELLET,83330,LE CASTELLET,43.211377,5.769568
83370_FREJUS,83370,FREJUS,43.445657,6.770515
83130_LA GARDE,83130,LA GARDE,43.127716,6.015518
83136_GAREOULT,83136,GAREOULT,43.336311,6.043145
83640_PLAN-D'AUPS-SAINTE-BAUME,83640,PLAN-D'AUPS-SAINTE-BAUME,43.333711,5.728035
83910_POURRIERES,83910,POURRIERES,43.498774,5.73906
83390_PUGET-VILLE,83390,PUGET-VILLE,43.280016,6.143814
83200_LE REVEST-LES-EAUX,83200,LE REVEST-LES-EAUX,43.171709,5.928804
83560_SAINT-JULIEN,83560,SAINT-JULIEN,43.68824,5.916268
83990_SAINT-TROPEZ,83990,SAINT-TROPEZ,43.264949,6.658119
83430_SAINT-MANDRIER-SUR-MER,83430,SAINT-MANDRIER-SUR-MER,43.075613,5.921411
83111_AMPUS,83111,AMPUS,43.603903,6.379236
83840_LA BASTIDE,83840,LA BASTIDE,43.744674,6.627631
83630_BAUDUEN,83630,BAUDUEN,43.728504,6.1862
83149_BRAS,83149,BRAS,43.471661,5.953693
83170_BRIGNOLES -,83170,BRIGNOLES -,43.405995,6.073657
83740_LA CADIERE-D'AZUR,83740,LA CADIERE-D'AZUR,43.192231,5.730793
83420_LA CROIX-VALMER,83420,LA CROIX-VALMER,43.199944,6.575645
83830_FIGANIERES,83830,FIGANIERES,43.561719,6.51173
83250_LA LONDE-LES-MAURES,83250,LA LONDE-LES-MAURES,43.147646,6.251301
83310_LA MOLE,83310,LA MOLE,43.235007,6.488784
83440_MONS,83440,MONS,43.683204,6.727425
83440_MONTAUROUX,83440,MONTAUROUX,43.587291,6.786352
83136_MEOUNES-LES-MONTRIEUX,83136,MEOUNES-LES-MONTRIEUX,43.284583,5.973026
83860_NANS-LES-PINS,83860,NANS-LES-PINS,43.37969,5.794178
83630_REGUSSE,83630,REGUSSE,43.659948,6.122456
83440_SAINT-PAUL-EN-FORET,83440,SAINT-PAUL-EN-FORET,43.574434,6.690035
83100_TOULON,83100,TOULON,43.136696,5.933796
83720_TRANS-EN-PROVENCE,83720,TRANS-EN-PROVENCE,43.503791,6.485072
83550_VIDAUBAN,83550,VIDAUBAN,43.402528,6.426126
83170_VINS-SUR-CARAMY,83170,VINS-SUR-CARAMY,43.436011,6.150984
83560_VINON-SUR-VERDON,83560,VINON-SUR-VERDON,43.728848,5.811904
83780_FLAYOSC,83780,FLAYOSC,43.535763,6.361641
83120_SAINTE-MAXIME -,83120,SAINTE-MAXIME -,43.31927,6.635289
83270_SAINT-CYR-SUR-MER -,83270,SAINT-CYR-SUR-MER -,43.172777,5.702532
83440_CALLIAN,83440,CALLIAN,43.617569,6.758337
83570_COTIGNAC -,83570,COTIGNAC -,43.521558,6.15762
83420_LA CROIX-VALMER -,83420,LA CROIX-VALMER -,,
83460_LES ARCS SUR ARGENS -,83460,LES ARCS SUR ARGENS -,43.46507,6.48224
83370_FREJUS -,83370,FREJUS -,43.445657,6.770515
83690_SILLANS-LA-CASCADE,83690,SILLANS-LA-CASCADE,43.572207,6.176849
83630_BAUDUEN -,83630,BAUDUEN -,,
83520_ROQUEBRUNE-SUR-ARGENS -,83520,ROQUEBRUNE-SUR-ARGENS -,43.426919,6.661756
83230_BORMES-LES-MIMOSAS -,83230,BORMES-LES-MIMOSAS -,43.128267,6.331036
83150_BANDOL,83150,BANDOL,43.148136,5.749756
83560_RIANS -,83560,RIANS -,43.61647,5.747159
83100_TOULON -,83100,TOULON -,43.136696,5.933796
83630_BAUDINARD-SUR-VERDON,83630,BAUDINARD-SUR-VERDON,43.715044,6.12989
83570_CORRENS,83570,CORRENS,43.487022,6.080147
83570_ENTRECASTEAUX -,83570,ENTRECASTEAUX -,43.50688,6.24022
83510_LORGUES,83510,LORGUES,43.475167,6.354445
83490_LE MUY,83490,LE MUY,43.462584,6.555645
83530_SAINT-RAPHAEL -,83530,SAINT-RAPHAEL -,43.442676,6.849913
83870_SIGNES -,83870,SIGNES -,43.281139,5.836554
83210_SOLLIES-VILLE,83210,SOLLIES-VILLE,43.183564,6.028078
83740_LA CADIERE-D'AZUR -,83740,LA CADIERE-D'AZUR -,43.192231,5.730793
83310_GRIMAUD -,83310,GRIMAUD -,43.282277,6.545027
83136_SAINTE-ANASTASIE-SUR-ISSOLE,83136,SAINTE-ANASTASIE-SUR-ISSOLE,43.341078,6.124774
83120_SAINTE-MAXIME,83120,SAINTE-MAXIME,43.31927,6.635289
83990_SAINT-TROPEZ -,83990,SAINT-TROPEZ -,43.264949,6.658119
83440_SEILLANS,83440,SEILLANS,43.616434,6.645276
83210_SOLLIES-PONT -,83210,SOLLIES-PONT -,43.189499,6.058138
83260_LA CRAU -,83260,LA CRAU -,43.155691,6.08432
83110_SANARY-SUR-MER -,83110,SANARY-SUR-MER -,43.13329,5.795273
83640_PLAN-D'AUPS-SAINTE-BAUME -,83640,PLAN-D'AUPS-SAINTE-BAUME -,43.333711,5.728035
83340_LE THORONET -,83340,LE THORONET -,43.453746,6.296924
83830_CLAVIERS -,83830,CLAVIERS -,,
83136_NEOULES -,83136,NEOULES -,43.305755,6.019612
83630_AIGUINES,83630,AIGUINES,43.779935,6.24098
83250_LA LONDE-LES-MAURES -,83250,LA LONDE-LES-MAURES -,43.147646,6.251301
83500_LA SEYNE-SUR-MER -,83500,LA SEYNE-SUR-MER -,43.093325,5.879651
83340_FLASSANS-SUR-ISSOLE,83340,FLASSANS-SUR-ISSOLE,43.374741,6.213499
83860_NANS-LES-PINS -,83860,NANS-LES-PINS -,43.37969,5.794178
83980_LE LAVANDOU -,83980,LE LAVANDOU -,43.145838,6.398058
83830_BARGEMON -,83830,BARGEMON -,43.621256,6.542692
83830_CALLAS -,83830,CALLAS -,43.582476,6.547534
83570_COTIGNAC,83570,COTIGNAC,43.521558,6.15762
83570_MONTFORT-SUR-ARGENS,83570,MONTFORT-SUR-ARGENS,43.476304,6.121271
83440_SEILLANS -,83440,SEILLANS -,43.616434,6.645276
83440_TANNERON,83440,TANNERON,43.589458,6.871625
83170_TOURVES,83170,TOURVES,43.415752,5.928692
83690_SALERNES -,83690,SALERNES -,43.561665,6.229279
83350_RAMATUELLE -,83350,RAMATUELLE -,43.219127,6.64136
83840_LA MARTRE,83840,LA MARTRE,43.770979,6.600472
83170_ROUGIERS,83170,ROUGIERS,43.392634,5.843731
83140_SIX-FOURS-LES-PLAGES -,83140,SIX-FOURS-LES-PLAGES -,43.091706,5.8176
83600_BAGNOLS-EN-FORET -,83600,BAGNOLS-EN-FORET -,43.539399,6.690304
83840_LA ROQUE-ESCLAPON -,83840,LA ROQUE-ESCLAPON -,43.722948,6.627099
83400_HYERES -,83400,HYERES -,43.116731,6.20255
83340_LES MAYONS,83340,LES MAYONS,43.320514,6.36311
83300_DRAGUIGNAN -,83300,DRAGUIGNAN -,43.532153,6.459174
83160_LA VALETTE-DU-VAR -,83160,LA VALETTE-DU-VAR -,43.143841,5.990889
83170_VINS-SUR-CARAMY -,83170,VINS-SUR-CARAMY -,43.436011,6.150984
83630_MOISSAC-BELLEVUE,83630,MOISSAC-BELLEVUE,43.650245,6.166472
83170_CAMPS-LA-SOURCE -,83170,CAMPS-LA-SOURCE -,43.37426,6.103999
84150_JONQUIERES,84150,JONQUIERES,44.123207,4.906926
84340_MALAUCENE,84340,MALAUCENE,44.180979,5.155322
84210_PERNES-LES-FONTAINES,84210,PERNES-LES-FONTAINES,44.000277,5.037432
84320_ENTRAIGUES-SUR-LA-SORGUE,84320,ENTRAIGUES-SUR-LA-SORGUE,43.99207,4.935537
84260_SARRIANS,84260,SARRIANS,44.093817,4.954642
84380_MAZAN,84380,MAZAN,44.053651,5.123808
84600_VALREAS,84600,VALREAS,44.371583,4.986506
84750_VIENS,84750,VIENS,43.901748,5.541535
84400_RUSTREL,84400,RUSTREL,43.918212,5.475333
84390_SAULT,84390,SAULT,44.075084,5.434083
84250_LE THOR,84250,LE THOR,43.922658,4.993578
84000_AVIGNON,84000,AVIGNON,43.936345,4.848861
84240_SANNES -,84240,SANNES -,43.758571,5.491554
84300_CAVAILLON,84300,CAVAILLON,43.84879,5.036175
84340_ENTRECHAUX,84340,ENTRECHAUX,44.223066,5.128382
84220_GORDES,84220,GORDES,43.904613,5.206044
84220_GOULT,84220,GOULT,43.86823,5.246308
84360_LAURIS,84360,LAURIS,43.753823,5.305398
84100_ORANGE,84100,ORANGE,44.131436,4.812545
84120_PERTUIS,84120,PERTUIS,43.690751,5.501097
84510_CAUMONT-SUR-DURANCE,84510,CAUMONT-SUR-DURANCE,43.897569,4.953275
84220_ROUSSILLON,84220,ROUSSILLON,43.89565,5.292763
84160_CUCURON,84160,CUCURON,43.764792,5.438714
84800_L'ISLE-SUR-LA-SORGUE,84800,L'ISLE-SUR-LA-SORGUE,43.91503,5.058675
84110_SEGURET,84110,SEGURET,44.223492,5.017859
84570_MALEMORT-DU-COMTAT,84570,MALEMORT-DU-COMTAT,44.016933,5.169562
84560_MENERBES,84560,MENERBES,43.835708,5.22566
84240_LA MOTTE-D'AIGUES,84240,LA MOTTE-D'AIGUES,43.771189,5.52019
84400_SAIGNON,84400,SAIGNON,43.868991,5.436152
84270_VEDENE,84270,VEDENE,43.973074,4.904497
84480_BONNIEUX,84480,BONNIEUX,43.840982,5.314382
84200_CARPENTRAS,84200,CARPENTRAS,44.062749,5.057038
84200_CARPENTRAS -,84200,CARPENTRAS -,44.062749,5.057038
84230_CHATEAUNEUF-DU-PAPE,84230,CHATEAUNEUF-DU-PAPE,44.059755,4.833608
84160_LOURMARIN,84160,LOURMARIN,43.766976,5.369146
84820_VISAN,84820,VISAN,44.330459,4.946985
84110_SABLET,84110,SABLET,44.193158,4.993167
84400_APT,84400,APT,43.878798,5.376042
84810_AUBIGNAN,84810,AUBIGNAN,44.096706,5.031166
84410_BEDOIN,84410,BEDOIN,44.120195,5.233366
84160_CADENET,84160,CADENET,43.728974,5.380092
84600_GRILLON,84600,GRILLON,44.399164,4.937724
84170_MONTEUX,84170,MONTEUX,44.029925,4.986176
84550_MORNAS,84550,MORNAS,44.199945,4.748805
84530_VILLELAURE,84530,VILLELAURE,43.709048,5.427463
84100_ORANGE -,84100,ORANGE -,44.131436,4.812545
84290_SAINTE-CECILE-LES-VIGNES,84290,SAINTE-CECILE-LES-VIGNES,44.235127,4.887419
84110_VAISON-LA-ROMAINE,84110,VAISON-LA-ROMAINE,44.249404,5.061432
84240_ANSOUIS,84240,ANSOUIS,43.737058,5.471324
84110_ROAIX,84110,ROAIX,44.251309,5.018997
84500_BOLLENE,84500,BOLLENE,44.291282,4.75142
84760_SAINT-MARTIN-DE-LA-BRASQUE,84760,SAINT-MARTIN-DE-LA-BRASQUE,43.768928,5.54234
84840_LAPALUD,84840,LAPALUD,44.306624,4.686906
84700_SORGUES,84700,SORGUES,44.009794,4.877015
84660_MAUBEC,84660,MAUBEC,43.851777,5.135237
84390_MONIEUX,84390,MONIEUX,44.056957,5.338372
84450_SAINT-SATURNIN-LES-AVIGNON,84450,SAINT-SATURNIN-LES-AVIGNON,43.959835,4.941165
84400_VILLARS,84400,VILLARS,43.928091,5.42166
84420_PIOLENC,84420,PIOLENC,44.177682,4.772951
84110_VAISON-LA-ROMAINE -,84110,VAISON-LA-ROMAINE -,44.249404,5.061432
84240_LA TOUR-D'AIGUES,84240,LA TOUR-D'AIGUES,43.725088,5.555028
84000_AVIGNON -,84000,AVIGNON -,43.936345,4.848861
84410_CRILLON-LE-BRAVE -,84410,CRILLON-LE-BRAVE -,44.112361,5.146514
84570_MALEMORT-DU-COMTAT -,84570,MALEMORT-DU-COMTAT -,44.016933,5.169562
84170_MONTEUX -,84170,MONTEUX -,44.029925,4.986176
84750_SAINT-MARTIN-DE-CASTILLON,84750,SAINT-MARTIN-DE-CASTILLON,43.863164,5.510158
84120_LA BASTIDONNE,84120,LA BASTIDONNE,43.698281,5.570004
84230_CHATEAUNEUF-DU-PAPE -,84230,CHATEAUNEUF-DU-PAPE -,44.059755,4.833608
84130_LE PONTET,84130,LE PONTET,43.970186,4.865857
84220_SAINT-PANTALEON,84220,SAINT-PANTALEON,43.879022,5.216662
84470_CHATEAUNEUF-DE-GADAGNE,84470,CHATEAUNEUF-DE-GADAGNE,43.931417,4.943067
84160_PUYVERT,84160,PUYVERT,43.74849,5.339843
84700_SORGUES -,84700,SORGUES -,,
84330_CAROMB,84330,CAROMB,44.11057,5.098766
84570_VILLES-SUR-AUZON,84570,VILLES-SUR-AUZON,44.064799,5.232634
84360_MERINDOL -,84360,MERINDOL -,43.752768,5.194015
84460_CHEVAL-BLANC,84460,CHEVAL-BLANC,43.784873,5.101411
84570_METHAMIS,84570,METHAMIS,44.010261,5.208697
84210_PERNES-LES-FONTAINES -,84210,PERNES-LES-FONTAINES -,44.000277,5.037432
84360_PUGET,84360,PUGET,43.75596,5.258202
84480_LACOSTE,84480,LACOSTE,43.836707,5.267926
84390_SAINT-CHRISTOL,84390,SAINT-CHRISTOL,44.028432,5.498842
84750_CASENEUVE,84750,CASENEUVE,43.880891,5.481535
84800_LAGNES,84800,LAGNES,43.889961,5.101775
84800_FONTAINE-DE-VAUCLUSE,84800,FONTAINE-DE-VAUCLUSE,43.920628,5.120745
84750_CASENEUVE -,84750,CASENEUVE -,43.880891,5.481535
84220_GORDES -,84220,GORDES -,43.904613,5.206044
84500_BOLLENE -,84500,BOLLENE -,44.291282,4.75142
84740_VELLERON,84740,VELLERON,43.958553,5.017056
84240_CABRIERES-D'AIGUES,84240,CABRIERES-D'AIGUES,43.780674,5.497247
84400_APT -,84400,APT -,43.878798,5.376042
84240_PEYPIN-D'AIGUES,84240,PEYPIN-D'AIGUES,43.783936,5.561377
84410_CRILLON-LE-BRAVE,84410,CRILLON-LE-BRAVE,44.112361,5.146514
84300_TAILLADES -,84300,TAILLADES -,43.835123,5.085657
84570_MORMOIRON,84570,MORMOIRON,44.068299,5.188796
84120_BEAUMONT-DE-PERTUIS,84120,BEAUMONT-DE-PERTUIS,43.739181,5.703061
84220_JOUCAS,84220,JOUCAS,43.922047,5.254643
84210_LE BEAUCET,84210,LE BEAUCET,43.983223,5.124334
84440_ROBION,84440,ROBION,43.856367,5.10286
84240_LA BASTIDE-DES-JOURDANS,84240,LA BASTIDE-DES-JOURDANS,43.786258,5.633799
84470_CHATEAUNEUF-DE-GADAGNE -,84470,CHATEAUNEUF-DE-GADAGNE -,43.931417,4.943067
84220_BEAUMETTES,84220,BEAUMETTES,43.864152,5.198221
84580_OPPEDE -,84580,OPPEDE -,43.845646,5.170921
84600_RICHERENCHES,84600,RICHERENCHES,44.355821,4.905728
84300_TAILLADES,84300,TAILLADES,43.835123,5.085657
84190_BEAUMES-DE-VENISE,84190,BEAUMES-DE-VENISE,44.122481,5.02763
84430_MONDRAGON,84430,MONDRAGON,44.243287,4.733825
84250_LE THOR -,84250,LE THOR -,43.922658,4.993578
84210_VENASQUE,84210,VENASQUE,43.996884,5.145885
84240_GRAMBOIS,84240,GRAMBOIS,43.761189,5.60008
84440_ROBION -,84440,ROBION -,43.856367,5.10286
84100_UCHAUX -,84100,UCHAUX -,44.211543,4.798159
84220_CABRIERES-D'AVIGNON -,84220,CABRIERES-D'AVIGNON -,43.887138,5.150819
84370_BEDARRIDES,84370,BEDARRIDES,44.050555,4.90249
84860_CADEROUSSE,84860,CADEROUSSE,44.106868,4.754127
84480_BUOUX,84480,BUOUX,43.830927,5.389428
85750_ANGLES,85750,ANGLES,46.394018,-1.404313
85220_COMMEQUIERS,85220,COMMEQUIERS,46.771109,-1.827009
85200_FONTENAY-LE-COMTE,85200,FONTENAY-LE-COMTE,46.459821,-0.794159
85440_TALMONT-SAINT-HILAIRE,85440,TALMONT-SAINT-HILAIRE,46.462778,-1.565749
85440_AVRILLE,85440,AVRILLE,46.473136,-1.492834
85230_BEAUVOIR-SUR-MER,85230,BEAUVOIR-SUR-MER,46.915759,-2.066095
85680_LA GUERINIERE,85680,LA GUERINIERE,46.966506,-2.23258
85450_CHAMPAGNE-LES-MARAIS,85450,CHAMPAGNE-LES-MARAIS,46.384898,-1.131446
85430_NIEUL-LE-DOLENT,85430,NIEUL-LE-DOLENT,46.566725,-1.527013
85100_LES SABLES-D'OLONNE -,85100,LES SABLES-D'OLONNE -,46.524364,-1.765848
85270_SAINT-HILAIRE-DE-RIEZ,85270,SAINT-HILAIRE-DE-RIEZ,46.740814,-1.984488
85290_SAINT-LAURENT-SUR-SEVRE,85290,SAINT-LAURENT-SUR-SEVRE,46.951294,-0.892153
85580_SAINT-MICHEL-EN-L'HERM,85580,SAINT-MICHEL-EN-L'HERM,46.345304,-1.247347
85460_L'AIGUILLON-SUR-MER,85460,L'AIGUILLON-SUR-MER,46.328939,-1.317438
85590_LES EPESSES,85590,LES EPESSES,46.892741,-0.900452
85480_BOURNEZEAU,85480,BOURNEZEAU,46.632343,-1.136618
85300_CHALLANS,85300,CHALLANS,46.83053,-1.845829
85350_L'ILE-D'YEU,85350,L'ILE-D'YEU,46.711008,-2.336241
85170_SALIGNY,85170,SALIGNY,46.802917,-1.441526
85540_MOUTIERS-LES-MAUXFAITS,85540,MOUTIERS-LES-MAUXFAITS,46.494556,-1.436592
85330_NOIRMOUTIER-EN-L'ILE,85330,NOIRMOUTIER-EN-L'ILE,47.009788,-2.262718
85100_LES SABLES-D'OLONNE,85100,LES SABLES-D'OLONNE,46.524364,-1.765848
85600_SAINT-GEORGES-DE-MONTAIGU -,85600,SAINT-GEORGES-DE-MONTAIGU -,46.932789,-1.240777
85230_BOUIN,85230,BOUIN,46.973902,-2.006103
85600_MONTAIGU,85600,MONTAIGU,46.979292,-1.292128
85620_ROCHESERVIERE,85620,ROCHESERVIERE,46.924956,-1.498374
85190_AIZENAY,85190,AIZENAY,46.737989,-1.624269
85430_AUBIGNY,85430,AUBIGNY,46.612762,-1.479678
85710_BOIS-DE-CENE,85710,BOIS-DE-CENE,46.945083,-1.893829
85300_SALLERTAINE,85300,SALLERTAINE,,
85150_LA CHAPELLE-ACHARD,85150,LA CHAPELLE-ACHARD,46.592752,-1.664523
85500_LES HERBIERS,85500,LES HERBIERS,46.863236,-1.028639
85170_LE POIRE-SUR-VIE,85170,LE POIRE-SUR-VIE,46.76567,-1.501035
85250_SAINT-ANDRE-GOULE-D'OIE -,85250,SAINT-ANDRE-GOULE-D'OIE -,46.842209,-1.193164
85450_CHAILLE-LES-MARAIS,85450,CHAILLE-LES-MARAIS,46.385659,-1.005828
85520_JARD-SUR-MER,85520,JARD-SUR-MER,46.423646,-1.586597
85590_SAINT-MALO-DU-BOIS -,85590,SAINT-MALO-DU-BOIS -,46.922733,-0.908273
85300_SOULLANS,85300,SOULLANS,46.793775,-1.906059
85400_LUCON,85400,LUCON,46.45857,-1.16072
85190_BEAULIEU-SOUS-LA-ROCHE,85190,BEAULIEU-SOUS-LA-ROCHE,46.685036,-1.622565
85170_BELLEVILLE-SUR-VIE,85170,BELLEVILLE-SUR-VIE,46.76567,-1.501035
85540_CURZON,85540,CURZON,46.45129,-1.308105
85500_LES HERBIERS -,85500,LES HERBIERS -,46.863236,-1.028639
85690_NOTRE-DAME-DE-MONTS,85690,NOTRE-DAME-DE-MONTS,46.838626,-2.098679
85420_SAINT-PIERRE-LE-VIEUX,85420,SAINT-PIERRE-LE-VIEUX,46.397622,-0.739366
85130_LA VERRIE,85130,LA VERRIE,46.948862,-0.983056
85000_LA ROCHE-SUR-YON,85000,LA ROCHE-SUR-YON,46.670848,-1.412533
85140_LES ESSARTS,85140,LES ESSARTS,46.785524,-1.244705
85440_TALMONT-SAINT-HILAIRE -,85440,TALMONT-SAINT-HILAIRE -,46.462778,-1.565749
85340_OLONNE-SUR-MER,85340,OLONNE-SUR-MER,46.538936,-1.798154
85740_L'EPINE,85740,L'EPINE,46.98068,-2.270514
85260_SAINT-ANDRE-TREIZE-VOIES,85260,SAINT-ANDRE-TREIZE-VOIES,46.936123,-1.406377
85490_BENET,85490,BENET,46.365968,-0.634818
85420_BOUILLE-COURDAULT,85420,BOUILLE-COURDAULT,46.388608,-0.686501
85510_LE BOUPERE,85510,LE BOUPERE,46.792441,-0.933259
85280_LA FERRIERE,85280,LA FERRIERE,46.716379,-1.332917
85770_L'ILE-D'ELLE,85770,L'ILE-D'ELLE,46.342076,-0.931269
85370_LE LANGON,85370,LE LANGON,46.438903,-0.953458
85170_LES LUCS-SUR-BOULOGNE,85170,LES LUCS-SUR-BOULOGNE,46.852052,-1.489422
85420_MAILLEZAIS,85420,MAILLEZAIS,46.357323,-0.71167
85700_MONTOURNAIS,85700,MONTOURNAIS,46.752175,-0.77565
85640_MOUCHAMPS,85640,MOUCHAMPS,46.785306,-1.050657
85000_MOUILLERON-LE-CAPTIF,85000,MOUILLERON-LE-CAPTIF,46.709972,-1.462079
85370_MOUZEUIL-SAINT-MARTIN,85370,MOUZEUIL-SAINT-MARTIN,46.45121,-0.98632
85700_POUZAUGES,85700,POUZAUGES,46.781889,-0.824076
85210_SAINT-JUIRE-CHAMPGILLON,85210,SAINT-JUIRE-CHAMPGILLON,46.588836,-1.015821
85500_SAINT-PAUL-EN-PAREDS,85500,SAINT-PAUL-EN-PAREDS,46.825504,-0.965261
85450_LA TAILLEE,85450,LA TAILLEE,46.384398,-0.93728
85360_LA TRANCHE-SUR-MER,85360,LA TRANCHE-SUR-MER,46.351289,-1.413584
85770_VIX,85770,VIX,46.355727,-0.858162
85460_LA FAUTE-SUR-MER,85460,LA FAUTE-SUR-MER,46.344051,-1.344425
85540_LE CHAMP-SAINT-PERE -,85540,LE CHAMP-SAINT-PERE -,46.515715,-1.336767
85470_BRETIGNOLLES-SUR-MER,85470,BRETIGNOLLES-SUR-MER,46.637508,-1.867524
85110_CHANTONNAY,85110,CHANTONNAY,46.670663,-1.049215
85420_DAMVIX,85420,DAMVIX,46.333719,-0.747935
85580_GRUES,85580,GRUES,46.394742,-1.312481
85130_LES LANDES-GENUSSON,85130,LES LANDES-GENUSSON,46.969797,-1.126949
85560_LONGEVILLE-SUR-MER,85560,LONGEVILLE-SUR-MER,46.409313,-1.488065
85700_LA MEILLERAIE-TILLAY,85700,LA MEILLERAIE-TILLAY,46.741004,-0.846586
85150_LA MOTHE-ACHARD,85150,LA MOTHE-ACHARD,46.592752,-1.664523
85210_LA REORTHE,85210,LA REORTHE,46.611951,-1.053297
85800_SAINT-GILLES-CROIX-DE-VIE,85800,SAINT-GILLES-CROIX-DE-VIE,46.689196,-1.928493
85160_SAINT-JEAN-DE-MONTS,85160,SAINT-JEAN-DE-MONTS,46.795953,-2.050902
85450_VOUILLE-LES-MARAIS,85450,VOUILLE-LES-MARAIS,46.391703,-0.95859
85120_VOUVANT,85120,VOUVANT,46.567821,-0.766999
85240_XANTON-CHASSENON,85240,XANTON-CHASSENON,46.453362,-0.711782
85470_BREM-SUR-MER,85470,BREM-SUR-MER,46.6105,-1.8164
85340_L'ILE-D'OLONNE -,85340,L'ILE-D'OLONNE -,46.568271,-1.77118
85670_SAINT-CHRISTOPHE-DU-LIGNERON,85670,SAINT-CHRISTOPHE-DU-LIGNERON,46.815947,-1.735315
85190_VENANSAULT,85190,VENANSAULT,46.683761,-1.532204
85290_SAINT-LAURENT-SUR-SEVRE -,85290,SAINT-LAURENT-SUR-SEVRE -,46.951294,-0.892153
85580_TRIAIZE,85580,TRIAIZE,46.39293,-1.204907
85190_MACHE,85190,MACHE,46.769364,-1.695438
85260_MORMAISON,85260,MORMAISON,46.903988,-1.45747
85300_CHALLANS -,85300,CHALLANS -,46.83053,-1.845829
85390_BAZOGES-EN-PAREDS,85390,BAZOGES-EN-PAREDS,46.659921,-0.91837
85800_SAINT-GILLES-CROIX-DE-VIE -,85800,SAINT-GILLES-CROIX-DE-VIE -,46.689196,-1.928493
85520_SAINT-VINCENT-SUR-JARD,85520,SAINT-VINCENT-SUR-JARD,46.426369,-1.547415
85220_APREMONT,85220,APREMONT,46.759694,-1.743717
85550_LA BARRE-DE-MONTS,85550,LA BARRE-DE-MONTS,46.879263,-2.109368
85540_SAINT-AVAUGOURD-DES-LANDES,85540,SAINT-AVAUGOURD-DES-LANDES,46.515702,-1.479313
85120_LA TARDIERE,85120,LA TARDIERE,46.648781,-0.719387
85800_GIVRAND,85800,GIVRAND,46.680095,-1.878588
85600_SAINT-GEORGES-DE-MONTAIGU,85600,SAINT-GEORGES-DE-MONTAIGU,46.932789,-1.240777
85170_DOMPIERRE-SUR-YON,85170,DOMPIERRE-SUR-YON,46.765325,-1.375721
85570_L'HERMENAULT,85570,L'HERMENAULT,46.51584,-0.894176
85310_NESMY,85310,NESMY,46.588117,-1.406975
85220_L'AIGUILLON-SUR-VIE,85220,L'AIGUILLON-SUR-VIE,46.675012,-1.820176
85240_NIEUL-SUR-L'AUTISE,85240,NIEUL-SUR-L'AUTISE,46.402939,-0.657256
85150_LE GIROUARD -,85150,LE GIROUARD -,46.571214,-1.596626
85130_TIFFAUGES,85130,TIFFAUGES,47.000579,-1.098442
85290_MORTAGNE-SUR-SEVRE,85290,MORTAGNE-SUR-SEVRE,46.987567,-0.958363
85170_SALIGNY -,85170,SALIGNY -,46.802917,-1.441526
85000_MOUILLERON-LE-CAPTIF -,85000,MOUILLERON-LE-CAPTIF -,46.709972,-1.462079
85150_SAINT-JULIEN-DES-LANDES -,85150,SAINT-JULIEN-DES-LANDES -,46.640241,-1.713801
85600_BOUFFERE,85600,BOUFFERE,46.97281,-1.356286
85540_SAINT-VINCENT-SUR-GRAON,85540,SAINT-VINCENT-SUR-GRAON,46.507756,-1.384247
85220_LA CHAIZE-GIRAUD,85220,LA CHAIZE-GIRAUD,46.648571,-1.818083
85210_SAINT-MARTIN-LARS-EN-SAINTE-HERMINE,85210,SAINT-MARTIN-LARS-EN-SAINTE-HERMINE,46.591867,-0.980727
85210_SAINTE-HERMINE,85210,SAINTE-HERMINE,46.591867,-0.980727
85170_SAINT-DENIS-LA-CHEVASSE,85170,SAINT-DENIS-LA-CHEVASSE,46.830256,-1.386228
85330_NOIRMOUTIER-EN-L'ILE -,85330,NOIRMOUTIER-EN-L'ILE -,47.009788,-2.262718
85590_LES EPESSES -,85590,LES EPESSES -,46.892741,-0.900452
85700_MONTOURNAIS -,85700,MONTOURNAIS -,46.752175,-0.77565
85220_COEX,85220,COEX,46.715221,-1.757261
85800_GIVRAND -,85800,GIVRAND -,46.680095,-1.878588
85130_SAINT-AUBIN-DES-ORMEAUX,85130,SAINT-AUBIN-DES-ORMEAUX,46.993704,-1.039267
85270_SAINT-HILAIRE-DE-RIEZ -,85270,SAINT-HILAIRE-DE-RIEZ -,46.740814,-1.984488
85340_L'ILE-D'OLONNE,85340,L'ILE-D'OLONNE,46.568271,-1.77118
85530_LA BRUFFIERE -,85530,LA BRUFFIERE -,47.010899,-1.179611
85470_BREM-SUR-MER -,85470,BREM-SUR-MER -,46.6105,-1.8164
86320_CIVAUX,86320,CIVAUX,46.441598,0.659252
86500_MONTMORILLON,86500,MONTMORILLON,46.429425,0.865728
86100_CHATELLERAULT,86100,CHATELLERAULT,46.8162,0.551
86160_GENCAY,86160,GENCAY,46.370912,0.412638
86290_LIGLET,86290,LIGLET,46.508553,1.068276
86550_MIGNALOUX-BEAUVOIR,86550,MIGNALOUX-BEAUVOIR,46.546027,0.406666
86000_POITIERS -,86000,POITIERS -,46.586578,0.35668
86270_LA ROCHE-POSAY,86270,LA ROCHE-POSAY,46.773813,0.818399
86160_CHAMPAGNE-SAINT-HILAIRE,86160,CHAMPAGNE-SAINT-HILAIRE,46.32175,0.312462
86320_LUSSAC-LES-CHATEAUX,86320,LUSSAC-LES-CHATEAUX,46.405463,0.725788
86000_POITIERS,86000,POITIERS,46.586578,0.35668
86190_QUINCAY,86190,QUINCAY,46.609006,0.226267
86600_SAINT-SAUVANT,86600,SAINT-SAUVANT,46.352546,0.077649
86540_THURE,86540,THURE,46.839806,0.452179
86480_ROUILLE,86480,ROUILLE,46.423537,0.034693
86310_SAINT-SAVIN,86310,SAINT-SAVIN,46.574434,0.840453
86440_MIGNE-AUXANCES,86440,MIGNE-AUXANCES,46.623612,0.309819
86280_SAINT-BENOIT,86280,SAINT-BENOIT,46.551622,0.347398
86410_BOURESSE,86410,BOURESSE,46.35696,0.582609
86150_MOUSSAC,86150,MOUSSAC,46.27042,0.67792
86530_NAINTRE,86530,NAINTRE,46.761,0.492217
86320_CIVAUX -,86320,CIVAUX -,46.441598,0.659252
86300_CHAUVIGNY,86300,CHAUVIGNY,46.557583,0.669302
86400_CIVRAY,86400,CIVRAY,46.144564,0.296212
86800_JARDRES,86800,JARDRES,46.566927,0.584039
86200_LOUDUN,86200,LOUDUN,47.011705,0.099879
86190_LATILLE,86190,LATILLE,46.612746,0.064838
86140_LENCLOITRE,86140,LENCLOITRE,46.80902,0.30298
86190_BERUGES -,86190,BERUGES -,46.563829,0.199325
86150_QUEAUX,86150,QUEAUX,46.315783,0.659896
86290_BRIGUEIL-LE-CHANTRE,86290,BRIGUEIL-LE-CHANTRE,46.394765,1.106301
86400_CIVRAY -,86400,CIVRAY -,46.144564,0.296212
86240_FONTAINE-LE-COMTE,86240,FONTAINE-LE-COMTE,46.532286,0.254132
86460_PRESSAC -,86460,PRESSAC -,46.11614,0.567071
86290_LA TRIMOUILLE,86290,LA TRIMOUILLE,46.465935,1.046825
86600_LUSIGNAN,86600,LUSIGNAN,46.439407,0.11313
86510_BRUX,86510,BRUX,46.244715,0.199816
86290_SAINT-LEOMER,86290,SAINT-LEOMER,46.430919,0.994658
86370_VIVONNE,86370,VIVONNE,46.419596,0.258291
86260_ANGLES-SUR-L'ANGLIN,86260,ANGLES-SUR-L'ANGLIN,46.696588,0.889227
86130_DISSAY,86130,DISSAY,46.70014,0.43343
86600_JAZENEUIL,86600,JAZENEUIL,46.462274,0.06446
86220_LEUGNY,86220,LEUGNY,46.901382,0.703592
86400_VOULEME,86400,VOULEME,46.100484,0.225078
86270_LESIGNY,86270,LESIGNY,46.841209,0.784064
86260_SAINT-PIERRE-DE-MAILLE -,86260,SAINT-PIERRE-DE-MAILLE -,46.681417,0.844348
86290_THOLLET,86290,THOLLET,46.429411,1.122138
86340_LA VILLEDIEU-DU-CLAIN,86340,LA VILLEDIEU-DU-CLAIN,46.455154,0.370726
86230_VELLECHES,86230,VELLECHES,46.942971,0.529664
86600_COULOMBIERS,86600,COULOMBIERS,46.492521,0.183116
86350_SAINT-MARTIN-L'ARS,86350,SAINT-MARTIN-L'ARS,46.221149,0.561639
86310_HAIMS,86310,HAIMS,46.516592,0.940377
86350_SAINT-SECONDIN,86350,SAINT-SECONDIN,46.324427,0.486513
86370_CHATEAU-LARCHER,86370,CHATEAU-LARCHER,46.410824,0.303385
86100_CHATELLERAULT -,86100,CHATELLERAULT -,46.8162,0.551
86360_CHASSENEUIL-DU-POITOU,86360,CHASSENEUIL-DU-POITOU,46.646982,0.361079
86400_BLANZAY,86400,BLANZAY,46.206732,0.245886
86170_VOUZAILLES,86170,VOUZAILLES,46.713066,0.097826
86360_CHASSENEUIL-DU-POITOU -,86360,CHASSENEUIL-DU-POITOU -,46.646982,0.361079
86240_CROUTELLE,86240,CROUTELLE,46.538922,0.289448
86340_NIEUIL-L'ESPOIR,86340,NIEUIL-L'ESPOIR,46.489559,0.465653
86250_CHARROUX,86250,CHARROUX,46.138419,0.405026
86700_COUHE,86700,COUHE,46.298059,0.179807
86130_JAUNAY-CLAN -,86130,JAUNAY-CLAN -,46.713099,0.349779
86490_BEAUMONT,86490,BEAUMONT,46.733975,0.448236
86130_JAUNAY-CLAN,86130,JAUNAY-CLAN,46.713099,0.349779
86360_MONTAMISE -,86360,MONTAMISE -,46.621991,0.442235
86330_MONCONTOUR,86330,MONCONTOUR,46.862381,0.013625
86260_LA PUYE -,86260,LA PUYE -,46.64352,0.744531
86230_SAINT-GERVAIS-LES-TROIS-CLOCHERS -,86230,SAINT-GERVAIS-LES-TROIS-CLOCHERS -,46.904611,0.409577
86140_SAINT-GENEST-D'AMBIERE,86140,SAINT-GENEST-D'AMBIERE,46.820421,0.362289
86290_COULONGES,86290,COULONGES,46.414875,1.169835
87460_CHEISSOUX,87460,CHEISSOUX,45.823873,1.634822
87170_ISLE,87170,ISLE,45.803079,1.20139
87260_SAINT-HILAIRE-BONNEVAL,87260,SAINT-HILAIRE-BONNEVAL,45.716672,1.364474
87150_CUSSAC,87150,CUSSAC,45.684976,0.847371
87500_COUSSAC-BONNEVAL,87500,COUSSAC-BONNEVAL,45.51512,1.324792
87210_LE DORAT,87210,LE DORAT,46.212192,1.071197
87310_SAINT-AUVENT,87310,SAINT-AUVENT,45.81898,0.920713
87700_AIXE-SUR-VIENNE,87700,AIXE-SUR-VIENNE,45.798248,1.128024
87240_AMBAZAC,87240,AMBAZAC,45.956484,1.394194
87460_BUJALEUF -,87460,BUJALEUF -,45.795478,1.632669
87230_CHALUS,87230,CHALUS,45.651672,0.964892
87270_COUZEIX,87270,COUZEIX,45.886659,1.215939
87280_LIMOGES,87280,LIMOGES,45.856159,1.221254
87120_NEDDE,87120,NEDDE,45.719672,1.832665
87350_PANAZOL,87350,PANAZOL,45.83941,1.317459
87600_ROCHECHOUART,87600,ROCHECHOUART,45.828624,0.845728
87280_LIMOGES -,87280,LIMOGES -,45.856159,1.221254
87270_BONNAC-LA-COTE,87270,BONNAC-LA-COTE,45.943165,1.285179
87120_EYMOUTIERS -,87120,EYMOUTIERS -,45.709647,1.718497
87220_FEYTIAT,87220,FEYTIAT,45.806936,1.328286
87800_LA MEYZE,87800,LA MEYZE,45.608636,1.197345
87470_PEYRAT-LE-CHATEAU,87470,PEYRAT-LE-CHATEAU,45.815472,1.788241
87470_PEYRAT-LE-CHATEAU -,87470,PEYRAT-LE-CHATEAU -,45.815472,1.788241
87200_SAINT-JUNIEN,87200,SAINT-JUNIEN,45.897594,0.884171
87370_SAINT-SULPICE-LAURIERE,87370,SAINT-SULPICE-LAURIERE,46.054624,1.477002
87500_SAINT-YRIEIX-LA-PERCHE,87500,SAINT-YRIEIX-LA-PERCHE,45.524731,1.206065
87600_VAYRES,87600,VAYRES,45.769584,0.833558
87290_CHATEAUPONSAC,87290,CHATEAUPONSAC,46.131111,1.284389
87440_MARVAL,87440,MARVAL,45.636341,0.802417
87380_MEUZAC,87380,MEUZAC,45.548952,1.417756
87110_LE VIGEN,87110,LE VIGEN,45.745082,1.276532
87300_BLOND,87300,BLOND,46.047684,1.019405
87150_CHAMPAGNAC-LA-RIVIERE,87150,CHAMPAGNAC-LA-RIVIERE,45.703161,0.913512
87380_SAINT-GERMAIN-LES-BELLES,87380,SAINT-GERMAIN-LES-BELLES,45.603647,1.484582
87800_RILHAC-LASTOURS,87800,RILHAC-LASTOURS,45.659512,1.123508
87800_LA ROCHE-L'ABEILLE,87800,LA ROCHE-L'ABEILLE,45.590914,1.254257
87260_SAINT-GENEST-SUR-ROSELLE,87260,SAINT-GENEST-SUR-ROSELLE,45.698428,1.42716
87400_SAINT-LEONARD-DE-NOBLAT,87400,SAINT-LEONARD-DE-NOBLAT,45.840558,1.497755
87230_PAGEAS -,87230,PAGEAS -,45.685501,1.016444
87400_SAINT-LEONARD-DE-NOBLAT -,87400,SAINT-LEONARD-DE-NOBLAT -,45.840558,1.497755
87120_DOMPS,87120,DOMPS,45.652276,1.722063
87120_SAINT-AMAND-LE-PETIT,87120,SAINT-AMAND-LE-PETIT,45.770304,1.770518
87340_SAINT-LAURENT-LES-EGLISES -,87340,SAINT-LAURENT-LES-EGLISES -,46.914757,-1.587867
87250_BESSINES-SUR-GARTEMPE,87250,BESSINES-SUR-GARTEMPE,46.112922,1.356336
87460_BUJALEUF,87460,BUJALEUF,45.795478,1.632669
87500_LADIGNAC-LE-LONG,87500,LADIGNAC-LE-LONG,45.587173,1.113021
87190_MAGNAC-LAVAL,87190,MAGNAC-LAVAL,46.222014,1.163615
87800_NEXON,87800,NEXON,45.670413,1.178213
87510_NIEUL,87510,NIEUL,45.91707,1.175801
87260_PIERRE-BUFFIERE,87260,PIERRE-BUFFIERE,45.690212,1.360187
87290_RANCON,87290,RANCON,46.132583,1.183809
87570_RILHAC-RANCON,87570,RILHAC-RANCON,45.909053,1.335757
87200_SAINT-MARTIN-DE-JUSSAC,87200,SAINT-MARTIN-DE-JUSSAC,45.854119,0.939262
87400_SAINT-MARTIN-TERRESSUS,87400,SAINT-MARTIN-TERRESSUS,45.914546,1.450896
87160_SAINT-SULPICE-LES-FEUILLES,87160,SAINT-SULPICE-LES-FEUILLES,46.318206,1.384918
87110_SOLIGNAC,87110,SOLIGNAC,45.756451,1.253704
87160_ARNAC-LA-POSTE,87160,ARNAC-LA-POSTE,46.263736,1.375434
87110_BOSMIE-L'AIGUILLE,87110,BOSMIE-L'AIGUILLE,45.763666,1.206841
87320_BUSSIERE-POITEVINE,87320,BUSSIERE-POITEVINE,46.235733,0.903684
87130_CHATEAUNEUF-LA-FORET,87130,CHATEAUNEUF-LA-FORET,45.694061,1.600951
87120_EYMOUTIERS,87120,EYMOUTIERS,45.709647,1.718497
87380_GLANGES,87380,GLANGES,45.655305,1.457932
87340_LA JONCHERE-SAINT-MAURICE,87340,LA JONCHERE-SAINT-MAURICE,46.004119,1.475629
87330_MEZIERES-SUR-ISSOIRE,87330,MEZIERES-SUR-ISSOIRE,46.114766,0.910911
87160_SAINT-SULPICE-LES-FEUILLES -,87160,SAINT-SULPICE-LES-FEUILLES -,46.318206,1.384918
87370_LAURIERE,87370,LAURIERE,46.073781,1.48055
87130_LA CROISILLE-SUR-BRIANCE,87130,LA CROISILLE-SUR-BRIANCE,45.624838,1.599071
87160_CROMAC,87160,CROMAC,46.367354,1.293581
87620_SEREILHAC,87620,SEREILHAC,45.762266,1.063071
87120_AUGNE,87120,AUGNE,45.767101,1.705942
87520_CIEUX,87520,CIEUX,45.983322,1.021651
87400_CHAMPNETERY,87400,CHAMPNETERY,45.829329,1.582797
87190_DOMPIERRE-LES-EGLISES,87190,DOMPIERRE-LES-EGLISES,46.207949,1.265691
87150_ORADOUR-SUR-VAYRES,87150,ORADOUR-SUR-VAYRES,45.737253,0.876465
87120_SAINTE-ANNE-SAINT-PRIEST,87120,SAINTE-ANNE-SAINT-PRIEST,45.69764,1.676168
87130_SUSSAC -,87130,SUSSAC -,45.657683,1.655411
87340_SAINT-LAURENT-LES-EGLISES,87340,SAINT-LAURENT-LES-EGLISES,46.914757,-1.587867
87360_LUSSAC-LES-EGLISES,87360,LUSSAC-LES-EGLISES,46.348412,1.174245
87300_BELLAC,87300,BELLAC,46.112485,1.056658
87400_MOISSANNES,87400,MOISSANNES,45.878157,1.556227
87340_LES BILLANGES,87340,LES BILLANGES,45.978714,1.527742
87230_FLAVIGNAC,87230,FLAVIGNAC,45.716215,1.064646
87440_PENSOL,87440,PENSOL,45.608329,0.827668
87120_REMPNAT -,87120,REMPNAT -,45.689761,1.86697
87480_SAINT-PRIEST-TAURION,87480,SAINT-PRIEST-TAURION,45.893442,1.407043
87800_SAINT-HILAIRE-LES-PLACES,87800,SAINT-HILAIRE-LES-PLACES,45.635105,1.156617
87190_SAINT-LEGER-MAGNAZEIX,87190,SAINT-LEGER-MAGNAZEIX,46.285454,1.244488
87140_SAINT-SYMPHORIEN-SUR-COUZE,87140,SAINT-SYMPHORIEN-SUR-COUZE,46.052297,1.21633
87300_BREUILAUFA,87300,BREUILAUFA,46.042713,1.108462
87400_LE CHATENET-EN-DOGNON,87400,LE CHATENET-EN-DOGNON,45.906159,1.497579
87310_SAINT-LAURENT-SUR-GORRE -,87310,SAINT-LAURENT-SUR-GORRE -,45.769382,0.983108
87240_AMBAZAC -,87240,AMBAZAC -,45.956484,1.394194
87220_BOISSEUIL,87220,BOISSEUIL,45.761152,1.33142
87220_AUREIL,87220,AUREIL,45.806268,1.404505
87220_FEYTIAT -,87220,FEYTIAT -,45.806936,1.328286
87220_BOISSEUIL -,87220,BOISSEUIL -,45.761152,1.33142
87230_DOURNAZAC,87230,DOURNAZAC,45.633048,0.92416
87520_VEYRAC -,87520,VEYRAC -,45.904604,1.093698
87800_JANAILHAC,87800,JANAILHAC,45.65355,1.232855
87200_SAINT-BRICE-SUR-VIENNE,87200,SAINT-BRICE-SUR-VIENNE,45.905204,0.960814
87700_SAINT-PRIEST-SOUS-AIXE,87700,SAINT-PRIEST-SOUS-AIXE,45.825503,1.078598
87920_CONDAT-SUR-VIENNE,87920,CONDAT-SUR-VIENNE,45.785706,1.24509
87220_EYJEAUX,87220,EYJEAUX,45.778105,1.369978
87370_BERSAC-SUR-RIVALIER,87370,BERSAC-SUR-RIVALIER,46.076576,1.418304
87200_CHAILLAC-SUR-VIENNE,87200,CHAILLAC-SUR-VIENNE,45.866965,0.876897
87110_LE VIGEN -,87110,LE VIGEN -,45.745082,1.276532
87600_VAYRES -,87600,VAYRES -,45.769584,0.833558
87160_LES GRANDS-CHEZEAUX -,87160,LES GRANDS-CHEZEAUX -,46.352868,1.390642
87330_NOUIC -,87330,NOUIC -,46.063079,0.908782
87620_SEREILHAC -,87620,SEREILHAC -,45.762266,1.063071
87300_BELLAC -,87300,BELLAC -,46.112485,1.056658
87140_CHAMBORET,87140,CHAMBORET,46.004442,1.129982
87230_CHALUS -,87230,CHALUS -,45.651672,0.964892
88290_SAULXURES-SUR-MOSELOTTE,88290,SAULXURES-SUR-MOSELOTTE,47.957816,6.7798
88800_VITTEL,88800,VITTEL,48.201324,5.949794
88310_CORNIMONT,88310,CORNIMONT,47.96545,6.844559
88340_GIRMONT-VAL-D'AJOL,88340,GIRMONT-VAL-D'AJOL,47.950271,6.569406
88700_RAMBERVILLERS,88700,RAMBERVILLERS,48.341201,6.642844
88220_XERTIGNY,88220,XERTIGNY,48.040295,6.367169
88250_LA BRESSE,88250,LA BRESSE,48.018687,6.904754
88550_POUXEUX,88550,POUXEUX,48.106567,6.565695
88100_SAINT-DIE-DES-VOSGES,88100,SAINT-DIE-DES-VOSGES,48.294697,6.940983
88110_RAON-L'ETAPE,88110,RAON-L'ETAPE,48.405657,6.852976
88200_REMIREMONT,88200,REMIREMONT,48.013284,6.590662
88120_BASSE-SUR-LE-RUPT,88120,BASSE-SUR-LE-RUPT,47.98843,6.770119
88000_EPINAL -,88000,EPINAL -,48.170226,6.484892
88400_GERARDMER,88400,GERARDMER,48.071934,6.839197
88440_NOMEXY,88440,NOMEXY,48.305418,6.3829
88650_ANOULD,88650,ANOULD,48.184336,6.942327
88300_NEUFCHATEAU,88300,NEUFCHATEAU,48.35714,5.709985
88140_AUZAINVILLIERS,88140,AUZAINVILLIERS,48.235481,5.840561
88000_EPINAL,88000,EPINAL,48.170226,6.484892
88370_PLOMBIERES-LES-BAINS,88370,PLOMBIERES-LES-BAINS,47.967961,6.430985
88230_PLAINFAING -,88230,PLAINFAING -,48.162474,7.047027
88150_THAON-LES-VOSGES,88150,THAON-LES-VOSGES,48.253748,6.410309
88120_VAGNEY,88120,VAGNEY,48.01002,6.716419
88630_DOMREMY-LA-PUCELLE,88630,DOMREMY-LA-PUCELLE,48.440261,5.673124
88400_GERARDMER -,88400,GERARDMER -,48.071934,6.839197
88130_CHARMES,88130,CHARMES,48.367974,6.286458
88200_REMIREMONT -,88200,REMIREMONT -,48.013284,6.590662
88600_BRUYERES,88600,BRUYERES,48.207997,6.71502
88430_GERBEPAL -,88430,GERBEPAL -,48.126363,6.914925
88150_THAON-LES-VOSGES -,88150,THAON-LES-VOSGES -,48.253748,6.410309
88700_SAINT-MAURICE-SUR-MORTAGNE -,88700,SAINT-MAURICE-SUR-MORTAGNE -,48.387975,6.584071
88400_XONRUPT-LONGEMER,88400,XONRUPT-LONGEMER,48.069437,6.946674
88460_TENDON,88460,TENDON,48.114198,6.678436
88230_PLAINFAING,88230,PLAINFAING,48.162474,7.047027
88220_UZEMAIN,88220,UZEMAIN,48.089974,6.34354
88230_FRAIZE,88230,FRAIZE,48.18797,7.006904
88230_FRAIZE -,88230,FRAIZE -,48.18797,7.006904
88500_BOULAINCOURT,88500,BOULAINCOURT,48.372601,6.083214
88540_BUSSANG,88540,BUSSANG,47.888595,6.860363
88640_GRANGES-SUR-VOLOGNE,88640,GRANGES-SUR-VOLOGNE,48.149569,6.78309
88260_RELANGES -,88260,RELANGES -,48.109947,6.010473
88160_LE THILLOT,88160,LE THILLOT,47.882407,6.767218
88200_DOMMARTIN-LES-REMIREMONT,88200,DOMMARTIN-LES-REMIREMONT,47.992173,6.637003
88150_GIRMONT,88150,GIRMONT,48.250272,6.440854
88100_SAINT-DIE-DES-VOSGES -,88100,SAINT-DIE-DES-VOSGES -,48.294697,6.940983
88800_VITTEL -,88800,VITTEL -,48.201324,5.949794
88700_JEANMENIL -,88700,JEANMENIL -,48.333831,6.698001
88170_COURCELLES-SOUS-CHATENOIS,88170,COURCELLES-SOUS-CHATENOIS,48.327058,5.81585
88150_CHAVELOT -,88150,CHAVELOT -,48.22913,6.43285
88370_PLOMBIERES-LES-BAINS -,88370,PLOMBIERES-LES-BAINS -,47.967961,6.430985
88500_MIRECOURT,88500,MIRECOURT,48.301026,6.134121
88340_LE VAL-D'AJOL,88340,LE VAL-D'AJOL,47.939383,6.506731
88360_RUPT-SUR-MOSELLE -,88360,RUPT-SUR-MOSELLE -,47.934368,6.654164
88530_LE THOLY,88530,LE THOLY,48.090739,6.734245
88170_CHATENOIS,88170,CHATENOIS,48.304775,5.837721
88700_PADOUX,88700,PADOUX,48.286547,6.57014
88260_RELANGES,88260,RELANGES,48.109947,6.010473
88190_GOLBEY,88190,GOLBEY,48.196392,6.428957
88100_COINCHES,88100,COINCHES,48.252219,7.024101
88210_MOUSSEY -,88210,MOUSSEY -,48.431168,7.024116
88210_MOUSSEY,88210,MOUSSEY,48.431168,7.024116
88340_LE VAL-D'AJOL -,88340,LE VAL-D'AJOL -,47.939383,6.506731
88440_FRIZON -,88440,FRIZON -,48.288226,6.362747
88330_REHAINCOURT,88330,REHAINCOURT,48.361057,6.467642
88320_MARTIGNY-LES-BAINS,88320,MARTIGNY-LES-BAINS,48.103596,5.821095
88270_MADONNE-ET-LAMEREY,88270,MADONNE-ET-LAMEREY,48.221395,6.237061
88190_GOLBEY -,88190,GOLBEY -,48.196392,6.428957
89140_PONT-SUR-YONNE,89140,PONT-SUR-YONNE,48.277378,3.193261
89100_SENS,89100,SENS,48.191643,3.29284
89290_VINCELLES,89290,VINCELLES,47.70183,3.630903
89000_AUXERRE -,89000,AUXERRE -,47.790189,3.580299
89160_ANCY-LE-FRANC,89160,ANCY-LE-FRANC,47.768391,4.159989
89110_AILLANT-SUR-THOLON,89110,AILLANT-SUR-THOLON,47.847875,3.404655
89000_AUXERRE,89000,AUXERRE,47.790189,3.580299
89290_CHAMPS-SUR-YONNE,89290,CHAMPS-SUR-YONNE,47.745575,3.596083
89140_EVRY,89140,EVRY,48.266496,3.256026
89144_LIGNY-LE-CHATEL,89144,LIGNY-LE-CHATEL,47.913724,3.736542
89100_MAILLOT,89100,MAILLOT,48.176727,3.303572
89270_VERMENTON,89270,VERMENTON,47.662556,3.768187
89170_SAINT-FARGEAU,89170,SAINT-FARGEAU,47.645989,3.081064
89113_BRANCHES,89113,BRANCHES,47.875891,3.481032
89470_MONETEAU,89470,MONETEAU,47.847056,3.582616
89150_SAINT-VALERIEN,89150,SAINT-VALERIEN,48.178937,3.092824
89260_THORIGNY-SUR-OREUSE,89260,THORIGNY-SUR-OREUSE,48.296509,3.36909
89130_TOUCY,89130,TOUCY,47.735068,3.294648
89800_CHABLIS,89800,CHABLIS,47.817079,3.795666
89120_CHARNY,89120,CHARNY,47.876411,3.104183
89250_GURGY,89250,GURGY,47.868834,3.556438
89580_GY-L'EVEQUE,89580,GY-L'EVEQUE,47.721742,3.548051
89500_ARMEAU,89500,ARMEAU,48.049163,3.34212
89130_VILLIERS-SAINT-BENOIT,89130,VILLIERS-SAINT-BENOIT,47.779989,3.217033
89110_LA FERTE-LOUPIERE,89110,LA FERTE-LOUPIERE,47.889538,3.237199
89520_SAINPUITS,89520,SAINPUITS,47.518523,3.254744
89310_ANNAY-SUR-SEREIN,89310,ANNAY-SUR-SEREIN,47.723249,3.961794
89380_APPOIGNY,89380,APPOIGNY,47.872828,3.52987
89200_AVALLON,89200,AVALLON,47.484856,3.917279
89210_BRIENON-SUR-ARMANCON,89210,BRIENON-SUR-ARMANCON,47.998047,3.616194
89190_LES CLERIMOIS,89190,LES CLERIMOIS,48.229214,3.443033
89400_MIGENNES,89400,MIGENNES,47.96632,3.52227
89430_RUGNY,89430,RUGNY,47.897482,4.146867
89170_SAINT-FARGEAU -,89170,SAINT-FARGEAU -,47.645989,3.081064
89350_TANNERRE-EN-PUISAYE,89350,TANNERRE-EN-PUISAYE,47.736496,3.145611
89120_VILLEFRANCHE,89120,VILLEFRANCHE,47.944067,3.124661
89500_BUSSY-LE-REPOS,89500,BUSSY-LE-REPOS,48.055748,3.229961
89100_COLLEMIERS -,89100,COLLEMIERS -,48.153838,3.221782
89560_DRUYES-LES-BELLES-FONTAINES,89560,DRUYES-LES-BELLES-FONTAINES,47.546524,3.419423
89240_LINDRY,89240,LINDRY,47.800171,3.422439
89100_SENS -,89100,SENS -,48.191643,3.29284
89560_TAINGY,89560,TAINGY,47.612098,3.42129
89100_PARON,89100,PARON,48.188266,3.242503
89500_VILLENEUVE-SUR-YONNE,89500,VILLENEUVE-SUR-YONNE,48.081861,3.308209
89340_SAINT-AGNAN,89340,SAINT-AGNAN,48.305027,3.04893
89520_SAINT-SAUVEUR-EN-PUISAYE,89520,SAINT-SAUVEUR-EN-PUISAYE,47.635505,3.210447
89340_VILLENEUVE-LA-GUYARD,89340,VILLENEUVE-LA-GUYARD,48.33315,3.062589
89310_NOYERS-SUR-SEREIN,89310,NOYERS-SUR-SEREIN,47.723249,3.961794
89580_COULANGES-LA-VINEUSE,89580,COULANGES-LA-VINEUSE,47.701206,3.581774
89220_ROGNY-LES-SEPT-ECLUSES,89220,ROGNY-LES-SEPT-ECLUSES,47.740389,2.883096
89740_ARTHONNAY,89740,ARTHONNAY,47.925609,4.23959
89440_MASSANGIS,89440,MASSANGIS,47.621534,3.974317
89110_AILLANT-SUR-THOLON -,89110,AILLANT-SUR-THOLON -,47.847875,3.404655
89130_MEZILLES,89130,MEZILLES,47.691153,3.166814
89520_TREIGNY,89520,TREIGNY,47.557244,3.184227
89320_ARCES-DILO,89320,ARCES-DILO,48.089235,3.577597
89113_NEUILLY,89113,NEUILLY,47.916656,3.438719
89240_BEAUVOIR,89240,BEAUVOIR,47.793767,3.381786
89270_BESSY-SUR-CURE,89270,BESSY-SUR-CURE,47.620334,3.739611
89660_BROSSES,89660,BROSSES,47.534324,3.693524
89120_CHENE-ARNOULT,89120,CHENE-ARNOULT,47.890485,3.047071
89480_COULANGES-SUR-YONNE,89480,COULANGES-SUR-YONNE,47.52727,3.528443
89390_CRY,89390,CRY,47.705988,4.239092
89300_JOIGNY,89300,JOIGNY,47.977862,3.398191
89430_MELISEY,89430,MELISEY,47.912233,4.076291
89310_NOYERS-SUR-SEREIN -,89310,NOYERS-SUR-SEREIN -,47.723249,3.961794
89210_VENIZY -,89210,VENIZY -,48.047671,3.695414
89660_ASNIERES-SOUS-BOIS,89660,ASNIERES-SOUS-BOIS,47.480068,3.644586
89100_SOUCY,89100,SOUCY,48.247499,3.326142
89220_SAINT-PRIVE,89220,SAINT-PRIVE,47.684424,3.0037
89700_TONNERRE,89700,TONNERRE,47.850574,3.988083
89100_COURTOIS-SUR-YONNE -,89100,COURTOIS-SUR-YONNE -,48.224962,3.255502
89560_OUANNE,89560,OUANNE,47.661261,3.416476
89700_TONNERRE -,89700,TONNERRE -,47.850574,3.988083
89130_DRACY,89130,DRACY,47.75499,3.238454
89240_DIGES,89240,DIGES,47.717794,3.396557
89150_DOMATS,89150,DOMATS,48.121969,3.070005
89260_PERCENEIGE,89260,PERCENEIGE,48.349625,3.40505
89520_TREIGNY -,89520,TREIGNY -,47.557244,3.184227
89520_SAINTS-EN-PUISAYE,89520,SAINTS-EN-PUISAYE,47.624144,3.274336
89140_EVRY -,89140,EVRY -,48.266496,3.256026
89230_PONTIGNY,89230,PONTIGNY,47.909656,3.712357
89320_CERISIERS,89320,CERISIERS,48.126818,3.510366
89360_FLOGNY-LA-CHAPELLE,89360,FLOGNY-LA-CHAPELLE,47.952421,3.88202
89460_PREGILBERT,89460,PREGILBERT,47.641192,3.667753
89630_SAINT-LEGER-VAUBAN,89630,SAINT-LEGER-VAUBAN,47.379797,4.046656
89240_POURRAIN,89240,POURRAIN,47.767615,3.408144
89290_VINCELOTTES,89290,VINCELOTTES,47.711195,3.638296
89800_BEINE,89800,BEINE,47.819022,3.722042
89110_CHASSY,89110,CHASSY,47.847027,3.348868
89250_CHEMILLY-SUR-YONNE -,89250,CHEMILLY-SUR-YONNE -,47.89327,3.560605
89460_CRAVANT,89460,CRAVANT,47.683584,3.691789
89130_DRACY -,89130,DRACY -,47.75499,3.238454
89700_EPINEUIL,89700,EPINEUIL,47.872392,3.981842
89400_CHENY,89400,CHENY,47.947831,3.538812
89110_SAINT-AUBIN-CHATEAU-NEUF,89110,SAINT-AUBIN-CHATEAU-NEUF,47.824855,3.31053
89150_VALLERY,89150,VALLERY,48.237349,3.041775
89360_PERCEY,89360,PERCEY,47.965147,3.832389
89450_VEZELAY,89450,VEZELAY,47.464445,3.716923
90000_BELFORT,90000,BELFORT,47.640938,6.857469
90100_JONCHEREY,90100,JONCHEREY,47.528308,7.00487
90500_BEAUCOURT,90500,BEAUCOURT,47.487073,6.920877
90300_OFFEMONT,90300,OFFEMONT,47.660599,6.872912
90150_PHAFFANS,90150,PHAFFANS,47.66052,6.93428
90800_BUC,90800,BUC,47.6157,6.786524
90100_DELLE,90100,DELLE,47.507701,6.998231
90200_GIROMAGNY,90200,GIROMAGNY,47.740029,6.823814
90600_GRANDVILLARS,90600,GRANDVILLARS,47.537465,6.974306
90300_VALDOIE,90300,VALDOIE,47.671296,6.844569
90000_BELFORT -,90000,BELFORT -,47.640938,6.857469
90200_GROSMAGNY -,90200,GROSMAGNY -,47.724444,6.884676
90170_ETUEFFONT,90170,ETUEFFONT,47.720244,6.920303
90100_SUARCE,90100,SUARCE,47.562373,7.081576
90150_EGUENIGUE -,90150,EGUENIGUE -,47.670643,6.932791
90400_ANDELNANS -,90400,ANDELNANS -,47.604209,6.859643
90100_SAINT-DIZIER-L'EVEQUE,90100,SAINT-DIZIER-L'EVEQUE,47.470705,6.962357
90200_ROUGEGOUTTE,90200,ROUGEGOUTTE,47.73382,6.851067
