,theme,nom_event,adresse,ville,cp,dep,date_d,date_f,site_web
0,Spectacles,YOHANN METAY,,PARIS -,75116,75,20 June 2026,,
1,Concerts,SLIMANE,,PARIS -,75116,75,20 June 2026,,
2,Classique et opera,Destins - orchestre pasdeloup,,PARIS -,75116,75,20 June 2026,,
3,Concerts,SLIMANE SYMPHONIQUE,,PARIS -,75116,75,20 June 2026,,
4,Concerts,KANY GARCIA,,PARIS -,75116,75,20 June 2026,,
5,Humour et one (wo)man show,Alex lutz,,PARIS -,75116,75,20 June 2026,,
6,Concerts,Les 4 Saisons de Vivaldi Intégrale / Petite Musique de Nuit,,PARIS -,75116,75,20 June 2026,,
7,Expositions,PASSION JAPON,,PARIS -,75116,75,20 June 2026,,
8,Concerts,PHANTOGRAM,,PARIS -,75116,75,20 June 2026,,
9,Concerts,THE DILLINGER ESCAPE PLAN,,PARIS -,75116,75,20 June 2026,,
10,Expositions,GIANNI VERSACE RETROSPECTIVE,,PARIS -,75116,75,20 June 2026,,
11,Spectacles,LES ECHOS-LIES : POSITIVE ENERGY,,PARIS -,75116,75,20 June 2026,,
12,Concerts,Charif Megarbane,,PARIS -,75116,75,20 June 2026,,
13,Expositions,EXPOSITION MARILYN MONROE,,PARIS -,75116,75,20 June 2026,,
14,Concerts,JAKE SCHROEDER,,PARIS -,75116,75,20 June 2026,,
15,Expositions,EXPOSITION MARILYN MONROE,,PARIS -,75116,75,20 June 2026,,
16,Expositions,EXPOSITION MARILYN MONROE,,PARIS -,75116,75,20 June 2026,,
17,Expositions,EXPOSITION MARILYN MONROE,,PARIS -,75116,75,20 June 2026,,
18,Expositions,EXPOSITION MARILYN MONROE,,PARIS -,75116,75,20 June 2026,,
19,Expositions,EXPOSITION MARILYN MONROE,,PARIS -,75116,75,20 June 2026,,
20,Expositions,EXPOSITION MARILYN MONROE,,PARIS -,75116,75,20 June 2026,,
21,Expositions,EXPOSITION MARILYN MONROE,,PARIS -,75116,75,20 June 2026,,
22,Expositions,EXPOSITION MARILYN MONROE,,PARIS -,75116,75,20 June 2026,,
23,Expositions,EXPOSITION MARILYN MONROE,,PARIS -,75116,75,20 June 2026,,
24,Expositions,EXPOSITION MARILYN MONROE,,PARIS -,75116,75,20 June 2026,,
25,Expositions,EXPOSITION MARILYN MONROE,,PARIS -,75116,75,20 June 2026,,
26,Expositions,EXPOSITION MARILYN MONROE,,PARIS -,75116,75,20 June 2026,,
27,Expositions,EXPOSITION MARILYN MONROE,,PARIS -,75116,75,20 June 2026,,
28,Expositions,EXPOSITION MARILYN MONROE,,PARIS -,75116,75,20 June 2026,,
29,Expositions,EXPOSITION MARILYN MONROE,,PARIS -,75116,75,20 June 2026,,
30,Expositions,EXPOSITION MARILYN MONROE,,PARIS -,75116,75,20 June 2026,,
31,Expositions,PASSION JAPON,,PARIS -,75116,75,20 June 2026,,
32,Expositions,PASSION JAPON,,PARIS -,75116,75,20 June 2026,,
33,Expositions,PASSION JAPON,,PARIS -,75116,75,20 June 2026,,
34,Expositions,PASSION JAPON,,PARIS -,75116,75,20 June 2026,,
35,Expositions,PASSION JAPON,,PARIS -,75116,75,20 June 2026,,
36,Expositions,PASSION JAPON,,PARIS -,75116,75,20 June 2026,,
37,Expositions,PASSION JAPON,,PARIS -,75116,75,20 June 2026,,
38,Expositions,PASSION JAPON,,PARIS -,75116,75,20 June 2026,,
39,Expositions,PASSION JAPON,,PARIS -,75116,75,20 June 2026,,
40,Expositions,PASSION JAPON,,PARIS -,75116,75,20 June 2026,,
41,Expositions,PASSION JAPON,,PARIS -,75116,75,20 June 2026,,
42,Expositions,PASSION JAPON,,PARIS -,75116,75,20 June 2026,,
43,Expositions,PASSION JAPON,,PARIS -,75116,75,20 June 2026,,
44,Expositions,PASSION JAPON,,PARIS -,75116,75,20 June 2026,,
45,Expositions,PASSION JAPON,,PARIS -,75116,75,20 June 2026,,
46,Expositions,PASSION JAPON,,PARIS -,75116,75,20 June 2026,,
47,Expositions,PASSION JAPON,,PARIS -,75116,75,20 June 2026,,
48,Expositions,PASSION JAPON,,PARIS -,75116,75,20 June 2026,,
49,Expositions,GIANNI VERSACE RETROSPECTIVE,,PARIS -,75116,75,20 June 2026,,
50,Expositions,GIANNI VERSACE RETROSPECTIVE,,PARIS -,75116,75,20 June 2026,,
51,Expositions,GIANNI VERSACE RETROSPECTIVE,,PARIS -,75116,75,20 June 2026,,
52,Expositions,GIANNI VERSACE RETROSPECTIVE,,PARIS -,75116,75,20 June 2026,,
53,Expositions,GIANNI VERSACE RETROSPECTIVE,,PARIS -,75116,75,20 June 2026,,
54,Expositions,GIANNI VERSACE RETROSPECTIVE,,PARIS -,75116,75,20 June 2026,,
55,Expositions,GIANNI VERSACE RETROSPECTIVE,,PARIS -,75116,75,20 June 2026,,
56,Expositions,GIANNI VERSACE RETROSPECTIVE,,PARIS -,75116,75,20 June 2026,,
57,Expositions,GIANNI VERSACE RETROSPECTIVE,,PARIS -,75116,75,20 June 2026,,
58,Expositions,GIANNI VERSACE RETROSPECTIVE,,PARIS -,75116,75,20 June 2026,,
59,Expositions,GIANNI VERSACE RETROSPECTIVE,,PARIS -,75116,75,20 June 2026,,
60,Expositions,GIANNI VERSACE RETROSPECTIVE,,PARIS -,75116,75,20 June 2026,,
61,Expositions,GIANNI VERSACE RETROSPECTIVE,,PARIS -,75116,75,20 June 2026,,
62,Expositions,GIANNI VERSACE RETROSPECTIVE,,PARIS -,75116,75,20 June 2026,,
63,Concerts,Kany garcia,,PARIS -,75116,75,20 June 2026,,
64,Concerts,Bruno mars,,PARIS -,75116,75,20 June 2026,,
65,Concerts,Bruno mars,,PARIS -,75116,75,20 June 2026,,
66,Concerts,Phantogram,,PARIS -,75116,75,20 June 2026,,
67,Concerts,The dillinger escape plan,,PARIS -,75116,75,20 June 2026,,
68,Concerts,Amal maher,,PARIS -,75116,75,20 June 2026,,
69,Brocantes,PUCES DE VANVES le samedi,av. Marc Sangnier&nbsp;et&nbsp;av. Georges Lafenestre paris-14eme-arrondissement,PARIS 14èME ARRONDISSEMENT,75014,75,20 June 2026,,
70,Concerts,SLIMANE,,PARIS -,75116,75,21 June 2026,,
71,Classique et opera,Bebe concert ode a la joie,,PARIS -,75116,75,21 June 2026,,
72,Classique et opera,"Beethoven, la neuvieme",,PARIS -,75116,75,21 June 2026,,
73,Classique et opera,Derriere le rideau de fer,,PARIS -,75116,75,21 June 2026,,
74,Concerts,SLIMANE SYMPHONIQUE,,PARIS -,75116,75,21 June 2026,,
75,Expositions,PASSION JAPON,,PARIS -,75116,75,21 June 2026,,
76,Spectacles,"MOZART, MOI ? JAMAIS !",,PARIS -,75116,75,21 June 2026,,
77,Expositions,GIANNI VERSACE RETROSPECTIVE,,PARIS -,75116,75,21 June 2026,,
78,Spectacles,LES ECHOS-LIES : POSITIVE ENERGY,,PARIS -,75116,75,21 June 2026,,
79,Expositions,EXPOSITION MARILYN MONROE,,PARIS -,75116,75,21 June 2026,,
80,Expositions,EXPOSITION MARILYN MONROE,,PARIS -,75116,75,21 June 2026,,
81,Expositions,EXPOSITION MARILYN MONROE,,PARIS -,75116,75,21 June 2026,,
82,Expositions,EXPOSITION MARILYN MONROE,,PARIS -,75116,75,21 June 2026,,
83,Expositions,EXPOSITION MARILYN MONROE,,PARIS -,75116,75,21 June 2026,,
84,Expositions,EXPOSITION MARILYN MONROE,,PARIS -,75116,75,21 June 2026,,
85,Expositions,EXPOSITION MARILYN MONROE,,PARIS -,75116,75,21 June 2026,,
86,Expositions,EXPOSITION MARILYN MONROE,,PARIS -,75116,75,21 June 2026,,
87,Expositions,EXPOSITION MARILYN MONROE,,PARIS -,75116,75,21 June 2026,,
88,Expositions,EXPOSITION MARILYN MONROE,,PARIS -,75116,75,21 June 2026,,
89,Expositions,EXPOSITION MARILYN MONROE,,PARIS -,75116,75,21 June 2026,,
90,Expositions,EXPOSITION MARILYN MONROE,,PARIS -,75116,75,21 June 2026,,
91,Expositions,EXPOSITION MARILYN MONROE,,PARIS -,75116,75,21 June 2026,,
92,Expositions,EXPOSITION MARILYN MONROE,,PARIS -,75116,75,21 June 2026,,
93,Expositions,EXPOSITION MARILYN MONROE,,PARIS -,75116,75,21 June 2026,,
94,Expositions,EXPOSITION MARILYN MONROE,,PARIS -,75116,75,21 June 2026,,
95,Expositions,EXPOSITION MARILYN MONROE,,PARIS -,75116,75,21 June 2026,,
96,Expositions,PASSION JAPON,,PARIS -,75116,75,21 June 2026,,
97,Expositions,PASSION JAPON,,PARIS -,75116,75,21 June 2026,,
98,Expositions,PASSION JAPON,,PARIS -,75116,75,21 June 2026,,
99,Expositions,PASSION JAPON,,PARIS -,75116,75,21 June 2026,,
100,Expositions,PASSION JAPON,,PARIS -,75116,75,21 June 2026,,
101,Expositions,PASSION JAPON,,PARIS -,75116,75,21 June 2026,,
102,Expositions,PASSION JAPON,,PARIS -,75116,75,21 June 2026,,
103,Expositions,PASSION JAPON,,PARIS -,75116,75,21 June 2026,,
104,Expositions,PASSION JAPON,,PARIS -,75116,75,21 June 2026,,
105,Expositions,PASSION JAPON,,PARIS -,75116,75,21 June 2026,,
106,Expositions,PASSION JAPON,,PARIS -,75116,75,21 June 2026,,
107,Expositions,PASSION JAPON,,PARIS -,75116,75,21 June 2026,,
108,Expositions,PASSION JAPON,,PARIS -,75116,75,21 June 2026,,
109,Expositions,PASSION JAPON,,PARIS -,75116,75,21 June 2026,,
110,Expositions,PASSION JAPON,,PARIS -,75116,75,21 June 2026,,
111,Expositions,PASSION JAPON,,PARIS -,75116,75,21 June 2026,,
112,Expositions,GIANNI VERSACE RETROSPECTIVE,,PARIS -,75116,75,21 June 2026,,
113,Expositions,GIANNI VERSACE RETROSPECTIVE,,PARIS -,75116,75,21 June 2026,,
114,Expositions,GIANNI VERSACE RETROSPECTIVE,,PARIS -,75116,75,21 June 2026,,
115,Expositions,GIANNI VERSACE RETROSPECTIVE,,PARIS -,75116,75,21 June 2026,,
116,Expositions,GIANNI VERSACE RETROSPECTIVE,,PARIS -,75116,75,21 June 2026,,
117,Expositions,GIANNI VERSACE RETROSPECTIVE,,PARIS -,75116,75,21 June 2026,,
118,Expositions,GIANNI VERSACE RETROSPECTIVE,,PARIS -,75116,75,21 June 2026,,
119,Expositions,GIANNI VERSACE RETROSPECTIVE,,PARIS -,75116,75,21 June 2026,,
120,Expositions,GIANNI VERSACE RETROSPECTIVE,,PARIS -,75116,75,21 June 2026,,
121,Expositions,GIANNI VERSACE RETROSPECTIVE,,PARIS -,75116,75,21 June 2026,,
122,Expositions,GIANNI VERSACE RETROSPECTIVE,,PARIS -,75116,75,21 June 2026,,
123,Expositions,GIANNI VERSACE RETROSPECTIVE,,PARIS -,75116,75,21 June 2026,,
124,Expositions,GIANNI VERSACE RETROSPECTIVE,,PARIS -,75116,75,21 June 2026,,
125,Expositions,GIANNI VERSACE RETROSPECTIVE,,PARIS -,75116,75,21 June 2026,,
126,Concerts,Bruno mars,,PARIS -,75116,75,21 June 2026,,
127,Concerts,Bruno mars,,PARIS -,75116,75,21 June 2026,,
128,Concerts,Guy christ israel,,PARIS -,75116,75,21 June 2026,,
129,Concerts,"BOEILDIEU, SCHUBERT, STRAUSS, von SUPPÉ, direction Léonard GANVERT",,PARIS -,75116,75,21 June 2026,,
130,Brocantes,PUCES DE VANVES le dimanche,av. Marc Sangnier&nbsp;et&nbsp;av. Georges Lafenestre paris-14eme-arrondissement,PARIS 14èME ARRONDISSEMENT,75014,75,21 June 2026,,
131,Bals Danses,Le Duplex Paris,Le Duplex Paris 2 bis avenue Foch 75016 Paris,PARIS 16èME ARRONDISSEMENT,75016,75,21 June 2026,,
132,Concerts,COUNTING CROWS,,PARIS -,75116,75,22 June 2026,,
133,Concerts,PAT METHENY,,PARIS -,75116,75,22 June 2026,,
134,Expositions,GIANNI VERSACE RETROSPECTIVE,,PARIS -,75116,75,22 June 2026,,
135,Théatres,"DRACULA, LA PARODIE HILARANTE ET TERRIFIANTE !",,PARIS -,75116,75,22 June 2026,,
136,Spectacles,BASSEM YOUSSEF,,PARIS -,75116,75,22 June 2026,,
137,Expositions,EXPOSITION MARILYN MONROE,,PARIS -,75116,75,22 June 2026,,
138,Expositions,EXPOSITION MARILYN MONROE,,PARIS -,75116,75,22 June 2026,,
139,Expositions,EXPOSITION MARILYN MONROE,,PARIS -,75116,75,22 June 2026,,
140,Expositions,EXPOSITION MARILYN MONROE,,PARIS -,75116,75,22 June 2026,,
141,Expositions,EXPOSITION MARILYN MONROE,,PARIS -,75116,75,22 June 2026,,
142,Expositions,EXPOSITION MARILYN MONROE,,PARIS -,75116,75,22 June 2026,,
143,Expositions,EXPOSITION MARILYN MONROE,,PARIS -,75116,75,22 June 2026,,
144,Expositions,EXPOSITION MARILYN MONROE,,PARIS -,75116,75,22 June 2026,,
145,Expositions,EXPOSITION MARILYN MONROE,,PARIS -,75116,75,22 June 2026,,
146,Expositions,EXPOSITION MARILYN MONROE,,PARIS -,75116,75,22 June 2026,,
147,Expositions,EXPOSITION MARILYN MONROE,,PARIS -,75116,75,22 June 2026,,
148,Expositions,EXPOSITION MARILYN MONROE,,PARIS -,75116,75,22 June 2026,,
149,Expositions,EXPOSITION MARILYN MONROE,,PARIS -,75116,75,22 June 2026,,
150,Expositions,GIANNI VERSACE RETROSPECTIVE,,PARIS -,75116,75,22 June 2026,,
151,Expositions,GIANNI VERSACE RETROSPECTIVE,,PARIS -,75116,75,22 June 2026,,
152,Expositions,GIANNI VERSACE RETROSPECTIVE,,PARIS -,75116,75,22 June 2026,,
153,Expositions,GIANNI VERSACE RETROSPECTIVE,,PARIS -,75116,75,22 June 2026,,
154,Expositions,GIANNI VERSACE RETROSPECTIVE,,PARIS -,75116,75,22 June 2026,,
155,Expositions,GIANNI VERSACE RETROSPECTIVE,,PARIS -,75116,75,22 June 2026,,
156,Expositions,GIANNI VERSACE RETROSPECTIVE,,PARIS -,75116,75,22 June 2026,,
157,Expositions,GIANNI VERSACE RETROSPECTIVE,,PARIS -,75116,75,22 June 2026,,
158,Expositions,GIANNI VERSACE RETROSPECTIVE,,PARIS -,75116,75,22 June 2026,,
159,Expositions,GIANNI VERSACE RETROSPECTIVE,,PARIS -,75116,75,22 June 2026,,
160,Expositions,GIANNI VERSACE RETROSPECTIVE,,PARIS -,75116,75,22 June 2026,,
161,Expositions,GIANNI VERSACE RETROSPECTIVE,,PARIS -,75116,75,22 June 2026,,
162,Expositions,GIANNI VERSACE RETROSPECTIVE,,PARIS -,75116,75,22 June 2026,,
163,Expositions,GIANNI VERSACE RETROSPECTIVE,,PARIS -,75116,75,22 June 2026,,
164,Concerts,Counting crows,,PARIS -,75116,75,22 June 2026,,
165,Concerts,Pat metheny,,PARIS -,75116,75,22 June 2026,,
166,Théatres,Dracula la parodie hilarante,,PARIS -,75116,75,22 June 2026,,
167,Concerts,Eom,,PARIS -,75116,75,22 June 2026,,
168,Bals Danses,Le Duplex Paris,Le Duplex Paris 2 bis avenue Foch 75016 Paris,PARIS 16èME ARRONDISSEMENT,75016,75,22 June 2026,,
169,Musées,Musée Marmottan Monet,Musée Marmottan Monet 2 rue Louis Boilly 75016 Paris,PARIS 16èME ARRONDISSEMENT,75016,75,22 June 2026,,
170,Concerts,FLORENT PAGNY,,PARIS -,75116,75,23 June 2026,,
171,Spectacles,THE ROCKY HORROR SHOW,,PARIS -,75116,75,23 June 2026,,
172,Concerts,NIGHT FEVER - A Tribute To The BEE GEES,,PARIS -,75116,75,23 June 2026,,
173,Concerts,MADISON RYANN WARD,,PARIS -,75116,75,23 June 2026,,
174,Spectacles,Madame Fraize,,PARIS -,75116,75,23 June 2026,,
175,Humour et one (wo)man show,Madame fraize,,PARIS -,75116,75,23 June 2026,,
176,Spectacle et comedie musicale,The rocky horror show,,PARIS -,75116,75,23 June 2026,,
177,Concerts,PENNYWISE + THE ATARIS,,PARIS -,75116,75,23 June 2026,,
178,Spectacles,Salle de spectacles Bobino,"BOBINO 14-20, RUE DE LA GAÎTÉ 75014 Paris",PARIS 14èME ARRONDISSEMENT,75014,75,23 June 2026,,
179,Expositions,PASSION JAPON,,PARIS -,75116,75,23 June 2026,,
180,Concerts,SNAIL MAIL,,PARIS -,75116,75,23 June 2026,,
181,Expositions,GIANNI VERSACE RETROSPECTIVE,,PARIS -,75116,75,23 June 2026,,
182,Théatres,"DRACULA, LA PARODIE HILARANTE ET TERRIFIANTE !",,PARIS -,75116,75,23 June 2026,,
183,Concerts,Night fever-a tribute to the bee gees,,PARIS -,75116,75,23 June 2026,,
184,Expositions,PASSION JAPON,,PARIS -,75116,75,23 June 2026,,
185,Expositions,PASSION JAPON,,PARIS -,75116,75,23 June 2026,,
186,Expositions,PASSION JAPON,,PARIS -,75116,75,23 June 2026,,
187,Expositions,PASSION JAPON,,PARIS -,75116,75,23 June 2026,,
188,Expositions,PASSION JAPON,,PARIS -,75116,75,23 June 2026,,
189,Expositions,PASSION JAPON,,PARIS -,75116,75,23 June 2026,,
190,Expositions,PASSION JAPON,,PARIS -,75116,75,23 June 2026,,
191,Expositions,PASSION JAPON,,PARIS -,75116,75,23 June 2026,,
192,Expositions,GIANNI VERSACE RETROSPECTIVE,,PARIS -,75116,75,23 June 2026,,
193,Expositions,GIANNI VERSACE RETROSPECTIVE,,PARIS -,75116,75,23 June 2026,,
194,Expositions,GIANNI VERSACE RETROSPECTIVE,,PARIS -,75116,75,23 June 2026,,
195,Expositions,GIANNI VERSACE RETROSPECTIVE,,PARIS -,75116,75,23 June 2026,,
196,Expositions,GIANNI VERSACE RETROSPECTIVE,,PARIS -,75116,75,23 June 2026,,
197,Expositions,GIANNI VERSACE RETROSPECTIVE,,PARIS -,75116,75,23 June 2026,,
198,Expositions,GIANNI VERSACE RETROSPECTIVE,,PARIS -,75116,75,23 June 2026,,
199,Expositions,GIANNI VERSACE RETROSPECTIVE,,PARIS -,75116,75,23 June 2026,,
200,Expositions,GIANNI VERSACE RETROSPECTIVE,,PARIS -,75116,75,23 June 2026,,
201,Expositions,GIANNI VERSACE RETROSPECTIVE,,PARIS -,75116,75,23 June 2026,,
202,Expositions,GIANNI VERSACE RETROSPECTIVE,,PARIS -,75116,75,23 June 2026,,
203,Expositions,GIANNI VERSACE RETROSPECTIVE,,PARIS -,75116,75,23 June 2026,,
204,Expositions,GIANNI VERSACE RETROSPECTIVE,,PARIS -,75116,75,23 June 2026,,
205,Expositions,GIANNI VERSACE RETROSPECTIVE,,PARIS -,75116,75,23 June 2026,,
206,Concerts,Pennywise,,PARIS -,75116,75,23 June 2026,,
207,Concerts,Snail mail,,PARIS -,75116,75,23 June 2026,,
208,Marchés,Marché Bourse mardi,"Place de la Bourse, Paris 2e",PARIS 2èME ARRONDISSEMENT,75002,75,23 June 2026,,
209,Concerts,FLORENT PAGNY,,PARIS -,75116,75,24 June 2026,,
210,Spectacles,THE ROCKY HORROR SHOW,,PARIS -,75116,75,24 June 2026,,
211,Spectacles,Madame Fraize,,PARIS -,75116,75,24 June 2026,,
212,Expositions,PASSION JAPON,,PARIS -,75116,75,24 June 2026,,
213,Concerts,RICHARD ASHCROFT,,PARIS -,75116,75,24 June 2026,,
214,Concerts,LEXA GATES,,PARIS -,75116,75,24 June 2026,,
215,Concerts,MIDLAND,,PARIS -,75116,75,24 June 2026,,
216,Concerts,CHEZILE,,PARIS -,75116,75,24 June 2026,,
217,Concerts,BLACK VEIL BRIDES,,PARIS -,75116,75,24 June 2026,,
218,Expositions,GIANNI VERSACE RETROSPECTIVE,,PARIS -,75116,75,24 June 2026,,
219,Expositions,EXPOSITION MARILYN MONROE,,PARIS -,75116,75,24 June 2026,,
220,Carte,PARDONNE-MOI DE ME TRAHIR,,PARIS -,75116,75,24 June 2026,,
221,Expositions,EXPOSITION MARILYN MONROE,,PARIS -,75116,75,24 June 2026,,
222,Expositions,EXPOSITION MARILYN MONROE,,PARIS -,75116,75,24 June 2026,,
223,Expositions,EXPOSITION MARILYN MONROE,,PARIS -,75116,75,24 June 2026,,
224,Expositions,EXPOSITION MARILYN MONROE,,PARIS -,75116,75,24 June 2026,,
225,Expositions,EXPOSITION MARILYN MONROE,,PARIS -,75116,75,24 June 2026,,
226,Expositions,EXPOSITION MARILYN MONROE,,PARIS -,75116,75,24 June 2026,,
227,Expositions,EXPOSITION MARILYN MONROE,,PARIS -,75116,75,24 June 2026,,
228,Expositions,EXPOSITION MARILYN MONROE,,PARIS -,75116,75,24 June 2026,,
229,Expositions,EXPOSITION MARILYN MONROE,,PARIS -,75116,75,24 June 2026,,
230,Expositions,EXPOSITION MARILYN MONROE,,PARIS -,75116,75,24 June 2026,,
231,Expositions,EXPOSITION MARILYN MONROE,,PARIS -,75116,75,24 June 2026,,
232,Expositions,EXPOSITION MARILYN MONROE,,PARIS -,75116,75,24 June 2026,,
233,Expositions,PASSION JAPON,,PARIS -,75116,75,24 June 2026,,
234,Expositions,PASSION JAPON,,PARIS -,75116,75,24 June 2026,,
235,Expositions,PASSION JAPON,,PARIS -,75116,75,24 June 2026,,
236,Expositions,PASSION JAPON,,PARIS -,75116,75,24 June 2026,,
237,Expositions,PASSION JAPON,,PARIS -,75116,75,24 June 2026,,
238,Expositions,PASSION JAPON,,PARIS -,75116,75,24 June 2026,,
239,Expositions,PASSION JAPON,,PARIS -,75116,75,24 June 2026,,
240,Expositions,PASSION JAPON,,PARIS -,75116,75,24 June 2026,,
241,Expositions,GIANNI VERSACE RETROSPECTIVE,,PARIS -,75116,75,24 June 2026,,
242,Expositions,GIANNI VERSACE RETROSPECTIVE,,PARIS -,75116,75,24 June 2026,,
243,Expositions,GIANNI VERSACE RETROSPECTIVE,,PARIS -,75116,75,24 June 2026,,
244,Expositions,GIANNI VERSACE RETROSPECTIVE,,PARIS -,75116,75,24 June 2026,,
245,Expositions,GIANNI VERSACE RETROSPECTIVE,,PARIS -,75116,75,24 June 2026,,
246,Expositions,GIANNI VERSACE RETROSPECTIVE,,PARIS -,75116,75,24 June 2026,,
247,Expositions,GIANNI VERSACE RETROSPECTIVE,,PARIS -,75116,75,24 June 2026,,
248,Expositions,GIANNI VERSACE RETROSPECTIVE,,PARIS -,75116,75,24 June 2026,,
249,Expositions,GIANNI VERSACE RETROSPECTIVE,,PARIS -,75116,75,24 June 2026,,
250,Expositions,GIANNI VERSACE RETROSPECTIVE,,PARIS -,75116,75,24 June 2026,,
251,Expositions,GIANNI VERSACE RETROSPECTIVE,,PARIS -,75116,75,24 June 2026,,
252,Expositions,GIANNI VERSACE RETROSPECTIVE,,PARIS -,75116,75,24 June 2026,,
253,Expositions,GIANNI VERSACE RETROSPECTIVE,,PARIS -,75116,75,24 June 2026,,
254,Expositions,GIANNI VERSACE RETROSPECTIVE,,PARIS -,75116,75,24 June 2026,,
255,Concerts,Richard ashcroft,,PARIS -,75116,75,24 June 2026,,
256,Concerts,Lexa gates,,PARIS -,75116,75,24 June 2026,,
257,Concerts,Midland,,PARIS -,75116,75,24 June 2026,,
258,Théatres,La cabaretine,,PARIS -,75116,75,24 June 2026,,
259,Concerts,Chezile,,PARIS -,75116,75,24 June 2026,,
260,Concerts,Black veil brides,,PARIS -,75116,75,24 June 2026,,
261,Concerts,Jikaelle et sumana,,PARIS -,75116,75,24 June 2026,,
262,Théatres,Les petites femmes de maupassant,,PARIS -,75116,75,24 June 2026,,
263,Spectacles,THE ROCKY HORROR SHOW,,PARIS -,75116,75,25 June 2026,,
264,Concerts,Billet Doux,,PARIS -,75116,75,25 June 2026,,
265,Spectacles,Madame Fraize,,PARIS -,75116,75,25 June 2026,,
266,Concerts,L'OLYMPIA SYMPHONIQUE,,PARIS -,75116,75,25 June 2026,,
267,Concerts,GRUPO FRONTERA,,PARIS -,75116,75,25 June 2026,,
268,Danse,La grande vie,,PARIS -,75116,75,25 June 2026,,
269,Expositions,PASSION JAPON,,PARIS -,75116,75,25 June 2026,,
270,Concerts,DON BROCO,,PARIS -,75116,75,25 June 2026,,
271,Expositions,GIANNI VERSACE RETROSPECTIVE,,PARIS -,75116,75,25 June 2026,,
272,Concerts,FAOUZIA,,PARIS -,75116,75,25 June 2026,,
273,Spectacles,SARAH LELE,,PARIS -,75116,75,25 June 2026,,
274,Concerts,Greg Foat Trio,,PARIS -,75116,75,25 June 2026,,
275,Expositions,EXPOSITION MARILYN MONROE,,PARIS -,75116,75,25 June 2026,,
276,Carte,PARDONNE-MOI DE ME TRAHIR,,PARIS -,75116,75,25 June 2026,,
277,Concerts,Berger story,,PARIS -,75116,75,25 June 2026,,
278,Expositions,GIANNI VERSACE RETROSPECTIVE,,PARIS -,75116,75,25 June 2026,,
279,Expositions,GIANNI VERSACE RETROSPECTIVE,,PARIS -,75116,75,25 June 2026,,
280,Expositions,GIANNI VERSACE RETROSPECTIVE,,PARIS -,75116,75,25 June 2026,,
281,Expositions,GIANNI VERSACE RETROSPECTIVE,,PARIS -,75116,75,25 June 2026,,
282,Expositions,GIANNI VERSACE RETROSPECTIVE,,PARIS -,75116,75,25 June 2026,,
283,Expositions,GIANNI VERSACE RETROSPECTIVE,,PARIS -,75116,75,25 June 2026,,
284,Expositions,EXPOSITION MARILYN MONROE,,PARIS -,75116,75,25 June 2026,,
285,Expositions,EXPOSITION MARILYN MONROE,,PARIS -,75116,75,25 June 2026,,
286,Expositions,EXPOSITION MARILYN MONROE,,PARIS -,75116,75,25 June 2026,,
287,Expositions,EXPOSITION MARILYN MONROE,,PARIS -,75116,75,25 June 2026,,
288,Expositions,EXPOSITION MARILYN MONROE,,PARIS -,75116,75,25 June 2026,,
289,Expositions,EXPOSITION MARILYN MONROE,,PARIS -,75116,75,25 June 2026,,
290,Expositions,EXPOSITION MARILYN MONROE,,PARIS -,75116,75,25 June 2026,,
291,Expositions,EXPOSITION MARILYN MONROE,,PARIS -,75116,75,25 June 2026,,
292,Expositions,EXPOSITION MARILYN MONROE,,PARIS -,75116,75,25 June 2026,,
293,Expositions,EXPOSITION MARILYN MONROE,,PARIS -,75116,75,25 June 2026,,
294,Expositions,EXPOSITION MARILYN MONROE,,PARIS -,75116,75,25 June 2026,,
295,Expositions,EXPOSITION MARILYN MONROE,,PARIS -,75116,75,25 June 2026,,
296,Expositions,PASSION JAPON,,PARIS -,75116,75,25 June 2026,,
297,Expositions,PASSION JAPON,,PARIS -,75116,75,25 June 2026,,
298,Expositions,PASSION JAPON,,PARIS -,75116,75,25 June 2026,,
299,Expositions,PASSION JAPON,,PARIS -,75116,75,25 June 2026,,
300,Expositions,PASSION JAPON,,PARIS -,75116,75,25 June 2026,,
301,Expositions,PASSION JAPON,,PARIS -,75116,75,25 June 2026,,
302,Expositions,PASSION JAPON,,PARIS -,75116,75,25 June 2026,,
303,Expositions,PASSION JAPON,,PARIS -,75116,75,25 June 2026,,
304,Expositions,GIANNI VERSACE RETROSPECTIVE,,PARIS -,75116,75,25 June 2026,,
305,Expositions,GIANNI VERSACE RETROSPECTIVE,,PARIS -,75116,75,25 June 2026,,
306,Expositions,GIANNI VERSACE RETROSPECTIVE,,PARIS -,75116,75,25 June 2026,,
307,Expositions,GIANNI VERSACE RETROSPECTIVE,,PARIS -,75116,75,25 June 2026,,
308,Expositions,GIANNI VERSACE RETROSPECTIVE,,PARIS -,75116,75,25 June 2026,,
309,Expositions,GIANNI VERSACE RETROSPECTIVE,,PARIS -,75116,75,25 June 2026,,
310,Expositions,GIANNI VERSACE RETROSPECTIVE,,PARIS -,75116,75,25 June 2026,,
311,Expositions,GIANNI VERSACE RETROSPECTIVE,,PARIS -,75116,75,25 June 2026,,
312,Expositions,GIANNI VERSACE RETROSPECTIVE,,PARIS -,75116,75,25 June 2026,,
313,Expositions,GIANNI VERSACE RETROSPECTIVE,,PARIS -,75116,75,25 June 2026,,
314,Expositions,GIANNI VERSACE RETROSPECTIVE,,PARIS -,75116,75,25 June 2026,,
315,Expositions,GIANNI VERSACE RETROSPECTIVE,,PARIS -,75116,75,25 June 2026,,
316,Expositions,GIANNI VERSACE RETROSPECTIVE,,PARIS -,75116,75,25 June 2026,,
317,Expositions,GIANNI VERSACE RETROSPECTIVE,,PARIS -,75116,75,25 June 2026,,
318,Concerts,L'olympia symphonique,,PARIS -,75116,75,25 June 2026,,
319,Concerts,Grupo frontera,,PARIS -,75116,75,25 June 2026,,
320,Concerts,Don broco,,PARIS -,75116,75,25 June 2026,,
321,Concerts,Orange blossom + nashwa,,PARIS -,75116,75,25 June 2026,,
322,Salons,Saint- Sulpice Céramique,Place Saint-Sulpice,PARIS 6èME ARRONDISSEMENT,75006,75,25 June 2026,28 June 2026,
323,Concerts,FLORENT PAGNY,,PARIS -,75116,75,26 June 2026,,
324,Concerts,Basement + Touché Amoré + Fiddlehead,,PARIS -,75116,75,26 June 2026,,
325,Spectacles,THE ROCKY HORROR SHOW,,PARIS -,75116,75,26 June 2026,,
326,Danse,Giselle - ballet et orchestre,,PARIS -,75116,75,26 June 2026,,
327,Spectacle et comedie musicale,Fantasma circus erotica,,PARIS -,75116,75,26 June 2026,,
328,Concerts,Requiem de Mozart / Boléro de Ravel,,PARIS -,75116,75,26 June 2026,,
329,Expositions,PASSION JAPON,,PARIS -,75116,75,26 June 2026,,
330,Spectacles,FANTASMA CIRCUS EROTICA,,PARIS -,75116,75,26 June 2026,,
331,Concerts,GEORGE THOROGOOD AND THE DESTROYERS,,PARIS -,75116,75,26 June 2026,,
332,Concerts,ASAL,,PARIS -,75116,75,26 June 2026,,
333,Expositions,GIANNI VERSACE RETROSPECTIVE,,PARIS -,75116,75,26 June 2026,,
334,Concerts,FAOUZIA,,PARIS -,75116,75,26 June 2026,,
335,Expositions,EXPOSITION MARILYN MONROE,,PARIS -,75116,75,26 June 2026,,
336,Carte,PARDONNE-MOI DE ME TRAHIR,,PARIS -,75116,75,26 June 2026,,
337,Expositions,EXPOSITION MARILYN MONROE,,PARIS -,75116,75,26 June 2026,,
338,Expositions,EXPOSITION MARILYN MONROE,,PARIS -,75116,75,26 June 2026,,
339,Expositions,EXPOSITION MARILYN MONROE,,PARIS -,75116,75,26 June 2026,,
340,Expositions,EXPOSITION MARILYN MONROE,,PARIS -,75116,75,26 June 2026,,
341,Expositions,EXPOSITION MARILYN MONROE,,PARIS -,75116,75,26 June 2026,,
342,Expositions,EXPOSITION MARILYN MONROE,,PARIS -,75116,75,26 June 2026,,
343,Expositions,EXPOSITION MARILYN MONROE,,PARIS -,75116,75,26 June 2026,,
344,Expositions,EXPOSITION MARILYN MONROE,,PARIS -,75116,75,26 June 2026,,
345,Expositions,EXPOSITION MARILYN MONROE,,PARIS -,75116,75,26 June 2026,,
346,Expositions,EXPOSITION MARILYN MONROE,,PARIS -,75116,75,26 June 2026,,
347,Expositions,EXPOSITION MARILYN MONROE,,PARIS -,75116,75,26 June 2026,,
348,Expositions,EXPOSITION MARILYN MONROE,,PARIS -,75116,75,26 June 2026,,
349,Expositions,PASSION JAPON,,PARIS -,75116,75,26 June 2026,,
350,Expositions,PASSION JAPON,,PARIS -,75116,75,26 June 2026,,
351,Expositions,PASSION JAPON,,PARIS -,75116,75,26 June 2026,,
352,Expositions,PASSION JAPON,,PARIS -,75116,75,26 June 2026,,
353,Expositions,PASSION JAPON,,PARIS -,75116,75,26 June 2026,,
354,Expositions,PASSION JAPON,,PARIS -,75116,75,26 June 2026,,
355,Expositions,PASSION JAPON,,PARIS -,75116,75,26 June 2026,,
356,Expositions,PASSION JAPON,,PARIS -,75116,75,26 June 2026,,
357,Expositions,PASSION JAPON,,PARIS -,75116,75,26 June 2026,,
358,Expositions,PASSION JAPON,,PARIS -,75116,75,26 June 2026,,
359,Expositions,GIANNI VERSACE RETROSPECTIVE,,PARIS -,75116,75,26 June 2026,,
360,Expositions,GIANNI VERSACE RETROSPECTIVE,,PARIS -,75116,75,26 June 2026,,
361,Expositions,GIANNI VERSACE RETROSPECTIVE,,PARIS -,75116,75,26 June 2026,,
362,Expositions,GIANNI VERSACE RETROSPECTIVE,,PARIS -,75116,75,26 June 2026,,
363,Expositions,GIANNI VERSACE RETROSPECTIVE,,PARIS -,75116,75,26 June 2026,,
364,Expositions,GIANNI VERSACE RETROSPECTIVE,,PARIS -,75116,75,26 June 2026,,
365,Expositions,GIANNI VERSACE RETROSPECTIVE,,PARIS -,75116,75,26 June 2026,,
366,Expositions,GIANNI VERSACE RETROSPECTIVE,,PARIS -,75116,75,26 June 2026,,
367,Expositions,GIANNI VERSACE RETROSPECTIVE,,PARIS -,75116,75,26 June 2026,,
368,Expositions,GIANNI VERSACE RETROSPECTIVE,,PARIS -,75116,75,26 June 2026,,
369,Expositions,GIANNI VERSACE RETROSPECTIVE,,PARIS -,75116,75,26 June 2026,,
370,Expositions,GIANNI VERSACE RETROSPECTIVE,,PARIS -,75116,75,26 June 2026,,
371,Expositions,GIANNI VERSACE RETROSPECTIVE,,PARIS -,75116,75,26 June 2026,,
372,Concerts,Bombino + kader tarhanine,,PARIS -,75116,75,26 June 2026,,
373,Expositions,GIANNI VERSACE RETROSPECTIVE,,PARIS -,75116,75,26 June 2026,,
374,Festivals,Solidays 2026 - pass 1 jour vendredi,,PARIS -,75116,75,26 June 2026,,
375,Festivals,Solidays 2026 - pass nuit vendredi,,PARIS -,75116,75,26 June 2026,,
376,Concerts,George thorogood and the destroyers,,PARIS -,75116,75,26 June 2026,,
377,Concerts,Asal,,PARIS -,75116,75,26 June 2026,,
378,Concerts,Tania wyss,,PARIS -,75116,75,26 June 2026,,
379,Concerts,FLORENT PAGNY,,PARIS -,75116,75,27 June 2026,,
380,Spectacles,THE ROCKY HORROR SHOW,,PARIS -,75116,75,27 June 2026,,
381,Concerts,SLIMANE,,PARIS -,75116,75,27 June 2026,,
382,Classique et opera,Vibrations,,PARIS -,75116,75,27 June 2026,,
383,Spectacles,GIORDA,,PARIS -,75116,75,27 June 2026,,
384,Spectacles,THE ROCKY HORROR SHOW,,PARIS -,75116,75,27 June 2026,,
385,Concerts,SLIMANE SYMPHONIQUE,,PARIS -,75116,75,27 June 2026,,
386,Humour et one (wo)man show,Bedou,,PARIS -,75116,75,27 June 2026,,
387,Expositions,PASSION JAPON,,PARIS -,75116,75,27 June 2026,,
388,Spectacles,FANTASMA CIRCUS EROTICA,,PARIS -,75116,75,27 June 2026,,
389,Expositions,GIANNI VERSACE RETROSPECTIVE,,PARIS -,75116,75,27 June 2026,,
390,Spectacles,LES ECHOS-LIES : POSITIVE ENERGY,,PARIS -,75116,75,27 June 2026,,
391,Expositions,EXPOSITION MARILYN MONROE,,PARIS -,75116,75,27 June 2026,,
392,Carte,PARDONNE-MOI DE ME TRAHIR,,PARIS -,75116,75,27 June 2026,,
393,Théatres,Encore une histoire,,PARIS -,75116,75,27 June 2026,,
394,Expositions,EXPOSITION MARILYN MONROE,,PARIS -,75116,75,27 June 2026,,
395,Expositions,EXPOSITION MARILYN MONROE,,PARIS -,75116,75,27 June 2026,,
396,Expositions,EXPOSITION MARILYN MONROE,,PARIS -,75116,75,27 June 2026,,
397,Expositions,EXPOSITION MARILYN MONROE,,PARIS -,75116,75,27 June 2026,,
398,Expositions,EXPOSITION MARILYN MONROE,,PARIS -,75116,75,27 June 2026,,
399,Expositions,EXPOSITION MARILYN MONROE,,PARIS -,75116,75,27 June 2026,,
400,Expositions,EXPOSITION MARILYN MONROE,,PARIS -,75116,75,27 June 2026,,
401,Expositions,EXPOSITION MARILYN MONROE,,PARIS -,75116,75,27 June 2026,,
402,Expositions,EXPOSITION MARILYN MONROE,,PARIS -,75116,75,27 June 2026,,
403,Expositions,EXPOSITION MARILYN MONROE,,PARIS -,75116,75,27 June 2026,,
404,Expositions,EXPOSITION MARILYN MONROE,,PARIS -,75116,75,27 June 2026,,
405,Expositions,EXPOSITION MARILYN MONROE,,PARIS -,75116,75,27 June 2026,,
406,Expositions,EXPOSITION MARILYN MONROE,,PARIS -,75116,75,27 June 2026,,
407,Expositions,EXPOSITION MARILYN MONROE,,PARIS -,75116,75,27 June 2026,,
408,Expositions,EXPOSITION MARILYN MONROE,,PARIS -,75116,75,27 June 2026,,
409,Expositions,EXPOSITION MARILYN MONROE,,PARIS -,75116,75,27 June 2026,,
410,Expositions,PASSION JAPON,,PARIS -,75116,75,27 June 2026,,
411,Expositions,PASSION JAPON,,PARIS -,75116,75,27 June 2026,,
412,Expositions,PASSION JAPON,,PARIS -,75116,75,27 June 2026,,
413,Expositions,PASSION JAPON,,PARIS -,75116,75,27 June 2026,,
414,Expositions,PASSION JAPON,,PARIS -,75116,75,27 June 2026,,
415,Expositions,PASSION JAPON,,PARIS -,75116,75,27 June 2026,,
416,Expositions,PASSION JAPON,,PARIS -,75116,75,27 June 2026,,
417,Expositions,PASSION JAPON,,PARIS -,75116,75,27 June 2026,,
418,Expositions,PASSION JAPON,,PARIS -,75116,75,27 June 2026,,
419,Expositions,PASSION JAPON,,PARIS -,75116,75,27 June 2026,,
420,Expositions,PASSION JAPON,,PARIS -,75116,75,27 June 2026,,
421,Expositions,PASSION JAPON,,PARIS -,75116,75,27 June 2026,,
422,Expositions,PASSION JAPON,,PARIS -,75116,75,27 June 2026,,
423,Expositions,PASSION JAPON,,PARIS -,75116,75,27 June 2026,,
424,Expositions,PASSION JAPON,,PARIS -,75116,75,27 June 2026,,
425,Expositions,PASSION JAPON,,PARIS -,75116,75,27 June 2026,,
426,Expositions,PASSION JAPON,,PARIS -,75116,75,27 June 2026,,
427,Expositions,PASSION JAPON,,PARIS -,75116,75,27 June 2026,,
428,Expositions,GIANNI VERSACE RETROSPECTIVE,,PARIS -,75116,75,27 June 2026,,
429,Expositions,GIANNI VERSACE RETROSPECTIVE,,PARIS -,75116,75,27 June 2026,,
430,Expositions,GIANNI VERSACE RETROSPECTIVE,,PARIS -,75116,75,27 June 2026,,
431,Expositions,GIANNI VERSACE RETROSPECTIVE,,PARIS -,75116,75,27 June 2026,,
432,Expositions,GIANNI VERSACE RETROSPECTIVE,,PARIS -,75116,75,27 June 2026,,
433,Expositions,GIANNI VERSACE RETROSPECTIVE,,PARIS -,75116,75,27 June 2026,,
434,Expositions,GIANNI VERSACE RETROSPECTIVE,,PARIS -,75116,75,27 June 2026,,
435,Expositions,GIANNI VERSACE RETROSPECTIVE,,PARIS -,75116,75,27 June 2026,,
436,Expositions,GIANNI VERSACE RETROSPECTIVE,,PARIS -,75116,75,27 June 2026,,
437,Expositions,GIANNI VERSACE RETROSPECTIVE,,PARIS -,75116,75,27 June 2026,,
438,Expositions,GIANNI VERSACE RETROSPECTIVE,,PARIS -,75116,75,27 June 2026,,
439,Expositions,GIANNI VERSACE RETROSPECTIVE,,PARIS -,75116,75,27 June 2026,,
440,Expositions,GIANNI VERSACE RETROSPECTIVE,,PARIS -,75116,75,27 June 2026,,
441,Expositions,GIANNI VERSACE RETROSPECTIVE,,PARIS -,75116,75,27 June 2026,,
442,Festivals,Solidays 2026 - pass nuit samedi,,PARIS -,75116,75,27 June 2026,,
443,Concerts,Fe bouge l'ocean indien 4,,PARIS -,75116,75,27 June 2026,,
444,Théatres,Les retronautes,,PARIS -,75116,75,27 June 2026,,
445,Concerts,Gospel en majesté,,PARIS -,75116,75,27 June 2026,,
446,Concerts,FLORENT PAGNY,,PARIS -,75116,75,28 June 2026,,
447,Spectacles,THE ROCKY HORROR SHOW,,PARIS -,75116,75,28 June 2026,,
448,Concerts,SLIMANE,,PARIS -,75116,75,28 June 2026,,
449,Spectacles,THE ROCKY HORROR SHOW,,PARIS -,75116,75,28 June 2026,,
450,Concerts,SLIMANE SYMPHONIQUE,,PARIS -,75116,75,28 June 2026,,
451,Classique et opera,Gaites parisiennes,,PARIS -,75116,75,28 June 2026,,
452,Expositions,PASSION JAPON,,PARIS -,75116,75,28 June 2026,,
453,Concerts,STAR ACADEMY,,PARIS -,75116,75,28 June 2026,,
454,Spectacles,FANTASMA CIRCUS EROTICA,,PARIS -,75116,75,28 June 2026,,
455,Spectacles,"MOZART, MOI ? JAMAIS !",,PARIS -,75116,75,28 June 2026,,
456,Expositions,GIANNI VERSACE RETROSPECTIVE,,PARIS -,75116,75,28 June 2026,,
457,Concerts,2026 THE ROSE TOUR,,PARIS -,75116,75,28 June 2026,,
458,Spectacles,LES ECHOS-LIES : POSITIVE ENERGY,,PARIS -,75116,75,28 June 2026,,
459,Concerts,BRENN!,,PARIS -,75116,75,28 June 2026,,
460,Expositions,EXPOSITION MARILYN MONROE,,PARIS -,75116,75,28 June 2026,,
461,Expositions,Dans la seine,,PARIS -,75116,75,28 June 2026,,
462,Expositions,EXPOSITION MARILYN MONROE,,PARIS -,75116,75,28 June 2026,,
463,Expositions,EXPOSITION MARILYN MONROE,,PARIS -,75116,75,28 June 2026,,
464,Expositions,EXPOSITION MARILYN MONROE,,PARIS -,75116,75,28 June 2026,,
465,Expositions,EXPOSITION MARILYN MONROE,,PARIS -,75116,75,28 June 2026,,
466,Expositions,EXPOSITION MARILYN MONROE,,PARIS -,75116,75,28 June 2026,,
467,Expositions,EXPOSITION MARILYN MONROE,,PARIS -,75116,75,28 June 2026,,
468,Expositions,EXPOSITION MARILYN MONROE,,PARIS -,75116,75,28 June 2026,,
469,Expositions,EXPOSITION MARILYN MONROE,,PARIS -,75116,75,28 June 2026,,
470,Expositions,EXPOSITION MARILYN MONROE,,PARIS -,75116,75,28 June 2026,,
471,Expositions,EXPOSITION MARILYN MONROE,,PARIS -,75116,75,28 June 2026,,
472,Expositions,EXPOSITION MARILYN MONROE,,PARIS -,75116,75,28 June 2026,,
473,Expositions,EXPOSITION MARILYN MONROE,,PARIS -,75116,75,28 June 2026,,
474,Expositions,EXPOSITION MARILYN MONROE,,PARIS -,75116,75,28 June 2026,,
475,Expositions,EXPOSITION MARILYN MONROE,,PARIS -,75116,75,28 June 2026,,
476,Expositions,EXPOSITION MARILYN MONROE,,PARIS -,75116,75,28 June 2026,,
477,Expositions,EXPOSITION MARILYN MONROE,,PARIS -,75116,75,28 June 2026,,
478,Expositions,PASSION JAPON,,PARIS -,75116,75,28 June 2026,,
479,Expositions,PASSION JAPON,,PARIS -,75116,75,28 June 2026,,
480,Expositions,PASSION JAPON,,PARIS -,75116,75,28 June 2026,,
481,Expositions,PASSION JAPON,,PARIS -,75116,75,28 June 2026,,
482,Expositions,PASSION JAPON,,PARIS -,75116,75,28 June 2026,,
483,Expositions,PASSION JAPON,,PARIS -,75116,75,28 June 2026,,
484,Expositions,PASSION JAPON,,PARIS -,75116,75,28 June 2026,,
485,Expositions,PASSION JAPON,,PARIS -,75116,75,28 June 2026,,
486,Expositions,PASSION JAPON,,PARIS -,75116,75,28 June 2026,,
487,Expositions,PASSION JAPON,,PARIS -,75116,75,28 June 2026,,
488,Expositions,PASSION JAPON,,PARIS -,75116,75,28 June 2026,,
489,Expositions,PASSION JAPON,,PARIS -,75116,75,28 June 2026,,
490,Expositions,PASSION JAPON,,PARIS -,75116,75,28 June 2026,,
491,Expositions,PASSION JAPON,,PARIS -,75116,75,28 June 2026,,
492,Expositions,PASSION JAPON,,PARIS -,75116,75,28 June 2026,,
493,Expositions,PASSION JAPON,,PARIS -,75116,75,28 June 2026,,
494,Expositions,GIANNI VERSACE RETROSPECTIVE,,PARIS -,75116,75,28 June 2026,,
495,Expositions,GIANNI VERSACE RETROSPECTIVE,,PARIS -,75116,75,28 June 2026,,
496,Expositions,GIANNI VERSACE RETROSPECTIVE,,PARIS -,75116,75,28 June 2026,,
497,Expositions,GIANNI VERSACE RETROSPECTIVE,,PARIS -,75116,75,28 June 2026,,
498,Expositions,GIANNI VERSACE RETROSPECTIVE,,PARIS -,75116,75,28 June 2026,,
499,Expositions,GIANNI VERSACE RETROSPECTIVE,,PARIS -,75116,75,28 June 2026,,
500,Expositions,GIANNI VERSACE RETROSPECTIVE,,PARIS -,75116,75,28 June 2026,,
501,Expositions,GIANNI VERSACE RETROSPECTIVE,,PARIS -,75116,75,28 June 2026,,
502,Expositions,GIANNI VERSACE RETROSPECTIVE,,PARIS -,75116,75,28 June 2026,,
503,Expositions,GIANNI VERSACE RETROSPECTIVE,,PARIS -,75116,75,28 June 2026,,
504,Expositions,GIANNI VERSACE RETROSPECTIVE,,PARIS -,75116,75,28 June 2026,,
505,Expositions,GIANNI VERSACE RETROSPECTIVE,,PARIS -,75116,75,28 June 2026,,
506,Expositions,GIANNI VERSACE RETROSPECTIVE,,PARIS -,75116,75,28 June 2026,,
507,Expositions,GIANNI VERSACE RETROSPECTIVE,,PARIS -,75116,75,28 June 2026,,
508,Festivals,Solidays 2026 - pass 3 jours 159€,,PARIS -,75116,75,28 June 2026,,
509,Festivals,Solidays 2026 - pass 1 jour dimanche,,PARIS -,75116,75,28 June 2026,,
510,Concerts,Le choeur du sud,,PARIS -,75116,75,28 June 2026,,
511,Concerts,2026 the rose tour,,PARIS -,75116,75,28 June 2026,,
512,Concerts,TERENCE BLANCHARD &amp; RAVI COLTRANE,,PARIS -,75116,75,29 June 2026,,
513,Classique et opera,Histoires fantastiques,,PARIS -,75116,75,29 June 2026,,
514,Concerts,SIERRA FERRELL,,PARIS -,75116,75,29 June 2026,,
515,Concerts,KASABIAN,,PARIS -,75116,75,29 June 2026,,
516,Concerts,ALL THEM WITCHES + SLIFT,,PARIS -,75116,75,29 June 2026,,
517,Expositions,GIANNI VERSACE RETROSPECTIVE,,PARIS -,75116,75,29 June 2026,,
518,Concerts,Annie &amp; the Caldwells,,PARIS -,75116,75,29 June 2026,,
519,Concerts,DELTA GOODREM,,PARIS -,75116,75,29 June 2026,,
520,Expositions,EXPOSITION MARILYN MONROE,,PARIS -,75116,75,29 June 2026,,
521,Concerts,Terence blanchard & ravi coltrane,,PARIS -,75116,75,29 June 2026,,
522,Expositions,EXPOSITION MARILYN MONROE,,PARIS -,75116,75,29 June 2026,,
523,Expositions,EXPOSITION MARILYN MONROE,,PARIS -,75116,75,29 June 2026,,
524,Expositions,EXPOSITION MARILYN MONROE,,PARIS -,75116,75,29 June 2026,,
525,Expositions,EXPOSITION MARILYN MONROE,,PARIS -,75116,75,29 June 2026,,
526,Expositions,EXPOSITION MARILYN MONROE,,PARIS -,75116,75,29 June 2026,,
527,Expositions,EXPOSITION MARILYN MONROE,,PARIS -,75116,75,29 June 2026,,
528,Expositions,EXPOSITION MARILYN MONROE,,PARIS -,75116,75,29 June 2026,,
529,Expositions,EXPOSITION MARILYN MONROE,,PARIS -,75116,75,29 June 2026,,
530,Expositions,EXPOSITION MARILYN MONROE,,PARIS -,75116,75,29 June 2026,,
531,Expositions,EXPOSITION MARILYN MONROE,,PARIS -,75116,75,29 June 2026,,
532,Expositions,EXPOSITION MARILYN MONROE,,PARIS -,75116,75,29 June 2026,,
533,Expositions,EXPOSITION MARILYN MONROE,,PARIS -,75116,75,29 June 2026,,
534,Expositions,GIANNI VERSACE RETROSPECTIVE,,PARIS -,75116,75,29 June 2026,,
535,Expositions,GIANNI VERSACE RETROSPECTIVE,,PARIS -,75116,75,29 June 2026,,
536,Expositions,GIANNI VERSACE RETROSPECTIVE,,PARIS -,75116,75,29 June 2026,,
537,Expositions,GIANNI VERSACE RETROSPECTIVE,,PARIS -,75116,75,29 June 2026,,
538,Expositions,GIANNI VERSACE RETROSPECTIVE,,PARIS -,75116,75,29 June 2026,,
539,Expositions,GIANNI VERSACE RETROSPECTIVE,,PARIS -,75116,75,29 June 2026,,
540,Expositions,GIANNI VERSACE RETROSPECTIVE,,PARIS -,75116,75,29 June 2026,,
541,Expositions,GIANNI VERSACE RETROSPECTIVE,,PARIS -,75116,75,29 June 2026,,
542,Expositions,GIANNI VERSACE RETROSPECTIVE,,PARIS -,75116,75,29 June 2026,,
543,Expositions,GIANNI VERSACE RETROSPECTIVE,,PARIS -,75116,75,29 June 2026,,
544,Expositions,GIANNI VERSACE RETROSPECTIVE,,PARIS -,75116,75,29 June 2026,,
545,Expositions,GIANNI VERSACE RETROSPECTIVE,,PARIS -,75116,75,29 June 2026,,
546,Expositions,GIANNI VERSACE RETROSPECTIVE,,PARIS -,75116,75,29 June 2026,,
547,Expositions,GIANNI VERSACE RETROSPECTIVE,,PARIS -,75116,75,29 June 2026,,
548,Concerts,Sierra ferrell,,PARIS -,75116,75,29 June 2026,,
549,Concerts,Kasabian,,PARIS -,75116,75,29 June 2026,,
550,Concerts,All them witches + slift,,PARIS -,75116,75,29 June 2026,,
551,Concerts,Angus &amp; Julia Stone,,PARIS -,75116,75,30 June 2026,,
552,Concerts,CELESTE,,PARIS -,75116,75,30 June 2026,,
553,Concerts,NILE RODGERS &amp; CHIC,,PARIS -,75116,75,30 June 2026,,
554,Concerts,BEIRUT,,PARIS -,75116,75,30 June 2026,,
555,Humour et one (wo)man show,Human comedy club,,PARIS -,75116,75,30 June 2026,,
556,Expositions,PASSION JAPON,,PARIS -,75116,75,30 June 2026,,
557,Concerts,FAKEMINK,,PARIS -,75116,75,30 June 2026,,
558,Concerts,BURNING SPEAR,,PARIS -,75116,75,30 June 2026,,
559,Expositions,GIANNI VERSACE RETROSPECTIVE,,PARIS -,75116,75,30 June 2026,,
560,Concerts,PUP,,PARIS -,75116,75,30 June 2026,,
561,Concerts,Nile rodgers & chic,,PARIS -,75116,75,30 June 2026,,
562,Expositions,PASSION JAPON,,PARIS -,75116,75,30 June 2026,,
563,Expositions,PASSION JAPON,,PARIS -,75116,75,30 June 2026,,
564,Expositions,PASSION JAPON,,PARIS -,75116,75,30 June 2026,,
565,Expositions,PASSION JAPON,,PARIS -,75116,75,30 June 2026,,
566,Expositions,PASSION JAPON,,PARIS -,75116,75,30 June 2026,,
567,Expositions,PASSION JAPON,,PARIS -,75116,75,30 June 2026,,
568,Expositions,PASSION JAPON,,PARIS -,75116,75,30 June 2026,,
569,Expositions,PASSION JAPON,,PARIS -,75116,75,30 June 2026,,
570,Expositions,GIANNI VERSACE RETROSPECTIVE,,PARIS -,75116,75,30 June 2026,,
571,Expositions,GIANNI VERSACE RETROSPECTIVE,,PARIS -,75116,75,30 June 2026,,
572,Expositions,GIANNI VERSACE RETROSPECTIVE,,PARIS -,75116,75,30 June 2026,,
573,Expositions,GIANNI VERSACE RETROSPECTIVE,,PARIS -,75116,75,30 June 2026,,
574,Expositions,GIANNI VERSACE RETROSPECTIVE,,PARIS -,75116,75,30 June 2026,,
575,Expositions,GIANNI VERSACE RETROSPECTIVE,,PARIS -,75116,75,30 June 2026,,
576,Expositions,GIANNI VERSACE RETROSPECTIVE,,PARIS -,75116,75,30 June 2026,,
577,Expositions,GIANNI VERSACE RETROSPECTIVE,,PARIS -,75116,75,30 June 2026,,
578,Expositions,GIANNI VERSACE RETROSPECTIVE,,PARIS -,75116,75,30 June 2026,,
579,Expositions,GIANNI VERSACE RETROSPECTIVE,,PARIS -,75116,75,30 June 2026,,
580,Expositions,GIANNI VERSACE RETROSPECTIVE,,PARIS -,75116,75,30 June 2026,,
581,Expositions,GIANNI VERSACE RETROSPECTIVE,,PARIS -,75116,75,30 June 2026,,
582,Expositions,GIANNI VERSACE RETROSPECTIVE,,PARIS -,75116,75,30 June 2026,,
583,Expositions,GIANNI VERSACE RETROSPECTIVE,,PARIS -,75116,75,30 June 2026,,
584,Concerts,Celeste,,PARIS -,75116,75,30 June 2026,,
585,Expositions,"Sèvres, une passion rothschild",,PARIS -,75116,75,30 June 2026,,
586,Concerts,Fakemink,,PARIS -,75116,75,30 June 2026,,
587,Concerts,Burning spear,,PARIS -,75116,75,30 June 2026,,
588,Concerts,FLORENT PAGNY,,PARIS -,75116,75,01 July 2026,,
589,Concerts,DECEMBER 10,,PARIS -,75116,75,01 July 2026,,
590,Concerts,BEIRUT,,PARIS -,75116,75,01 July 2026,,
591,Concerts,GUNS N' ROSES,,PARIS -,75116,75,01 July 2026,,
592,Classique et opera,Mozart chopin liszt,,PARIS -,75116,75,01 July 2026,,
593,Concerts,ROBYN,,PARIS -,75116,75,01 July 2026,,
594,Expositions,PASSION JAPON,,PARIS -,75116,75,01 July 2026,,
595,Concerts,PET SHOP BOYS,,PARIS -,75116,75,01 July 2026,,
596,Concerts,GHINZU,,PARIS -,75116,75,01 July 2026,,
597,Expositions,GIANNI VERSACE RETROSPECTIVE,,PARIS -,75116,75,01 July 2026,,
598,Concerts,CHE,,PARIS -,75116,75,01 July 2026,,
599,Concerts,ACANTHA LANG,,PARIS -,75116,75,01 July 2026,,
600,Expositions,EXPOSITION MARILYN MONROE,,PARIS -,75116,75,01 July 2026,,
601,Concerts,Guns n’ roses - world tour 2026,,PARIS -,75116,75,01 July 2026,,
602,Expositions,EXPOSITION MARILYN MONROE,,PARIS -,75116,75,01 July 2026,,
603,Expositions,EXPOSITION MARILYN MONROE,,PARIS -,75116,75,01 July 2026,,
604,Expositions,EXPOSITION MARILYN MONROE,,PARIS -,75116,75,01 July 2026,,
605,Expositions,EXPOSITION MARILYN MONROE,,PARIS -,75116,75,01 July 2026,,
606,Expositions,EXPOSITION MARILYN MONROE,,PARIS -,75116,75,01 July 2026,,
607,Expositions,EXPOSITION MARILYN MONROE,,PARIS -,75116,75,01 July 2026,,
608,Expositions,EXPOSITION MARILYN MONROE,,PARIS -,75116,75,01 July 2026,,
609,Expositions,EXPOSITION MARILYN MONROE,,PARIS -,75116,75,01 July 2026,,
610,Expositions,EXPOSITION MARILYN MONROE,,PARIS -,75116,75,01 July 2026,,
611,Expositions,EXPOSITION MARILYN MONROE,,PARIS -,75116,75,01 July 2026,,
612,Expositions,EXPOSITION MARILYN MONROE,,PARIS -,75116,75,01 July 2026,,
613,Expositions,EXPOSITION MARILYN MONROE,,PARIS -,75116,75,01 July 2026,,
614,Expositions,PASSION JAPON,,PARIS -,75116,75,01 July 2026,,
615,Expositions,PASSION JAPON,,PARIS -,75116,75,01 July 2026,,
616,Expositions,PASSION JAPON,,PARIS -,75116,75,01 July 2026,,
617,Expositions,PASSION JAPON,,PARIS -,75116,75,01 July 2026,,
618,Expositions,PASSION JAPON,,PARIS -,75116,75,01 July 2026,,
619,Expositions,PASSION JAPON,,PARIS -,75116,75,01 July 2026,,
620,Expositions,PASSION JAPON,,PARIS -,75116,75,01 July 2026,,
621,Expositions,PASSION JAPON,,PARIS -,75116,75,01 July 2026,,
622,Expositions,GIANNI VERSACE RETROSPECTIVE,,PARIS -,75116,75,01 July 2026,,
623,Expositions,GIANNI VERSACE RETROSPECTIVE,,PARIS -,75116,75,01 July 2026,,
624,Expositions,GIANNI VERSACE RETROSPECTIVE,,PARIS -,75116,75,01 July 2026,,
625,Expositions,GIANNI VERSACE RETROSPECTIVE,,PARIS -,75116,75,01 July 2026,,
626,Expositions,GIANNI VERSACE RETROSPECTIVE,,PARIS -,75116,75,01 July 2026,,
627,Expositions,GIANNI VERSACE RETROSPECTIVE,,PARIS -,75116,75,01 July 2026,,
628,Expositions,GIANNI VERSACE RETROSPECTIVE,,PARIS -,75116,75,01 July 2026,,
629,Expositions,GIANNI VERSACE RETROSPECTIVE,,PARIS -,75116,75,01 July 2026,,
630,Expositions,GIANNI VERSACE RETROSPECTIVE,,PARIS -,75116,75,01 July 2026,,
631,Expositions,GIANNI VERSACE RETROSPECTIVE,,PARIS -,75116,75,01 July 2026,,
632,Expositions,GIANNI VERSACE RETROSPECTIVE,,PARIS -,75116,75,01 July 2026,,
633,Expositions,GIANNI VERSACE RETROSPECTIVE,,PARIS -,75116,75,01 July 2026,,
634,Expositions,GIANNI VERSACE RETROSPECTIVE,,PARIS -,75116,75,01 July 2026,,
635,Expositions,GIANNI VERSACE RETROSPECTIVE,,PARIS -,75116,75,01 July 2026,,
636,Concerts,Robyn,,PARIS -,75116,75,01 July 2026,,
637,Concerts,Pet shop boys,,PARIS -,75116,75,01 July 2026,,
638,Concerts,Ghinzu,,PARIS -,75116,75,01 July 2026,,
639,Concerts,Che,,PARIS -,75116,75,01 July 2026,,
640,Concerts,December 10,,PARIS -,75116,75,01 July 2026,,
641,Brocantes,"Antiquités, brocante Félicité","La Félicité - Boulevard Morland - Métro Sully Morland, 75004 Paris",PARIS 4èME ARRONDISSEMENT,75004,75,01 July 2026,,
642,"Randonnées, Trail ou Running",Champs Libres ! Dimanche piéton et cycliste aux Champs-Élysées,Avenue des Champs-Élysées,PARIS 8èME ARRONDISSEMENT,75008,75,01 July 2026,,
643,Concerts,FLORENT PAGNY,,PARIS -,75116,75,02 July 2026,,
644,Concerts,SLIMANE,,PARIS -,75116,75,02 July 2026,,
645,Concerts,SLIMANE SYMPHONIQUE,,PARIS -,75116,75,02 July 2026,,
646,Classique et opera,Chopin aux chandelles - piano,,PARIS -,75116,75,02 July 2026,,
647,Expositions,PASSION JAPON,,PARIS -,75116,75,02 July 2026,,
648,Concerts,ERIC JOHNSON,,PARIS -,75116,75,02 July 2026,,
649,Expositions,GIANNI VERSACE RETROSPECTIVE,,PARIS -,75116,75,02 July 2026,,
650,Concerts,BROOKLYN FUNK ESSENTIALS,,PARIS -,75116,75,02 July 2026,,
651,Expositions,EXPOSITION MARILYN MONROE,,PARIS -,75116,75,02 July 2026,,
652,Concerts,System of a down,,PARIS -,75116,75,02 July 2026,,
653,Concerts,Chris isaak,,PARIS -,75116,75,02 July 2026,,
654,Expositions,GIANNI VERSACE RETROSPECTIVE,,PARIS -,75116,75,02 July 2026,,
655,Expositions,GIANNI VERSACE RETROSPECTIVE,,PARIS -,75116,75,02 July 2026,,
656,Expositions,GIANNI VERSACE RETROSPECTIVE,,PARIS -,75116,75,02 July 2026,,
657,Expositions,GIANNI VERSACE RETROSPECTIVE,,PARIS -,75116,75,02 July 2026,,
658,Expositions,GIANNI VERSACE RETROSPECTIVE,,PARIS -,75116,75,02 July 2026,,
659,Expositions,GIANNI VERSACE RETROSPECTIVE,,PARIS -,75116,75,02 July 2026,,
660,Expositions,EXPOSITION MARILYN MONROE,,PARIS -,75116,75,02 July 2026,,
661,Expositions,EXPOSITION MARILYN MONROE,,PARIS -,75116,75,02 July 2026,,
662,Expositions,EXPOSITION MARILYN MONROE,,PARIS -,75116,75,02 July 2026,,
663,Expositions,EXPOSITION MARILYN MONROE,,PARIS -,75116,75,02 July 2026,,
664,Expositions,EXPOSITION MARILYN MONROE,,PARIS -,75116,75,02 July 2026,,
665,Expositions,EXPOSITION MARILYN MONROE,,PARIS -,75116,75,02 July 2026,,
666,Expositions,EXPOSITION MARILYN MONROE,,PARIS -,75116,75,02 July 2026,,
667,Expositions,EXPOSITION MARILYN MONROE,,PARIS -,75116,75,02 July 2026,,
668,Expositions,EXPOSITION MARILYN MONROE,,PARIS -,75116,75,02 July 2026,,
669,Expositions,EXPOSITION MARILYN MONROE,,PARIS -,75116,75,02 July 2026,,
670,Expositions,EXPOSITION MARILYN MONROE,,PARIS -,75116,75,02 July 2026,,
671,Expositions,EXPOSITION MARILYN MONROE,,PARIS -,75116,75,02 July 2026,,
672,Expositions,PASSION JAPON,,PARIS -,75116,75,02 July 2026,,
673,Expositions,PASSION JAPON,,PARIS -,75116,75,02 July 2026,,
674,Expositions,PASSION JAPON,,PARIS -,75116,75,02 July 2026,,
675,Expositions,PASSION JAPON,,PARIS -,75116,75,02 July 2026,,
676,Expositions,PASSION JAPON,,PARIS -,75116,75,02 July 2026,,
677,Expositions,PASSION JAPON,,PARIS -,75116,75,02 July 2026,,
678,Expositions,PASSION JAPON,,PARIS -,75116,75,02 July 2026,,
679,Expositions,PASSION JAPON,,PARIS -,75116,75,02 July 2026,,
680,Expositions,GIANNI VERSACE RETROSPECTIVE,,PARIS -,75116,75,02 July 2026,,
681,Expositions,GIANNI VERSACE RETROSPECTIVE,,PARIS -,75116,75,02 July 2026,,
682,Expositions,GIANNI VERSACE RETROSPECTIVE,,PARIS -,75116,75,02 July 2026,,
683,Expositions,GIANNI VERSACE RETROSPECTIVE,,PARIS -,75116,75,02 July 2026,,
684,Expositions,GIANNI VERSACE RETROSPECTIVE,,PARIS -,75116,75,02 July 2026,,
685,Expositions,GIANNI VERSACE RETROSPECTIVE,,PARIS -,75116,75,02 July 2026,,
686,Expositions,GIANNI VERSACE RETROSPECTIVE,,PARIS -,75116,75,02 July 2026,,
687,Expositions,GIANNI VERSACE RETROSPECTIVE,,PARIS -,75116,75,02 July 2026,,
688,Expositions,GIANNI VERSACE RETROSPECTIVE,,PARIS -,75116,75,02 July 2026,,
689,Expositions,GIANNI VERSACE RETROSPECTIVE,,PARIS -,75116,75,02 July 2026,,
690,Expositions,GIANNI VERSACE RETROSPECTIVE,,PARIS -,75116,75,02 July 2026,,
691,Expositions,GIANNI VERSACE RETROSPECTIVE,,PARIS -,75116,75,02 July 2026,,
692,Expositions,GIANNI VERSACE RETROSPECTIVE,,PARIS -,75116,75,02 July 2026,,
693,Expositions,GIANNI VERSACE RETROSPECTIVE,,PARIS -,75116,75,02 July 2026,,
694,Concerts,Eric johnson,,PARIS -,75116,75,02 July 2026,,
695,Concerts,D.R.I + Support,,PARIS 19èME ARRONDISSEMENT -,75019,75,02 July 2026,,
696,Concerts,SLIMANE,,PARIS -,75116,75,03 July 2026,,
697,Concerts,GUNS N' ROSES,,PARIS -,75116,75,03 July 2026,,
698,Concerts,SLIMANE SYMPHONIQUE,,PARIS -,75116,75,03 July 2026,,
699,Classique et opera,Tchaikovsky chopin beethoven,,PARIS -,75116,75,03 July 2026,,
700,Classique et opera,Vivaldi - pachelbel,,PARIS -,75116,75,03 July 2026,,
701,Concerts,"Les 4 Saisons de Vivaldi, Ave Maria et Célèbres Adagios",,PARIS -,75116,75,03 July 2026,,
702,Expositions,PASSION JAPON,,PARIS -,75116,75,03 July 2026,,
703,Concerts,ELVIS COSTELLO &amp; THE IMPOSTERS,,PARIS -,75116,75,03 July 2026,,
704,Expositions,GIANNI VERSACE RETROSPECTIVE,,PARIS -,75116,75,03 July 2026,,
705,Concerts,THAIBOY DIGITAL,,PARIS -,75116,75,03 July 2026,,
706,Concerts,La Dame Blanche à Paris,,PARIS -,75116,75,03 July 2026,,
707,Jeux-sports,ARES 42 Paris - MMA,,PARIS -,75116,75,03 July 2026,,
708,Expositions,EXPOSITION MARILYN MONROE,,PARIS -,75116,75,03 July 2026,,
709,Expositions,EXPOSITION MARILYN MONROE,,PARIS -,75116,75,03 July 2026,,
710,Expositions,EXPOSITION MARILYN MONROE,,PARIS -,75116,75,03 July 2026,,
711,Expositions,EXPOSITION MARILYN MONROE,,PARIS -,75116,75,03 July 2026,,
712,Expositions,EXPOSITION MARILYN MONROE,,PARIS -,75116,75,03 July 2026,,
713,Expositions,EXPOSITION MARILYN MONROE,,PARIS -,75116,75,03 July 2026,,
714,Expositions,EXPOSITION MARILYN MONROE,,PARIS -,75116,75,03 July 2026,,
715,Expositions,EXPOSITION MARILYN MONROE,,PARIS -,75116,75,03 July 2026,,
716,Expositions,EXPOSITION MARILYN MONROE,,PARIS -,75116,75,03 July 2026,,
717,Expositions,EXPOSITION MARILYN MONROE,,PARIS -,75116,75,03 July 2026,,
718,Expositions,EXPOSITION MARILYN MONROE,,PARIS -,75116,75,03 July 2026,,
719,Expositions,EXPOSITION MARILYN MONROE,,PARIS -,75116,75,03 July 2026,,
720,Expositions,EXPOSITION MARILYN MONROE,,PARIS -,75116,75,03 July 2026,,
721,Expositions,PASSION JAPON,,PARIS -,75116,75,03 July 2026,,
722,Expositions,PASSION JAPON,,PARIS -,75116,75,03 July 2026,,
723,Expositions,PASSION JAPON,,PARIS -,75116,75,03 July 2026,,
724,Expositions,PASSION JAPON,,PARIS -,75116,75,03 July 2026,,
725,Expositions,PASSION JAPON,,PARIS -,75116,75,03 July 2026,,
726,Expositions,PASSION JAPON,,PARIS -,75116,75,03 July 2026,,
727,Expositions,PASSION JAPON,,PARIS -,75116,75,03 July 2026,,
728,Expositions,PASSION JAPON,,PARIS -,75116,75,03 July 2026,,
729,Expositions,PASSION JAPON,,PARIS -,75116,75,03 July 2026,,
730,Expositions,PASSION JAPON,,PARIS -,75116,75,03 July 2026,,
731,Expositions,GIANNI VERSACE RETROSPECTIVE,,PARIS -,75116,75,03 July 2026,,
732,Expositions,GIANNI VERSACE RETROSPECTIVE,,PARIS -,75116,75,03 July 2026,,
733,Expositions,GIANNI VERSACE RETROSPECTIVE,,PARIS -,75116,75,03 July 2026,,
734,Expositions,GIANNI VERSACE RETROSPECTIVE,,PARIS -,75116,75,03 July 2026,,
735,Expositions,GIANNI VERSACE RETROSPECTIVE,,PARIS -,75116,75,03 July 2026,,
736,Expositions,GIANNI VERSACE RETROSPECTIVE,,PARIS -,75116,75,03 July 2026,,
737,Expositions,GIANNI VERSACE RETROSPECTIVE,,PARIS -,75116,75,03 July 2026,,
738,Expositions,GIANNI VERSACE RETROSPECTIVE,,PARIS -,75116,75,03 July 2026,,
739,Expositions,GIANNI VERSACE RETROSPECTIVE,,PARIS -,75116,75,03 July 2026,,
740,Expositions,GIANNI VERSACE RETROSPECTIVE,,PARIS -,75116,75,03 July 2026,,
741,Expositions,GIANNI VERSACE RETROSPECTIVE,,PARIS -,75116,75,03 July 2026,,
742,Expositions,GIANNI VERSACE RETROSPECTIVE,,PARIS -,75116,75,03 July 2026,,
743,Expositions,GIANNI VERSACE RETROSPECTIVE,,PARIS -,75116,75,03 July 2026,,
744,Expositions,GIANNI VERSACE RETROSPECTIVE,,PARIS -,75116,75,03 July 2026,,
745,Concerts,Elvis costello & the imposters,,PARIS -,75116,75,03 July 2026,,
746,Concerts,Heritier wata,,PARIS -,75116,75,03 July 2026,,
747,Concerts,Thaiboy digital,,PARIS -,75116,75,03 July 2026,,
748,Brocantes,Vide greniers de Port Royal,Vide greniers de Port Royal paris-14eme-arrondissement,PARIS 14èME ARRONDISSEMENT,75014,75,03 July 2026,,
749,Vide-greniers,Vide greniers Heureux comme le 5 mensuel,"Marché Port-Royal, Boulevard de Port-Royal, Quartier du Val-de-Grâce, 75005 Paris",PARIS 5èME ARRONDISSEMENT,75005,75,03 July 2026,,
750,Concerts,FLORENT PAGNY,,PARIS -,75116,75,04 July 2026,,
751,Concerts,SLIMANE,,PARIS -,75116,75,04 July 2026,,
752,Concerts,SLIMANE SYMPHONIQUE,,PARIS -,75116,75,04 July 2026,,
753,Classique et opera,Les suites pour violoncelle de bach,,PARIS -,75116,75,04 July 2026,,
754,Classique et opera,Les quatre saisons de vivaldi,,PARIS -,75116,75,04 July 2026,,
755,Humour et one (wo)man show,Mustapha el atrassi,,PARIS -,75116,75,04 July 2026,,
756,Humour et one (wo)man show,Alba au solo,,PARIS -,75116,75,04 July 2026,,
757,Classique et opera,"Les duettistes, célèbres duos",,PARIS -,75116,75,04 July 2026,,
758,Concerts,"Les 4 Saisons de Vivaldi, Ave Maria et Célèbres Concertos",,PARIS -,75116,75,04 July 2026,,
759,Concerts,EMPIRE OF THE SUN,,PARIS -,75116,75,04 July 2026,,
760,Expositions,PASSION JAPON,,PARIS -,75116,75,04 July 2026,,
761,Concerts,YAMI SAFDIE,,PARIS -,75116,75,04 July 2026,,
762,Expositions,GIANNI VERSACE RETROSPECTIVE,,PARIS -,75116,75,04 July 2026,,
763,Expositions,EXPOSITION MARILYN MONROE,,PARIS -,75116,75,04 July 2026,,
764,Concerts,System of a down,,PARIS -,75116,75,04 July 2026,,
765,Expositions,EXPOSITION MARILYN MONROE,,PARIS -,75116,75,04 July 2026,,
766,Expositions,EXPOSITION MARILYN MONROE,,PARIS -,75116,75,04 July 2026,,
767,Expositions,EXPOSITION MARILYN MONROE,,PARIS -,75116,75,04 July 2026,,
768,Expositions,EXPOSITION MARILYN MONROE,,PARIS -,75116,75,04 July 2026,,
769,Expositions,EXPOSITION MARILYN MONROE,,PARIS -,75116,75,04 July 2026,,
770,Expositions,EXPOSITION MARILYN MONROE,,PARIS -,75116,75,04 July 2026,,
771,Expositions,EXPOSITION MARILYN MONROE,,PARIS -,75116,75,04 July 2026,,
772,Expositions,EXPOSITION MARILYN MONROE,,PARIS -,75116,75,04 July 2026,,
773,Expositions,EXPOSITION MARILYN MONROE,,PARIS -,75116,75,04 July 2026,,
774,Expositions,EXPOSITION MARILYN MONROE,,PARIS -,75116,75,04 July 2026,,
775,Expositions,EXPOSITION MARILYN MONROE,,PARIS -,75116,75,04 July 2026,,
776,Expositions,EXPOSITION MARILYN MONROE,,PARIS -,75116,75,04 July 2026,,
777,Expositions,EXPOSITION MARILYN MONROE,,PARIS -,75116,75,04 July 2026,,
778,Expositions,EXPOSITION MARILYN MONROE,,PARIS -,75116,75,04 July 2026,,
779,Expositions,EXPOSITION MARILYN MONROE,,PARIS -,75116,75,04 July 2026,,
780,Expositions,EXPOSITION MARILYN MONROE,,PARIS -,75116,75,04 July 2026,,
781,Expositions,PASSION JAPON,,PARIS -,75116,75,04 July 2026,,
782,Expositions,PASSION JAPON,,PARIS -,75116,75,04 July 2026,,
783,Expositions,PASSION JAPON,,PARIS -,75116,75,04 July 2026,,
784,Expositions,PASSION JAPON,,PARIS -,75116,75,04 July 2026,,
785,Expositions,PASSION JAPON,,PARIS -,75116,75,04 July 2026,,
786,Expositions,PASSION JAPON,,PARIS -,75116,75,04 July 2026,,
787,Expositions,PASSION JAPON,,PARIS -,75116,75,04 July 2026,,
788,Expositions,PASSION JAPON,,PARIS -,75116,75,04 July 2026,,
789,Expositions,PASSION JAPON,,PARIS -,75116,75,04 July 2026,,
790,Expositions,PASSION JAPON,,PARIS -,75116,75,04 July 2026,,
791,Expositions,PASSION JAPON,,PARIS -,75116,75,04 July 2026,,
792,Expositions,PASSION JAPON,,PARIS -,75116,75,04 July 2026,,
793,Expositions,PASSION JAPON,,PARIS -,75116,75,04 July 2026,,
794,Expositions,PASSION JAPON,,PARIS -,75116,75,04 July 2026,,
795,Expositions,PASSION JAPON,,PARIS -,75116,75,04 July 2026,,
796,Expositions,PASSION JAPON,,PARIS -,75116,75,04 July 2026,,
797,Expositions,PASSION JAPON,,PARIS -,75116,75,04 July 2026,,
798,Expositions,PASSION JAPON,,PARIS -,75116,75,04 July 2026,,
799,Expositions,GIANNI VERSACE RETROSPECTIVE,,PARIS -,75116,75,04 July 2026,,
800,Expositions,GIANNI VERSACE RETROSPECTIVE,,PARIS -,75116,75,04 July 2026,,
801,Expositions,GIANNI VERSACE RETROSPECTIVE,,PARIS -,75116,75,04 July 2026,,
802,Expositions,GIANNI VERSACE RETROSPECTIVE,,PARIS -,75116,75,04 July 2026,,
803,Expositions,GIANNI VERSACE RETROSPECTIVE,,PARIS -,75116,75,04 July 2026,,
804,Expositions,GIANNI VERSACE RETROSPECTIVE,,PARIS -,75116,75,04 July 2026,,
805,Expositions,GIANNI VERSACE RETROSPECTIVE,,PARIS -,75116,75,04 July 2026,,
806,Expositions,GIANNI VERSACE RETROSPECTIVE,,PARIS -,75116,75,04 July 2026,,
807,Expositions,GIANNI VERSACE RETROSPECTIVE,,PARIS -,75116,75,04 July 2026,,
808,Expositions,GIANNI VERSACE RETROSPECTIVE,,PARIS -,75116,75,04 July 2026,,
809,Expositions,GIANNI VERSACE RETROSPECTIVE,,PARIS -,75116,75,04 July 2026,,
810,Expositions,GIANNI VERSACE RETROSPECTIVE,,PARIS -,75116,75,04 July 2026,,
811,Expositions,GIANNI VERSACE RETROSPECTIVE,,PARIS -,75116,75,04 July 2026,,
812,Expositions,GIANNI VERSACE RETROSPECTIVE,,PARIS -,75116,75,04 July 2026,,
813,Concerts,Empire of the sun,,PARIS -,75116,75,04 July 2026,,
814,Concerts,Prestation empire of the sun,,PARIS -,75116,75,04 July 2026,,
815,Concerts,Yami safdie,,PARIS -,75116,75,04 July 2026,,
816,Concerts,Pambelé + analog africa + imefertiti,,PARIS -,75116,75,04 July 2026,,
817,Concerts,FLORENT PAGNY,,PARIS -,75116,75,05 July 2026,,
818,Concerts,SLIMANE,,PARIS -,75116,75,05 July 2026,,
819,Concerts,SLIMANE SYMPHONIQUE,,PARIS -,75116,75,05 July 2026,,
820,Classique et opera,Les variations goldberg de bach,,PARIS -,75116,75,05 July 2026,,
821,Humour et one (wo)man show,Franco escamilla,,PARIS -,75116,75,05 July 2026,,
822,Classique et opera,Ave maria à la sainte chapelle,,PARIS -,75116,75,05 July 2026,,
823,Carnavals,Carnaval Tropical de Paris,Avenue des Champs-Élysées 75008 Paris,PARIS 8èME ARRONDISSEMENT,75008,75,05 July 2026,,
824,Expositions,PASSION JAPON,,PARIS -,75116,75,05 July 2026,,
825,Expositions,GIANNI VERSACE RETROSPECTIVE,,PARIS -,75116,75,05 July 2026,,
826,Concerts,BKTHERULA,,PARIS -,75116,75,05 July 2026,,
827,Expositions,EXPOSITION MARILYN MONROE,,PARIS -,75116,75,05 July 2026,,
828,Expositions,EXPOSITION MARILYN MONROE,,PARIS -,75116,75,05 July 2026,,
829,Expositions,EXPOSITION MARILYN MONROE,,PARIS -,75116,75,05 July 2026,,
830,Expositions,EXPOSITION MARILYN MONROE,,PARIS -,75116,75,05 July 2026,,
831,Expositions,EXPOSITION MARILYN MONROE,,PARIS -,75116,75,05 July 2026,,
832,Expositions,EXPOSITION MARILYN MONROE,,PARIS -,75116,75,05 July 2026,,
833,Expositions,EXPOSITION MARILYN MONROE,,PARIS -,75116,75,05 July 2026,,
834,Expositions,EXPOSITION MARILYN MONROE,,PARIS -,75116,75,05 July 2026,,
835,Expositions,EXPOSITION MARILYN MONROE,,PARIS -,75116,75,05 July 2026,,
836,Expositions,EXPOSITION MARILYN MONROE,,PARIS -,75116,75,05 July 2026,,
837,Expositions,EXPOSITION MARILYN MONROE,,PARIS -,75116,75,05 July 2026,,
838,Expositions,EXPOSITION MARILYN MONROE,,PARIS -,75116,75,05 July 2026,,
839,Expositions,GIANNI VERSACE RETROSPECTIVE,,PARIS -,75116,75,05 July 2026,,
840,Expositions,GIANNI VERSACE RETROSPECTIVE,,PARIS -,75116,75,05 July 2026,,
841,Expositions,GIANNI VERSACE RETROSPECTIVE,,PARIS -,75116,75,05 July 2026,,
842,Expositions,GIANNI VERSACE RETROSPECTIVE,,PARIS -,75116,75,05 July 2026,,
843,Expositions,GIANNI VERSACE RETROSPECTIVE,,PARIS -,75116,75,05 July 2026,,
844,Expositions,GIANNI VERSACE RETROSPECTIVE,,PARIS -,75116,75,05 July 2026,,
845,Expositions,GIANNI VERSACE RETROSPECTIVE,,PARIS -,75116,75,05 July 2026,,
846,Expositions,GIANNI VERSACE RETROSPECTIVE,,PARIS -,75116,75,05 July 2026,,
847,Expositions,GIANNI VERSACE RETROSPECTIVE,,PARIS -,75116,75,05 July 2026,,
848,Expositions,GIANNI VERSACE RETROSPECTIVE,,PARIS -,75116,75,05 July 2026,,
849,Expositions,EXPOSITION MARILYN MONROE,,PARIS -,75116,75,05 July 2026,,
850,Expositions,GIANNI VERSACE RETROSPECTIVE,,PARIS -,75116,75,05 July 2026,,
851,Expositions,GIANNI VERSACE RETROSPECTIVE,,PARIS -,75116,75,05 July 2026,,
852,Expositions,EXPOSITION MARILYN MONROE,,PARIS -,75116,75,05 July 2026,,
853,Expositions,EXPOSITION MARILYN MONROE,,PARIS -,75116,75,05 July 2026,,
854,Expositions,EXPOSITION MARILYN MONROE,,PARIS -,75116,75,05 July 2026,,
855,Expositions,EXPOSITION MARILYN MONROE,,PARIS -,75116,75,05 July 2026,,
856,Expositions,PASSION JAPON,,PARIS -,75116,75,05 July 2026,,
857,Expositions,PASSION JAPON,,PARIS -,75116,75,05 July 2026,,
858,Expositions,PASSION JAPON,,PARIS -,75116,75,05 July 2026,,
859,Expositions,PASSION JAPON,,PARIS -,75116,75,05 July 2026,,
860,Expositions,PASSION JAPON,,PARIS -,75116,75,05 July 2026,,
861,Expositions,PASSION JAPON,,PARIS -,75116,75,05 July 2026,,
862,Expositions,PASSION JAPON,,PARIS -,75116,75,05 July 2026,,
863,Expositions,PASSION JAPON,,PARIS -,75116,75,05 July 2026,,
864,Expositions,PASSION JAPON,,PARIS -,75116,75,05 July 2026,,
865,Expositions,PASSION JAPON,,PARIS -,75116,75,05 July 2026,,
866,Expositions,PASSION JAPON,,PARIS -,75116,75,05 July 2026,,
867,Expositions,PASSION JAPON,,PARIS -,75116,75,05 July 2026,,
868,Expositions,PASSION JAPON,,PARIS -,75116,75,05 July 2026,,
869,Expositions,PASSION JAPON,,PARIS -,75116,75,05 July 2026,,
870,Expositions,PASSION JAPON,,PARIS -,75116,75,05 July 2026,,
871,Expositions,PASSION JAPON,,PARIS -,75116,75,05 July 2026,,
872,Expositions,GIANNI VERSACE RETROSPECTIVE,,PARIS -,75116,75,05 July 2026,,
873,Expositions,GIANNI VERSACE RETROSPECTIVE,,PARIS -,75116,75,05 July 2026,,
874,Concerts,FLORENT PAGNY,,PARIS -,75116,75,06 July 2026,,
875,Classique et opera,Chopin schubert satie beethoven,,PARIS -,75116,75,06 July 2026,,
876,Concerts,PULP,,PARIS -,75116,75,06 July 2026,,
877,Concerts,KEVIN MORBY,,PARIS -,75116,75,06 July 2026,,
878,Expositions,GIANNI VERSACE RETROSPECTIVE,,PARIS -,75116,75,06 July 2026,,
879,Concerts,JOSHUA REDMAN QUARTET,,PARIS -,75116,75,06 July 2026,,
880,Concerts,RETURN TO DUST + STORM ORCHESTRA,,PARIS -,75116,75,06 July 2026,,
881,Concerts,JOSHUA REDMAN QUARTET,,PARIS -,75116,75,06 July 2026,,
882,Expositions,GIANNI VERSACE RETROSPECTIVE,,PARIS -,75116,75,06 July 2026,,
883,Expositions,GIANNI VERSACE RETROSPECTIVE,,PARIS -,75116,75,06 July 2026,,
884,Expositions,GIANNI VERSACE RETROSPECTIVE,,PARIS -,75116,75,06 July 2026,,
885,Expositions,GIANNI VERSACE RETROSPECTIVE,,PARIS -,75116,75,06 July 2026,,
886,Expositions,GIANNI VERSACE RETROSPECTIVE,,PARIS -,75116,75,06 July 2026,,
887,Expositions,GIANNI VERSACE RETROSPECTIVE,,PARIS -,75116,75,06 July 2026,,
888,Expositions,GIANNI VERSACE RETROSPECTIVE,,PARIS -,75116,75,06 July 2026,,
889,Expositions,GIANNI VERSACE RETROSPECTIVE,,PARIS -,75116,75,06 July 2026,,
890,Expositions,GIANNI VERSACE RETROSPECTIVE,,PARIS -,75116,75,06 July 2026,,
891,Expositions,GIANNI VERSACE RETROSPECTIVE,,PARIS -,75116,75,06 July 2026,,
892,Expositions,GIANNI VERSACE RETROSPECTIVE,,PARIS -,75116,75,06 July 2026,,
893,Expositions,GIANNI VERSACE RETROSPECTIVE,,PARIS -,75116,75,06 July 2026,,
894,Expositions,GIANNI VERSACE RETROSPECTIVE,,PARIS -,75116,75,06 July 2026,,
895,Expositions,GIANNI VERSACE RETROSPECTIVE,,PARIS -,75116,75,06 July 2026,,
896,Concerts,Kevin morby,,PARIS -,75116,75,06 July 2026,,
897,Brocantes,Brocante professionnelle de la Place de la Bourse,Place de la Bourse (Rue Vivienne),PARIS,75116,75,07 July 2026,,
898,Concerts,LUKE COMBS,,PARIS -,75116,75,07 July 2026,,
899,Concerts,JON SPENCER,,PARIS -,75116,75,07 July 2026,,
900,Concerts,DIANA KRALL,,PARIS -,75116,75,07 July 2026,,
901,Concerts,A PERFECT CIRCLE,,PARIS -,75116,75,07 July 2026,,
902,Concerts,BREAKING BENJAMIN,,PARIS -,75116,75,07 July 2026,,
903,Expositions,PASSION JAPON,,PARIS -,75116,75,07 July 2026,,
904,Concerts,DON WEST,,PARIS -,75116,75,07 July 2026,,
905,Expositions,GIANNI VERSACE RETROSPECTIVE,,PARIS -,75116,75,07 July 2026,,
906,Concerts,GHOST-NOTE,,PARIS -,75116,75,07 July 2026,,
907,Concerts,Prestation a perfect circle,,PARIS -,75116,75,07 July 2026,,
908,Expositions,PASSION JAPON,,PARIS -,75116,75,07 July 2026,,
909,Expositions,PASSION JAPON,,PARIS -,75116,75,07 July 2026,,
910,Expositions,PASSION JAPON,,PARIS -,75116,75,07 July 2026,,
911,Expositions,PASSION JAPON,,PARIS -,75116,75,07 July 2026,,
912,Expositions,PASSION JAPON,,PARIS -,75116,75,07 July 2026,,
913,Expositions,PASSION JAPON,,PARIS -,75116,75,07 July 2026,,
914,Expositions,PASSION JAPON,,PARIS -,75116,75,07 July 2026,,
915,Expositions,PASSION JAPON,,PARIS -,75116,75,07 July 2026,,
916,Expositions,GIANNI VERSACE RETROSPECTIVE,,PARIS -,75116,75,07 July 2026,,
917,Expositions,GIANNI VERSACE RETROSPECTIVE,,PARIS -,75116,75,07 July 2026,,
918,Expositions,GIANNI VERSACE RETROSPECTIVE,,PARIS -,75116,75,07 July 2026,,
919,Expositions,GIANNI VERSACE RETROSPECTIVE,,PARIS -,75116,75,07 July 2026,,
920,Expositions,GIANNI VERSACE RETROSPECTIVE,,PARIS -,75116,75,07 July 2026,,
921,Expositions,GIANNI VERSACE RETROSPECTIVE,,PARIS -,75116,75,07 July 2026,,
922,Expositions,GIANNI VERSACE RETROSPECTIVE,,PARIS -,75116,75,07 July 2026,,
923,Expositions,GIANNI VERSACE RETROSPECTIVE,,PARIS -,75116,75,07 July 2026,,
924,Expositions,GIANNI VERSACE RETROSPECTIVE,,PARIS -,75116,75,07 July 2026,,
925,Expositions,GIANNI VERSACE RETROSPECTIVE,,PARIS -,75116,75,07 July 2026,,
926,Expositions,GIANNI VERSACE RETROSPECTIVE,,PARIS -,75116,75,07 July 2026,,
927,Expositions,GIANNI VERSACE RETROSPECTIVE,,PARIS -,75116,75,07 July 2026,,
928,Expositions,GIANNI VERSACE RETROSPECTIVE,,PARIS -,75116,75,07 July 2026,,
929,Expositions,PASSION JAPON,,PARIS -,75116,75,07 July 2026,,
930,Expositions,PASSION JAPON,,PARIS -,75116,75,07 July 2026,,
931,Expositions,PASSION JAPON,,PARIS -,75116,75,07 July 2026,,
932,Expositions,PASSION JAPON,,PARIS -,75116,75,07 July 2026,,
933,Expositions,PASSION JAPON,,PARIS -,75116,75,07 July 2026,,
934,Expositions,PASSION JAPON,,PARIS -,75116,75,07 July 2026,,
935,Expositions,PASSION JAPON,,PARIS -,75116,75,07 July 2026,,
936,Expositions,PASSION JAPON,,PARIS -,75116,75,07 July 2026,,
937,Expositions,GIANNI VERSACE RETROSPECTIVE,,PARIS -,75116,75,07 July 2026,,
938,Concerts,Luke combs,,PARIS -,75116,75,07 July 2026,,
939,Concerts,Diana krall,,PARIS -,75116,75,07 July 2026,,
940,Concerts,A perfect circle,,PARIS -,75116,75,07 July 2026,,
941,Concerts,Breaking benjamin,,PARIS -,75116,75,07 July 2026,,
942,Concerts,Prestation breaking benjamin,,PARIS -,75116,75,07 July 2026,,
943,Concerts,Don west,,PARIS -,75116,75,07 July 2026,,
944,Concerts,Laudate Dominum,Cathédrale Notre-Dame de Paris 6 Parvis Notre-Dame - Pl. Jean-Paul II 75004 PARIS,PARIS 4èME ARRONDISSEMENT,75004,75,07 July 2026,14 July 2026,
945,Concerts,DIANA KRALL,,PARIS -,75116,75,08 July 2026,,
946,Concerts,DEF LEPPARD,,PARIS -,75116,75,08 July 2026,,
947,Expositions,PASSION JAPON,,PARIS -,75116,75,08 July 2026,,
948,Expositions,GIANNI VERSACE RETROSPECTIVE,,PARIS -,75116,75,08 July 2026,,
949,Concerts,HYPNOTIC BRASS ENSEMBLE,,PARIS -,75116,75,08 July 2026,,
950,Concerts,LA 808ÈME NUIT,,PARIS -,75116,75,08 July 2026,,
951,Concerts,Def leppard,,PARIS -,75116,75,08 July 2026,,
952,Concerts,The weeknd: after hours til dawn tour,,PARIS -,75116,75,08 July 2026,,
953,Expositions,PASSION JAPON,,PARIS -,75116,75,08 July 2026,,
954,Expositions,PASSION JAPON,,PARIS -,75116,75,08 July 2026,,
955,Expositions,PASSION JAPON,,PARIS -,75116,75,08 July 2026,,
956,Expositions,PASSION JAPON,,PARIS -,75116,75,08 July 2026,,
957,Expositions,PASSION JAPON,,PARIS -,75116,75,08 July 2026,,
958,Expositions,PASSION JAPON,,PARIS -,75116,75,08 July 2026,,
959,Expositions,PASSION JAPON,,PARIS -,75116,75,08 July 2026,,
960,Expositions,PASSION JAPON,,PARIS -,75116,75,08 July 2026,,
961,Expositions,GIANNI VERSACE RETROSPECTIVE,,PARIS -,75116,75,08 July 2026,,
962,Expositions,GIANNI VERSACE RETROSPECTIVE,,PARIS -,75116,75,08 July 2026,,
963,Expositions,GIANNI VERSACE RETROSPECTIVE,,PARIS -,75116,75,08 July 2026,,
964,Expositions,GIANNI VERSACE RETROSPECTIVE,,PARIS -,75116,75,08 July 2026,,
965,Expositions,GIANNI VERSACE RETROSPECTIVE,,PARIS -,75116,75,08 July 2026,,
966,Expositions,GIANNI VERSACE RETROSPECTIVE,,PARIS -,75116,75,08 July 2026,,
967,Expositions,GIANNI VERSACE RETROSPECTIVE,,PARIS -,75116,75,08 July 2026,,
968,Expositions,GIANNI VERSACE RETROSPECTIVE,,PARIS -,75116,75,08 July 2026,,
969,Expositions,GIANNI VERSACE RETROSPECTIVE,,PARIS -,75116,75,08 July 2026,,
970,Expositions,GIANNI VERSACE RETROSPECTIVE,,PARIS -,75116,75,08 July 2026,,
971,Expositions,GIANNI VERSACE RETROSPECTIVE,,PARIS -,75116,75,08 July 2026,,
972,Expositions,GIANNI VERSACE RETROSPECTIVE,,PARIS -,75116,75,08 July 2026,,
973,Expositions,GIANNI VERSACE RETROSPECTIVE,,PARIS -,75116,75,08 July 2026,,
974,Expositions,PASSION JAPON,,PARIS -,75116,75,08 July 2026,,
975,Expositions,PASSION JAPON,,PARIS -,75116,75,08 July 2026,,
976,Expositions,PASSION JAPON,,PARIS -,75116,75,08 July 2026,,
977,Expositions,PASSION JAPON,,PARIS -,75116,75,08 July 2026,,
978,Expositions,PASSION JAPON,,PARIS -,75116,75,08 July 2026,,
979,Expositions,PASSION JAPON,,PARIS -,75116,75,08 July 2026,,
980,Expositions,PASSION JAPON,,PARIS -,75116,75,08 July 2026,,
981,Expositions,PASSION JAPON,,PARIS -,75116,75,08 July 2026,,
982,Expositions,GIANNI VERSACE RETROSPECTIVE,,PARIS -,75116,75,08 July 2026,,
983,Concerts,Tool x deftones - live tribute,,PARIS -,75116,75,08 July 2026,,
984,Concerts,Flatfoot 56 + Krakin' Kellys + Saints &amp; Sinners,,PARIS 19èME ARRONDISSEMENT -,75019,75,08 July 2026,,
985,Concerts,FLORENT PAGNY,,PARIS -,75116,75,09 July 2026,,
986,Concerts,THE ROOTS,,PARIS -,75116,75,09 July 2026,,
987,Concerts,VULFPECK 2026,,PARIS -,75116,75,09 July 2026,,
988,Expositions,PASSION JAPON,,PARIS -,75116,75,09 July 2026,,
989,Concerts,JEFF GOLDBLUM &amp; THE MILDRED SNITZER ORCHESTRA,,PARIS -,75116,75,09 July 2026,,
990,Expositions,GIANNI VERSACE RETROSPECTIVE,,PARIS -,75116,75,09 July 2026,,
991,Concerts,GRACE BOWERS,,PARIS -,75116,75,09 July 2026,,
992,Concerts,Calogero,,PARIS -,75116,75,09 July 2026,,
993,Expositions,GIANNI VERSACE RETROSPECTIVE,,PARIS -,75116,75,09 July 2026,,
994,Expositions,GIANNI VERSACE RETROSPECTIVE,,PARIS -,75116,75,09 July 2026,,
995,Expositions,GIANNI VERSACE RETROSPECTIVE,,PARIS -,75116,75,09 July 2026,,
996,Expositions,GIANNI VERSACE RETROSPECTIVE,,PARIS -,75116,75,09 July 2026,,
997,Expositions,GIANNI VERSACE RETROSPECTIVE,,PARIS -,75116,75,09 July 2026,,
998,Expositions,GIANNI VERSACE RETROSPECTIVE,,PARIS -,75116,75,09 July 2026,,
999,Expositions,PASSION JAPON,,PARIS -,75116,75,09 July 2026,,
1000,Expositions,PASSION JAPON,,PARIS -,75116,75,09 July 2026,,
1001,Expositions,PASSION JAPON,,PARIS -,75116,75,09 July 2026,,
1002,Expositions,PASSION JAPON,,PARIS -,75116,75,09 July 2026,,
1003,Expositions,PASSION JAPON,,PARIS -,75116,75,09 July 2026,,
1004,Expositions,PASSION JAPON,,PARIS -,75116,75,09 July 2026,,
1005,Expositions,PASSION JAPON,,PARIS -,75116,75,09 July 2026,,
1006,Expositions,PASSION JAPON,,PARIS -,75116,75,09 July 2026,,
1007,Expositions,GIANNI VERSACE RETROSPECTIVE,,PARIS -,75116,75,09 July 2026,,
1008,Expositions,GIANNI VERSACE RETROSPECTIVE,,PARIS -,75116,75,09 July 2026,,
1009,Expositions,GIANNI VERSACE RETROSPECTIVE,,PARIS -,75116,75,09 July 2026,,
1010,Expositions,GIANNI VERSACE RETROSPECTIVE,,PARIS -,75116,75,09 July 2026,,
1011,Expositions,GIANNI VERSACE RETROSPECTIVE,,PARIS -,75116,75,09 July 2026,,
1012,Expositions,GIANNI VERSACE RETROSPECTIVE,,PARIS -,75116,75,09 July 2026,,
1013,Expositions,GIANNI VERSACE RETROSPECTIVE,,PARIS -,75116,75,09 July 2026,,
1014,Expositions,GIANNI VERSACE RETROSPECTIVE,,PARIS -,75116,75,09 July 2026,,
1015,Expositions,GIANNI VERSACE RETROSPECTIVE,,PARIS -,75116,75,09 July 2026,,
1016,Expositions,GIANNI VERSACE RETROSPECTIVE,,PARIS -,75116,75,09 July 2026,,
1017,Expositions,GIANNI VERSACE RETROSPECTIVE,,PARIS -,75116,75,09 July 2026,,
1018,Expositions,GIANNI VERSACE RETROSPECTIVE,,PARIS -,75116,75,09 July 2026,,
1019,Expositions,GIANNI VERSACE RETROSPECTIVE,,PARIS -,75116,75,09 July 2026,,
1020,Expositions,PASSION JAPON,,PARIS -,75116,75,09 July 2026,,
1021,Expositions,PASSION JAPON,,PARIS -,75116,75,09 July 2026,,
1022,Expositions,PASSION JAPON,,PARIS -,75116,75,09 July 2026,,
1023,Expositions,PASSION JAPON,,PARIS -,75116,75,09 July 2026,,
1024,Expositions,PASSION JAPON,,PARIS -,75116,75,09 July 2026,,
1025,Expositions,PASSION JAPON,,PARIS -,75116,75,09 July 2026,,
1026,Expositions,PASSION JAPON,,PARIS -,75116,75,09 July 2026,,
1027,Expositions,PASSION JAPON,,PARIS -,75116,75,09 July 2026,,
1028,Expositions,GIANNI VERSACE RETROSPECTIVE,,PARIS -,75116,75,09 July 2026,,
1029,Concerts,The roots,,PARIS -,75116,75,09 July 2026,,
1030,Concerts,Vulfpeck 2026,,PARIS -,75116,75,09 July 2026,,
1031,Concerts,Jeff goldblum & the mildred snitzer,,PARIS -,75116,75,09 July 2026,,
1032,Concerts,Soviet suprem + karim ziad + malik ziad,,PARIS -,75116,75,09 July 2026,,
1033,Concerts,FLORENT PAGNY,,PARIS -,75116,75,10 July 2026,,
1034,Concerts,ALEX ISLEY,,PARIS -,75116,75,10 July 2026,,
1035,Humour et one (wo)man show,Ilana glazer,,PARIS -,75116,75,10 July 2026,,
1036,Concerts,Les 4 Saisons de Vivaldi Intégrale / Petite Musique de Nuit,,PARIS -,75116,75,10 July 2026,,
1037,Expositions,PASSION JAPON,,PARIS -,75116,75,10 July 2026,,
1038,Spectacles,ILANA GLAZER,,PARIS -,75116,75,10 July 2026,,
1039,Expositions,GIANNI VERSACE RETROSPECTIVE,,PARIS -,75116,75,10 July 2026,,
1040,Concerts,The weeknd: after hours til dawn tour,,PARIS -,75116,75,10 July 2026,,
1041,Concerts,The weeknd: after hours til dawn tour,,PARIS -,75116,75,10 July 2026,,
1042,Expositions,PASSION JAPON,,PARIS -,75116,75,10 July 2026,,
1043,Expositions,PASSION JAPON,,PARIS -,75116,75,10 July 2026,,
1044,Expositions,PASSION JAPON,,PARIS -,75116,75,10 July 2026,,
1045,Expositions,PASSION JAPON,,PARIS -,75116,75,10 July 2026,,
1046,Expositions,PASSION JAPON,,PARIS -,75116,75,10 July 2026,,
1047,Expositions,PASSION JAPON,,PARIS -,75116,75,10 July 2026,,
1048,Expositions,PASSION JAPON,,PARIS -,75116,75,10 July 2026,,
1049,Expositions,PASSION JAPON,,PARIS -,75116,75,10 July 2026,,
1050,Expositions,GIANNI VERSACE RETROSPECTIVE,,PARIS -,75116,75,10 July 2026,,
1051,Expositions,GIANNI VERSACE RETROSPECTIVE,,PARIS -,75116,75,10 July 2026,,
1052,Expositions,GIANNI VERSACE RETROSPECTIVE,,PARIS -,75116,75,10 July 2026,,
1053,Expositions,GIANNI VERSACE RETROSPECTIVE,,PARIS -,75116,75,10 July 2026,,
1054,Expositions,GIANNI VERSACE RETROSPECTIVE,,PARIS -,75116,75,10 July 2026,,
1055,Expositions,GIANNI VERSACE RETROSPECTIVE,,PARIS -,75116,75,10 July 2026,,
1056,Expositions,GIANNI VERSACE RETROSPECTIVE,,PARIS -,75116,75,10 July 2026,,
1057,Expositions,GIANNI VERSACE RETROSPECTIVE,,PARIS -,75116,75,10 July 2026,,
1058,Expositions,GIANNI VERSACE RETROSPECTIVE,,PARIS -,75116,75,10 July 2026,,
1059,Expositions,GIANNI VERSACE RETROSPECTIVE,,PARIS -,75116,75,10 July 2026,,
1060,Expositions,GIANNI VERSACE RETROSPECTIVE,,PARIS -,75116,75,10 July 2026,,
1061,Expositions,GIANNI VERSACE RETROSPECTIVE,,PARIS -,75116,75,10 July 2026,,
1062,Expositions,GIANNI VERSACE RETROSPECTIVE,,PARIS -,75116,75,10 July 2026,,
1063,Expositions,PASSION JAPON,,PARIS -,75116,75,10 July 2026,,
1064,Expositions,PASSION JAPON,,PARIS -,75116,75,10 July 2026,,
1065,Expositions,PASSION JAPON,,PARIS -,75116,75,10 July 2026,,
1066,Expositions,PASSION JAPON,,PARIS -,75116,75,10 July 2026,,
1067,Expositions,PASSION JAPON,,PARIS -,75116,75,10 July 2026,,
1068,Expositions,PASSION JAPON,,PARIS -,75116,75,10 July 2026,,
1069,Expositions,PASSION JAPON,,PARIS -,75116,75,10 July 2026,,
1070,Expositions,PASSION JAPON,,PARIS -,75116,75,10 July 2026,,
1071,Expositions,PASSION JAPON,,PARIS -,75116,75,10 July 2026,,
1072,Expositions,PASSION JAPON,,PARIS -,75116,75,10 July 2026,,
1073,Expositions,GIANNI VERSACE RETROSPECTIVE,,PARIS -,75116,75,10 July 2026,,
1074,Concerts,FLORENT PAGNY,,PARIS -,75116,75,11 July 2026,,
1075,Concerts,KIKO,,PARIS -,75116,75,11 July 2026,,
1076,Classique et opera,Mozart chopin beethoven,,PARIS -,75116,75,11 July 2026,,
1077,Humour et one (wo)man show,Sejoe présente map vin touche,,PARIS -,75116,75,11 July 2026,,
1078,Expositions,PASSION JAPON,,PARIS -,75116,75,11 July 2026,,
1079,Expositions,GIANNI VERSACE RETROSPECTIVE,,PARIS -,75116,75,11 July 2026,,
1080,Concerts,PATTI SMITH QUARTET,,PARIS -,75116,75,11 July 2026,,
1081,Concerts,"Les 4 Saisons de Vivaldi, Ave Maria et Célèbres Adagios",,PARIS -,75116,75,11 July 2026,,
1082,Concerts,The weeknd: after hours til dawn tour,,PARIS -,75116,75,11 July 2026,,
1083,Concerts,The weeknd: after hours til dawn tour,,PARIS -,75116,75,11 July 2026,,
1084,Expositions,GIANNI VERSACE RETROSPECTIVE,,PARIS -,75116,75,11 July 2026,,
1085,Expositions,GIANNI VERSACE RETROSPECTIVE,,PARIS -,75116,75,11 July 2026,,
1086,Expositions,GIANNI VERSACE RETROSPECTIVE,,PARIS -,75116,75,11 July 2026,,
1087,Expositions,GIANNI VERSACE RETROSPECTIVE,,PARIS -,75116,75,11 July 2026,,
1088,Expositions,GIANNI VERSACE RETROSPECTIVE,,PARIS -,75116,75,11 July 2026,,
1089,Expositions,GIANNI VERSACE RETROSPECTIVE,,PARIS -,75116,75,11 July 2026,,
1090,Expositions,GIANNI VERSACE RETROSPECTIVE,,PARIS -,75116,75,11 July 2026,,
1091,Expositions,GIANNI VERSACE RETROSPECTIVE,,PARIS -,75116,75,11 July 2026,,
1092,Expositions,GIANNI VERSACE RETROSPECTIVE,,PARIS -,75116,75,11 July 2026,,
1093,Expositions,GIANNI VERSACE RETROSPECTIVE,,PARIS -,75116,75,11 July 2026,,
1094,Expositions,GIANNI VERSACE RETROSPECTIVE,,PARIS -,75116,75,11 July 2026,,
1095,Expositions,GIANNI VERSACE RETROSPECTIVE,,PARIS -,75116,75,11 July 2026,,
1096,Expositions,GIANNI VERSACE RETROSPECTIVE,,PARIS -,75116,75,11 July 2026,,
1097,Expositions,PASSION JAPON,,PARIS -,75116,75,11 July 2026,,
1098,Expositions,PASSION JAPON,,PARIS -,75116,75,11 July 2026,,
1099,Expositions,PASSION JAPON,,PARIS -,75116,75,11 July 2026,,
1100,Expositions,PASSION JAPON,,PARIS -,75116,75,11 July 2026,,
1101,Expositions,PASSION JAPON,,PARIS -,75116,75,11 July 2026,,
1102,Expositions,PASSION JAPON,,PARIS -,75116,75,11 July 2026,,
1103,Expositions,PASSION JAPON,,PARIS -,75116,75,11 July 2026,,
1104,Expositions,PASSION JAPON,,PARIS -,75116,75,11 July 2026,,
1105,Expositions,PASSION JAPON,,PARIS -,75116,75,11 July 2026,,
1106,Expositions,PASSION JAPON,,PARIS -,75116,75,11 July 2026,,
1107,Expositions,PASSION JAPON,,PARIS -,75116,75,11 July 2026,,
1108,Expositions,PASSION JAPON,,PARIS -,75116,75,11 July 2026,,
1109,Expositions,PASSION JAPON,,PARIS -,75116,75,11 July 2026,,
1110,Expositions,PASSION JAPON,,PARIS -,75116,75,11 July 2026,,
1111,Expositions,PASSION JAPON,,PARIS -,75116,75,11 July 2026,,
1112,Expositions,PASSION JAPON,,PARIS -,75116,75,11 July 2026,,
1113,Expositions,PASSION JAPON,,PARIS -,75116,75,11 July 2026,,
1114,Expositions,PASSION JAPON,,PARIS -,75116,75,11 July 2026,,
1115,Expositions,GIANNI VERSACE RETROSPECTIVE,,PARIS -,75116,75,11 July 2026,,
1116,Concerts,Patti smith quartet,,PARIS -,75116,75,11 July 2026,,
1117,Concerts,Lila iké - live band + fatta soul stereo,,PARIS -,75116,75,11 July 2026,,
1118,Classique et opera,Chopin liszt schubert bach beethoven,,PARIS -,75116,75,12 July 2026,,
1119,Expositions,PASSION JAPON,,PARIS -,75116,75,12 July 2026,,
1120,Concerts,RUBEN BLADES &amp; ROBERTO DELGADO ORQUESTA BIG BAND,,PARIS -,75116,75,12 July 2026,,
1121,Expositions,GIANNI VERSACE RETROSPECTIVE,,PARIS -,75116,75,12 July 2026,,
1122,Concerts,PATTI SMITH QUARTET,,PARIS -,75116,75,12 July 2026,,
1123,Concerts,YOUNG MIKO,,PARIS -,75116,75,12 July 2026,,
1124,Concerts,The weeknd: after hours til dawn tour,,PARIS -,75116,75,12 July 2026,,
1125,Concerts,The weeknd: after hours til dawn tour,,PARIS -,75116,75,12 July 2026,,
1126,Expositions,GIANNI VERSACE RETROSPECTIVE,,PARIS -,75116,75,12 July 2026,,
1127,Expositions,GIANNI VERSACE RETROSPECTIVE,,PARIS -,75116,75,12 July 2026,,
1128,Expositions,GIANNI VERSACE RETROSPECTIVE,,PARIS -,75116,75,12 July 2026,,
1129,Expositions,GIANNI VERSACE RETROSPECTIVE,,PARIS -,75116,75,12 July 2026,,
1130,Expositions,GIANNI VERSACE RETROSPECTIVE,,PARIS -,75116,75,12 July 2026,,
1131,Expositions,GIANNI VERSACE RETROSPECTIVE,,PARIS -,75116,75,12 July 2026,,
1132,Expositions,GIANNI VERSACE RETROSPECTIVE,,PARIS -,75116,75,12 July 2026,,
1133,Expositions,GIANNI VERSACE RETROSPECTIVE,,PARIS -,75116,75,12 July 2026,,
1134,Expositions,GIANNI VERSACE RETROSPECTIVE,,PARIS -,75116,75,12 July 2026,,
1135,Expositions,GIANNI VERSACE RETROSPECTIVE,,PARIS -,75116,75,12 July 2026,,
1136,Expositions,GIANNI VERSACE RETROSPECTIVE,,PARIS -,75116,75,12 July 2026,,
1137,Expositions,GIANNI VERSACE RETROSPECTIVE,,PARIS -,75116,75,12 July 2026,,
1138,Expositions,GIANNI VERSACE RETROSPECTIVE,,PARIS -,75116,75,12 July 2026,,
1139,Expositions,PASSION JAPON,,PARIS -,75116,75,12 July 2026,,
1140,Expositions,PASSION JAPON,,PARIS -,75116,75,12 July 2026,,
1141,Expositions,PASSION JAPON,,PARIS -,75116,75,12 July 2026,,
1142,Expositions,PASSION JAPON,,PARIS -,75116,75,12 July 2026,,
1143,Expositions,PASSION JAPON,,PARIS -,75116,75,12 July 2026,,
1144,Expositions,PASSION JAPON,,PARIS -,75116,75,12 July 2026,,
1145,Expositions,PASSION JAPON,,PARIS -,75116,75,12 July 2026,,
1146,Expositions,PASSION JAPON,,PARIS -,75116,75,12 July 2026,,
1147,Expositions,PASSION JAPON,,PARIS -,75116,75,12 July 2026,,
1148,Expositions,PASSION JAPON,,PARIS -,75116,75,12 July 2026,,
1149,Expositions,PASSION JAPON,,PARIS -,75116,75,12 July 2026,,
1150,Expositions,PASSION JAPON,,PARIS -,75116,75,12 July 2026,,
1151,Expositions,PASSION JAPON,,PARIS -,75116,75,12 July 2026,,
1152,Expositions,PASSION JAPON,,PARIS -,75116,75,12 July 2026,,
1153,Expositions,PASSION JAPON,,PARIS -,75116,75,12 July 2026,,
1154,Expositions,PASSION JAPON,,PARIS -,75116,75,12 July 2026,,
1155,Expositions,GIANNI VERSACE RETROSPECTIVE,,PARIS -,75116,75,12 July 2026,,
1156,Expositions,La mode du 18ème siècle,,PARIS -,75116,75,12 July 2026,,
1157,Concerts,Ruben blades et roberto delgado big band,,PARIS -,75116,75,12 July 2026,,
1158,Expositions,Brion gysin - le dernier musée,,PARIS -,75116,75,12 July 2026,,
1159,Concerts,Young miko,,PARIS -,75116,75,12 July 2026,,
1160,Concerts,Prestation young miko,,PARIS -,75116,75,12 July 2026,,
1161,Concerts,CHARLIE PUTH,,PARIS -,75116,75,13 July 2026,,
1162,Expositions,GIANNI VERSACE RETROSPECTIVE,,PARIS -,75116,75,13 July 2026,,
1163,Expositions,GIANNI VERSACE RETROSPECTIVE,,PARIS -,75116,75,13 July 2026,,
1164,Expositions,GIANNI VERSACE RETROSPECTIVE,,PARIS -,75116,75,13 July 2026,,
1165,Expositions,GIANNI VERSACE RETROSPECTIVE,,PARIS -,75116,75,13 July 2026,,
1166,Expositions,GIANNI VERSACE RETROSPECTIVE,,PARIS -,75116,75,13 July 2026,,
1167,Expositions,GIANNI VERSACE RETROSPECTIVE,,PARIS -,75116,75,13 July 2026,,
1168,Expositions,GIANNI VERSACE RETROSPECTIVE,,PARIS -,75116,75,13 July 2026,,
1169,Expositions,GIANNI VERSACE RETROSPECTIVE,,PARIS -,75116,75,13 July 2026,,
1170,Expositions,GIANNI VERSACE RETROSPECTIVE,,PARIS -,75116,75,13 July 2026,,
1171,Expositions,GIANNI VERSACE RETROSPECTIVE,,PARIS -,75116,75,13 July 2026,,
1172,Expositions,GIANNI VERSACE RETROSPECTIVE,,PARIS -,75116,75,13 July 2026,,
1173,Expositions,GIANNI VERSACE RETROSPECTIVE,,PARIS -,75116,75,13 July 2026,,
1174,Expositions,GIANNI VERSACE RETROSPECTIVE,,PARIS -,75116,75,13 July 2026,,
1175,Expositions,GIANNI VERSACE RETROSPECTIVE,,PARIS -,75116,75,13 July 2026,,
1176,Expositions,GIANNI VERSACE RETROSPECTIVE,,PARIS -,75116,75,13 July 2026,,
1177,Concerts,Charlie puth,,PARIS -,75116,75,13 July 2026,,
1178,Concerts,Prestation charlie puth,,PARIS -,75116,75,13 July 2026,,
1179,Concerts,Charlie puth,,PARIS -,75116,75,13 July 2026,,
1180,Bals Danses,Bal des pompiers,"CASERNE ROUSSEAU - 8° Cie :&nbsp; 21, rue du Jour - 75001 Paris",PARIS 1ER ARRONDISSEMENT,75001,75,13 July 2026,,
1181,Bals Danses,Bal des pompiers,"CASERNE SEVIGNE - 11° Cie :&nbsp; 07-09, rue de Sévigné - 75004 Paris",PARIS 4èME ARRONDISSEMENT,75004,75,13 July 2026,,
1182,Bals Danses,Bal des pompiers,"CCL 5 - 29°Cie : Arènes de Lutèce, 49-53, rue Monge - 75005 Paris",PARIS 5èME ARRONDISSEMENT,75005,75,13 July 2026,,
1183,Bals Danses,Bal des pompiers,"CASERNE COLOMBIER - 4° Cie :&nbsp; 11, rue du Vieux Colombier - 75006 Paris",PARIS 6èME ARRONDISSEMENT,75006,75,13 July 2026,,
1184,Bals Danses,Bal des pompiers,"CASERNE BLANCHE - 7° Cie :&nbsp; 28, rue Blanche - 75009 Paris",PARIS 9èME ARRONDISSEMENT,75009,75,13 July 2026,,
1185,Bals Danses,Bal des pompiers,"CASERNE CHALIGNY - 1° Cie :&nbsp; 26, rue de Chaligny - 75012 Paris",PARIS 12èME ARRONDISSEMENT,75012,75,13 July 2026,,
1186,Bals Danses,Bal des pompiers,"CASERNE PORT-ROYAL - 3° Cie :&nbsp; 53-55, boulevard Port-Royal - 75013 Paris",PARIS 13èME ARRONDISSEMENT,75013,75,13 July 2026,,
1187,Bals Danses,Bal des pompiers,"CASERNE MASSENA - 19°Cie / 2° Cie :&nbsp; 37, boulevard Masséna - 75013 Paris",PARIS 13èME ARRONDISSEMENT,75013,75,13 July 2026,,
1188,Bals Danses,Bal des pompiers,"CASERNE GRENELLE - 6° Cie :&nbsp; 06, place Violet - 75015 Paris",PARIS 15èME ARRONDISSEMENT,75015,75,13 July 2026,,
1189,Bals Danses,Bal des pompiers,"CASERNE BOURSAULT - 20° Cie / 9° Cie :&nbsp; Centre de secours et voie publique, 27, rue Boursault - 75017 Paris",PARIS 17èME ARRONDISSEMENT,75017,75,13 July 2026,,
1190,Bals Danses,Bal des pompiers,"CASERNE MONTMARTRE - 20° Cie / 9° Cie :&nbsp; 12, rue Carpeaux - 75018 Paris",PARIS 18èME ARRONDISSEMENT,75018,75,13 July 2026,,
1191,Bals Danses,Bal des pompiers,"CASERNE BITCHE - 10° Cie :&nbsp; Centre de secours et voie publique, 02, place de Bitche - 75019 Paris",PARIS 19èME ARRONDISSEMENT,75019,75,13 July 2026,,
1192,Bals Danses,Bal des pompiers,"CASERNE MENILMONTANT - 12° Cie :&nbsp; 47, rue Saint-Fargeau -75020 Paris",PARIS 20èME ARRONDISSEMENT,75020,75,13 July 2026,,
1193,Spectacle et comedie musicale,Oh! happy paris - diner,,PARIS -,75116,75,14 July 2026,,
1194,Spectacle et comedie musicale,Oh! cesar paris - diner,,PARIS -,75116,75,14 July 2026,,
1195,Concerts,Requiem de Mozart / Boléro de Ravel,,PARIS -,75116,75,14 July 2026,,
1196,Expositions,PASSION JAPON,,PARIS -,75116,75,14 July 2026,,
1197,Expositions,GIANNI VERSACE RETROSPECTIVE,,PARIS -,75116,75,14 July 2026,,
1198,Expositions,PASSION JAPON,,PARIS -,75116,75,14 July 2026,,
1199,Expositions,PASSION JAPON,,PARIS -,75116,75,14 July 2026,,
1200,Expositions,PASSION JAPON,,PARIS -,75116,75,14 July 2026,,
1201,Expositions,PASSION JAPON,,PARIS -,75116,75,14 July 2026,,
1202,Expositions,PASSION JAPON,,PARIS -,75116,75,14 July 2026,,
1203,Expositions,PASSION JAPON,,PARIS -,75116,75,14 July 2026,,
1204,Expositions,PASSION JAPON,,PARIS -,75116,75,14 July 2026,,
1205,Expositions,PASSION JAPON,,PARIS -,75116,75,14 July 2026,,
1206,Expositions,GIANNI VERSACE RETROSPECTIVE,,PARIS -,75116,75,14 July 2026,,
1207,Expositions,GIANNI VERSACE RETROSPECTIVE,,PARIS -,75116,75,14 July 2026,,
1208,Expositions,GIANNI VERSACE RETROSPECTIVE,,PARIS -,75116,75,14 July 2026,,
1209,Expositions,GIANNI VERSACE RETROSPECTIVE,,PARIS -,75116,75,14 July 2026,,
1210,Expositions,GIANNI VERSACE RETROSPECTIVE,,PARIS -,75116,75,14 July 2026,,
1211,Expositions,GIANNI VERSACE RETROSPECTIVE,,PARIS -,75116,75,14 July 2026,,
1212,Expositions,GIANNI VERSACE RETROSPECTIVE,,PARIS -,75116,75,14 July 2026,,
1213,Expositions,GIANNI VERSACE RETROSPECTIVE,,PARIS -,75116,75,14 July 2026,,
1214,Expositions,GIANNI VERSACE RETROSPECTIVE,,PARIS -,75116,75,14 July 2026,,
1215,Expositions,GIANNI VERSACE RETROSPECTIVE,,PARIS -,75116,75,14 July 2026,,
1216,Expositions,GIANNI VERSACE RETROSPECTIVE,,PARIS -,75116,75,14 July 2026,,
1217,Expositions,GIANNI VERSACE RETROSPECTIVE,,PARIS -,75116,75,14 July 2026,,
1218,Expositions,GIANNI VERSACE RETROSPECTIVE,,PARIS -,75116,75,14 July 2026,,
1219,Expositions,PASSION JAPON,,PARIS -,75116,75,14 July 2026,,
1220,Expositions,PASSION JAPON,,PARIS -,75116,75,14 July 2026,,
1221,Expositions,PASSION JAPON,,PARIS -,75116,75,14 July 2026,,
1222,Expositions,PASSION JAPON,,PARIS -,75116,75,14 July 2026,,
1223,Expositions,PASSION JAPON,,PARIS -,75116,75,14 July 2026,,
1224,Expositions,PASSION JAPON,,PARIS -,75116,75,14 July 2026,,
1225,Expositions,PASSION JAPON,,PARIS -,75116,75,14 July 2026,,
1226,Expositions,PASSION JAPON,,PARIS -,75116,75,14 July 2026,,
1227,Expositions,GIANNI VERSACE RETROSPECTIVE,,PARIS -,75116,75,14 July 2026,,
1228,Bals Danses,Bal des pompiers,"CASERNE ROUSSEAU - 8° Cie :&nbsp; 21, rue du Jour - 75001 Paris",PARIS 1ER ARRONDISSEMENT,75001,75,14 July 2026,,
1229,Bals Danses,Bal des pompiers,"CASERNE SEVIGNE - 11° Cie :&nbsp; 07-09, rue de Sévigné - 75004 Paris",PARIS 4èME ARRONDISSEMENT,75004,75,14 July 2026,,
1230,Bals Danses,Bal des pompiers,"CASERNE COLOMBIER - 4° Cie :&nbsp; 11, rue du Vieux Colombier - 75006 Paris",PARIS 6èME ARRONDISSEMENT,75006,75,14 July 2026,,
1231,Spectacles,Meeting aérien à Paris,Champs Elysées - Paris,PARIS 8èME ARRONDISSEMENT,75008,75,14 July 2026,,
1232,Bals Danses,Bal des pompiers,"CASERNE CHALIGNY - 1° Cie :&nbsp; 26, rue de Chaligny - 75012 Paris",PARIS 12èME ARRONDISSEMENT,75012,75,14 July 2026,,
1233,Bals Danses,Bal des pompiers,"CASERNE PORT-ROYAL - 3° Cie:&nbsp; 53-55, boulevard Port-Royal - 75013 Paris",PARIS 13èME ARRONDISSEMENT,75013,75,14 July 2026,,
1234,Bals Danses,Bal des pompiers,"CASERNE GRENELLE - 6° Cie :&nbsp; 06, place Violet - 75015 Paris",PARIS 15èME ARRONDISSEMENT,75015,75,14 July 2026,,
1235,Feux d'artifice,Feu d'artifice du 14 juillet,Place du Trocadéro - 75016 Paris,PARIS 16èME ARRONDISSEMENT,75016,75,14 July 2026,,
1236,Concerts,FLORENT PAGNY,,PARIS -,75116,75,15 July 2026,,
1237,Concerts,ZZ TOP,,PARIS -,75116,75,15 July 2026,,
1238,Expositions,PASSION JAPON,,PARIS -,75116,75,15 July 2026,,
1239,Expositions,GIANNI VERSACE RETROSPECTIVE,,PARIS -,75116,75,15 July 2026,,
1240,Concerts,THE SNUTS,,PARIS -,75116,75,15 July 2026,,
1241,Expositions,PASSION JAPON,,PARIS -,75116,75,15 July 2026,,
1242,Expositions,PASSION JAPON,,PARIS -,75116,75,15 July 2026,,
1243,Expositions,PASSION JAPON,,PARIS -,75116,75,15 July 2026,,
1244,Expositions,PASSION JAPON,,PARIS -,75116,75,15 July 2026,,
1245,Expositions,PASSION JAPON,,PARIS -,75116,75,15 July 2026,,
1246,Expositions,PASSION JAPON,,PARIS -,75116,75,15 July 2026,,
1247,Expositions,PASSION JAPON,,PARIS -,75116,75,15 July 2026,,
1248,Expositions,PASSION JAPON,,PARIS -,75116,75,15 July 2026,,
1249,Expositions,GIANNI VERSACE RETROSPECTIVE,,PARIS -,75116,75,15 July 2026,,
1250,Expositions,GIANNI VERSACE RETROSPECTIVE,,PARIS -,75116,75,15 July 2026,,
1251,Expositions,GIANNI VERSACE RETROSPECTIVE,,PARIS -,75116,75,15 July 2026,,
1252,Expositions,GIANNI VERSACE RETROSPECTIVE,,PARIS -,75116,75,15 July 2026,,
1253,Expositions,GIANNI VERSACE RETROSPECTIVE,,PARIS -,75116,75,15 July 2026,,
1254,Expositions,GIANNI VERSACE RETROSPECTIVE,,PARIS -,75116,75,15 July 2026,,
1255,Expositions,GIANNI VERSACE RETROSPECTIVE,,PARIS -,75116,75,15 July 2026,,
1256,Expositions,GIANNI VERSACE RETROSPECTIVE,,PARIS -,75116,75,15 July 2026,,
1257,Expositions,GIANNI VERSACE RETROSPECTIVE,,PARIS -,75116,75,15 July 2026,,
1258,Expositions,GIANNI VERSACE RETROSPECTIVE,,PARIS -,75116,75,15 July 2026,,
1259,Expositions,GIANNI VERSACE RETROSPECTIVE,,PARIS -,75116,75,15 July 2026,,
1260,Expositions,GIANNI VERSACE RETROSPECTIVE,,PARIS -,75116,75,15 July 2026,,
1261,Expositions,GIANNI VERSACE RETROSPECTIVE,,PARIS -,75116,75,15 July 2026,,
1262,Expositions,PASSION JAPON,,PARIS -,75116,75,15 July 2026,,
1263,Expositions,PASSION JAPON,,PARIS -,75116,75,15 July 2026,,
1264,Expositions,PASSION JAPON,,PARIS -,75116,75,15 July 2026,,
1265,Expositions,PASSION JAPON,,PARIS -,75116,75,15 July 2026,,
1266,Expositions,PASSION JAPON,,PARIS -,75116,75,15 July 2026,,
1267,Expositions,PASSION JAPON,,PARIS -,75116,75,15 July 2026,,
1268,Expositions,PASSION JAPON,,PARIS -,75116,75,15 July 2026,,
1269,Expositions,PASSION JAPON,,PARIS -,75116,75,15 July 2026,,
1270,Expositions,GIANNI VERSACE RETROSPECTIVE,,PARIS -,75116,75,15 July 2026,,
1271,Concerts,Zz top,,PARIS -,75116,75,15 July 2026,,
1272,Concerts,The snuts,,PARIS -,75116,75,15 July 2026,,
1273,Concerts,FLORENT PAGNY,,PARIS -,75116,75,16 July 2026,,
1274,Expositions,PASSION JAPON,,PARIS -,75116,75,16 July 2026,,
1275,Expositions,GIANNI VERSACE RETROSPECTIVE,,PARIS -,75116,75,16 July 2026,,
1276,Concerts,THE BAD PLUS,,PARIS -,75116,75,16 July 2026,,
1277,Concerts,CAROLESDAUGHTER,,PARIS -,75116,75,16 July 2026,,
1278,Expositions,GIANNI VERSACE RETROSPECTIVE,,PARIS -,75116,75,16 July 2026,,
1279,Expositions,GIANNI VERSACE RETROSPECTIVE,,PARIS -,75116,75,16 July 2026,,
1280,Expositions,GIANNI VERSACE RETROSPECTIVE,,PARIS -,75116,75,16 July 2026,,
1281,Expositions,GIANNI VERSACE RETROSPECTIVE,,PARIS -,75116,75,16 July 2026,,
1282,Expositions,GIANNI VERSACE RETROSPECTIVE,,PARIS -,75116,75,16 July 2026,,
1283,Expositions,GIANNI VERSACE RETROSPECTIVE,,PARIS -,75116,75,16 July 2026,,
1284,Expositions,PASSION JAPON,,PARIS -,75116,75,16 July 2026,,
1285,Expositions,PASSION JAPON,,PARIS -,75116,75,16 July 2026,,
1286,Expositions,PASSION JAPON,,PARIS -,75116,75,16 July 2026,,
1287,Expositions,PASSION JAPON,,PARIS -,75116,75,16 July 2026,,
1288,Expositions,PASSION JAPON,,PARIS -,75116,75,16 July 2026,,
1289,Expositions,PASSION JAPON,,PARIS -,75116,75,16 July 2026,,
1290,Expositions,PASSION JAPON,,PARIS -,75116,75,16 July 2026,,
1291,Expositions,PASSION JAPON,,PARIS -,75116,75,16 July 2026,,
1292,Expositions,GIANNI VERSACE RETROSPECTIVE,,PARIS -,75116,75,16 July 2026,,
1293,Expositions,GIANNI VERSACE RETROSPECTIVE,,PARIS -,75116,75,16 July 2026,,
1294,Expositions,GIANNI VERSACE RETROSPECTIVE,,PARIS -,75116,75,16 July 2026,,
1295,Expositions,GIANNI VERSACE RETROSPECTIVE,,PARIS -,75116,75,16 July 2026,,
1296,Expositions,GIANNI VERSACE RETROSPECTIVE,,PARIS -,75116,75,16 July 2026,,
1297,Expositions,GIANNI VERSACE RETROSPECTIVE,,PARIS -,75116,75,16 July 2026,,
1298,Expositions,GIANNI VERSACE RETROSPECTIVE,,PARIS -,75116,75,16 July 2026,,
1299,Expositions,GIANNI VERSACE RETROSPECTIVE,,PARIS -,75116,75,16 July 2026,,
1300,Expositions,GIANNI VERSACE RETROSPECTIVE,,PARIS -,75116,75,16 July 2026,,
1301,Expositions,GIANNI VERSACE RETROSPECTIVE,,PARIS -,75116,75,16 July 2026,,
1302,Expositions,GIANNI VERSACE RETROSPECTIVE,,PARIS -,75116,75,16 July 2026,,
1303,Expositions,GIANNI VERSACE RETROSPECTIVE,,PARIS -,75116,75,16 July 2026,,
1304,Expositions,GIANNI VERSACE RETROSPECTIVE,,PARIS -,75116,75,16 July 2026,,
1305,Expositions,PASSION JAPON,,PARIS -,75116,75,16 July 2026,,
1306,Expositions,PASSION JAPON,,PARIS -,75116,75,16 July 2026,,
1307,Expositions,PASSION JAPON,,PARIS -,75116,75,16 July 2026,,
1308,Expositions,PASSION JAPON,,PARIS -,75116,75,16 July 2026,,
1309,Expositions,PASSION JAPON,,PARIS -,75116,75,16 July 2026,,
1310,Expositions,PASSION JAPON,,PARIS -,75116,75,16 July 2026,,
1311,Expositions,PASSION JAPON,,PARIS -,75116,75,16 July 2026,,
1312,Expositions,PASSION JAPON,,PARIS -,75116,75,16 July 2026,,
1313,Expositions,GIANNI VERSACE RETROSPECTIVE,,PARIS -,75116,75,16 July 2026,,
1314,Concerts,Rokia traoré + ousmane kouyaté,,PARIS -,75116,75,16 July 2026,,
1315,Concerts,THE DATSUNS,,PARIS -,75116,75,17 July 2026,,
1316,Concerts,SCORPIONS,,PARIS -,75116,75,17 July 2026,,
1317,Concerts,"Les 4 Saisons de Vivaldi, Ave Maria et Célèbres Adagios",,PARIS -,75116,75,17 July 2026,,
1318,Expositions,PASSION JAPON,,PARIS -,75116,75,17 July 2026,,
1319,Concerts,USTED SEÑALEMELO,,PARIS -,75116,75,17 July 2026,,
1320,Expositions,GIANNI VERSACE RETROSPECTIVE,,PARIS -,75116,75,17 July 2026,,
1321,Concerts,LEDISI,,PARIS -,75116,75,17 July 2026,,
1322,Expositions,PASSION JAPON,,PARIS -,75116,75,17 July 2026,,
1323,Expositions,PASSION JAPON,,PARIS -,75116,75,17 July 2026,,
1324,Expositions,PASSION JAPON,,PARIS -,75116,75,17 July 2026,,
1325,Expositions,PASSION JAPON,,PARIS -,75116,75,17 July 2026,,
1326,Expositions,PASSION JAPON,,PARIS -,75116,75,17 July 2026,,
1327,Expositions,PASSION JAPON,,PARIS -,75116,75,17 July 2026,,
1328,Expositions,PASSION JAPON,,PARIS -,75116,75,17 July 2026,,
1329,Expositions,PASSION JAPON,,PARIS -,75116,75,17 July 2026,,
1330,Expositions,GIANNI VERSACE RETROSPECTIVE,,PARIS -,75116,75,17 July 2026,,
1331,Expositions,GIANNI VERSACE RETROSPECTIVE,,PARIS -,75116,75,17 July 2026,,
1332,Expositions,GIANNI VERSACE RETROSPECTIVE,,PARIS -,75116,75,17 July 2026,,
1333,Expositions,GIANNI VERSACE RETROSPECTIVE,,PARIS -,75116,75,17 July 2026,,
1334,Expositions,GIANNI VERSACE RETROSPECTIVE,,PARIS -,75116,75,17 July 2026,,
1335,Expositions,GIANNI VERSACE RETROSPECTIVE,,PARIS -,75116,75,17 July 2026,,
1336,Expositions,GIANNI VERSACE RETROSPECTIVE,,PARIS -,75116,75,17 July 2026,,
1337,Expositions,GIANNI VERSACE RETROSPECTIVE,,PARIS -,75116,75,17 July 2026,,
1338,Expositions,GIANNI VERSACE RETROSPECTIVE,,PARIS -,75116,75,17 July 2026,,
1339,Expositions,GIANNI VERSACE RETROSPECTIVE,,PARIS -,75116,75,17 July 2026,,
1340,Expositions,GIANNI VERSACE RETROSPECTIVE,,PARIS -,75116,75,17 July 2026,,
1341,Expositions,GIANNI VERSACE RETROSPECTIVE,,PARIS -,75116,75,17 July 2026,,
1342,Expositions,GIANNI VERSACE RETROSPECTIVE,,PARIS -,75116,75,17 July 2026,,
1343,Expositions,PASSION JAPON,,PARIS -,75116,75,17 July 2026,,
1344,Expositions,PASSION JAPON,,PARIS -,75116,75,17 July 2026,,
1345,Expositions,PASSION JAPON,,PARIS -,75116,75,17 July 2026,,
1346,Expositions,PASSION JAPON,,PARIS -,75116,75,17 July 2026,,
1347,Expositions,PASSION JAPON,,PARIS -,75116,75,17 July 2026,,
1348,Expositions,PASSION JAPON,,PARIS -,75116,75,17 July 2026,,
1349,Expositions,PASSION JAPON,,PARIS -,75116,75,17 July 2026,,
1350,Expositions,PASSION JAPON,,PARIS -,75116,75,17 July 2026,,
1351,Expositions,PASSION JAPON,,PARIS -,75116,75,17 July 2026,,
1352,Expositions,PASSION JAPON,,PARIS -,75116,75,17 July 2026,,
1353,Expositions,GIANNI VERSACE RETROSPECTIVE,,PARIS -,75116,75,17 July 2026,,
1354,Concerts,Scorpions,,PARIS -,75116,75,17 July 2026,,
1355,Concerts,Bts world tour ‘arirang’ in paris,,PARIS -,75116,75,17 July 2026,,
1356,Concerts,Bts world tour 'arirang' in paris,,PARIS -,75116,75,17 July 2026,,
1357,Concerts,Usted señalemelo,,PARIS -,75116,75,17 July 2026,,
1358,Concerts,Andy 4000 + dope saint jude,,PARIS -,75116,75,17 July 2026,,
1359,Concerts,FLORENT PAGNY,,PARIS -,75116,75,18 July 2026,,
1360,Concerts,"Les 4 Saisons de Vivaldi, Ave Maria et Célèbres Concertos",,PARIS -,75116,75,18 July 2026,,
1361,Expositions,PASSION JAPON,,PARIS -,75116,75,18 July 2026,,
1362,Expositions,GIANNI VERSACE RETROSPECTIVE,,PARIS -,75116,75,18 July 2026,,
1363,Expositions,GIANNI VERSACE RETROSPECTIVE,,PARIS -,75116,75,18 July 2026,,
1364,Expositions,GIANNI VERSACE RETROSPECTIVE,,PARIS -,75116,75,18 July 2026,,
1365,Expositions,GIANNI VERSACE RETROSPECTIVE,,PARIS -,75116,75,18 July 2026,,
1366,Expositions,GIANNI VERSACE RETROSPECTIVE,,PARIS -,75116,75,18 July 2026,,
1367,Expositions,GIANNI VERSACE RETROSPECTIVE,,PARIS -,75116,75,18 July 2026,,
1368,Expositions,GIANNI VERSACE RETROSPECTIVE,,PARIS -,75116,75,18 July 2026,,
1369,Expositions,GIANNI VERSACE RETROSPECTIVE,,PARIS -,75116,75,18 July 2026,,
1370,Expositions,GIANNI VERSACE RETROSPECTIVE,,PARIS -,75116,75,18 July 2026,,
1371,Expositions,GIANNI VERSACE RETROSPECTIVE,,PARIS -,75116,75,18 July 2026,,
1372,Expositions,GIANNI VERSACE RETROSPECTIVE,,PARIS -,75116,75,18 July 2026,,
1373,Expositions,GIANNI VERSACE RETROSPECTIVE,,PARIS -,75116,75,18 July 2026,,
1374,Expositions,GIANNI VERSACE RETROSPECTIVE,,PARIS -,75116,75,18 July 2026,,
1375,Expositions,GIANNI VERSACE RETROSPECTIVE,,PARIS -,75116,75,18 July 2026,,
1376,Expositions,PASSION JAPON,,PARIS -,75116,75,18 July 2026,,
1377,Expositions,PASSION JAPON,,PARIS -,75116,75,18 July 2026,,
1378,Expositions,PASSION JAPON,,PARIS -,75116,75,18 July 2026,,
1379,Expositions,PASSION JAPON,,PARIS -,75116,75,18 July 2026,,
1380,Expositions,PASSION JAPON,,PARIS -,75116,75,18 July 2026,,
1381,Expositions,PASSION JAPON,,PARIS -,75116,75,18 July 2026,,
1382,Expositions,PASSION JAPON,,PARIS -,75116,75,18 July 2026,,
1383,Expositions,PASSION JAPON,,PARIS -,75116,75,18 July 2026,,
1384,Expositions,PASSION JAPON,,PARIS -,75116,75,18 July 2026,,
1385,Expositions,PASSION JAPON,,PARIS -,75116,75,18 July 2026,,
1386,Expositions,PASSION JAPON,,PARIS -,75116,75,18 July 2026,,
1387,Expositions,PASSION JAPON,,PARIS -,75116,75,18 July 2026,,
1388,Expositions,PASSION JAPON,,PARIS -,75116,75,18 July 2026,,
1389,Expositions,PASSION JAPON,,PARIS -,75116,75,18 July 2026,,
1390,Expositions,PASSION JAPON,,PARIS -,75116,75,18 July 2026,,
1391,Expositions,PASSION JAPON,,PARIS -,75116,75,18 July 2026,,
1392,Expositions,PASSION JAPON,,PARIS -,75116,75,18 July 2026,,
1393,Expositions,PASSION JAPON,,PARIS -,75116,75,18 July 2026,,
1394,Expositions,GIANNI VERSACE RETROSPECTIVE,,PARIS -,75116,75,18 July 2026,,
1395,Concerts,Bts world tour ‘arirang’ in paris,,PARIS -,75116,75,18 July 2026,,
1396,Théatres,Le marchand de venise,,PARIS -,75116,75,18 July 2026,,
1397,Concerts,Bts world tour 'arirang' in paris,,PARIS -,75116,75,18 July 2026,,
1398,Concerts,Julian marley and the uprising,,PARIS -,75116,75,18 July 2026,,
1399,Concerts,kokeshi - PARIS - 18 JUILLET 2026,,PARIS 19èME ARRONDISSEMENT -,75019,75,18 July 2026,,
1400,Concerts,FLORENT PAGNY,,PARIS -,75116,75,19 July 2026,,
1401,Concerts,ROMEO SANTOS &amp; PRINCE ROYCE,,PARIS -,75116,75,19 July 2026,,
1402,Expositions,PASSION JAPON,,PARIS -,75116,75,19 July 2026,,
1403,Expositions,GIANNI VERSACE RETROSPECTIVE,,PARIS -,75116,75,19 July 2026,,
1404,Expositions,GIANNI VERSACE RETROSPECTIVE,,PARIS -,75116,75,19 July 2026,,
1405,Expositions,GIANNI VERSACE RETROSPECTIVE,,PARIS -,75116,75,19 July 2026,,
1406,Expositions,GIANNI VERSACE RETROSPECTIVE,,PARIS -,75116,75,19 July 2026,,
1407,Expositions,GIANNI VERSACE RETROSPECTIVE,,PARIS -,75116,75,19 July 2026,,
1408,Expositions,GIANNI VERSACE RETROSPECTIVE,,PARIS -,75116,75,19 July 2026,,
1409,Expositions,GIANNI VERSACE RETROSPECTIVE,,PARIS -,75116,75,19 July 2026,,
1410,Expositions,GIANNI VERSACE RETROSPECTIVE,,PARIS -,75116,75,19 July 2026,,
1411,Expositions,GIANNI VERSACE RETROSPECTIVE,,PARIS -,75116,75,19 July 2026,,
1412,Expositions,GIANNI VERSACE RETROSPECTIVE,,PARIS -,75116,75,19 July 2026,,
1413,Expositions,GIANNI VERSACE RETROSPECTIVE,,PARIS -,75116,75,19 July 2026,,
1414,Expositions,GIANNI VERSACE RETROSPECTIVE,,PARIS -,75116,75,19 July 2026,,
1415,Expositions,GIANNI VERSACE RETROSPECTIVE,,PARIS -,75116,75,19 July 2026,,
1416,Expositions,GIANNI VERSACE RETROSPECTIVE,,PARIS -,75116,75,19 July 2026,,
1417,Expositions,PASSION JAPON,,PARIS -,75116,75,19 July 2026,,
1418,Expositions,PASSION JAPON,,PARIS -,75116,75,19 July 2026,,
1419,Expositions,PASSION JAPON,,PARIS -,75116,75,19 July 2026,,
1420,Expositions,PASSION JAPON,,PARIS -,75116,75,19 July 2026,,
1421,Expositions,PASSION JAPON,,PARIS -,75116,75,19 July 2026,,
1422,Expositions,PASSION JAPON,,PARIS -,75116,75,19 July 2026,,
1423,Expositions,PASSION JAPON,,PARIS -,75116,75,19 July 2026,,
1424,Expositions,PASSION JAPON,,PARIS -,75116,75,19 July 2026,,
1425,Expositions,PASSION JAPON,,PARIS -,75116,75,19 July 2026,,
1426,Expositions,PASSION JAPON,,PARIS -,75116,75,19 July 2026,,
1427,Expositions,PASSION JAPON,,PARIS -,75116,75,19 July 2026,,
1428,Expositions,PASSION JAPON,,PARIS -,75116,75,19 July 2026,,
1429,Expositions,PASSION JAPON,,PARIS -,75116,75,19 July 2026,,
1430,Expositions,PASSION JAPON,,PARIS -,75116,75,19 July 2026,,
1431,Expositions,PASSION JAPON,,PARIS -,75116,75,19 July 2026,,
1432,Expositions,PASSION JAPON,,PARIS -,75116,75,19 July 2026,,
1433,Expositions,GIANNI VERSACE RETROSPECTIVE,,PARIS -,75116,75,19 July 2026,,
1434,Expositions,Leonora carrington - billet open,,PARIS -,75116,75,19 July 2026,,
1435,Expositions,Visages d'artistes,,PARIS -,75116,75,19 July 2026,,
1436,Expositions,GIANNI VERSACE RETROSPECTIVE,,PARIS -,75116,75,20 July 2026,,
1437,Concerts,IMMANUEL WILKINS QUARTET,,PARIS -,75116,75,20 July 2026,,
1438,Expositions,GIANNI VERSACE RETROSPECTIVE,,PARIS -,75116,75,20 July 2026,,
1439,Expositions,GIANNI VERSACE RETROSPECTIVE,,PARIS -,75116,75,20 July 2026,,
1440,Expositions,GIANNI VERSACE RETROSPECTIVE,,PARIS -,75116,75,20 July 2026,,
1441,Expositions,GIANNI VERSACE RETROSPECTIVE,,PARIS -,75116,75,20 July 2026,,
1442,Expositions,GIANNI VERSACE RETROSPECTIVE,,PARIS -,75116,75,20 July 2026,,
1443,Expositions,GIANNI VERSACE RETROSPECTIVE,,PARIS -,75116,75,20 July 2026,,
1444,Expositions,GIANNI VERSACE RETROSPECTIVE,,PARIS -,75116,75,20 July 2026,,
1445,Expositions,GIANNI VERSACE RETROSPECTIVE,,PARIS -,75116,75,20 July 2026,,
1446,Expositions,GIANNI VERSACE RETROSPECTIVE,,PARIS -,75116,75,20 July 2026,,
1447,Expositions,GIANNI VERSACE RETROSPECTIVE,,PARIS -,75116,75,20 July 2026,,
1448,Expositions,GIANNI VERSACE RETROSPECTIVE,,PARIS -,75116,75,20 July 2026,,
1449,Expositions,GIANNI VERSACE RETROSPECTIVE,,PARIS -,75116,75,20 July 2026,,
1450,Expositions,GIANNI VERSACE RETROSPECTIVE,,PARIS -,75116,75,20 July 2026,,
1451,Expositions,GIANNI VERSACE RETROSPECTIVE,,PARIS -,75116,75,20 July 2026,,
1452,Concerts,JUANES,,PARIS -,75116,75,21 July 2026,,
1453,Expositions,PASSION JAPON,,PARIS -,75116,75,21 July 2026,,
1454,Expositions,GIANNI VERSACE RETROSPECTIVE,,PARIS -,75116,75,21 July 2026,,
1455,Concerts,LEEE JOHN of IMAGINATION,,PARIS -,75116,75,21 July 2026,,
1456,Concerts,LEEE JOHN of IMAGINATION,,PARIS -,75116,75,21 July 2026,,
1457,Expositions,PASSION JAPON,,PARIS -,75116,75,21 July 2026,,
1458,Expositions,PASSION JAPON,,PARIS -,75116,75,21 July 2026,,
1459,Expositions,PASSION JAPON,,PARIS -,75116,75,21 July 2026,,
1460,Expositions,PASSION JAPON,,PARIS -,75116,75,21 July 2026,,
1461,Expositions,PASSION JAPON,,PARIS -,75116,75,21 July 2026,,
1462,Expositions,PASSION JAPON,,PARIS -,75116,75,21 July 2026,,
1463,Expositions,PASSION JAPON,,PARIS -,75116,75,21 July 2026,,
1464,Expositions,PASSION JAPON,,PARIS -,75116,75,21 July 2026,,
1465,Expositions,PASSION JAPON,,PARIS -,75116,75,21 July 2026,,
1466,Expositions,PASSION JAPON,,PARIS -,75116,75,21 July 2026,,
1467,Expositions,PASSION JAPON,,PARIS -,75116,75,21 July 2026,,
1468,Expositions,PASSION JAPON,,PARIS -,75116,75,21 July 2026,,
1469,Expositions,PASSION JAPON,,PARIS -,75116,75,21 July 2026,,
1470,Expositions,PASSION JAPON,,PARIS -,75116,75,21 July 2026,,
1471,Expositions,PASSION JAPON,,PARIS -,75116,75,21 July 2026,,
1472,Expositions,PASSION JAPON,,PARIS -,75116,75,21 July 2026,,
1473,Expositions,GIANNI VERSACE RETROSPECTIVE,,PARIS -,75116,75,21 July 2026,,
1474,Expositions,GIANNI VERSACE RETROSPECTIVE,,PARIS -,75116,75,21 July 2026,,
1475,Expositions,GIANNI VERSACE RETROSPECTIVE,,PARIS -,75116,75,21 July 2026,,
1476,Expositions,GIANNI VERSACE RETROSPECTIVE,,PARIS -,75116,75,21 July 2026,,
1477,Expositions,GIANNI VERSACE RETROSPECTIVE,,PARIS -,75116,75,21 July 2026,,
1478,Expositions,GIANNI VERSACE RETROSPECTIVE,,PARIS -,75116,75,21 July 2026,,
1479,Expositions,GIANNI VERSACE RETROSPECTIVE,,PARIS -,75116,75,21 July 2026,,
1480,Expositions,GIANNI VERSACE RETROSPECTIVE,,PARIS -,75116,75,21 July 2026,,
1481,Expositions,GIANNI VERSACE RETROSPECTIVE,,PARIS -,75116,75,21 July 2026,,
1482,Expositions,GIANNI VERSACE RETROSPECTIVE,,PARIS -,75116,75,21 July 2026,,
1483,Expositions,GIANNI VERSACE RETROSPECTIVE,,PARIS -,75116,75,21 July 2026,,
1484,Expositions,GIANNI VERSACE RETROSPECTIVE,,PARIS -,75116,75,21 July 2026,,
1485,Expositions,GIANNI VERSACE RETROSPECTIVE,,PARIS -,75116,75,21 July 2026,,
1486,Expositions,GIANNI VERSACE RETROSPECTIVE,,PARIS -,75116,75,21 July 2026,,
1487,Concerts,Juanes,,PARIS -,75116,75,21 July 2026,,
1488,Concerts,O Quam Suavis,Cathédrale Notre-Dame de Paris 6 Parvis Notre-Dame - Pl. Jean-Paul II 75004 PARIS,PARIS 4èME ARRONDISSEMENT,75004,75,21 July 2026,,
1489,Expositions,PASSION JAPON,,PARIS -,75116,75,22 July 2026,,
1490,Expositions,GIANNI VERSACE RETROSPECTIVE,,PARIS -,75116,75,22 July 2026,,
1491,Expositions,PASSION JAPON,,PARIS -,75116,75,22 July 2026,,
1492,Expositions,PASSION JAPON,,PARIS -,75116,75,22 July 2026,,
1493,Expositions,PASSION JAPON,,PARIS -,75116,75,22 July 2026,,
1494,Expositions,PASSION JAPON,,PARIS -,75116,75,22 July 2026,,
1495,Expositions,PASSION JAPON,,PARIS -,75116,75,22 July 2026,,
1496,Expositions,PASSION JAPON,,PARIS -,75116,75,22 July 2026,,
1497,Expositions,PASSION JAPON,,PARIS -,75116,75,22 July 2026,,
1498,Expositions,PASSION JAPON,,PARIS -,75116,75,22 July 2026,,
1499,Expositions,PASSION JAPON,,PARIS -,75116,75,22 July 2026,,
1500,Expositions,PASSION JAPON,,PARIS -,75116,75,22 July 2026,,
1501,Expositions,PASSION JAPON,,PARIS -,75116,75,22 July 2026,,
1502,Expositions,PASSION JAPON,,PARIS -,75116,75,22 July 2026,,
1503,Expositions,PASSION JAPON,,PARIS -,75116,75,22 July 2026,,
1504,Expositions,PASSION JAPON,,PARIS -,75116,75,22 July 2026,,
1505,Expositions,PASSION JAPON,,PARIS -,75116,75,22 July 2026,,
1506,Expositions,PASSION JAPON,,PARIS -,75116,75,22 July 2026,,
1507,Expositions,GIANNI VERSACE RETROSPECTIVE,,PARIS -,75116,75,22 July 2026,,
1508,Expositions,GIANNI VERSACE RETROSPECTIVE,,PARIS -,75116,75,22 July 2026,,
1509,Expositions,GIANNI VERSACE RETROSPECTIVE,,PARIS -,75116,75,22 July 2026,,
1510,Expositions,GIANNI VERSACE RETROSPECTIVE,,PARIS -,75116,75,22 July 2026,,
1511,Expositions,GIANNI VERSACE RETROSPECTIVE,,PARIS -,75116,75,22 July 2026,,
1512,Expositions,GIANNI VERSACE RETROSPECTIVE,,PARIS -,75116,75,22 July 2026,,
1513,Expositions,GIANNI VERSACE RETROSPECTIVE,,PARIS -,75116,75,22 July 2026,,
1514,Expositions,GIANNI VERSACE RETROSPECTIVE,,PARIS -,75116,75,22 July 2026,,
1515,Expositions,GIANNI VERSACE RETROSPECTIVE,,PARIS -,75116,75,22 July 2026,,
1516,Expositions,GIANNI VERSACE RETROSPECTIVE,,PARIS -,75116,75,22 July 2026,,
1517,Expositions,GIANNI VERSACE RETROSPECTIVE,,PARIS -,75116,75,22 July 2026,,
1518,Expositions,GIANNI VERSACE RETROSPECTIVE,,PARIS -,75116,75,22 July 2026,,
1519,Expositions,GIANNI VERSACE RETROSPECTIVE,,PARIS -,75116,75,22 July 2026,,
1520,Expositions,GIANNI VERSACE RETROSPECTIVE,,PARIS -,75116,75,22 July 2026,,
1521,Expositions,PASSION JAPON,,PARIS -,75116,75,23 July 2026,,
1522,Concerts,PABLLO VITTAR,,PARIS -,75116,75,23 July 2026,,
1523,Expositions,GIANNI VERSACE RETROSPECTIVE,,PARIS -,75116,75,23 July 2026,,
1524,Concerts,Kenny Garrett,,PARIS -,75116,75,23 July 2026,,
1525,Expositions,GIANNI VERSACE RETROSPECTIVE,,PARIS -,75116,75,23 July 2026,,
1526,Expositions,GIANNI VERSACE RETROSPECTIVE,,PARIS -,75116,75,23 July 2026,,
1527,Expositions,GIANNI VERSACE RETROSPECTIVE,,PARIS -,75116,75,23 July 2026,,
1528,Expositions,GIANNI VERSACE RETROSPECTIVE,,PARIS -,75116,75,23 July 2026,,
1529,Expositions,GIANNI VERSACE RETROSPECTIVE,,PARIS -,75116,75,23 July 2026,,
1530,Expositions,GIANNI VERSACE RETROSPECTIVE,,PARIS -,75116,75,23 July 2026,,
1531,Expositions,PASSION JAPON,,PARIS -,75116,75,23 July 2026,,
1532,Expositions,PASSION JAPON,,PARIS -,75116,75,23 July 2026,,
1533,Expositions,PASSION JAPON,,PARIS -,75116,75,23 July 2026,,
1534,Expositions,PASSION JAPON,,PARIS -,75116,75,23 July 2026,,
1535,Expositions,PASSION JAPON,,PARIS -,75116,75,23 July 2026,,
1536,Expositions,PASSION JAPON,,PARIS -,75116,75,23 July 2026,,
1537,Expositions,PASSION JAPON,,PARIS -,75116,75,23 July 2026,,
1538,Expositions,PASSION JAPON,,PARIS -,75116,75,23 July 2026,,
1539,Expositions,PASSION JAPON,,PARIS -,75116,75,23 July 2026,,
1540,Expositions,PASSION JAPON,,PARIS -,75116,75,23 July 2026,,
1541,Expositions,PASSION JAPON,,PARIS -,75116,75,23 July 2026,,
1542,Expositions,PASSION JAPON,,PARIS -,75116,75,23 July 2026,,
1543,Expositions,GIANNI VERSACE RETROSPECTIVE,,PARIS -,75116,75,23 July 2026,,
1544,Expositions,GIANNI VERSACE RETROSPECTIVE,,PARIS -,75116,75,23 July 2026,,
1545,Expositions,GIANNI VERSACE RETROSPECTIVE,,PARIS -,75116,75,23 July 2026,,
1546,Expositions,GIANNI VERSACE RETROSPECTIVE,,PARIS -,75116,75,23 July 2026,,
1547,Expositions,GIANNI VERSACE RETROSPECTIVE,,PARIS -,75116,75,23 July 2026,,
1548,Expositions,GIANNI VERSACE RETROSPECTIVE,,PARIS -,75116,75,23 July 2026,,
1549,Expositions,GIANNI VERSACE RETROSPECTIVE,,PARIS -,75116,75,23 July 2026,,
1550,Expositions,GIANNI VERSACE RETROSPECTIVE,,PARIS -,75116,75,23 July 2026,,
1551,Expositions,GIANNI VERSACE RETROSPECTIVE,,PARIS -,75116,75,23 July 2026,,
1552,Expositions,GIANNI VERSACE RETROSPECTIVE,,PARIS -,75116,75,23 July 2026,,
1553,Expositions,GIANNI VERSACE RETROSPECTIVE,,PARIS -,75116,75,23 July 2026,,
1554,Expositions,GIANNI VERSACE RETROSPECTIVE,,PARIS -,75116,75,23 July 2026,,
1555,Expositions,GIANNI VERSACE RETROSPECTIVE,,PARIS -,75116,75,23 July 2026,,
1556,Expositions,GIANNI VERSACE RETROSPECTIVE,,PARIS -,75116,75,23 July 2026,,
1557,Expositions,PASSION JAPON,,PARIS -,75116,75,23 July 2026,,
1558,Expositions,PASSION JAPON,,PARIS -,75116,75,23 July 2026,,
1559,Expositions,PASSION JAPON,,PARIS -,75116,75,23 July 2026,,
1560,Expositions,PASSION JAPON,,PARIS -,75116,75,23 July 2026,,
1561,Concerts,Pabllo vittar,,PARIS -,75116,75,23 July 2026,,
1562,Concerts,Requiem de Mozart / Boléro de Ravel,,PARIS -,75116,75,24 July 2026,,
1563,Expositions,PASSION JAPON,,PARIS -,75116,75,24 July 2026,,
1564,Expositions,GIANNI VERSACE RETROSPECTIVE,,PARIS -,75116,75,24 July 2026,,
1565,Concerts,Kenny Garrett,,PARIS -,75116,75,24 July 2026,,
1566,Expositions,PASSION JAPON,,PARIS -,75116,75,24 July 2026,,
1567,Expositions,PASSION JAPON,,PARIS -,75116,75,24 July 2026,,
1568,Expositions,PASSION JAPON,,PARIS -,75116,75,24 July 2026,,
1569,Expositions,PASSION JAPON,,PARIS -,75116,75,24 July 2026,,
1570,Expositions,PASSION JAPON,,PARIS -,75116,75,24 July 2026,,
1571,Expositions,PASSION JAPON,,PARIS -,75116,75,24 July 2026,,
1572,Expositions,PASSION JAPON,,PARIS -,75116,75,24 July 2026,,
1573,Expositions,PASSION JAPON,,PARIS -,75116,75,24 July 2026,,
1574,Expositions,PASSION JAPON,,PARIS -,75116,75,24 July 2026,,
1575,Expositions,PASSION JAPON,,PARIS -,75116,75,24 July 2026,,
1576,Expositions,GIANNI VERSACE RETROSPECTIVE,,PARIS -,75116,75,24 July 2026,,
1577,Expositions,GIANNI VERSACE RETROSPECTIVE,,PARIS -,75116,75,24 July 2026,,
1578,Expositions,GIANNI VERSACE RETROSPECTIVE,,PARIS -,75116,75,24 July 2026,,
1579,Expositions,GIANNI VERSACE RETROSPECTIVE,,PARIS -,75116,75,24 July 2026,,
1580,Expositions,GIANNI VERSACE RETROSPECTIVE,,PARIS -,75116,75,24 July 2026,,
1581,Expositions,GIANNI VERSACE RETROSPECTIVE,,PARIS -,75116,75,24 July 2026,,
1582,Expositions,GIANNI VERSACE RETROSPECTIVE,,PARIS -,75116,75,24 July 2026,,
1583,Expositions,GIANNI VERSACE RETROSPECTIVE,,PARIS -,75116,75,24 July 2026,,
1584,Expositions,GIANNI VERSACE RETROSPECTIVE,,PARIS -,75116,75,24 July 2026,,
1585,Expositions,GIANNI VERSACE RETROSPECTIVE,,PARIS -,75116,75,24 July 2026,,
1586,Expositions,GIANNI VERSACE RETROSPECTIVE,,PARIS -,75116,75,24 July 2026,,
1587,Expositions,GIANNI VERSACE RETROSPECTIVE,,PARIS -,75116,75,24 July 2026,,
1588,Expositions,GIANNI VERSACE RETROSPECTIVE,,PARIS -,75116,75,24 July 2026,,
1589,Expositions,GIANNI VERSACE RETROSPECTIVE,,PARIS -,75116,75,24 July 2026,,
1590,Expositions,PASSION JAPON,,PARIS -,75116,75,24 July 2026,,
1591,Expositions,PASSION JAPON,,PARIS -,75116,75,24 July 2026,,
1592,Expositions,PASSION JAPON,,PARIS -,75116,75,24 July 2026,,
1593,Expositions,PASSION JAPON,,PARIS -,75116,75,24 July 2026,,
1594,Expositions,PASSION JAPON,,PARIS -,75116,75,24 July 2026,,
1595,Expositions,PASSION JAPON,,PARIS -,75116,75,24 July 2026,,
1596,Expositions,PASSION JAPON,,PARIS -,75116,75,24 July 2026,,
1597,Expositions,PASSION JAPON,,PARIS -,75116,75,24 July 2026,,
1598,Expositions,PASSION JAPON,,PARIS -,75116,75,25 July 2026,,
1599,Expositions,GIANNI VERSACE RETROSPECTIVE,,PARIS -,75116,75,25 July 2026,,
1600,Expositions,PASSION JAPON,,PARIS -,75116,75,25 July 2026,,
1601,Expositions,PASSION JAPON,,PARIS -,75116,75,25 July 2026,,
1602,Expositions,PASSION JAPON,,PARIS -,75116,75,25 July 2026,,
1603,Expositions,PASSION JAPON,,PARIS -,75116,75,25 July 2026,,
1604,Expositions,PASSION JAPON,,PARIS -,75116,75,25 July 2026,,
1605,Expositions,PASSION JAPON,,PARIS -,75116,75,25 July 2026,,
1606,Expositions,PASSION JAPON,,PARIS -,75116,75,25 July 2026,,
1607,Expositions,PASSION JAPON,,PARIS -,75116,75,25 July 2026,,
1608,Expositions,PASSION JAPON,,PARIS -,75116,75,25 July 2026,,
1609,Expositions,PASSION JAPON,,PARIS -,75116,75,25 July 2026,,
1610,Expositions,PASSION JAPON,,PARIS -,75116,75,25 July 2026,,
1611,Expositions,PASSION JAPON,,PARIS -,75116,75,25 July 2026,,
1612,Expositions,PASSION JAPON,,PARIS -,75116,75,25 July 2026,,
1613,Expositions,PASSION JAPON,,PARIS -,75116,75,25 July 2026,,
1614,Expositions,PASSION JAPON,,PARIS -,75116,75,25 July 2026,,
1615,Expositions,PASSION JAPON,,PARIS -,75116,75,25 July 2026,,
1616,Expositions,PASSION JAPON,,PARIS -,75116,75,25 July 2026,,
1617,Expositions,PASSION JAPON,,PARIS -,75116,75,25 July 2026,,
1618,Expositions,GIANNI VERSACE RETROSPECTIVE,,PARIS -,75116,75,25 July 2026,,
1619,Expositions,GIANNI VERSACE RETROSPECTIVE,,PARIS -,75116,75,25 July 2026,,
1620,Expositions,GIANNI VERSACE RETROSPECTIVE,,PARIS -,75116,75,25 July 2026,,
1621,Expositions,GIANNI VERSACE RETROSPECTIVE,,PARIS -,75116,75,25 July 2026,,
1622,Expositions,GIANNI VERSACE RETROSPECTIVE,,PARIS -,75116,75,25 July 2026,,
1623,Expositions,GIANNI VERSACE RETROSPECTIVE,,PARIS -,75116,75,25 July 2026,,
1624,Expositions,GIANNI VERSACE RETROSPECTIVE,,PARIS -,75116,75,25 July 2026,,
1625,Expositions,GIANNI VERSACE RETROSPECTIVE,,PARIS -,75116,75,25 July 2026,,
1626,Expositions,GIANNI VERSACE RETROSPECTIVE,,PARIS -,75116,75,25 July 2026,,
1627,Expositions,GIANNI VERSACE RETROSPECTIVE,,PARIS -,75116,75,25 July 2026,,
1628,Expositions,GIANNI VERSACE RETROSPECTIVE,,PARIS -,75116,75,25 July 2026,,
1629,Expositions,GIANNI VERSACE RETROSPECTIVE,,PARIS -,75116,75,25 July 2026,,
1630,Expositions,GIANNI VERSACE RETROSPECTIVE,,PARIS -,75116,75,25 July 2026,,
1631,Expositions,GIANNI VERSACE RETROSPECTIVE,,PARIS -,75116,75,25 July 2026,,
1632,Classique et opera,Liszt schubert chopin,,PARIS -,75116,75,26 July 2026,,
1633,Concerts,QUEEN BEE,,PARIS -,75116,75,26 July 2026,,
1634,Expositions,PASSION JAPON,,PARIS -,75116,75,26 July 2026,,
1635,Expositions,GIANNI VERSACE RETROSPECTIVE,,PARIS -,75116,75,26 July 2026,,
1636,Expositions,PASSION JAPON,,PARIS -,75116,75,26 July 2026,,
1637,Expositions,PASSION JAPON,,PARIS -,75116,75,26 July 2026,,
1638,Expositions,PASSION JAPON,,PARIS -,75116,75,26 July 2026,,
1639,Expositions,PASSION JAPON,,PARIS -,75116,75,26 July 2026,,
1640,Expositions,PASSION JAPON,,PARIS -,75116,75,26 July 2026,,
1641,Expositions,PASSION JAPON,,PARIS -,75116,75,26 July 2026,,
1642,Expositions,PASSION JAPON,,PARIS -,75116,75,26 July 2026,,
1643,Expositions,PASSION JAPON,,PARIS -,75116,75,26 July 2026,,
1644,Expositions,PASSION JAPON,,PARIS -,75116,75,26 July 2026,,
1645,Expositions,PASSION JAPON,,PARIS -,75116,75,26 July 2026,,
1646,Expositions,PASSION JAPON,,PARIS -,75116,75,26 July 2026,,
1647,Expositions,PASSION JAPON,,PARIS -,75116,75,26 July 2026,,
1648,Expositions,PASSION JAPON,,PARIS -,75116,75,26 July 2026,,
1649,Expositions,PASSION JAPON,,PARIS -,75116,75,26 July 2026,,
1650,Expositions,PASSION JAPON,,PARIS -,75116,75,26 July 2026,,
1651,Expositions,PASSION JAPON,,PARIS -,75116,75,26 July 2026,,
1652,Expositions,GIANNI VERSACE RETROSPECTIVE,,PARIS -,75116,75,26 July 2026,,
1653,Expositions,GIANNI VERSACE RETROSPECTIVE,,PARIS -,75116,75,26 July 2026,,
1654,Expositions,GIANNI VERSACE RETROSPECTIVE,,PARIS -,75116,75,26 July 2026,,
1655,Expositions,GIANNI VERSACE RETROSPECTIVE,,PARIS -,75116,75,26 July 2026,,
1656,Expositions,GIANNI VERSACE RETROSPECTIVE,,PARIS -,75116,75,26 July 2026,,
1657,Expositions,GIANNI VERSACE RETROSPECTIVE,,PARIS -,75116,75,26 July 2026,,
1658,Expositions,GIANNI VERSACE RETROSPECTIVE,,PARIS -,75116,75,26 July 2026,,
1659,Expositions,GIANNI VERSACE RETROSPECTIVE,,PARIS -,75116,75,26 July 2026,,
1660,Expositions,GIANNI VERSACE RETROSPECTIVE,,PARIS -,75116,75,26 July 2026,,
1661,Expositions,GIANNI VERSACE RETROSPECTIVE,,PARIS -,75116,75,26 July 2026,,
1662,Expositions,GIANNI VERSACE RETROSPECTIVE,,PARIS -,75116,75,26 July 2026,,
1663,Expositions,GIANNI VERSACE RETROSPECTIVE,,PARIS -,75116,75,26 July 2026,,
1664,Expositions,GIANNI VERSACE RETROSPECTIVE,,PARIS -,75116,75,26 July 2026,,
1665,Expositions,GIANNI VERSACE RETROSPECTIVE,,PARIS -,75116,75,26 July 2026,,
1666,Concerts,Queen bee,,PARIS -,75116,75,26 July 2026,,
1667,Expositions,GIANNI VERSACE RETROSPECTIVE,,PARIS -,75116,75,27 July 2026,,
1668,Concerts,ALDORANDE + COLLETTIVO IMMAGINARIO,,PARIS -,75116,75,27 July 2026,,
1669,Expositions,GIANNI VERSACE RETROSPECTIVE,,PARIS -,75116,75,27 July 2026,,
1670,Expositions,GIANNI VERSACE RETROSPECTIVE,,PARIS -,75116,75,27 July 2026,,
1671,Expositions,GIANNI VERSACE RETROSPECTIVE,,PARIS -,75116,75,27 July 2026,,
1672,Expositions,GIANNI VERSACE RETROSPECTIVE,,PARIS -,75116,75,27 July 2026,,
1673,Expositions,GIANNI VERSACE RETROSPECTIVE,,PARIS -,75116,75,27 July 2026,,
1674,Expositions,GIANNI VERSACE RETROSPECTIVE,,PARIS -,75116,75,27 July 2026,,
1675,Expositions,GIANNI VERSACE RETROSPECTIVE,,PARIS -,75116,75,27 July 2026,,
1676,Expositions,GIANNI VERSACE RETROSPECTIVE,,PARIS -,75116,75,27 July 2026,,
1677,Expositions,GIANNI VERSACE RETROSPECTIVE,,PARIS -,75116,75,27 July 2026,,
1678,Expositions,GIANNI VERSACE RETROSPECTIVE,,PARIS -,75116,75,27 July 2026,,
1679,Expositions,GIANNI VERSACE RETROSPECTIVE,,PARIS -,75116,75,27 July 2026,,
1680,Expositions,GIANNI VERSACE RETROSPECTIVE,,PARIS -,75116,75,27 July 2026,,
1681,Expositions,GIANNI VERSACE RETROSPECTIVE,,PARIS -,75116,75,27 July 2026,,
1682,Expositions,GIANNI VERSACE RETROSPECTIVE,,PARIS -,75116,75,27 July 2026,,
1683,Expositions,PASSION JAPON,,PARIS -,75116,75,28 July 2026,,
1684,Expositions,GIANNI VERSACE RETROSPECTIVE,,PARIS -,75116,75,28 July 2026,,
1685,Concerts,ROGÊ,,PARIS -,75116,75,28 July 2026,,
1686,Expositions,PASSION JAPON,,PARIS -,75116,75,28 July 2026,,
1687,Expositions,PASSION JAPON,,PARIS -,75116,75,28 July 2026,,
1688,Expositions,PASSION JAPON,,PARIS -,75116,75,28 July 2026,,
1689,Expositions,PASSION JAPON,,PARIS -,75116,75,28 July 2026,,
1690,Expositions,PASSION JAPON,,PARIS -,75116,75,28 July 2026,,
1691,Expositions,PASSION JAPON,,PARIS -,75116,75,28 July 2026,,
1692,Expositions,PASSION JAPON,,PARIS -,75116,75,28 July 2026,,
1693,Expositions,PASSION JAPON,,PARIS -,75116,75,28 July 2026,,
1694,Expositions,GIANNI VERSACE RETROSPECTIVE,,PARIS -,75116,75,28 July 2026,,
1695,Expositions,GIANNI VERSACE RETROSPECTIVE,,PARIS -,75116,75,28 July 2026,,
1696,Expositions,GIANNI VERSACE RETROSPECTIVE,,PARIS -,75116,75,28 July 2026,,
1697,Expositions,GIANNI VERSACE RETROSPECTIVE,,PARIS -,75116,75,28 July 2026,,
1698,Expositions,GIANNI VERSACE RETROSPECTIVE,,PARIS -,75116,75,28 July 2026,,
1699,Expositions,GIANNI VERSACE RETROSPECTIVE,,PARIS -,75116,75,28 July 2026,,
1700,Expositions,GIANNI VERSACE RETROSPECTIVE,,PARIS -,75116,75,28 July 2026,,
1701,Expositions,GIANNI VERSACE RETROSPECTIVE,,PARIS -,75116,75,28 July 2026,,
1702,Expositions,GIANNI VERSACE RETROSPECTIVE,,PARIS -,75116,75,28 July 2026,,
1703,Expositions,GIANNI VERSACE RETROSPECTIVE,,PARIS -,75116,75,28 July 2026,,
1704,Expositions,GIANNI VERSACE RETROSPECTIVE,,PARIS -,75116,75,28 July 2026,,
1705,Expositions,GIANNI VERSACE RETROSPECTIVE,,PARIS -,75116,75,28 July 2026,,
1706,Expositions,GIANNI VERSACE RETROSPECTIVE,,PARIS -,75116,75,28 July 2026,,
1707,Expositions,GIANNI VERSACE RETROSPECTIVE,,PARIS -,75116,75,28 July 2026,,
1708,Expositions,PASSION JAPON,,PARIS -,75116,75,28 July 2026,,
1709,Expositions,PASSION JAPON,,PARIS -,75116,75,28 July 2026,,
1710,Expositions,PASSION JAPON,,PARIS -,75116,75,28 July 2026,,
1711,Expositions,PASSION JAPON,,PARIS -,75116,75,28 July 2026,,
1712,Expositions,PASSION JAPON,,PARIS -,75116,75,28 July 2026,,
1713,Expositions,PASSION JAPON,,PARIS -,75116,75,28 July 2026,,
1714,Expositions,PASSION JAPON,,PARIS -,75116,75,28 July 2026,,
1715,Expositions,PASSION JAPON,,PARIS -,75116,75,28 July 2026,,
1716,Concerts,#JazzDeDemain BEATRICE CIVATON - RACINES SONORES,,PARIS -,75116,75,29 July 2026,,
1717,Expositions,PASSION JAPON,,PARIS -,75116,75,29 July 2026,,
1718,Expositions,GIANNI VERSACE RETROSPECTIVE,,PARIS -,75116,75,29 July 2026,,
1719,Concerts,VERONICA SWIFT,,PARIS -,75116,75,29 July 2026,,
1720,Expositions,PASSION JAPON,,PARIS -,75116,75,29 July 2026,,
1721,Expositions,PASSION JAPON,,PARIS -,75116,75,29 July 2026,,
1722,Expositions,PASSION JAPON,,PARIS -,75116,75,29 July 2026,,
1723,Expositions,PASSION JAPON,,PARIS -,75116,75,29 July 2026,,
1724,Expositions,PASSION JAPON,,PARIS -,75116,75,29 July 2026,,
1725,Expositions,PASSION JAPON,,PARIS -,75116,75,29 July 2026,,
1726,Expositions,PASSION JAPON,,PARIS -,75116,75,29 July 2026,,
1727,Expositions,PASSION JAPON,,PARIS -,75116,75,29 July 2026,,
1728,Expositions,GIANNI VERSACE RETROSPECTIVE,,PARIS -,75116,75,29 July 2026,,
1729,Expositions,GIANNI VERSACE RETROSPECTIVE,,PARIS -,75116,75,29 July 2026,,
1730,Expositions,GIANNI VERSACE RETROSPECTIVE,,PARIS -,75116,75,29 July 2026,,
1731,Expositions,GIANNI VERSACE RETROSPECTIVE,,PARIS -,75116,75,29 July 2026,,
1732,Expositions,GIANNI VERSACE RETROSPECTIVE,,PARIS -,75116,75,29 July 2026,,
1733,Expositions,GIANNI VERSACE RETROSPECTIVE,,PARIS -,75116,75,29 July 2026,,
1734,Expositions,GIANNI VERSACE RETROSPECTIVE,,PARIS -,75116,75,29 July 2026,,
1735,Expositions,GIANNI VERSACE RETROSPECTIVE,,PARIS -,75116,75,29 July 2026,,
1736,Expositions,GIANNI VERSACE RETROSPECTIVE,,PARIS -,75116,75,29 July 2026,,
1737,Expositions,GIANNI VERSACE RETROSPECTIVE,,PARIS -,75116,75,29 July 2026,,
1738,Expositions,GIANNI VERSACE RETROSPECTIVE,,PARIS -,75116,75,29 July 2026,,
1739,Expositions,GIANNI VERSACE RETROSPECTIVE,,PARIS -,75116,75,29 July 2026,,
1740,Expositions,GIANNI VERSACE RETROSPECTIVE,,PARIS -,75116,75,29 July 2026,,
1741,Expositions,GIANNI VERSACE RETROSPECTIVE,,PARIS -,75116,75,29 July 2026,,
1742,Expositions,PASSION JAPON,,PARIS -,75116,75,29 July 2026,,
1743,Expositions,PASSION JAPON,,PARIS -,75116,75,29 July 2026,,
1744,Expositions,PASSION JAPON,,PARIS -,75116,75,29 July 2026,,
1745,Expositions,PASSION JAPON,,PARIS -,75116,75,29 July 2026,,
1746,Expositions,PASSION JAPON,,PARIS -,75116,75,29 July 2026,,
1747,Expositions,PASSION JAPON,,PARIS -,75116,75,29 July 2026,,
1748,Expositions,PASSION JAPON,,PARIS -,75116,75,29 July 2026,,
1749,Expositions,PASSION JAPON,,PARIS -,75116,75,29 July 2026,,
1750,Théatres,Le petit chaperon rouge,,PARIS -,75116,75,29 July 2026,,
1751,Théatres,Poe fantastic opera,,PARIS -,75116,75,29 July 2026,,
1752,Théatres,Pas d'omelettes sans oeufs,,PARIS -,75116,75,29 July 2026,,
1753,Théatres,Volpone le bal des crapules,,PARIS -,75116,75,29 July 2026,,
1754,Théatres,Les contes du chat perche,,PARIS -,75116,75,29 July 2026,,
1755,Expositions,PASSION JAPON,,PARIS -,75116,75,30 July 2026,,
1756,Concerts,SOLYA,,PARIS -,75116,75,30 July 2026,,
1757,Expositions,GIANNI VERSACE RETROSPECTIVE,,PARIS -,75116,75,30 July 2026,,
1758,Concerts,THE BLACKBYRDS,,PARIS -,75116,75,30 July 2026,,
1759,Expositions,GIANNI VERSACE RETROSPECTIVE,,PARIS -,75116,75,30 July 2026,,
1760,Expositions,GIANNI VERSACE RETROSPECTIVE,,PARIS -,75116,75,30 July 2026,,
1761,Expositions,GIANNI VERSACE RETROSPECTIVE,,PARIS -,75116,75,30 July 2026,,
1762,Expositions,GIANNI VERSACE RETROSPECTIVE,,PARIS -,75116,75,30 July 2026,,
1763,Expositions,GIANNI VERSACE RETROSPECTIVE,,PARIS -,75116,75,30 July 2026,,
1764,Expositions,GIANNI VERSACE RETROSPECTIVE,,PARIS -,75116,75,30 July 2026,,
1765,Expositions,PASSION JAPON,,PARIS -,75116,75,30 July 2026,,
1766,Expositions,PASSION JAPON,,PARIS -,75116,75,30 July 2026,,
1767,Expositions,PASSION JAPON,,PARIS -,75116,75,30 July 2026,,
1768,Expositions,PASSION JAPON,,PARIS -,75116,75,30 July 2026,,
1769,Expositions,PASSION JAPON,,PARIS -,75116,75,30 July 2026,,
1770,Expositions,PASSION JAPON,,PARIS -,75116,75,30 July 2026,,
1771,Expositions,PASSION JAPON,,PARIS -,75116,75,30 July 2026,,
1772,Expositions,PASSION JAPON,,PARIS -,75116,75,30 July 2026,,
1773,Expositions,GIANNI VERSACE RETROSPECTIVE,,PARIS -,75116,75,30 July 2026,,
1774,Expositions,GIANNI VERSACE RETROSPECTIVE,,PARIS -,75116,75,30 July 2026,,
1775,Expositions,GIANNI VERSACE RETROSPECTIVE,,PARIS -,75116,75,30 July 2026,,
1776,Expositions,GIANNI VERSACE RETROSPECTIVE,,PARIS -,75116,75,30 July 2026,,
1777,Expositions,GIANNI VERSACE RETROSPECTIVE,,PARIS -,75116,75,30 July 2026,,
1778,Expositions,GIANNI VERSACE RETROSPECTIVE,,PARIS -,75116,75,30 July 2026,,
1779,Expositions,GIANNI VERSACE RETROSPECTIVE,,PARIS -,75116,75,30 July 2026,,
1780,Expositions,GIANNI VERSACE RETROSPECTIVE,,PARIS -,75116,75,30 July 2026,,
1781,Expositions,GIANNI VERSACE RETROSPECTIVE,,PARIS -,75116,75,30 July 2026,,
1782,Expositions,GIANNI VERSACE RETROSPECTIVE,,PARIS -,75116,75,30 July 2026,,
1783,Expositions,GIANNI VERSACE RETROSPECTIVE,,PARIS -,75116,75,30 July 2026,,
1784,Expositions,GIANNI VERSACE RETROSPECTIVE,,PARIS -,75116,75,30 July 2026,,
1785,Expositions,GIANNI VERSACE RETROSPECTIVE,,PARIS -,75116,75,30 July 2026,,
1786,Expositions,GIANNI VERSACE RETROSPECTIVE,,PARIS -,75116,75,30 July 2026,,
1787,Expositions,PASSION JAPON,,PARIS -,75116,75,30 July 2026,,
1788,Expositions,PASSION JAPON,,PARIS -,75116,75,30 July 2026,,
1789,Expositions,PASSION JAPON,,PARIS -,75116,75,30 July 2026,,
1790,Expositions,PASSION JAPON,,PARIS -,75116,75,30 July 2026,,
1791,Expositions,PASSION JAPON,,PARIS -,75116,75,30 July 2026,,
1792,Expositions,PASSION JAPON,,PARIS -,75116,75,30 July 2026,,
1793,Expositions,PASSION JAPON,,PARIS -,75116,75,30 July 2026,,
1794,Expositions,PASSION JAPON,,PARIS -,75116,75,30 July 2026,,
1795,Concerts,Solya,,PARIS -,75116,75,30 July 2026,,
1796,Spectacle et comedie musicale,Artishow cabaret - diner & spectacle,,PARIS -,75116,75,31 July 2026,,
1797,Spectacle et comedie musicale,Artishow cabaret - spectacle,,PARIS -,75116,75,31 July 2026,,
1798,Concerts,Les 4 Saisons de Vivaldi Intégrale / Petite Musique de Nuit,,PARIS -,75116,75,31 July 2026,,
1799,Expositions,PASSION JAPON,,PARIS -,75116,75,31 July 2026,,
1800,Expositions,GIANNI VERSACE RETROSPECTIVE,,PARIS -,75116,75,31 July 2026,,
1801,Concerts,ECHOES OF PRINCE,,PARIS -,75116,75,31 July 2026,,
1802,Expositions,PASSION JAPON,,PARIS -,75116,75,31 July 2026,,
1803,Expositions,PASSION JAPON,,PARIS -,75116,75,31 July 2026,,
1804,Expositions,PASSION JAPON,,PARIS -,75116,75,31 July 2026,,
1805,Expositions,PASSION JAPON,,PARIS -,75116,75,31 July 2026,,
1806,Expositions,PASSION JAPON,,PARIS -,75116,75,31 July 2026,,
1807,Expositions,PASSION JAPON,,PARIS -,75116,75,31 July 2026,,
1808,Expositions,PASSION JAPON,,PARIS -,75116,75,31 July 2026,,
1809,Expositions,PASSION JAPON,,PARIS -,75116,75,31 July 2026,,
1810,Expositions,PASSION JAPON,,PARIS -,75116,75,31 July 2026,,
1811,Expositions,PASSION JAPON,,PARIS -,75116,75,31 July 2026,,
1812,Expositions,GIANNI VERSACE RETROSPECTIVE,,PARIS -,75116,75,31 July 2026,,
1813,Expositions,GIANNI VERSACE RETROSPECTIVE,,PARIS -,75116,75,31 July 2026,,
1814,Expositions,GIANNI VERSACE RETROSPECTIVE,,PARIS -,75116,75,31 July 2026,,
1815,Expositions,GIANNI VERSACE RETROSPECTIVE,,PARIS -,75116,75,31 July 2026,,
1816,Expositions,GIANNI VERSACE RETROSPECTIVE,,PARIS -,75116,75,31 July 2026,,
1817,Expositions,GIANNI VERSACE RETROSPECTIVE,,PARIS -,75116,75,31 July 2026,,
1818,Expositions,GIANNI VERSACE RETROSPECTIVE,,PARIS -,75116,75,31 July 2026,,
1819,Expositions,GIANNI VERSACE RETROSPECTIVE,,PARIS -,75116,75,31 July 2026,,
1820,Expositions,GIANNI VERSACE RETROSPECTIVE,,PARIS -,75116,75,31 July 2026,,
1821,Expositions,GIANNI VERSACE RETROSPECTIVE,,PARIS -,75116,75,31 July 2026,,
1822,Expositions,GIANNI VERSACE RETROSPECTIVE,,PARIS -,75116,75,31 July 2026,,
1823,Expositions,GIANNI VERSACE RETROSPECTIVE,,PARIS -,75116,75,31 July 2026,,
1824,Expositions,GIANNI VERSACE RETROSPECTIVE,,PARIS -,75116,75,31 July 2026,,
1825,Expositions,GIANNI VERSACE RETROSPECTIVE,,PARIS -,75116,75,31 July 2026,,
1826,Expositions,PASSION JAPON,,PARIS -,75116,75,31 July 2026,,
1827,Expositions,PASSION JAPON,,PARIS -,75116,75,31 July 2026,,
1828,Expositions,PASSION JAPON,,PARIS -,75116,75,31 July 2026,,
1829,Expositions,PASSION JAPON,,PARIS -,75116,75,31 July 2026,,
1830,Expositions,PASSION JAPON,,PARIS -,75116,75,31 July 2026,,
1831,Expositions,PASSION JAPON,,PARIS -,75116,75,31 July 2026,,
1832,Expositions,PASSION JAPON,,PARIS -,75116,75,31 July 2026,,
1833,Expositions,PASSION JAPON,,PARIS -,75116,75,31 July 2026,,
1834,Concerts,"Les 4 Saisons de Vivaldi, Ave Maria et Célèbres Concertos",,PARIS -,75116,75,01 August 2026,,
1835,Expositions,PASSION JAPON,,PARIS -,75116,75,01 August 2026,,
1836,Expositions,GIANNI VERSACE RETROSPECTIVE,,PARIS -,75116,75,01 August 2026,,
1837,Concerts,Broken By The Scream -Paris-,,PARIS -,75116,75,01 August 2026,,
1838,Concerts,LOVEBITES,,PARIS -,75116,75,01 August 2026,,
1839,Expositions,PASSION JAPON,,PARIS -,75116,75,01 August 2026,,
1840,Expositions,PASSION JAPON,,PARIS -,75116,75,01 August 2026,,
1841,Expositions,PASSION JAPON,,PARIS -,75116,75,01 August 2026,,
1842,Expositions,PASSION JAPON,,PARIS -,75116,75,01 August 2026,,
1843,Expositions,PASSION JAPON,,PARIS -,75116,75,01 August 2026,,
1844,Expositions,PASSION JAPON,,PARIS -,75116,75,01 August 2026,,
1845,Expositions,PASSION JAPON,,PARIS -,75116,75,01 August 2026,,
1846,Expositions,PASSION JAPON,,PARIS -,75116,75,01 August 2026,,
1847,Expositions,PASSION JAPON,,PARIS -,75116,75,01 August 2026,,
1848,Expositions,PASSION JAPON,,PARIS -,75116,75,01 August 2026,,
1849,Expositions,PASSION JAPON,,PARIS -,75116,75,01 August 2026,,
1850,Expositions,PASSION JAPON,,PARIS -,75116,75,01 August 2026,,
1851,Expositions,PASSION JAPON,,PARIS -,75116,75,01 August 2026,,
1852,Expositions,PASSION JAPON,,PARIS -,75116,75,01 August 2026,,
1853,Expositions,PASSION JAPON,,PARIS -,75116,75,01 August 2026,,
1854,Expositions,PASSION JAPON,,PARIS -,75116,75,01 August 2026,,
1855,Expositions,PASSION JAPON,,PARIS -,75116,75,01 August 2026,,
1856,Expositions,PASSION JAPON,,PARIS -,75116,75,01 August 2026,,
1857,Expositions,GIANNI VERSACE RETROSPECTIVE,,PARIS -,75116,75,01 August 2026,,
1858,Expositions,GIANNI VERSACE RETROSPECTIVE,,PARIS -,75116,75,01 August 2026,,
1859,Expositions,GIANNI VERSACE RETROSPECTIVE,,PARIS -,75116,75,01 August 2026,,
1860,Expositions,GIANNI VERSACE RETROSPECTIVE,,PARIS -,75116,75,01 August 2026,,
1861,Expositions,GIANNI VERSACE RETROSPECTIVE,,PARIS -,75116,75,01 August 2026,,
1862,Expositions,GIANNI VERSACE RETROSPECTIVE,,PARIS -,75116,75,01 August 2026,,
1863,Expositions,GIANNI VERSACE RETROSPECTIVE,,PARIS -,75116,75,01 August 2026,,
1864,Expositions,GIANNI VERSACE RETROSPECTIVE,,PARIS -,75116,75,01 August 2026,,
1865,Expositions,GIANNI VERSACE RETROSPECTIVE,,PARIS -,75116,75,01 August 2026,,
1866,Expositions,GIANNI VERSACE RETROSPECTIVE,,PARIS -,75116,75,01 August 2026,,
1867,Expositions,GIANNI VERSACE RETROSPECTIVE,,PARIS -,75116,75,01 August 2026,,
1868,Expositions,GIANNI VERSACE RETROSPECTIVE,,PARIS -,75116,75,01 August 2026,,
1869,Expositions,GIANNI VERSACE RETROSPECTIVE,,PARIS -,75116,75,01 August 2026,,
1870,Expositions,GIANNI VERSACE RETROSPECTIVE,,PARIS -,75116,75,01 August 2026,,
1871,Théatres,Dernier coup de ciseaux,,PARIS -,75116,75,01 August 2026,,
1872,Concerts,Lovebites,,PARIS -,75116,75,01 August 2026,,
1873,Expositions,PASSION JAPON,,PARIS -,75116,75,02 August 2026,,
1874,Expositions,GIANNI VERSACE RETROSPECTIVE,,PARIS -,75116,75,02 August 2026,,
1875,Expositions,PASSION JAPON,,PARIS -,75116,75,02 August 2026,,
1876,Expositions,PASSION JAPON,,PARIS -,75116,75,02 August 2026,,
1877,Expositions,PASSION JAPON,,PARIS -,75116,75,02 August 2026,,
1878,Expositions,PASSION JAPON,,PARIS -,75116,75,02 August 2026,,
1879,Expositions,PASSION JAPON,,PARIS -,75116,75,02 August 2026,,
1880,Expositions,PASSION JAPON,,PARIS -,75116,75,02 August 2026,,
1881,Expositions,PASSION JAPON,,PARIS -,75116,75,02 August 2026,,
1882,Expositions,PASSION JAPON,,PARIS -,75116,75,02 August 2026,,
1883,Expositions,PASSION JAPON,,PARIS -,75116,75,02 August 2026,,
1884,Expositions,PASSION JAPON,,PARIS -,75116,75,02 August 2026,,
1885,Expositions,PASSION JAPON,,PARIS -,75116,75,02 August 2026,,
1886,Expositions,PASSION JAPON,,PARIS -,75116,75,02 August 2026,,
1887,Expositions,PASSION JAPON,,PARIS -,75116,75,02 August 2026,,
1888,Expositions,PASSION JAPON,,PARIS -,75116,75,02 August 2026,,
1889,Expositions,PASSION JAPON,,PARIS -,75116,75,02 August 2026,,
1890,Expositions,PASSION JAPON,,PARIS -,75116,75,02 August 2026,,
1891,Expositions,GIANNI VERSACE RETROSPECTIVE,,PARIS -,75116,75,02 August 2026,,
1892,Expositions,GIANNI VERSACE RETROSPECTIVE,,PARIS -,75116,75,02 August 2026,,
1893,Expositions,GIANNI VERSACE RETROSPECTIVE,,PARIS -,75116,75,02 August 2026,,
1894,Expositions,GIANNI VERSACE RETROSPECTIVE,,PARIS -,75116,75,02 August 2026,,
1895,Expositions,GIANNI VERSACE RETROSPECTIVE,,PARIS -,75116,75,02 August 2026,,
1896,Expositions,GIANNI VERSACE RETROSPECTIVE,,PARIS -,75116,75,02 August 2026,,
1897,Expositions,GIANNI VERSACE RETROSPECTIVE,,PARIS -,75116,75,02 August 2026,,
1898,Expositions,GIANNI VERSACE RETROSPECTIVE,,PARIS -,75116,75,02 August 2026,,
1899,Expositions,GIANNI VERSACE RETROSPECTIVE,,PARIS -,75116,75,02 August 2026,,
1900,Expositions,GIANNI VERSACE RETROSPECTIVE,,PARIS -,75116,75,02 August 2026,,
1901,Expositions,GIANNI VERSACE RETROSPECTIVE,,PARIS -,75116,75,02 August 2026,,
1902,Expositions,GIANNI VERSACE RETROSPECTIVE,,PARIS -,75116,75,02 August 2026,,
1903,Expositions,GIANNI VERSACE RETROSPECTIVE,,PARIS -,75116,75,02 August 2026,,
1904,Expositions,GIANNI VERSACE RETROSPECTIVE,,PARIS -,75116,75,02 August 2026,,
1905,Expositions,Lee miller,,PARIS -,75116,75,02 August 2026,,
1906,Concerts,ARCH ENEMY,,PARIS -,75116,75,03 August 2026,,
1907,Expositions,GIANNI VERSACE RETROSPECTIVE,,PARIS -,75116,75,03 August 2026,,
1908,Expositions,GIANNI VERSACE RETROSPECTIVE,,PARIS -,75116,75,03 August 2026,,
1909,Expositions,GIANNI VERSACE RETROSPECTIVE,,PARIS -,75116,75,03 August 2026,,
1910,Expositions,GIANNI VERSACE RETROSPECTIVE,,PARIS -,75116,75,03 August 2026,,
1911,Expositions,GIANNI VERSACE RETROSPECTIVE,,PARIS -,75116,75,03 August 2026,,
1912,Expositions,GIANNI VERSACE RETROSPECTIVE,,PARIS -,75116,75,03 August 2026,,
1913,Expositions,GIANNI VERSACE RETROSPECTIVE,,PARIS -,75116,75,03 August 2026,,
1914,Expositions,GIANNI VERSACE RETROSPECTIVE,,PARIS -,75116,75,03 August 2026,,
1915,Expositions,GIANNI VERSACE RETROSPECTIVE,,PARIS -,75116,75,03 August 2026,,
1916,Expositions,GIANNI VERSACE RETROSPECTIVE,,PARIS -,75116,75,03 August 2026,,
1917,Expositions,GIANNI VERSACE RETROSPECTIVE,,PARIS -,75116,75,03 August 2026,,
1918,Expositions,GIANNI VERSACE RETROSPECTIVE,,PARIS -,75116,75,03 August 2026,,
1919,Expositions,GIANNI VERSACE RETROSPECTIVE,,PARIS -,75116,75,03 August 2026,,
1920,Expositions,GIANNI VERSACE RETROSPECTIVE,,PARIS -,75116,75,03 August 2026,,
1921,Expositions,GIANNI VERSACE RETROSPECTIVE,,PARIS -,75116,75,03 August 2026,,
1922,Concerts,Arch enemy,,PARIS -,75116,75,03 August 2026,,
1923,Expositions,PASSION JAPON,,PARIS -,75116,75,04 August 2026,,
1924,Expositions,GIANNI VERSACE RETROSPECTIVE,,PARIS -,75116,75,04 August 2026,,
1925,Expositions,PASSION JAPON,,PARIS -,75116,75,04 August 2026,,
1926,Expositions,PASSION JAPON,,PARIS -,75116,75,04 August 2026,,
1927,Expositions,PASSION JAPON,,PARIS -,75116,75,04 August 2026,,
1928,Expositions,PASSION JAPON,,PARIS -,75116,75,04 August 2026,,
1929,Expositions,PASSION JAPON,,PARIS -,75116,75,04 August 2026,,
1930,Expositions,PASSION JAPON,,PARIS -,75116,75,04 August 2026,,
1931,Expositions,PASSION JAPON,,PARIS -,75116,75,04 August 2026,,
1932,Expositions,PASSION JAPON,,PARIS -,75116,75,04 August 2026,,
1933,Expositions,GIANNI VERSACE RETROSPECTIVE,,PARIS -,75116,75,04 August 2026,,
1934,Expositions,GIANNI VERSACE RETROSPECTIVE,,PARIS -,75116,75,04 August 2026,,
1935,Expositions,GIANNI VERSACE RETROSPECTIVE,,PARIS -,75116,75,04 August 2026,,
1936,Expositions,GIANNI VERSACE RETROSPECTIVE,,PARIS -,75116,75,04 August 2026,,
1937,Expositions,GIANNI VERSACE RETROSPECTIVE,,PARIS -,75116,75,04 August 2026,,
1938,Expositions,GIANNI VERSACE RETROSPECTIVE,,PARIS -,75116,75,04 August 2026,,
1939,Expositions,GIANNI VERSACE RETROSPECTIVE,,PARIS -,75116,75,04 August 2026,,
1940,Expositions,GIANNI VERSACE RETROSPECTIVE,,PARIS -,75116,75,04 August 2026,,
1941,Expositions,GIANNI VERSACE RETROSPECTIVE,,PARIS -,75116,75,04 August 2026,,
1942,Expositions,GIANNI VERSACE RETROSPECTIVE,,PARIS -,75116,75,04 August 2026,,
1943,Expositions,GIANNI VERSACE RETROSPECTIVE,,PARIS -,75116,75,04 August 2026,,
1944,Expositions,GIANNI VERSACE RETROSPECTIVE,,PARIS -,75116,75,04 August 2026,,
1945,Expositions,GIANNI VERSACE RETROSPECTIVE,,PARIS -,75116,75,04 August 2026,,
1946,Expositions,GIANNI VERSACE RETROSPECTIVE,,PARIS -,75116,75,04 August 2026,,
1947,Expositions,PASSION JAPON,,PARIS -,75116,75,04 August 2026,,
1948,Expositions,PASSION JAPON,,PARIS -,75116,75,04 August 2026,,
1949,Expositions,PASSION JAPON,,PARIS -,75116,75,04 August 2026,,
1950,Expositions,PASSION JAPON,,PARIS -,75116,75,04 August 2026,,
1951,Expositions,PASSION JAPON,,PARIS -,75116,75,04 August 2026,,
1952,Expositions,PASSION JAPON,,PARIS -,75116,75,04 August 2026,,
1953,Expositions,PASSION JAPON,,PARIS -,75116,75,04 August 2026,,
1954,Expositions,PASSION JAPON,,PARIS -,75116,75,04 August 2026,,
1955,Expositions,PASSION JAPON,,PARIS -,75116,75,05 August 2026,,
1956,Expositions,GIANNI VERSACE RETROSPECTIVE,,PARIS -,75116,75,05 August 2026,,
1957,Expositions,PASSION JAPON,,PARIS -,75116,75,05 August 2026,,
1958,Expositions,PASSION JAPON,,PARIS -,75116,75,05 August 2026,,
1959,Expositions,PASSION JAPON,,PARIS -,75116,75,05 August 2026,,
1960,Expositions,PASSION JAPON,,PARIS -,75116,75,05 August 2026,,
1961,Expositions,PASSION JAPON,,PARIS -,75116,75,05 August 2026,,
1962,Expositions,PASSION JAPON,,PARIS -,75116,75,05 August 2026,,
1963,Expositions,PASSION JAPON,,PARIS -,75116,75,05 August 2026,,
1964,Expositions,PASSION JAPON,,PARIS -,75116,75,05 August 2026,,
1965,Expositions,GIANNI VERSACE RETROSPECTIVE,,PARIS -,75116,75,05 August 2026,,
1966,Expositions,GIANNI VERSACE RETROSPECTIVE,,PARIS -,75116,75,05 August 2026,,
1967,Expositions,GIANNI VERSACE RETROSPECTIVE,,PARIS -,75116,75,05 August 2026,,
1968,Expositions,GIANNI VERSACE RETROSPECTIVE,,PARIS -,75116,75,05 August 2026,,
1969,Expositions,GIANNI VERSACE RETROSPECTIVE,,PARIS -,75116,75,05 August 2026,,
1970,Expositions,GIANNI VERSACE RETROSPECTIVE,,PARIS -,75116,75,05 August 2026,,
1971,Expositions,GIANNI VERSACE RETROSPECTIVE,,PARIS -,75116,75,05 August 2026,,
1972,Expositions,GIANNI VERSACE RETROSPECTIVE,,PARIS -,75116,75,05 August 2026,,
1973,Expositions,GIANNI VERSACE RETROSPECTIVE,,PARIS -,75116,75,05 August 2026,,
1974,Expositions,GIANNI VERSACE RETROSPECTIVE,,PARIS -,75116,75,05 August 2026,,
1975,Expositions,GIANNI VERSACE RETROSPECTIVE,,PARIS -,75116,75,05 August 2026,,
1976,Expositions,GIANNI VERSACE RETROSPECTIVE,,PARIS -,75116,75,05 August 2026,,
1977,Expositions,GIANNI VERSACE RETROSPECTIVE,,PARIS -,75116,75,05 August 2026,,
1978,Expositions,GIANNI VERSACE RETROSPECTIVE,,PARIS -,75116,75,05 August 2026,,
1979,Expositions,PASSION JAPON,,PARIS -,75116,75,05 August 2026,,
1980,Expositions,PASSION JAPON,,PARIS -,75116,75,05 August 2026,,
1981,Expositions,PASSION JAPON,,PARIS -,75116,75,05 August 2026,,
1982,Expositions,PASSION JAPON,,PARIS -,75116,75,05 August 2026,,
1983,Expositions,PASSION JAPON,,PARIS -,75116,75,05 August 2026,,
1984,Expositions,PASSION JAPON,,PARIS -,75116,75,05 August 2026,,
1985,Expositions,PASSION JAPON,,PARIS -,75116,75,05 August 2026,,
1986,Expositions,PASSION JAPON,,PARIS -,75116,75,05 August 2026,,
1987,Expositions,PASSION JAPON,,PARIS -,75116,75,06 August 2026,,
1988,Expositions,GIANNI VERSACE RETROSPECTIVE,,PARIS -,75116,75,06 August 2026,,
1989,Expositions,GIANNI VERSACE RETROSPECTIVE,,PARIS -,75116,75,06 August 2026,,
1990,Expositions,GIANNI VERSACE RETROSPECTIVE,,PARIS -,75116,75,06 August 2026,,
1991,Expositions,GIANNI VERSACE RETROSPECTIVE,,PARIS -,75116,75,06 August 2026,,
1992,Expositions,GIANNI VERSACE RETROSPECTIVE,,PARIS -,75116,75,06 August 2026,,
1993,Expositions,GIANNI VERSACE RETROSPECTIVE,,PARIS -,75116,75,06 August 2026,,
1994,Expositions,GIANNI VERSACE RETROSPECTIVE,,PARIS -,75116,75,06 August 2026,,
1995,Expositions,PASSION JAPON,,PARIS -,75116,75,06 August 2026,,
1996,Expositions,PASSION JAPON,,PARIS -,75116,75,06 August 2026,,
1997,Expositions,PASSION JAPON,,PARIS -,75116,75,06 August 2026,,
1998,Expositions,PASSION JAPON,,PARIS -,75116,75,06 August 2026,,
1999,Expositions,PASSION JAPON,,PARIS -,75116,75,06 August 2026,,
2000,Expositions,PASSION JAPON,,PARIS -,75116,75,06 August 2026,,
2001,Expositions,PASSION JAPON,,PARIS -,75116,75,06 August 2026,,
2002,Expositions,PASSION JAPON,,PARIS -,75116,75,06 August 2026,,
2003,Expositions,GIANNI VERSACE RETROSPECTIVE,,PARIS -,75116,75,06 August 2026,,
2004,Expositions,GIANNI VERSACE RETROSPECTIVE,,PARIS -,75116,75,06 August 2026,,
2005,Expositions,GIANNI VERSACE RETROSPECTIVE,,PARIS -,75116,75,06 August 2026,,
2006,Expositions,GIANNI VERSACE RETROSPECTIVE,,PARIS -,75116,75,06 August 2026,,
2007,Expositions,GIANNI VERSACE RETROSPECTIVE,,PARIS -,75116,75,06 August 2026,,
2008,Expositions,GIANNI VERSACE RETROSPECTIVE,,PARIS -,75116,75,06 August 2026,,
2009,Expositions,GIANNI VERSACE RETROSPECTIVE,,PARIS -,75116,75,06 August 2026,,
2010,Expositions,GIANNI VERSACE RETROSPECTIVE,,PARIS -,75116,75,06 August 2026,,
2011,Expositions,GIANNI VERSACE RETROSPECTIVE,,PARIS -,75116,75,06 August 2026,,
2012,Expositions,GIANNI VERSACE RETROSPECTIVE,,PARIS -,75116,75,06 August 2026,,
2013,Expositions,GIANNI VERSACE RETROSPECTIVE,,PARIS -,75116,75,06 August 2026,,
2014,Expositions,GIANNI VERSACE RETROSPECTIVE,,PARIS -,75116,75,06 August 2026,,
2015,Expositions,GIANNI VERSACE RETROSPECTIVE,,PARIS -,75116,75,06 August 2026,,
2016,Expositions,GIANNI VERSACE RETROSPECTIVE,,PARIS -,75116,75,06 August 2026,,
2017,Expositions,PASSION JAPON,,PARIS -,75116,75,06 August 2026,,
2018,Expositions,PASSION JAPON,,PARIS -,75116,75,06 August 2026,,
2019,Expositions,PASSION JAPON,,PARIS -,75116,75,06 August 2026,,
2020,Expositions,PASSION JAPON,,PARIS -,75116,75,06 August 2026,,
2021,Expositions,PASSION JAPON,,PARIS -,75116,75,06 August 2026,,
2022,Expositions,PASSION JAPON,,PARIS -,75116,75,06 August 2026,,
2023,Expositions,PASSION JAPON,,PARIS -,75116,75,06 August 2026,,
2024,Expositions,PASSION JAPON,,PARIS -,75116,75,06 August 2026,,
2025,Concerts,The Suicide Machines + Faintest Idea + Anti Skapitalista,,PARIS 19èME ARRONDISSEMENT -,75019,75,06 August 2026,,
2026,Concerts,"Les 4 Saisons de Vivaldi, Ave Maria et Célèbres Adagios",,PARIS -,75116,75,07 August 2026,,
2027,Expositions,PASSION JAPON,,PARIS -,75116,75,07 August 2026,,
2028,Expositions,GIANNI VERSACE RETROSPECTIVE,,PARIS -,75116,75,07 August 2026,,
2029,Expositions,PASSION JAPON,,PARIS -,75116,75,07 August 2026,,
2030,Expositions,PASSION JAPON,,PARIS -,75116,75,07 August 2026,,
2031,Expositions,PASSION JAPON,,PARIS -,75116,75,07 August 2026,,
2032,Expositions,PASSION JAPON,,PARIS -,75116,75,07 August 2026,,
2033,Expositions,PASSION JAPON,,PARIS -,75116,75,07 August 2026,,
2034,Expositions,PASSION JAPON,,PARIS -,75116,75,07 August 2026,,
2035,Expositions,PASSION JAPON,,PARIS -,75116,75,07 August 2026,,
2036,Expositions,PASSION JAPON,,PARIS -,75116,75,07 August 2026,,
2037,Expositions,PASSION JAPON,,PARIS -,75116,75,07 August 2026,,
2038,Expositions,PASSION JAPON,,PARIS -,75116,75,07 August 2026,,
2039,Expositions,GIANNI VERSACE RETROSPECTIVE,,PARIS -,75116,75,07 August 2026,,
2040,Expositions,GIANNI VERSACE RETROSPECTIVE,,PARIS -,75116,75,07 August 2026,,
2041,Expositions,GIANNI VERSACE RETROSPECTIVE,,PARIS -,75116,75,07 August 2026,,
2042,Expositions,GIANNI VERSACE RETROSPECTIVE,,PARIS -,75116,75,07 August 2026,,
2043,Expositions,GIANNI VERSACE RETROSPECTIVE,,PARIS -,75116,75,07 August 2026,,
2044,Expositions,GIANNI VERSACE RETROSPECTIVE,,PARIS -,75116,75,07 August 2026,,
2045,Expositions,GIANNI VERSACE RETROSPECTIVE,,PARIS -,75116,75,07 August 2026,,
2046,Expositions,GIANNI VERSACE RETROSPECTIVE,,PARIS -,75116,75,07 August 2026,,
2047,Expositions,GIANNI VERSACE RETROSPECTIVE,,PARIS -,75116,75,07 August 2026,,
2048,Expositions,GIANNI VERSACE RETROSPECTIVE,,PARIS -,75116,75,07 August 2026,,
2049,Expositions,GIANNI VERSACE RETROSPECTIVE,,PARIS -,75116,75,07 August 2026,,
2050,Expositions,GIANNI VERSACE RETROSPECTIVE,,PARIS -,75116,75,07 August 2026,,
2051,Expositions,GIANNI VERSACE RETROSPECTIVE,,PARIS -,75116,75,07 August 2026,,
2052,Expositions,GIANNI VERSACE RETROSPECTIVE,,PARIS -,75116,75,07 August 2026,,
2053,Expositions,PASSION JAPON,,PARIS -,75116,75,07 August 2026,,
2054,Expositions,PASSION JAPON,,PARIS -,75116,75,07 August 2026,,
2055,Expositions,PASSION JAPON,,PARIS -,75116,75,07 August 2026,,
2056,Expositions,PASSION JAPON,,PARIS -,75116,75,07 August 2026,,
2057,Expositions,PASSION JAPON,,PARIS -,75116,75,07 August 2026,,
2058,Expositions,PASSION JAPON,,PARIS -,75116,75,07 August 2026,,
2059,Expositions,PASSION JAPON,,PARIS -,75116,75,07 August 2026,,
2060,Expositions,PASSION JAPON,,PARIS -,75116,75,07 August 2026,,
2061,Concerts,Les 4 Saisons de Vivaldi Intégrale / Petite Musique de Nuit de Mo,,PARIS -,75116,75,08 August 2026,,
2062,Expositions,PASSION JAPON,,PARIS -,75116,75,08 August 2026,,
2063,Expositions,GIANNI VERSACE RETROSPECTIVE,,PARIS -,75116,75,08 August 2026,,
2064,Expositions,PASSION JAPON,,PARIS -,75116,75,08 August 2026,,
2065,Expositions,PASSION JAPON,,PARIS -,75116,75,08 August 2026,,
2066,Expositions,PASSION JAPON,,PARIS -,75116,75,08 August 2026,,
2067,Expositions,PASSION JAPON,,PARIS -,75116,75,08 August 2026,,
2068,Expositions,PASSION JAPON,,PARIS -,75116,75,08 August 2026,,
2069,Expositions,PASSION JAPON,,PARIS -,75116,75,08 August 2026,,
2070,Expositions,PASSION JAPON,,PARIS -,75116,75,08 August 2026,,
2071,Expositions,PASSION JAPON,,PARIS -,75116,75,08 August 2026,,
2072,Expositions,PASSION JAPON,,PARIS -,75116,75,08 August 2026,,
2073,Expositions,PASSION JAPON,,PARIS -,75116,75,08 August 2026,,
2074,Expositions,PASSION JAPON,,PARIS -,75116,75,08 August 2026,,
2075,Expositions,PASSION JAPON,,PARIS -,75116,75,08 August 2026,,
2076,Expositions,PASSION JAPON,,PARIS -,75116,75,08 August 2026,,
2077,Expositions,PASSION JAPON,,PARIS -,75116,75,08 August 2026,,
2078,Expositions,PASSION JAPON,,PARIS -,75116,75,08 August 2026,,
2079,Expositions,PASSION JAPON,,PARIS -,75116,75,08 August 2026,,
2080,Expositions,PASSION JAPON,,PARIS -,75116,75,08 August 2026,,
2081,Expositions,PASSION JAPON,,PARIS -,75116,75,08 August 2026,,
2082,Expositions,GIANNI VERSACE RETROSPECTIVE,,PARIS -,75116,75,08 August 2026,,
2083,Expositions,GIANNI VERSACE RETROSPECTIVE,,PARIS -,75116,75,08 August 2026,,
2084,Expositions,GIANNI VERSACE RETROSPECTIVE,,PARIS -,75116,75,08 August 2026,,
2085,Expositions,GIANNI VERSACE RETROSPECTIVE,,PARIS -,75116,75,08 August 2026,,
2086,Expositions,GIANNI VERSACE RETROSPECTIVE,,PARIS -,75116,75,08 August 2026,,
2087,Expositions,GIANNI VERSACE RETROSPECTIVE,,PARIS -,75116,75,08 August 2026,,
2088,Expositions,GIANNI VERSACE RETROSPECTIVE,,PARIS -,75116,75,08 August 2026,,
2089,Expositions,GIANNI VERSACE RETROSPECTIVE,,PARIS -,75116,75,08 August 2026,,
2090,Expositions,GIANNI VERSACE RETROSPECTIVE,,PARIS -,75116,75,08 August 2026,,
2091,Expositions,GIANNI VERSACE RETROSPECTIVE,,PARIS -,75116,75,08 August 2026,,
2092,Expositions,GIANNI VERSACE RETROSPECTIVE,,PARIS -,75116,75,08 August 2026,,
2093,Expositions,GIANNI VERSACE RETROSPECTIVE,,PARIS -,75116,75,08 August 2026,,
2094,Expositions,GIANNI VERSACE RETROSPECTIVE,,PARIS -,75116,75,08 August 2026,,
2095,Expositions,GIANNI VERSACE RETROSPECTIVE,,PARIS -,75116,75,08 August 2026,,
2096,Expositions,PASSION JAPON,,PARIS -,75116,75,09 August 2026,,
2097,Expositions,GIANNI VERSACE RETROSPECTIVE,,PARIS -,75116,75,09 August 2026,,
2098,Expositions,PASSION JAPON,,PARIS -,75116,75,09 August 2026,,
2099,Expositions,PASSION JAPON,,PARIS -,75116,75,09 August 2026,,
2100,Expositions,PASSION JAPON,,PARIS -,75116,75,09 August 2026,,
2101,Expositions,PASSION JAPON,,PARIS -,75116,75,09 August 2026,,
2102,Expositions,PASSION JAPON,,PARIS -,75116,75,09 August 2026,,
2103,Expositions,PASSION JAPON,,PARIS -,75116,75,09 August 2026,,
2104,Expositions,PASSION JAPON,,PARIS -,75116,75,09 August 2026,,
2105,Expositions,PASSION JAPON,,PARIS -,75116,75,09 August 2026,,
2106,Expositions,PASSION JAPON,,PARIS -,75116,75,09 August 2026,,
2107,Expositions,PASSION JAPON,,PARIS -,75116,75,09 August 2026,,
2108,Expositions,PASSION JAPON,,PARIS -,75116,75,09 August 2026,,
2109,Expositions,PASSION JAPON,,PARIS -,75116,75,09 August 2026,,
2110,Expositions,PASSION JAPON,,PARIS -,75116,75,09 August 2026,,
2111,Expositions,PASSION JAPON,,PARIS -,75116,75,09 August 2026,,
2112,Expositions,PASSION JAPON,,PARIS -,75116,75,09 August 2026,,
2113,Expositions,PASSION JAPON,,PARIS -,75116,75,09 August 2026,,
2114,Expositions,GIANNI VERSACE RETROSPECTIVE,,PARIS -,75116,75,09 August 2026,,
2115,Expositions,GIANNI VERSACE RETROSPECTIVE,,PARIS -,75116,75,09 August 2026,,
2116,Expositions,GIANNI VERSACE RETROSPECTIVE,,PARIS -,75116,75,09 August 2026,,
2117,Expositions,GIANNI VERSACE RETROSPECTIVE,,PARIS -,75116,75,09 August 2026,,
2118,Expositions,GIANNI VERSACE RETROSPECTIVE,,PARIS -,75116,75,09 August 2026,,
2119,Expositions,GIANNI VERSACE RETROSPECTIVE,,PARIS -,75116,75,09 August 2026,,
2120,Expositions,GIANNI VERSACE RETROSPECTIVE,,PARIS -,75116,75,09 August 2026,,
2121,Expositions,GIANNI VERSACE RETROSPECTIVE,,PARIS -,75116,75,09 August 2026,,
2122,Expositions,GIANNI VERSACE RETROSPECTIVE,,PARIS -,75116,75,09 August 2026,,
2123,Expositions,GIANNI VERSACE RETROSPECTIVE,,PARIS -,75116,75,09 August 2026,,
2124,Expositions,GIANNI VERSACE RETROSPECTIVE,,PARIS -,75116,75,09 August 2026,,
2125,Expositions,GIANNI VERSACE RETROSPECTIVE,,PARIS -,75116,75,09 August 2026,,
2126,Expositions,GIANNI VERSACE RETROSPECTIVE,,PARIS -,75116,75,09 August 2026,,
2127,Expositions,GIANNI VERSACE RETROSPECTIVE,,PARIS -,75116,75,09 August 2026,,
2128,Expositions,GIANNI VERSACE RETROSPECTIVE,,PARIS -,75116,75,10 August 2026,,
2129,Expositions,GIANNI VERSACE RETROSPECTIVE,,PARIS -,75116,75,10 August 2026,,
2130,Expositions,GIANNI VERSACE RETROSPECTIVE,,PARIS -,75116,75,10 August 2026,,
2131,Expositions,GIANNI VERSACE RETROSPECTIVE,,PARIS -,75116,75,10 August 2026,,
2132,Expositions,GIANNI VERSACE RETROSPECTIVE,,PARIS -,75116,75,10 August 2026,,
2133,Expositions,GIANNI VERSACE RETROSPECTIVE,,PARIS -,75116,75,10 August 2026,,
2134,Expositions,GIANNI VERSACE RETROSPECTIVE,,PARIS -,75116,75,10 August 2026,,
2135,Expositions,GIANNI VERSACE RETROSPECTIVE,,PARIS -,75116,75,10 August 2026,,
2136,Expositions,GIANNI VERSACE RETROSPECTIVE,,PARIS -,75116,75,10 August 2026,,
2137,Expositions,GIANNI VERSACE RETROSPECTIVE,,PARIS -,75116,75,10 August 2026,,
2138,Expositions,GIANNI VERSACE RETROSPECTIVE,,PARIS -,75116,75,10 August 2026,,
2139,Expositions,GIANNI VERSACE RETROSPECTIVE,,PARIS -,75116,75,10 August 2026,,
2140,Expositions,GIANNI VERSACE RETROSPECTIVE,,PARIS -,75116,75,10 August 2026,,
2141,Expositions,GIANNI VERSACE RETROSPECTIVE,,PARIS -,75116,75,10 August 2026,,
2142,Expositions,GIANNI VERSACE RETROSPECTIVE,,PARIS -,75116,75,10 August 2026,,
2143,Expositions,PASSION JAPON,,PARIS -,75116,75,11 August 2026,,
2144,Expositions,GIANNI VERSACE RETROSPECTIVE,,PARIS -,75116,75,11 August 2026,,
2145,Spectacles,ZARNA GARG,,PARIS -,75116,75,11 August 2026,,
2146,Expositions,PASSION JAPON,,PARIS -,75116,75,11 August 2026,,
2147,Expositions,PASSION JAPON,,PARIS -,75116,75,11 August 2026,,
2148,Expositions,PASSION JAPON,,PARIS -,75116,75,11 August 2026,,
2149,Expositions,PASSION JAPON,,PARIS -,75116,75,11 August 2026,,
2150,Expositions,PASSION JAPON,,PARIS -,75116,75,11 August 2026,,
2151,Expositions,PASSION JAPON,,PARIS -,75116,75,11 August 2026,,
2152,Expositions,PASSION JAPON,,PARIS -,75116,75,11 August 2026,,
2153,Expositions,PASSION JAPON,,PARIS -,75116,75,11 August 2026,,
2154,Expositions,GIANNI VERSACE RETROSPECTIVE,,PARIS -,75116,75,11 August 2026,,
2155,Expositions,GIANNI VERSACE RETROSPECTIVE,,PARIS -,75116,75,11 August 2026,,
2156,Expositions,GIANNI VERSACE RETROSPECTIVE,,PARIS -,75116,75,11 August 2026,,
2157,Expositions,GIANNI VERSACE RETROSPECTIVE,,PARIS -,75116,75,11 August 2026,,
2158,Expositions,GIANNI VERSACE RETROSPECTIVE,,PARIS -,75116,75,11 August 2026,,
2159,Expositions,GIANNI VERSACE RETROSPECTIVE,,PARIS -,75116,75,11 August 2026,,
2160,Expositions,GIANNI VERSACE RETROSPECTIVE,,PARIS -,75116,75,11 August 2026,,
2161,Expositions,GIANNI VERSACE RETROSPECTIVE,,PARIS -,75116,75,11 August 2026,,
2162,Expositions,GIANNI VERSACE RETROSPECTIVE,,PARIS -,75116,75,11 August 2026,,
2163,Expositions,GIANNI VERSACE RETROSPECTIVE,,PARIS -,75116,75,11 August 2026,,
2164,Expositions,GIANNI VERSACE RETROSPECTIVE,,PARIS -,75116,75,11 August 2026,,
2165,Expositions,GIANNI VERSACE RETROSPECTIVE,,PARIS -,75116,75,11 August 2026,,
2166,Expositions,GIANNI VERSACE RETROSPECTIVE,,PARIS -,75116,75,11 August 2026,,
2167,Expositions,GIANNI VERSACE RETROSPECTIVE,,PARIS -,75116,75,11 August 2026,,
2168,Expositions,PASSION JAPON,,PARIS -,75116,75,11 August 2026,,
2169,Expositions,PASSION JAPON,,PARIS -,75116,75,11 August 2026,,
2170,Expositions,PASSION JAPON,,PARIS -,75116,75,11 August 2026,,
2171,Expositions,PASSION JAPON,,PARIS -,75116,75,11 August 2026,,
2172,Expositions,PASSION JAPON,,PARIS -,75116,75,11 August 2026,,
2173,Expositions,PASSION JAPON,,PARIS -,75116,75,11 August 2026,,
2174,Expositions,PASSION JAPON,,PARIS -,75116,75,11 August 2026,,
2175,Expositions,PASSION JAPON,,PARIS -,75116,75,11 August 2026,,
2176,Expositions,PASSION JAPON,,PARIS -,75116,75,12 August 2026,,
2177,Expositions,GIANNI VERSACE RETROSPECTIVE,,PARIS -,75116,75,12 August 2026,,
2178,Expositions,PASSION JAPON,,PARIS -,75116,75,12 August 2026,,
2179,Expositions,PASSION JAPON,,PARIS -,75116,75,12 August 2026,,
2180,Expositions,PASSION JAPON,,PARIS -,75116,75,12 August 2026,,
2181,Expositions,PASSION JAPON,,PARIS -,75116,75,12 August 2026,,
2182,Expositions,PASSION JAPON,,PARIS -,75116,75,12 August 2026,,
2183,Expositions,PASSION JAPON,,PARIS -,75116,75,12 August 2026,,
2184,Expositions,PASSION JAPON,,PARIS -,75116,75,12 August 2026,,
2185,Expositions,PASSION JAPON,,PARIS -,75116,75,12 August 2026,,
2186,Expositions,GIANNI VERSACE RETROSPECTIVE,,PARIS -,75116,75,12 August 2026,,
2187,Expositions,GIANNI VERSACE RETROSPECTIVE,,PARIS -,75116,75,12 August 2026,,
2188,Expositions,GIANNI VERSACE RETROSPECTIVE,,PARIS -,75116,75,12 August 2026,,
2189,Expositions,GIANNI VERSACE RETROSPECTIVE,,PARIS -,75116,75,12 August 2026,,
2190,Expositions,GIANNI VERSACE RETROSPECTIVE,,PARIS -,75116,75,12 August 2026,,
2191,Expositions,GIANNI VERSACE RETROSPECTIVE,,PARIS -,75116,75,12 August 2026,,
2192,Expositions,GIANNI VERSACE RETROSPECTIVE,,PARIS -,75116,75,12 August 2026,,
2193,Expositions,GIANNI VERSACE RETROSPECTIVE,,PARIS -,75116,75,12 August 2026,,
2194,Expositions,GIANNI VERSACE RETROSPECTIVE,,PARIS -,75116,75,12 August 2026,,
2195,Expositions,GIANNI VERSACE RETROSPECTIVE,,PARIS -,75116,75,12 August 2026,,
2196,Expositions,GIANNI VERSACE RETROSPECTIVE,,PARIS -,75116,75,12 August 2026,,
2197,Expositions,GIANNI VERSACE RETROSPECTIVE,,PARIS -,75116,75,12 August 2026,,
2198,Expositions,GIANNI VERSACE RETROSPECTIVE,,PARIS -,75116,75,12 August 2026,,
2199,Expositions,GIANNI VERSACE RETROSPECTIVE,,PARIS -,75116,75,12 August 2026,,
2200,Expositions,PASSION JAPON,,PARIS -,75116,75,12 August 2026,,
2201,Expositions,PASSION JAPON,,PARIS -,75116,75,12 August 2026,,
2202,Expositions,PASSION JAPON,,PARIS -,75116,75,12 August 2026,,
2203,Expositions,PASSION JAPON,,PARIS -,75116,75,12 August 2026,,
2204,Expositions,PASSION JAPON,,PARIS -,75116,75,12 August 2026,,
2205,Expositions,PASSION JAPON,,PARIS -,75116,75,12 August 2026,,
2206,Expositions,PASSION JAPON,,PARIS -,75116,75,12 August 2026,,
2207,Expositions,PASSION JAPON,,PARIS -,75116,75,12 August 2026,,
2208,Théatres,Marlaguette,,PARIS -,75116,75,12 August 2026,,
2209,Concerts,"Les 4 Saisons de Vivaldi, Ave Maria et Célèbres Concertos",,PARIS -,75116,75,13 August 2026,,
2210,Expositions,PASSION JAPON,,PARIS -,75116,75,13 August 2026,,
2211,Expositions,GIANNI VERSACE RETROSPECTIVE,,PARIS -,75116,75,13 August 2026,,
2212,Expositions,GIANNI VERSACE RETROSPECTIVE,,PARIS -,75116,75,13 August 2026,,
2213,Expositions,GIANNI VERSACE RETROSPECTIVE,,PARIS -,75116,75,13 August 2026,,
2214,Expositions,GIANNI VERSACE RETROSPECTIVE,,PARIS -,75116,75,13 August 2026,,
2215,Expositions,GIANNI VERSACE RETROSPECTIVE,,PARIS -,75116,75,13 August 2026,,
2216,Expositions,GIANNI VERSACE RETROSPECTIVE,,PARIS -,75116,75,13 August 2026,,
2217,Expositions,GIANNI VERSACE RETROSPECTIVE,,PARIS -,75116,75,13 August 2026,,
2218,Expositions,PASSION JAPON,,PARIS -,75116,75,13 August 2026,,
2219,Expositions,PASSION JAPON,,PARIS -,75116,75,13 August 2026,,
2220,Expositions,PASSION JAPON,,PARIS -,75116,75,13 August 2026,,
2221,Expositions,PASSION JAPON,,PARIS -,75116,75,13 August 2026,,
2222,Expositions,PASSION JAPON,,PARIS -,75116,75,13 August 2026,,
2223,Expositions,PASSION JAPON,,PARIS -,75116,75,13 August 2026,,
2224,Expositions,PASSION JAPON,,PARIS -,75116,75,13 August 2026,,
2225,Expositions,PASSION JAPON,,PARIS -,75116,75,13 August 2026,,
2226,Expositions,GIANNI VERSACE RETROSPECTIVE,,PARIS -,75116,75,13 August 2026,,
2227,Expositions,GIANNI VERSACE RETROSPECTIVE,,PARIS -,75116,75,13 August 2026,,
2228,Expositions,GIANNI VERSACE RETROSPECTIVE,,PARIS -,75116,75,13 August 2026,,
2229,Expositions,GIANNI VERSACE RETROSPECTIVE,,PARIS -,75116,75,13 August 2026,,
2230,Expositions,GIANNI VERSACE RETROSPECTIVE,,PARIS -,75116,75,13 August 2026,,
2231,Expositions,GIANNI VERSACE RETROSPECTIVE,,PARIS -,75116,75,13 August 2026,,
2232,Expositions,GIANNI VERSACE RETROSPECTIVE,,PARIS -,75116,75,13 August 2026,,
2233,Expositions,GIANNI VERSACE RETROSPECTIVE,,PARIS -,75116,75,13 August 2026,,
2234,Expositions,GIANNI VERSACE RETROSPECTIVE,,PARIS -,75116,75,13 August 2026,,
2235,Expositions,GIANNI VERSACE RETROSPECTIVE,,PARIS -,75116,75,13 August 2026,,
2236,Expositions,GIANNI VERSACE RETROSPECTIVE,,PARIS -,75116,75,13 August 2026,,
2237,Expositions,GIANNI VERSACE RETROSPECTIVE,,PARIS -,75116,75,13 August 2026,,
2238,Expositions,GIANNI VERSACE RETROSPECTIVE,,PARIS -,75116,75,13 August 2026,,
2239,Expositions,GIANNI VERSACE RETROSPECTIVE,,PARIS -,75116,75,13 August 2026,,
2240,Expositions,PASSION JAPON,,PARIS -,75116,75,13 August 2026,,
2241,Expositions,PASSION JAPON,,PARIS -,75116,75,13 August 2026,,
2242,Expositions,PASSION JAPON,,PARIS -,75116,75,13 August 2026,,
2243,Expositions,PASSION JAPON,,PARIS -,75116,75,13 August 2026,,
2244,Expositions,PASSION JAPON,,PARIS -,75116,75,13 August 2026,,
2245,Expositions,PASSION JAPON,,PARIS -,75116,75,13 August 2026,,
2246,Expositions,PASSION JAPON,,PARIS -,75116,75,13 August 2026,,
2247,Expositions,PASSION JAPON,,PARIS -,75116,75,13 August 2026,,
2248,Concerts,"Les 4 Saisons de Vivaldi, Ave Maria et Célèbres Adagios",,PARIS -,75116,75,14 August 2026,,
2249,Expositions,PASSION JAPON,,PARIS -,75116,75,14 August 2026,,
2250,Expositions,GIANNI VERSACE RETROSPECTIVE,,PARIS -,75116,75,14 August 2026,,
2251,Expositions,PASSION JAPON,,PARIS -,75116,75,14 August 2026,,
2252,Expositions,PASSION JAPON,,PARIS -,75116,75,14 August 2026,,
2253,Expositions,PASSION JAPON,,PARIS -,75116,75,14 August 2026,,
2254,Expositions,PASSION JAPON,,PARIS -,75116,75,14 August 2026,,
2255,Expositions,PASSION JAPON,,PARIS -,75116,75,14 August 2026,,
2256,Expositions,PASSION JAPON,,PARIS -,75116,75,14 August 2026,,
2257,Expositions,PASSION JAPON,,PARIS -,75116,75,14 August 2026,,
2258,Expositions,PASSION JAPON,,PARIS -,75116,75,14 August 2026,,
2259,Expositions,PASSION JAPON,,PARIS -,75116,75,14 August 2026,,
2260,Expositions,PASSION JAPON,,PARIS -,75116,75,14 August 2026,,
2261,Expositions,GIANNI VERSACE RETROSPECTIVE,,PARIS -,75116,75,14 August 2026,,
2262,Expositions,GIANNI VERSACE RETROSPECTIVE,,PARIS -,75116,75,14 August 2026,,
2263,Expositions,GIANNI VERSACE RETROSPECTIVE,,PARIS -,75116,75,14 August 2026,,
2264,Expositions,GIANNI VERSACE RETROSPECTIVE,,PARIS -,75116,75,14 August 2026,,
2265,Expositions,GIANNI VERSACE RETROSPECTIVE,,PARIS -,75116,75,14 August 2026,,
2266,Expositions,GIANNI VERSACE RETROSPECTIVE,,PARIS -,75116,75,14 August 2026,,
2267,Expositions,GIANNI VERSACE RETROSPECTIVE,,PARIS -,75116,75,14 August 2026,,
2268,Expositions,GIANNI VERSACE RETROSPECTIVE,,PARIS -,75116,75,14 August 2026,,
2269,Expositions,GIANNI VERSACE RETROSPECTIVE,,PARIS -,75116,75,14 August 2026,,
2270,Expositions,GIANNI VERSACE RETROSPECTIVE,,PARIS -,75116,75,14 August 2026,,
2271,Expositions,GIANNI VERSACE RETROSPECTIVE,,PARIS -,75116,75,14 August 2026,,
2272,Expositions,GIANNI VERSACE RETROSPECTIVE,,PARIS -,75116,75,14 August 2026,,
2273,Expositions,GIANNI VERSACE RETROSPECTIVE,,PARIS -,75116,75,14 August 2026,,
2274,Expositions,GIANNI VERSACE RETROSPECTIVE,,PARIS -,75116,75,14 August 2026,,
2275,Expositions,PASSION JAPON,,PARIS -,75116,75,14 August 2026,,
2276,Expositions,PASSION JAPON,,PARIS -,75116,75,14 August 2026,,
2277,Expositions,PASSION JAPON,,PARIS -,75116,75,14 August 2026,,
2278,Expositions,PASSION JAPON,,PARIS -,75116,75,14 August 2026,,
2279,Expositions,PASSION JAPON,,PARIS -,75116,75,14 August 2026,,
2280,Expositions,PASSION JAPON,,PARIS -,75116,75,14 August 2026,,
2281,Expositions,PASSION JAPON,,PARIS -,75116,75,14 August 2026,,
2282,Expositions,PASSION JAPON,,PARIS -,75116,75,14 August 2026,,
2283,Théatres,Minotaure ou le labyrinthe de glace,,PARIS -,75116,75,14 August 2026,,
2284,Concerts,4 Saisons de Vivaldi Intégrale / Petite Musique de Nuit de Mozar,,PARIS -,75116,75,15 August 2026,,
2285,Expositions,PASSION JAPON,,PARIS -,75116,75,15 August 2026,,
2286,Expositions,GIANNI VERSACE RETROSPECTIVE,,PARIS -,75116,75,15 August 2026,,
2287,Expositions,PASSION JAPON,,PARIS -,75116,75,15 August 2026,,
2288,Expositions,PASSION JAPON,,PARIS -,75116,75,15 August 2026,,
2289,Expositions,PASSION JAPON,,PARIS -,75116,75,15 August 2026,,
2290,Expositions,PASSION JAPON,,PARIS -,75116,75,15 August 2026,,
2291,Expositions,PASSION JAPON,,PARIS -,75116,75,15 August 2026,,
2292,Expositions,PASSION JAPON,,PARIS -,75116,75,15 August 2026,,
2293,Expositions,PASSION JAPON,,PARIS -,75116,75,15 August 2026,,
2294,Expositions,PASSION JAPON,,PARIS -,75116,75,15 August 2026,,
2295,Expositions,PASSION JAPON,,PARIS -,75116,75,15 August 2026,,
2296,Expositions,PASSION JAPON,,PARIS -,75116,75,15 August 2026,,
2297,Expositions,PASSION JAPON,,PARIS -,75116,75,15 August 2026,,
2298,Expositions,PASSION JAPON,,PARIS -,75116,75,15 August 2026,,
2299,Expositions,PASSION JAPON,,PARIS -,75116,75,15 August 2026,,
2300,Expositions,PASSION JAPON,,PARIS -,75116,75,15 August 2026,,
2301,Expositions,PASSION JAPON,,PARIS -,75116,75,15 August 2026,,
2302,Expositions,PASSION JAPON,,PARIS -,75116,75,15 August 2026,,
2303,Expositions,PASSION JAPON,,PARIS -,75116,75,15 August 2026,,
2304,Expositions,PASSION JAPON,,PARIS -,75116,75,15 August 2026,,
2305,Expositions,GIANNI VERSACE RETROSPECTIVE,,PARIS -,75116,75,15 August 2026,,
2306,Expositions,GIANNI VERSACE RETROSPECTIVE,,PARIS -,75116,75,15 August 2026,,
2307,Expositions,GIANNI VERSACE RETROSPECTIVE,,PARIS -,75116,75,15 August 2026,,
2308,Expositions,GIANNI VERSACE RETROSPECTIVE,,PARIS -,75116,75,15 August 2026,,
2309,Expositions,GIANNI VERSACE RETROSPECTIVE,,PARIS -,75116,75,15 August 2026,,
2310,Expositions,GIANNI VERSACE RETROSPECTIVE,,PARIS -,75116,75,15 August 2026,,
2311,Expositions,GIANNI VERSACE RETROSPECTIVE,,PARIS -,75116,75,15 August 2026,,
2312,Expositions,GIANNI VERSACE RETROSPECTIVE,,PARIS -,75116,75,15 August 2026,,
2313,Expositions,GIANNI VERSACE RETROSPECTIVE,,PARIS -,75116,75,15 August 2026,,
2314,Expositions,GIANNI VERSACE RETROSPECTIVE,,PARIS -,75116,75,15 August 2026,,
2315,Expositions,GIANNI VERSACE RETROSPECTIVE,,PARIS -,75116,75,15 August 2026,,
2316,Expositions,GIANNI VERSACE RETROSPECTIVE,,PARIS -,75116,75,15 August 2026,,
2317,Expositions,GIANNI VERSACE RETROSPECTIVE,,PARIS -,75116,75,15 August 2026,,
2318,Expositions,GIANNI VERSACE RETROSPECTIVE,,PARIS -,75116,75,15 August 2026,,
2319,Expositions,PASSION JAPON,,PARIS -,75116,75,16 August 2026,,
2320,Expositions,GIANNI VERSACE RETROSPECTIVE,,PARIS -,75116,75,16 August 2026,,
2321,Expositions,PASSION JAPON,,PARIS -,75116,75,16 August 2026,,
2322,Expositions,PASSION JAPON,,PARIS -,75116,75,16 August 2026,,
2323,Expositions,PASSION JAPON,,PARIS -,75116,75,16 August 2026,,
2324,Expositions,PASSION JAPON,,PARIS -,75116,75,16 August 2026,,
2325,Expositions,PASSION JAPON,,PARIS -,75116,75,16 August 2026,,
2326,Expositions,PASSION JAPON,,PARIS -,75116,75,16 August 2026,,
2327,Expositions,PASSION JAPON,,PARIS -,75116,75,16 August 2026,,
2328,Expositions,PASSION JAPON,,PARIS -,75116,75,16 August 2026,,
2329,Expositions,PASSION JAPON,,PARIS -,75116,75,16 August 2026,,
2330,Expositions,PASSION JAPON,,PARIS -,75116,75,16 August 2026,,
2331,Expositions,PASSION JAPON,,PARIS -,75116,75,16 August 2026,,
2332,Expositions,PASSION JAPON,,PARIS -,75116,75,16 August 2026,,
2333,Expositions,PASSION JAPON,,PARIS -,75116,75,16 August 2026,,
2334,Expositions,PASSION JAPON,,PARIS -,75116,75,16 August 2026,,
2335,Expositions,PASSION JAPON,,PARIS -,75116,75,16 August 2026,,
2336,Expositions,PASSION JAPON,,PARIS -,75116,75,16 August 2026,,
2337,Expositions,GIANNI VERSACE RETROSPECTIVE,,PARIS -,75116,75,16 August 2026,,
2338,Expositions,GIANNI VERSACE RETROSPECTIVE,,PARIS -,75116,75,16 August 2026,,
2339,Expositions,GIANNI VERSACE RETROSPECTIVE,,PARIS -,75116,75,16 August 2026,,
2340,Expositions,GIANNI VERSACE RETROSPECTIVE,,PARIS -,75116,75,16 August 2026,,
2341,Expositions,GIANNI VERSACE RETROSPECTIVE,,PARIS -,75116,75,16 August 2026,,
2342,Expositions,GIANNI VERSACE RETROSPECTIVE,,PARIS -,75116,75,16 August 2026,,
2343,Expositions,GIANNI VERSACE RETROSPECTIVE,,PARIS -,75116,75,16 August 2026,,
2344,Expositions,GIANNI VERSACE RETROSPECTIVE,,PARIS -,75116,75,16 August 2026,,
2345,Expositions,GIANNI VERSACE RETROSPECTIVE,,PARIS -,75116,75,16 August 2026,,
2346,Expositions,GIANNI VERSACE RETROSPECTIVE,,PARIS -,75116,75,16 August 2026,,
2347,Expositions,GIANNI VERSACE RETROSPECTIVE,,PARIS -,75116,75,16 August 2026,,
2348,Expositions,GIANNI VERSACE RETROSPECTIVE,,PARIS -,75116,75,16 August 2026,,
2349,Expositions,GIANNI VERSACE RETROSPECTIVE,,PARIS -,75116,75,16 August 2026,,
2350,Expositions,GIANNI VERSACE RETROSPECTIVE,,PARIS -,75116,75,16 August 2026,,
2351,Expositions,Bricks of wonder / open,,PARIS -,75116,75,16 August 2026,,
2352,Expositions,GIANNI VERSACE RETROSPECTIVE,,PARIS -,75116,75,17 August 2026,,
2353,Expositions,GIANNI VERSACE RETROSPECTIVE,,PARIS -,75116,75,17 August 2026,,
2354,Expositions,GIANNI VERSACE RETROSPECTIVE,,PARIS -,75116,75,17 August 2026,,
2355,Expositions,GIANNI VERSACE RETROSPECTIVE,,PARIS -,75116,75,17 August 2026,,
2356,Expositions,GIANNI VERSACE RETROSPECTIVE,,PARIS -,75116,75,17 August 2026,,
2357,Expositions,GIANNI VERSACE RETROSPECTIVE,,PARIS -,75116,75,17 August 2026,,
2358,Expositions,GIANNI VERSACE RETROSPECTIVE,,PARIS -,75116,75,17 August 2026,,
2359,Expositions,GIANNI VERSACE RETROSPECTIVE,,PARIS -,75116,75,17 August 2026,,
2360,Expositions,GIANNI VERSACE RETROSPECTIVE,,PARIS -,75116,75,17 August 2026,,
2361,Expositions,GIANNI VERSACE RETROSPECTIVE,,PARIS -,75116,75,17 August 2026,,
2362,Expositions,GIANNI VERSACE RETROSPECTIVE,,PARIS -,75116,75,17 August 2026,,
2363,Expositions,GIANNI VERSACE RETROSPECTIVE,,PARIS -,75116,75,17 August 2026,,
2364,Expositions,GIANNI VERSACE RETROSPECTIVE,,PARIS -,75116,75,17 August 2026,,
2365,Expositions,GIANNI VERSACE RETROSPECTIVE,,PARIS -,75116,75,17 August 2026,,
2366,Expositions,GIANNI VERSACE RETROSPECTIVE,,PARIS -,75116,75,17 August 2026,,
2367,Expositions,PASSION JAPON,,PARIS -,75116,75,18 August 2026,,
2368,Expositions,GIANNI VERSACE RETROSPECTIVE,,PARIS -,75116,75,18 August 2026,,
2369,Expositions,PASSION JAPON,,PARIS -,75116,75,18 August 2026,,
2370,Expositions,PASSION JAPON,,PARIS -,75116,75,18 August 2026,,
2371,Expositions,PASSION JAPON,,PARIS -,75116,75,18 August 2026,,
2372,Expositions,PASSION JAPON,,PARIS -,75116,75,18 August 2026,,
2373,Expositions,PASSION JAPON,,PARIS -,75116,75,18 August 2026,,
2374,Expositions,PASSION JAPON,,PARIS -,75116,75,18 August 2026,,
2375,Expositions,PASSION JAPON,,PARIS -,75116,75,18 August 2026,,
2376,Expositions,PASSION JAPON,,PARIS -,75116,75,18 August 2026,,
2377,Expositions,GIANNI VERSACE RETROSPECTIVE,,PARIS -,75116,75,18 August 2026,,
2378,Expositions,GIANNI VERSACE RETROSPECTIVE,,PARIS -,75116,75,18 August 2026,,
2379,Expositions,GIANNI VERSACE RETROSPECTIVE,,PARIS -,75116,75,18 August 2026,,
2380,Expositions,GIANNI VERSACE RETROSPECTIVE,,PARIS -,75116,75,18 August 2026,,
2381,Expositions,GIANNI VERSACE RETROSPECTIVE,,PARIS -,75116,75,18 August 2026,,
2382,Expositions,GIANNI VERSACE RETROSPECTIVE,,PARIS -,75116,75,18 August 2026,,
2383,Expositions,GIANNI VERSACE RETROSPECTIVE,,PARIS -,75116,75,18 August 2026,,
2384,Expositions,GIANNI VERSACE RETROSPECTIVE,,PARIS -,75116,75,18 August 2026,,
2385,Expositions,GIANNI VERSACE RETROSPECTIVE,,PARIS -,75116,75,18 August 2026,,
2386,Expositions,GIANNI VERSACE RETROSPECTIVE,,PARIS -,75116,75,18 August 2026,,
2387,Expositions,GIANNI VERSACE RETROSPECTIVE,,PARIS -,75116,75,18 August 2026,,
2388,Expositions,GIANNI VERSACE RETROSPECTIVE,,PARIS -,75116,75,18 August 2026,,
2389,Expositions,GIANNI VERSACE RETROSPECTIVE,,PARIS -,75116,75,18 August 2026,,
2390,Expositions,GIANNI VERSACE RETROSPECTIVE,,PARIS -,75116,75,18 August 2026,,
2391,Expositions,PASSION JAPON,,PARIS -,75116,75,18 August 2026,,
2392,Expositions,PASSION JAPON,,PARIS -,75116,75,18 August 2026,,
2393,Expositions,PASSION JAPON,,PARIS -,75116,75,18 August 2026,,
2394,Expositions,PASSION JAPON,,PARIS -,75116,75,18 August 2026,,
2395,Expositions,PASSION JAPON,,PARIS -,75116,75,18 August 2026,,
2396,Expositions,PASSION JAPON,,PARIS -,75116,75,18 August 2026,,
2397,Expositions,PASSION JAPON,,PARIS -,75116,75,18 August 2026,,
2398,Expositions,PASSION JAPON,,PARIS -,75116,75,18 August 2026,,
2399,Théatres,Le marchand de venise,,PARIS -,75116,75,18 August 2026,,
2400,Expositions,PASSION JAPON,,PARIS -,75116,75,19 August 2026,,
2401,Expositions,GIANNI VERSACE RETROSPECTIVE,,PARIS -,75116,75,19 August 2026,,
2402,Expositions,PASSION JAPON,,PARIS -,75116,75,19 August 2026,,
2403,Expositions,PASSION JAPON,,PARIS -,75116,75,19 August 2026,,
2404,Expositions,PASSION JAPON,,PARIS -,75116,75,19 August 2026,,
2405,Expositions,PASSION JAPON,,PARIS -,75116,75,19 August 2026,,
2406,Expositions,PASSION JAPON,,PARIS -,75116,75,19 August 2026,,
2407,Expositions,PASSION JAPON,,PARIS -,75116,75,19 August 2026,,
2408,Expositions,PASSION JAPON,,PARIS -,75116,75,19 August 2026,,
2409,Expositions,PASSION JAPON,,PARIS -,75116,75,19 August 2026,,
2410,Expositions,GIANNI VERSACE RETROSPECTIVE,,PARIS -,75116,75,19 August 2026,,
2411,Expositions,GIANNI VERSACE RETROSPECTIVE,,PARIS -,75116,75,19 August 2026,,
2412,Expositions,GIANNI VERSACE RETROSPECTIVE,,PARIS -,75116,75,19 August 2026,,
2413,Expositions,GIANNI VERSACE RETROSPECTIVE,,PARIS -,75116,75,19 August 2026,,
2414,Expositions,GIANNI VERSACE RETROSPECTIVE,,PARIS -,75116,75,19 August 2026,,
2415,Expositions,GIANNI VERSACE RETROSPECTIVE,,PARIS -,75116,75,19 August 2026,,
2416,Expositions,GIANNI VERSACE RETROSPECTIVE,,PARIS -,75116,75,19 August 2026,,
2417,Expositions,GIANNI VERSACE RETROSPECTIVE,,PARIS -,75116,75,19 August 2026,,
2418,Expositions,GIANNI VERSACE RETROSPECTIVE,,PARIS -,75116,75,19 August 2026,,
2419,Expositions,GIANNI VERSACE RETROSPECTIVE,,PARIS -,75116,75,19 August 2026,,
2420,Expositions,GIANNI VERSACE RETROSPECTIVE,,PARIS -,75116,75,19 August 2026,,
2421,Expositions,GIANNI VERSACE RETROSPECTIVE,,PARIS -,75116,75,19 August 2026,,
2422,Expositions,GIANNI VERSACE RETROSPECTIVE,,PARIS -,75116,75,19 August 2026,,
2423,Expositions,GIANNI VERSACE RETROSPECTIVE,,PARIS -,75116,75,19 August 2026,,
2424,Expositions,PASSION JAPON,,PARIS -,75116,75,19 August 2026,,
2425,Expositions,PASSION JAPON,,PARIS -,75116,75,19 August 2026,,
2426,Expositions,PASSION JAPON,,PARIS -,75116,75,19 August 2026,,
2427,Expositions,PASSION JAPON,,PARIS -,75116,75,19 August 2026,,
2428,Expositions,PASSION JAPON,,PARIS -,75116,75,19 August 2026,,
2429,Expositions,PASSION JAPON,,PARIS -,75116,75,19 August 2026,,
2430,Expositions,PASSION JAPON,,PARIS -,75116,75,19 August 2026,,
2431,Expositions,PASSION JAPON,,PARIS -,75116,75,19 August 2026,,
2432,Théatres,La fille melon et le garcon potiron,,PARIS -,75116,75,19 August 2026,,
2433,Expositions,PASSION JAPON,,PARIS -,75116,75,20 August 2026,,
2434,Expositions,GIANNI VERSACE RETROSPECTIVE,,PARIS -,75116,75,20 August 2026,,
2435,Expositions,GIANNI VERSACE RETROSPECTIVE,,PARIS -,75116,75,20 August 2026,,
2436,Expositions,GIANNI VERSACE RETROSPECTIVE,,PARIS -,75116,75,20 August 2026,,
2437,Expositions,GIANNI VERSACE RETROSPECTIVE,,PARIS -,75116,75,20 August 2026,,
2438,Expositions,GIANNI VERSACE RETROSPECTIVE,,PARIS -,75116,75,20 August 2026,,
2439,Expositions,GIANNI VERSACE RETROSPECTIVE,,PARIS -,75116,75,20 August 2026,,
2440,Expositions,GIANNI VERSACE RETROSPECTIVE,,PARIS -,75116,75,20 August 2026,,
2441,Expositions,PASSION JAPON,,PARIS -,75116,75,20 August 2026,,
2442,Expositions,PASSION JAPON,,PARIS -,75116,75,20 August 2026,,
2443,Expositions,PASSION JAPON,,PARIS -,75116,75,20 August 2026,,
2444,Expositions,PASSION JAPON,,PARIS -,75116,75,20 August 2026,,
2445,Expositions,PASSION JAPON,,PARIS -,75116,75,20 August 2026,,
2446,Expositions,PASSION JAPON,,PARIS -,75116,75,20 August 2026,,
2447,Expositions,PASSION JAPON,,PARIS -,75116,75,20 August 2026,,
2448,Expositions,PASSION JAPON,,PARIS -,75116,75,20 August 2026,,
2449,Expositions,GIANNI VERSACE RETROSPECTIVE,,PARIS -,75116,75,20 August 2026,,
2450,Expositions,GIANNI VERSACE RETROSPECTIVE,,PARIS -,75116,75,20 August 2026,,
2451,Expositions,GIANNI VERSACE RETROSPECTIVE,,PARIS -,75116,75,20 August 2026,,
2452,Expositions,GIANNI VERSACE RETROSPECTIVE,,PARIS -,75116,75,20 August 2026,,
2453,Expositions,GIANNI VERSACE RETROSPECTIVE,,PARIS -,75116,75,20 August 2026,,
2454,Expositions,GIANNI VERSACE RETROSPECTIVE,,PARIS -,75116,75,20 August 2026,,
2455,Expositions,GIANNI VERSACE RETROSPECTIVE,,PARIS -,75116,75,20 August 2026,,
2456,Expositions,GIANNI VERSACE RETROSPECTIVE,,PARIS -,75116,75,20 August 2026,,
2457,Expositions,GIANNI VERSACE RETROSPECTIVE,,PARIS -,75116,75,20 August 2026,,
2458,Expositions,GIANNI VERSACE RETROSPECTIVE,,PARIS -,75116,75,20 August 2026,,
2459,Expositions,GIANNI VERSACE RETROSPECTIVE,,PARIS -,75116,75,20 August 2026,,
2460,Expositions,GIANNI VERSACE RETROSPECTIVE,,PARIS -,75116,75,20 August 2026,,
2461,Expositions,GIANNI VERSACE RETROSPECTIVE,,PARIS -,75116,75,20 August 2026,,
2462,Expositions,GIANNI VERSACE RETROSPECTIVE,,PARIS -,75116,75,20 August 2026,,
2463,Expositions,PASSION JAPON,,PARIS -,75116,75,20 August 2026,,
2464,Expositions,PASSION JAPON,,PARIS -,75116,75,20 August 2026,,
2465,Expositions,PASSION JAPON,,PARIS -,75116,75,20 August 2026,,
2466,Expositions,PASSION JAPON,,PARIS -,75116,75,20 August 2026,,
2467,Expositions,PASSION JAPON,,PARIS -,75116,75,20 August 2026,,
2468,Expositions,PASSION JAPON,,PARIS -,75116,75,20 August 2026,,
2469,Expositions,PASSION JAPON,,PARIS -,75116,75,20 August 2026,,
2470,Expositions,PASSION JAPON,,PARIS -,75116,75,20 August 2026,,
2471,Concerts,"Les 4 Saisons de Vivaldi, Ave Maria et Célèbres Adagios",,PARIS -,75116,75,21 August 2026,,
2472,Expositions,PASSION JAPON,,PARIS -,75116,75,21 August 2026,,
2473,Expositions,GIANNI VERSACE RETROSPECTIVE,,PARIS -,75116,75,21 August 2026,,
2474,Expositions,PASSION JAPON,,PARIS -,75116,75,21 August 2026,,
2475,Expositions,PASSION JAPON,,PARIS -,75116,75,21 August 2026,,
2476,Expositions,PASSION JAPON,,PARIS -,75116,75,21 August 2026,,
2477,Expositions,PASSION JAPON,,PARIS -,75116,75,21 August 2026,,
2478,Expositions,PASSION JAPON,,PARIS -,75116,75,21 August 2026,,
2479,Expositions,PASSION JAPON,,PARIS -,75116,75,21 August 2026,,
2480,Expositions,PASSION JAPON,,PARIS -,75116,75,21 August 2026,,
2481,Expositions,PASSION JAPON,,PARIS -,75116,75,21 August 2026,,
2482,Expositions,PASSION JAPON,,PARIS -,75116,75,21 August 2026,,
2483,Expositions,PASSION JAPON,,PARIS -,75116,75,21 August 2026,,
2484,Expositions,GIANNI VERSACE RETROSPECTIVE,,PARIS -,75116,75,21 August 2026,,
2485,Expositions,GIANNI VERSACE RETROSPECTIVE,,PARIS -,75116,75,21 August 2026,,
2486,Expositions,GIANNI VERSACE RETROSPECTIVE,,PARIS -,75116,75,21 August 2026,,
2487,Expositions,GIANNI VERSACE RETROSPECTIVE,,PARIS -,75116,75,21 August 2026,,
2488,Expositions,GIANNI VERSACE RETROSPECTIVE,,PARIS -,75116,75,21 August 2026,,
2489,Expositions,GIANNI VERSACE RETROSPECTIVE,,PARIS -,75116,75,21 August 2026,,
2490,Expositions,GIANNI VERSACE RETROSPECTIVE,,PARIS -,75116,75,21 August 2026,,
2491,Expositions,GIANNI VERSACE RETROSPECTIVE,,PARIS -,75116,75,21 August 2026,,
2492,Expositions,GIANNI VERSACE RETROSPECTIVE,,PARIS -,75116,75,21 August 2026,,
2493,Expositions,GIANNI VERSACE RETROSPECTIVE,,PARIS -,75116,75,21 August 2026,,
2494,Expositions,GIANNI VERSACE RETROSPECTIVE,,PARIS -,75116,75,21 August 2026,,
2495,Expositions,GIANNI VERSACE RETROSPECTIVE,,PARIS -,75116,75,21 August 2026,,
2496,Expositions,GIANNI VERSACE RETROSPECTIVE,,PARIS -,75116,75,21 August 2026,,
2497,Expositions,GIANNI VERSACE RETROSPECTIVE,,PARIS -,75116,75,21 August 2026,,
2498,Expositions,PASSION JAPON,,PARIS -,75116,75,21 August 2026,,
2499,Expositions,PASSION JAPON,,PARIS -,75116,75,21 August 2026,,
2500,Expositions,PASSION JAPON,,PARIS -,75116,75,21 August 2026,,
2501,Expositions,PASSION JAPON,,PARIS -,75116,75,21 August 2026,,
2502,Expositions,PASSION JAPON,,PARIS -,75116,75,21 August 2026,,
2503,Expositions,PASSION JAPON,,PARIS -,75116,75,21 August 2026,,
2504,Expositions,PASSION JAPON,,PARIS -,75116,75,21 August 2026,,
2505,Expositions,PASSION JAPON,,PARIS -,75116,75,21 August 2026,,
2506,Concerts,Les 4 Saisons de Vivaldi Intégrale / Petite Musique de Nuit,,PARIS -,75116,75,22 August 2026,,
2507,Expositions,PASSION JAPON,,PARIS -,75116,75,22 August 2026,,
2508,Expositions,GIANNI VERSACE RETROSPECTIVE,,PARIS -,75116,75,22 August 2026,,
2509,Expositions,PASSION JAPON,,PARIS -,75116,75,22 August 2026,,
2510,Expositions,PASSION JAPON,,PARIS -,75116,75,22 August 2026,,
2511,Expositions,PASSION JAPON,,PARIS -,75116,75,22 August 2026,,
2512,Expositions,PASSION JAPON,,PARIS -,75116,75,22 August 2026,,
2513,Expositions,PASSION JAPON,,PARIS -,75116,75,22 August 2026,,
2514,Expositions,PASSION JAPON,,PARIS -,75116,75,22 August 2026,,
2515,Expositions,PASSION JAPON,,PARIS -,75116,75,22 August 2026,,
2516,Expositions,PASSION JAPON,,PARIS -,75116,75,22 August 2026,,
2517,Expositions,PASSION JAPON,,PARIS -,75116,75,22 August 2026,,
2518,Expositions,PASSION JAPON,,PARIS -,75116,75,22 August 2026,,
2519,Expositions,PASSION JAPON,,PARIS -,75116,75,22 August 2026,,
2520,Expositions,PASSION JAPON,,PARIS -,75116,75,22 August 2026,,
2521,Expositions,PASSION JAPON,,PARIS -,75116,75,22 August 2026,,
2522,Expositions,PASSION JAPON,,PARIS -,75116,75,22 August 2026,,
2523,Expositions,PASSION JAPON,,PARIS -,75116,75,22 August 2026,,
2524,Expositions,PASSION JAPON,,PARIS -,75116,75,22 August 2026,,
2525,Expositions,PASSION JAPON,,PARIS -,75116,75,22 August 2026,,
2526,Expositions,PASSION JAPON,,PARIS -,75116,75,22 August 2026,,
2527,Expositions,GIANNI VERSACE RETROSPECTIVE,,PARIS -,75116,75,22 August 2026,,
2528,Expositions,GIANNI VERSACE RETROSPECTIVE,,PARIS -,75116,75,22 August 2026,,
2529,Expositions,GIANNI VERSACE RETROSPECTIVE,,PARIS -,75116,75,22 August 2026,,
2530,Expositions,GIANNI VERSACE RETROSPECTIVE,,PARIS -,75116,75,22 August 2026,,
2531,Expositions,GIANNI VERSACE RETROSPECTIVE,,PARIS -,75116,75,22 August 2026,,
2532,Expositions,GIANNI VERSACE RETROSPECTIVE,,PARIS -,75116,75,22 August 2026,,
2533,Expositions,GIANNI VERSACE RETROSPECTIVE,,PARIS -,75116,75,22 August 2026,,
2534,Expositions,GIANNI VERSACE RETROSPECTIVE,,PARIS -,75116,75,22 August 2026,,
2535,Expositions,GIANNI VERSACE RETROSPECTIVE,,PARIS -,75116,75,22 August 2026,,
2536,Expositions,GIANNI VERSACE RETROSPECTIVE,,PARIS -,75116,75,22 August 2026,,
2537,Expositions,GIANNI VERSACE RETROSPECTIVE,,PARIS -,75116,75,22 August 2026,,
2538,Expositions,GIANNI VERSACE RETROSPECTIVE,,PARIS -,75116,75,22 August 2026,,
2539,Expositions,GIANNI VERSACE RETROSPECTIVE,,PARIS -,75116,75,22 August 2026,,
2540,Expositions,GIANNI VERSACE RETROSPECTIVE,,PARIS -,75116,75,22 August 2026,,
2541,Expositions,PASSION JAPON,,PARIS -,75116,75,23 August 2026,,
2542,Expositions,GIANNI VERSACE RETROSPECTIVE,,PARIS -,75116,75,23 August 2026,,
2543,Expositions,PASSION JAPON,,PARIS -,75116,75,23 August 2026,,
2544,Expositions,PASSION JAPON,,PARIS -,75116,75,23 August 2026,,
2545,Expositions,PASSION JAPON,,PARIS -,75116,75,23 August 2026,,
2546,Expositions,PASSION JAPON,,PARIS -,75116,75,23 August 2026,,
2547,Expositions,PASSION JAPON,,PARIS -,75116,75,23 August 2026,,
2548,Expositions,PASSION JAPON,,PARIS -,75116,75,23 August 2026,,
2549,Expositions,PASSION JAPON,,PARIS -,75116,75,23 August 2026,,
2550,Expositions,PASSION JAPON,,PARIS -,75116,75,23 August 2026,,
2551,Expositions,PASSION JAPON,,PARIS -,75116,75,23 August 2026,,
2552,Expositions,PASSION JAPON,,PARIS -,75116,75,23 August 2026,,
2553,Expositions,PASSION JAPON,,PARIS -,75116,75,23 August 2026,,
2554,Expositions,PASSION JAPON,,PARIS -,75116,75,23 August 2026,,
2555,Expositions,PASSION JAPON,,PARIS -,75116,75,23 August 2026,,
2556,Expositions,PASSION JAPON,,PARIS -,75116,75,23 August 2026,,
2557,Expositions,PASSION JAPON,,PARIS -,75116,75,23 August 2026,,
2558,Expositions,PASSION JAPON,,PARIS -,75116,75,23 August 2026,,
2559,Expositions,GIANNI VERSACE RETROSPECTIVE,,PARIS -,75116,75,23 August 2026,,
2560,Expositions,GIANNI VERSACE RETROSPECTIVE,,PARIS -,75116,75,23 August 2026,,
2561,Expositions,GIANNI VERSACE RETROSPECTIVE,,PARIS -,75116,75,23 August 2026,,
2562,Expositions,GIANNI VERSACE RETROSPECTIVE,,PARIS -,75116,75,23 August 2026,,
2563,Expositions,GIANNI VERSACE RETROSPECTIVE,,PARIS -,75116,75,23 August 2026,,
2564,Expositions,GIANNI VERSACE RETROSPECTIVE,,PARIS -,75116,75,23 August 2026,,
2565,Expositions,GIANNI VERSACE RETROSPECTIVE,,PARIS -,75116,75,23 August 2026,,
2566,Expositions,GIANNI VERSACE RETROSPECTIVE,,PARIS -,75116,75,23 August 2026,,
2567,Expositions,GIANNI VERSACE RETROSPECTIVE,,PARIS -,75116,75,23 August 2026,,
2568,Expositions,GIANNI VERSACE RETROSPECTIVE,,PARIS -,75116,75,23 August 2026,,
2569,Expositions,GIANNI VERSACE RETROSPECTIVE,,PARIS -,75116,75,23 August 2026,,
2570,Expositions,GIANNI VERSACE RETROSPECTIVE,,PARIS -,75116,75,23 August 2026,,
2571,Expositions,GIANNI VERSACE RETROSPECTIVE,,PARIS -,75116,75,23 August 2026,,
2572,Expositions,GIANNI VERSACE RETROSPECTIVE,,PARIS -,75116,75,23 August 2026,,
2573,Expositions,Madame de sévigné - lettres parisiennes,,PARIS -,75116,75,23 August 2026,,
2574,Expositions,GIANNI VERSACE RETROSPECTIVE,,PARIS -,75116,75,24 August 2026,,
2575,Expositions,GIANNI VERSACE RETROSPECTIVE,,PARIS -,75116,75,24 August 2026,,
2576,Expositions,GIANNI VERSACE RETROSPECTIVE,,PARIS -,75116,75,24 August 2026,,
2577,Expositions,GIANNI VERSACE RETROSPECTIVE,,PARIS -,75116,75,24 August 2026,,
2578,Expositions,GIANNI VERSACE RETROSPECTIVE,,PARIS -,75116,75,24 August 2026,,
2579,Expositions,GIANNI VERSACE RETROSPECTIVE,,PARIS -,75116,75,24 August 2026,,
2580,Expositions,GIANNI VERSACE RETROSPECTIVE,,PARIS -,75116,75,24 August 2026,,
2581,Expositions,GIANNI VERSACE RETROSPECTIVE,,PARIS -,75116,75,24 August 2026,,
2582,Expositions,GIANNI VERSACE RETROSPECTIVE,,PARIS -,75116,75,24 August 2026,,
2583,Expositions,GIANNI VERSACE RETROSPECTIVE,,PARIS -,75116,75,24 August 2026,,
2584,Expositions,GIANNI VERSACE RETROSPECTIVE,,PARIS -,75116,75,24 August 2026,,
2585,Expositions,GIANNI VERSACE RETROSPECTIVE,,PARIS -,75116,75,24 August 2026,,
2586,Expositions,GIANNI VERSACE RETROSPECTIVE,,PARIS -,75116,75,24 August 2026,,
2587,Expositions,GIANNI VERSACE RETROSPECTIVE,,PARIS -,75116,75,24 August 2026,,
2588,Expositions,GIANNI VERSACE RETROSPECTIVE,,PARIS -,75116,75,24 August 2026,,
2589,Expositions,GIANNI VERSACE RETROSPECTIVE,,PARIS -,75116,75,25 August 2026,,
2590,Expositions,GIANNI VERSACE RETROSPECTIVE,,PARIS -,75116,75,25 August 2026,,
2591,Expositions,GIANNI VERSACE RETROSPECTIVE,,PARIS -,75116,75,25 August 2026,,
2592,Expositions,GIANNI VERSACE RETROSPECTIVE,,PARIS -,75116,75,25 August 2026,,
2593,Expositions,GIANNI VERSACE RETROSPECTIVE,,PARIS -,75116,75,25 August 2026,,
2594,Expositions,GIANNI VERSACE RETROSPECTIVE,,PARIS -,75116,75,25 August 2026,,
2595,Expositions,GIANNI VERSACE RETROSPECTIVE,,PARIS -,75116,75,25 August 2026,,
2596,Expositions,GIANNI VERSACE RETROSPECTIVE,,PARIS -,75116,75,25 August 2026,,
2597,Expositions,GIANNI VERSACE RETROSPECTIVE,,PARIS -,75116,75,25 August 2026,,
2598,Expositions,GIANNI VERSACE RETROSPECTIVE,,PARIS -,75116,75,25 August 2026,,
2599,Expositions,GIANNI VERSACE RETROSPECTIVE,,PARIS -,75116,75,25 August 2026,,
2600,Expositions,GIANNI VERSACE RETROSPECTIVE,,PARIS -,75116,75,25 August 2026,,
2601,Expositions,GIANNI VERSACE RETROSPECTIVE,,PARIS -,75116,75,25 August 2026,,
2602,Expositions,GIANNI VERSACE RETROSPECTIVE,,PARIS -,75116,75,25 August 2026,,
2603,Expositions,GIANNI VERSACE RETROSPECTIVE,,PARIS -,75116,75,25 August 2026,,
2604,Concerts,HOLLYWOOD VAMPIRES,,PARIS -,75116,75,26 August 2026,,
2605,Expositions,GIANNI VERSACE RETROSPECTIVE,,PARIS -,75116,75,26 August 2026,,
2606,Expositions,GIANNI VERSACE RETROSPECTIVE,,PARIS -,75116,75,26 August 2026,,
2607,Expositions,GIANNI VERSACE RETROSPECTIVE,,PARIS -,75116,75,26 August 2026,,
2608,Expositions,GIANNI VERSACE RETROSPECTIVE,,PARIS -,75116,75,26 August 2026,,
2609,Expositions,GIANNI VERSACE RETROSPECTIVE,,PARIS -,75116,75,26 August 2026,,
2610,Expositions,GIANNI VERSACE RETROSPECTIVE,,PARIS -,75116,75,26 August 2026,,
2611,Expositions,GIANNI VERSACE RETROSPECTIVE,,PARIS -,75116,75,26 August 2026,,
2612,Expositions,GIANNI VERSACE RETROSPECTIVE,,PARIS -,75116,75,26 August 2026,,
2613,Expositions,GIANNI VERSACE RETROSPECTIVE,,PARIS -,75116,75,26 August 2026,,
2614,Expositions,GIANNI VERSACE RETROSPECTIVE,,PARIS -,75116,75,26 August 2026,,
2615,Expositions,GIANNI VERSACE RETROSPECTIVE,,PARIS -,75116,75,26 August 2026,,
2616,Expositions,GIANNI VERSACE RETROSPECTIVE,,PARIS -,75116,75,26 August 2026,,
2617,Expositions,GIANNI VERSACE RETROSPECTIVE,,PARIS -,75116,75,26 August 2026,,
2618,Expositions,GIANNI VERSACE RETROSPECTIVE,,PARIS -,75116,75,26 August 2026,,
2619,Expositions,GIANNI VERSACE RETROSPECTIVE,,PARIS -,75116,75,26 August 2026,,
2620,Concerts,Hollywood vampires,,PARIS -,75116,75,26 August 2026,,
2621,Théatres,Les swinging poules vol 3 plutot crever,,PARIS -,75116,75,26 August 2026,,
2622,Théatres,Le manuel de la jeune mariée 1957,,PARIS -,75116,75,26 August 2026,,
2623,Expositions,GIANNI VERSACE RETROSPECTIVE,,PARIS -,75116,75,27 August 2026,,
2624,Expositions,GIANNI VERSACE RETROSPECTIVE,,PARIS -,75116,75,27 August 2026,,
2625,Expositions,GIANNI VERSACE RETROSPECTIVE,,PARIS -,75116,75,27 August 2026,,
2626,Expositions,GIANNI VERSACE RETROSPECTIVE,,PARIS -,75116,75,27 August 2026,,
2627,Expositions,GIANNI VERSACE RETROSPECTIVE,,PARIS -,75116,75,27 August 2026,,
2628,Expositions,GIANNI VERSACE RETROSPECTIVE,,PARIS -,75116,75,27 August 2026,,
2629,Expositions,GIANNI VERSACE RETROSPECTIVE,,PARIS -,75116,75,27 August 2026,,
2630,Expositions,GIANNI VERSACE RETROSPECTIVE,,PARIS -,75116,75,27 August 2026,,
2631,Expositions,GIANNI VERSACE RETROSPECTIVE,,PARIS -,75116,75,27 August 2026,,
2632,Expositions,GIANNI VERSACE RETROSPECTIVE,,PARIS -,75116,75,27 August 2026,,
2633,Expositions,GIANNI VERSACE RETROSPECTIVE,,PARIS -,75116,75,27 August 2026,,
2634,Expositions,GIANNI VERSACE RETROSPECTIVE,,PARIS -,75116,75,27 August 2026,,
2635,Expositions,GIANNI VERSACE RETROSPECTIVE,,PARIS -,75116,75,27 August 2026,,
2636,Expositions,GIANNI VERSACE RETROSPECTIVE,,PARIS -,75116,75,27 August 2026,,
2637,Expositions,GIANNI VERSACE RETROSPECTIVE,,PARIS -,75116,75,27 August 2026,,
2638,Expositions,GIANNI VERSACE RETROSPECTIVE,,PARIS -,75116,75,27 August 2026,,
2639,Expositions,GIANNI VERSACE RETROSPECTIVE,,PARIS -,75116,75,27 August 2026,,
2640,Expositions,GIANNI VERSACE RETROSPECTIVE,,PARIS -,75116,75,27 August 2026,,
2641,Expositions,GIANNI VERSACE RETROSPECTIVE,,PARIS -,75116,75,27 August 2026,,
2642,Expositions,GIANNI VERSACE RETROSPECTIVE,,PARIS -,75116,75,27 August 2026,,
2643,Expositions,GIANNI VERSACE RETROSPECTIVE,,PARIS -,75116,75,27 August 2026,,
2644,Théatres,Un succès fou,,PARIS -,75116,75,27 August 2026,,
2645,Concerts,"Les 4 Saisons de Vivaldi, Ave Maria et Célèbres Adagios",,PARIS -,75116,75,28 August 2026,,
2646,Expositions,GIANNI VERSACE RETROSPECTIVE,,PARIS -,75116,75,28 August 2026,,
2647,Expositions,GIANNI VERSACE RETROSPECTIVE,,PARIS -,75116,75,28 August 2026,,
2648,Expositions,GIANNI VERSACE RETROSPECTIVE,,PARIS -,75116,75,28 August 2026,,
2649,Expositions,GIANNI VERSACE RETROSPECTIVE,,PARIS -,75116,75,28 August 2026,,
2650,Expositions,GIANNI VERSACE RETROSPECTIVE,,PARIS -,75116,75,28 August 2026,,
2651,Expositions,GIANNI VERSACE RETROSPECTIVE,,PARIS -,75116,75,28 August 2026,,
2652,Expositions,GIANNI VERSACE RETROSPECTIVE,,PARIS -,75116,75,28 August 2026,,
2653,Expositions,GIANNI VERSACE RETROSPECTIVE,,PARIS -,75116,75,28 August 2026,,
2654,Expositions,GIANNI VERSACE RETROSPECTIVE,,PARIS -,75116,75,28 August 2026,,
2655,Expositions,GIANNI VERSACE RETROSPECTIVE,,PARIS -,75116,75,28 August 2026,,
2656,Expositions,GIANNI VERSACE RETROSPECTIVE,,PARIS -,75116,75,28 August 2026,,
2657,Expositions,GIANNI VERSACE RETROSPECTIVE,,PARIS -,75116,75,28 August 2026,,
2658,Expositions,GIANNI VERSACE RETROSPECTIVE,,PARIS -,75116,75,28 August 2026,,
2659,Expositions,GIANNI VERSACE RETROSPECTIVE,,PARIS -,75116,75,28 August 2026,,
2660,Expositions,GIANNI VERSACE RETROSPECTIVE,,PARIS -,75116,75,28 August 2026,,
2661,Expositions,GIANNI VERSACE RETROSPECTIVE,,PARIS -,75116,75,29 August 2026,,
2662,Concerts,"Les 4 Saisons de Vivaldi, Ave Maria et Célèbres Adagios",,PARIS -,75116,75,29 August 2026,,
2663,Expositions,GIANNI VERSACE RETROSPECTIVE,,PARIS -,75116,75,29 August 2026,,
2664,Expositions,GIANNI VERSACE RETROSPECTIVE,,PARIS -,75116,75,29 August 2026,,
2665,Expositions,GIANNI VERSACE RETROSPECTIVE,,PARIS -,75116,75,29 August 2026,,
2666,Expositions,GIANNI VERSACE RETROSPECTIVE,,PARIS -,75116,75,29 August 2026,,
2667,Expositions,GIANNI VERSACE RETROSPECTIVE,,PARIS -,75116,75,29 August 2026,,
2668,Expositions,GIANNI VERSACE RETROSPECTIVE,,PARIS -,75116,75,29 August 2026,,
2669,Expositions,GIANNI VERSACE RETROSPECTIVE,,PARIS -,75116,75,29 August 2026,,
2670,Expositions,GIANNI VERSACE RETROSPECTIVE,,PARIS -,75116,75,29 August 2026,,
2671,Expositions,GIANNI VERSACE RETROSPECTIVE,,PARIS -,75116,75,29 August 2026,,
2672,Expositions,GIANNI VERSACE RETROSPECTIVE,,PARIS -,75116,75,29 August 2026,,
2673,Expositions,GIANNI VERSACE RETROSPECTIVE,,PARIS -,75116,75,29 August 2026,,
2674,Expositions,GIANNI VERSACE RETROSPECTIVE,,PARIS -,75116,75,29 August 2026,,
2675,Expositions,GIANNI VERSACE RETROSPECTIVE,,PARIS -,75116,75,29 August 2026,,
2676,Expositions,GIANNI VERSACE RETROSPECTIVE,,PARIS -,75116,75,29 August 2026,,
2677,Concerts,KENNY MASON,,PARIS -,75116,75,30 August 2026,,
2678,Fêtes locales,FETE DE GANESH PARIS,17 rue Pajol 75018 PARIS,PARIS 18èME ARRONDISSEMENT,75018,75,30 August 2026,,
2679,Expositions,GIANNI VERSACE RETROSPECTIVE,,PARIS -,75116,75,30 August 2026,,
2680,Expositions,GIANNI VERSACE RETROSPECTIVE,,PARIS -,75116,75,30 August 2026,,
2681,Expositions,GIANNI VERSACE RETROSPECTIVE,,PARIS -,75116,75,30 August 2026,,
2682,Expositions,GIANNI VERSACE RETROSPECTIVE,,PARIS -,75116,75,30 August 2026,,
2683,Expositions,GIANNI VERSACE RETROSPECTIVE,,PARIS -,75116,75,30 August 2026,,
2684,Expositions,GIANNI VERSACE RETROSPECTIVE,,PARIS -,75116,75,30 August 2026,,
2685,Expositions,GIANNI VERSACE RETROSPECTIVE,,PARIS -,75116,75,30 August 2026,,
2686,Expositions,GIANNI VERSACE RETROSPECTIVE,,PARIS -,75116,75,30 August 2026,,
2687,Expositions,GIANNI VERSACE RETROSPECTIVE,,PARIS -,75116,75,30 August 2026,,
2688,Expositions,GIANNI VERSACE RETROSPECTIVE,,PARIS -,75116,75,30 August 2026,,
2689,Expositions,GIANNI VERSACE RETROSPECTIVE,,PARIS -,75116,75,30 August 2026,,
2690,Expositions,GIANNI VERSACE RETROSPECTIVE,,PARIS -,75116,75,30 August 2026,,
2691,Expositions,GIANNI VERSACE RETROSPECTIVE,,PARIS -,75116,75,30 August 2026,,
2692,Expositions,GIANNI VERSACE RETROSPECTIVE,,PARIS -,75116,75,30 August 2026,,
2693,Expositions,GIANNI VERSACE RETROSPECTIVE,,PARIS -,75116,75,30 August 2026,,
2694,Théatres,Eva jean,,PARIS -,75116,75,30 August 2026,,
2695,Expositions,"Face au ciel, paul huet en son temps",,PARIS -,75116,75,30 August 2026,,
2696,Concerts,The Whitest Boy Alive,,PARIS -,75116,75,31 August 2026,,
2697,Expositions,GIANNI VERSACE RETROSPECTIVE,,PARIS -,75116,75,31 August 2026,,
2698,Concerts,KHAMARI,,PARIS -,75116,75,31 August 2026,,
2699,Concerts,LOVE SPELLS,,PARIS -,75116,75,31 August 2026,,
2700,Expositions,GIANNI VERSACE RETROSPECTIVE,,PARIS -,75116,75,31 August 2026,,
2701,Expositions,GIANNI VERSACE RETROSPECTIVE,,PARIS -,75116,75,31 August 2026,,
2702,Expositions,GIANNI VERSACE RETROSPECTIVE,,PARIS -,75116,75,31 August 2026,,
2703,Expositions,GIANNI VERSACE RETROSPECTIVE,,PARIS -,75116,75,31 August 2026,,
2704,Expositions,GIANNI VERSACE RETROSPECTIVE,,PARIS -,75116,75,31 August 2026,,
2705,Expositions,GIANNI VERSACE RETROSPECTIVE,,PARIS -,75116,75,31 August 2026,,
2706,Expositions,GIANNI VERSACE RETROSPECTIVE,,PARIS -,75116,75,31 August 2026,,
2707,Expositions,GIANNI VERSACE RETROSPECTIVE,,PARIS -,75116,75,31 August 2026,,
2708,Expositions,GIANNI VERSACE RETROSPECTIVE,,PARIS -,75116,75,31 August 2026,,
2709,Expositions,GIANNI VERSACE RETROSPECTIVE,,PARIS -,75116,75,31 August 2026,,
2710,Expositions,GIANNI VERSACE RETROSPECTIVE,,PARIS -,75116,75,31 August 2026,,
2711,Expositions,GIANNI VERSACE RETROSPECTIVE,,PARIS -,75116,75,31 August 2026,,
2712,Expositions,GIANNI VERSACE RETROSPECTIVE,,PARIS -,75116,75,31 August 2026,,
2713,Expositions,GIANNI VERSACE RETROSPECTIVE,,PARIS -,75116,75,31 August 2026,,
2714,Concerts,Grand boeuf musical et sa controverse,,PARIS -,75116,75,31 August 2026,,
2715,Expositions,Beyond the streets - store,,PARIS -,75116,75,31 August 2026,,
2716,Concerts,JOJI,,PARIS -,75116,75,01 September 2026,,
2717,Expositions,GIANNI VERSACE RETROSPECTIVE,,PARIS -,75116,75,01 September 2026,,
2718,Concerts,OCT,,PARIS -,75116,75,01 September 2026,,
2719,Concerts,CURRENT JOYS,,PARIS -,75116,75,01 September 2026,,
2720,Expositions,GIANNI VERSACE RETROSPECTIVE,,PARIS -,75116,75,01 September 2026,,
2721,Expositions,GIANNI VERSACE RETROSPECTIVE,,PARIS -,75116,75,01 September 2026,,
2722,Expositions,GIANNI VERSACE RETROSPECTIVE,,PARIS -,75116,75,01 September 2026,,
2723,Expositions,GIANNI VERSACE RETROSPECTIVE,,PARIS -,75116,75,01 September 2026,,
2724,Expositions,GIANNI VERSACE RETROSPECTIVE,,PARIS -,75116,75,01 September 2026,,
2725,Expositions,GIANNI VERSACE RETROSPECTIVE,,PARIS -,75116,75,01 September 2026,,
2726,Expositions,GIANNI VERSACE RETROSPECTIVE,,PARIS -,75116,75,01 September 2026,,
2727,Expositions,GIANNI VERSACE RETROSPECTIVE,,PARIS -,75116,75,01 September 2026,,
2728,Expositions,GIANNI VERSACE RETROSPECTIVE,,PARIS -,75116,75,01 September 2026,,
2729,Expositions,GIANNI VERSACE RETROSPECTIVE,,PARIS -,75116,75,01 September 2026,,
2730,Expositions,GIANNI VERSACE RETROSPECTIVE,,PARIS -,75116,75,01 September 2026,,
2731,Expositions,GIANNI VERSACE RETROSPECTIVE,,PARIS -,75116,75,01 September 2026,,
2732,Expositions,GIANNI VERSACE RETROSPECTIVE,,PARIS -,75116,75,01 September 2026,,
2733,Expositions,GIANNI VERSACE RETROSPECTIVE,,PARIS -,75116,75,01 September 2026,,
2734,Concerts,Joji,,PARIS -,75116,75,01 September 2026,,
2735,Concerts,Oct,,PARIS -,75116,75,01 September 2026,,
2736,Concerts,POLICA,,PARIS -,75116,75,02 September 2026,,
2737,Concerts,THE LIVING TOMBSTONE,,PARIS -,75116,75,02 September 2026,,
2738,Expositions,GIANNI VERSACE RETROSPECTIVE,,PARIS -,75116,75,02 September 2026,,
2739,Concerts,DANCE GAVIN DANCE,,PARIS -,75116,75,02 September 2026,,
2740,Concerts,LAMB,,PARIS -,75116,75,02 September 2026,,
2741,Cirques,Babel,,PARIS -,75116,75,02 September 2026,,
2742,Expositions,GIANNI VERSACE RETROSPECTIVE,,PARIS -,75116,75,02 September 2026,,
2743,Expositions,GIANNI VERSACE RETROSPECTIVE,,PARIS -,75116,75,02 September 2026,,
2744,Expositions,GIANNI VERSACE RETROSPECTIVE,,PARIS -,75116,75,02 September 2026,,
2745,Expositions,GIANNI VERSACE RETROSPECTIVE,,PARIS -,75116,75,02 September 2026,,
2746,Expositions,GIANNI VERSACE RETROSPECTIVE,,PARIS -,75116,75,02 September 2026,,
2747,Expositions,GIANNI VERSACE RETROSPECTIVE,,PARIS -,75116,75,02 September 2026,,
2748,Expositions,GIANNI VERSACE RETROSPECTIVE,,PARIS -,75116,75,02 September 2026,,
2749,Expositions,GIANNI VERSACE RETROSPECTIVE,,PARIS -,75116,75,02 September 2026,,
2750,Expositions,GIANNI VERSACE RETROSPECTIVE,,PARIS -,75116,75,02 September 2026,,
2751,Expositions,GIANNI VERSACE RETROSPECTIVE,,PARIS -,75116,75,02 September 2026,,
2752,Expositions,GIANNI VERSACE RETROSPECTIVE,,PARIS -,75116,75,02 September 2026,,
2753,Expositions,GIANNI VERSACE RETROSPECTIVE,,PARIS -,75116,75,02 September 2026,,
2754,Expositions,GIANNI VERSACE RETROSPECTIVE,,PARIS -,75116,75,02 September 2026,,
2755,Expositions,GIANNI VERSACE RETROSPECTIVE,,PARIS -,75116,75,02 September 2026,,
2756,Concerts,Victoria sio une voix un piano,,PARIS -,75116,75,02 September 2026,,
2757,Concerts,Polica,,PARIS -,75116,75,02 September 2026,,
2758,Concerts,The living tombstone,,PARIS -,75116,75,02 September 2026,,
2759,Concerts,Dance gavin dance,,PARIS -,75116,75,02 September 2026,,
2760,Concerts,Dance gavin dance,,PARIS -,75116,75,02 September 2026,,
2761,Concerts,Dance gavin dance,,PARIS -,75116,75,02 September 2026,,
2762,Concerts,Prestation dance gavin dance,,PARIS -,75116,75,02 September 2026,,
2763,Concerts,Dance gavin dance,,PARIS -,75116,75,02 September 2026,,
2764,Classique et opera,De l'ombre a la lumiere,,PARIS -,75116,75,03 September 2026,,
2765,Concerts,BABY KEEM,,PARIS -,75116,75,03 September 2026,,
2766,Expositions,GIANNI VERSACE RETROSPECTIVE,,PARIS -,75116,75,03 September 2026,,
2767,Concerts,MISSIO,,PARIS -,75116,75,03 September 2026,,
2768,Expositions,GIANNI VERSACE RETROSPECTIVE,,PARIS -,75116,75,03 September 2026,,
2769,Expositions,GIANNI VERSACE RETROSPECTIVE,,PARIS -,75116,75,03 September 2026,,
2770,Expositions,GIANNI VERSACE RETROSPECTIVE,,PARIS -,75116,75,03 September 2026,,
2771,Expositions,GIANNI VERSACE RETROSPECTIVE,,PARIS -,75116,75,03 September 2026,,
2772,Expositions,GIANNI VERSACE RETROSPECTIVE,,PARIS -,75116,75,03 September 2026,,
2773,Expositions,GIANNI VERSACE RETROSPECTIVE,,PARIS -,75116,75,03 September 2026,,
2774,Expositions,GIANNI VERSACE RETROSPECTIVE,,PARIS -,75116,75,03 September 2026,,
2775,Expositions,GIANNI VERSACE RETROSPECTIVE,,PARIS -,75116,75,03 September 2026,,
2776,Expositions,GIANNI VERSACE RETROSPECTIVE,,PARIS -,75116,75,03 September 2026,,
2777,Expositions,GIANNI VERSACE RETROSPECTIVE,,PARIS -,75116,75,03 September 2026,,
2778,Expositions,GIANNI VERSACE RETROSPECTIVE,,PARIS -,75116,75,03 September 2026,,
2779,Expositions,GIANNI VERSACE RETROSPECTIVE,,PARIS -,75116,75,03 September 2026,,
2780,Expositions,GIANNI VERSACE RETROSPECTIVE,,PARIS -,75116,75,03 September 2026,,
2781,Expositions,GIANNI VERSACE RETROSPECTIVE,,PARIS -,75116,75,03 September 2026,,
2782,Expositions,GIANNI VERSACE RETROSPECTIVE,,PARIS -,75116,75,03 September 2026,,
2783,Expositions,GIANNI VERSACE RETROSPECTIVE,,PARIS -,75116,75,03 September 2026,,
2784,Expositions,GIANNI VERSACE RETROSPECTIVE,,PARIS -,75116,75,03 September 2026,,
2785,Expositions,GIANNI VERSACE RETROSPECTIVE,,PARIS -,75116,75,03 September 2026,,
2786,Expositions,GIANNI VERSACE RETROSPECTIVE,,PARIS -,75116,75,03 September 2026,,
2787,Expositions,GIANNI VERSACE RETROSPECTIVE,,PARIS -,75116,75,03 September 2026,,
2788,Concerts,Baby keem,,PARIS -,75116,75,03 September 2026,,
2789,Concerts,Prestation baby keem,,PARIS -,75116,75,03 September 2026,,
2790,Concerts,Baby keem,,PARIS -,75116,75,03 September 2026,,
2791,Théatres,Patrick le chinois dans itinéraire bis,,PARIS -,75116,75,03 September 2026,,
2792,Classique et opera,Cherche piano aqueux,,PARIS -,75116,75,04 September 2026,,
2793,Concerts,"Les 4 Saisons de Vivaldi, Ave Maria, Concerto de Mendelssohn",,PARIS -,75116,75,04 September 2026,,
2794,Concerts,YEBBA,,PARIS -,75116,75,04 September 2026,,
2795,Expositions,GIANNI VERSACE RETROSPECTIVE,,PARIS -,75116,75,04 September 2026,,
2796,Concerts,ROYAL &amp; THE SERPENT,,PARIS -,75116,75,04 September 2026,,
2797,Concerts,BINI,,PARIS -,75116,75,04 September 2026,,
2798,Concerts,VIOLET GROHL,,PARIS -,75116,75,04 September 2026,,
2799,Concerts,Plk,,PARIS -,75116,75,04 September 2026,,
2800,Expositions,GIANNI VERSACE RETROSPECTIVE,,PARIS -,75116,75,04 September 2026,,
2801,Expositions,GIANNI VERSACE RETROSPECTIVE,,PARIS -,75116,75,04 September 2026,,
2802,Expositions,GIANNI VERSACE RETROSPECTIVE,,PARIS -,75116,75,04 September 2026,,
2803,Expositions,GIANNI VERSACE RETROSPECTIVE,,PARIS -,75116,75,04 September 2026,,
2804,Expositions,GIANNI VERSACE RETROSPECTIVE,,PARIS -,75116,75,04 September 2026,,
2805,Expositions,GIANNI VERSACE RETROSPECTIVE,,PARIS -,75116,75,04 September 2026,,
2806,Expositions,GIANNI VERSACE RETROSPECTIVE,,PARIS -,75116,75,04 September 2026,,
2807,Expositions,GIANNI VERSACE RETROSPECTIVE,,PARIS -,75116,75,04 September 2026,,
2808,Expositions,GIANNI VERSACE RETROSPECTIVE,,PARIS -,75116,75,04 September 2026,,
2809,Expositions,GIANNI VERSACE RETROSPECTIVE,,PARIS -,75116,75,04 September 2026,,
2810,Expositions,GIANNI VERSACE RETROSPECTIVE,,PARIS -,75116,75,04 September 2026,,
2811,Expositions,GIANNI VERSACE RETROSPECTIVE,,PARIS -,75116,75,04 September 2026,,
2812,Expositions,GIANNI VERSACE RETROSPECTIVE,,PARIS -,75116,75,04 September 2026,,
2813,Expositions,GIANNI VERSACE RETROSPECTIVE,,PARIS -,75116,75,04 September 2026,,
2814,Théatres,Mes battements,,PARIS -,75116,75,04 September 2026,,
2815,Concerts,Yebba,,PARIS -,75116,75,04 September 2026,,
2816,Concerts,Royal & the serpent,,PARIS -,75116,75,04 September 2026,,
2817,Evènements,Portes ouvertes club de loisirs pour célibataires,,PARIS -,75116,75,05 September 2026,,
2818,Concerts,WITCHZ,,PARIS -,75116,75,05 September 2026,,
2819,Classique et opera,Operanimaux,,PARIS -,75116,75,05 September 2026,,
2820,Classique et opera,Trilogue,,PARIS -,75116,75,05 September 2026,,
2821,Classique et opera,Les nouveaux talents du lyrique,,PARIS -,75116,75,05 September 2026,,
2822,Humour et one (wo)man show,Sacko camara,,PARIS -,75116,75,05 September 2026,,
2823,Expositions,GIANNI VERSACE RETROSPECTIVE,,PARIS -,75116,75,05 September 2026,,
2824,Concerts,4 Saisons de Vivaldi Intégrale / Petite Musique de Nuit de Mozar,,PARIS -,75116,75,05 September 2026,,
2825,Concerts,SHE'S GREEN,,PARIS -,75116,75,05 September 2026,,
2826,Concerts,SAMARA CYN,,PARIS -,75116,75,05 September 2026,,
2827,Concerts,RONNIE WOOD AND HIS BAND,,PARIS -,75116,75,05 September 2026,,
2828,Concerts,SYD,,PARIS -,75116,75,05 September 2026,,
2829,Concerts,Plk,,PARIS -,75116,75,05 September 2026,,
2830,Expositions,GIANNI VERSACE RETROSPECTIVE,,PARIS -,75116,75,05 September 2026,,
2831,Expositions,GIANNI VERSACE RETROSPECTIVE,,PARIS -,75116,75,05 September 2026,,
2832,Expositions,GIANNI VERSACE RETROSPECTIVE,,PARIS -,75116,75,05 September 2026,,
2833,Expositions,GIANNI VERSACE RETROSPECTIVE,,PARIS -,75116,75,05 September 2026,,
2834,Expositions,GIANNI VERSACE RETROSPECTIVE,,PARIS -,75116,75,05 September 2026,,
2835,Expositions,GIANNI VERSACE RETROSPECTIVE,,PARIS -,75116,75,05 September 2026,,
2836,Expositions,GIANNI VERSACE RETROSPECTIVE,,PARIS -,75116,75,05 September 2026,,
2837,Expositions,GIANNI VERSACE RETROSPECTIVE,,PARIS -,75116,75,05 September 2026,,
2838,Expositions,GIANNI VERSACE RETROSPECTIVE,,PARIS -,75116,75,05 September 2026,,
2839,Expositions,GIANNI VERSACE RETROSPECTIVE,,PARIS -,75116,75,05 September 2026,,
2840,Expositions,GIANNI VERSACE RETROSPECTIVE,,PARIS -,75116,75,05 September 2026,,
2841,Expositions,GIANNI VERSACE RETROSPECTIVE,,PARIS -,75116,75,05 September 2026,,
2842,Expositions,GIANNI VERSACE RETROSPECTIVE,,PARIS -,75116,75,05 September 2026,,
2843,Expositions,GIANNI VERSACE RETROSPECTIVE,,PARIS -,75116,75,05 September 2026,,
2844,Concerts,Witchz,,PARIS -,75116,75,05 September 2026,,
2845,Concerts,Ines de la misericorde,,PARIS -,75116,75,05 September 2026,,
2846,Parc,Aquaboulevard de paris - haute saison,,PARIS -,75116,75,06 September 2026,,
2847,Classique et opera,Un cabaret classique,,PARIS -,75116,75,06 September 2026,,
2848,Parc,Parc aqualand france,,France -,75000,75,06 September 2026,,
2849,Concerts,EARL SWEATSHIRT &amp; MIKE,,PARIS -,75116,75,06 September 2026,,
2850,Concerts,LILY FITTS,,PARIS -,75116,75,06 September 2026,,
2851,Expositions,GIANNI VERSACE RETROSPECTIVE,,PARIS -,75116,75,06 September 2026,,
2852,Concerts,ALLEGAEON + GOROD,,PARIS -,75116,75,06 September 2026,,
2853,Expositions,GIANNI VERSACE RETROSPECTIVE,,PARIS -,75116,75,06 September 2026,,
2854,Expositions,GIANNI VERSACE RETROSPECTIVE,,PARIS -,75116,75,06 September 2026,,
2855,Expositions,GIANNI VERSACE RETROSPECTIVE,,PARIS -,75116,75,06 September 2026,,
2856,Expositions,GIANNI VERSACE RETROSPECTIVE,,PARIS -,75116,75,06 September 2026,,
2857,Expositions,GIANNI VERSACE RETROSPECTIVE,,PARIS -,75116,75,06 September 2026,,
2858,Expositions,GIANNI VERSACE RETROSPECTIVE,,PARIS -,75116,75,06 September 2026,,
2859,Expositions,GIANNI VERSACE RETROSPECTIVE,,PARIS -,75116,75,06 September 2026,,
2860,Expositions,GIANNI VERSACE RETROSPECTIVE,,PARIS -,75116,75,06 September 2026,,
2861,Expositions,GIANNI VERSACE RETROSPECTIVE,,PARIS -,75116,75,06 September 2026,,
2862,Expositions,GIANNI VERSACE RETROSPECTIVE,,PARIS -,75116,75,06 September 2026,,
2863,Expositions,GIANNI VERSACE RETROSPECTIVE,,PARIS -,75116,75,06 September 2026,,
2864,Expositions,GIANNI VERSACE RETROSPECTIVE,,PARIS -,75116,75,06 September 2026,,
2865,Expositions,GIANNI VERSACE RETROSPECTIVE,,PARIS -,75116,75,06 September 2026,,
2866,Expositions,GIANNI VERSACE RETROSPECTIVE,,PARIS -,75116,75,06 September 2026,,
2867,Concerts,Earl sweatshirt & mike,,PARIS -,75116,75,06 September 2026,,
2868,Expositions,Károly ferenczy - modernité hongroise,,PARIS -,75116,75,06 September 2026,,
2869,Concerts,Lily fitts,,PARIS -,75116,75,06 September 2026,,
2870,Concerts,Allegaeon + gorod,,PARIS -,75116,75,06 September 2026,,
2871,Concerts,ZEYNE,,PARIS -,75116,75,07 September 2026,,
2872,Concerts,Zeyne,,PARIS -,75116,75,07 September 2026,,
2873,Concerts,The Dresden Dolls,,PARIS -,75116,75,08 September 2026,,
2874,Humour et one (wo)man show,Thomas green,,PARIS -,75116,75,08 September 2026,,
2875,Concerts,THE NEIGHBOURHOOD,,PARIS -,75116,75,08 September 2026,,
2876,Concerts,THE SONG OF JEFF BUCKLEY PERFORMED BY SLOW PILOT,,PARIS -,75116,75,08 September 2026,,
2877,Spectacles,THOMAS GREEN,,PARIS -,75116,75,08 September 2026,,
2878,Concerts,ATLAS,,PARIS -,75116,75,08 September 2026,,
2879,Divers,TRANSFERT - LES 10 ANS !,,PARIS -,75116,75,08 September 2026,,
2880,Concerts,BILLY CORGAN,,PARIS -,75116,75,08 September 2026,,
2881,Concerts,The neighbourhood,,PARIS -,75116,75,08 September 2026,,
2882,Concerts,The song of jeff buckley,,PARIS -,75116,75,08 September 2026,,
2883,Humour et one (wo)man show,Jarry,,PARIS -,75116,75,09 September 2026,,
2884,Spectacles,JARRY,,PARIS -,75116,75,09 September 2026,,
2885,Concerts,OLIVER TREE,,PARIS -,75116,75,09 September 2026,,
2886,Concerts,BILLY CORGAN,,PARIS -,75116,75,09 September 2026,,
2887,Concerts,DANIEL CAESAR,,PARIS -,75116,75,09 September 2026,,
2888,Concerts,KATSEYE,,PARIS -,75116,75,09 September 2026,,
2889,Humour et one (wo)man show,Mam'issabre,,PARIS -,75116,75,10 September 2026,,
2890,Concerts,ISABEL VAN GELDER,,PARIS -,75116,75,10 September 2026,,
2891,Spectacles,JARRY,,PARIS -,75116,75,10 September 2026,,
2892,Théatres,Un ouvrage de dames,,PARIS -,75116,75,10 September 2026,,
2893,Concerts,Isabel van gelder,,PARIS -,75116,75,10 September 2026,,
2894,Théatres,Article 353 du code pénal,,PARIS -,75116,75,10 September 2026,,
2895,Concerts,Buika,,PARIS -,75116,75,10 September 2026,,
2896,Théatres,Un soupçon d'amitié,,PARIS -,75116,75,10 September 2026,,
2897,Concerts,La Coka Nostra - PARIS - 11/09/26,,PARIS -,75116,75,11 September 2026,,
2898,Concerts,Les Grands Airs d'Opéra,,PARIS -,75116,75,11 September 2026,,
2899,Concerts,Ans-T Crazy,,PARIS -,75116,75,11 September 2026,,
2900,Spectacles,JARRY,,PARIS -,75116,75,11 September 2026,,
2901,Concerts,BLEECH 9:3,,PARIS -,75116,75,11 September 2026,,
2902,Concerts,Ryon fête ses 10 ans à la Maroquinerie,,PARIS -,75116,75,11 September 2026,,
2903,Concerts,Ans-t crazy,,PARIS -,75116,75,11 September 2026,,
2904,Concerts,Bleech 9:3,,PARIS -,75116,75,11 September 2026,,
2905,Concerts,CARBONNE,,PARIS -,75116,75,12 September 2026,,
2906,Spectacle et comedie musicale,Le roi soleil,,PARIS -,75116,75,12 September 2026,,
2907,Concerts,JACOB COLLIER,,PARIS -,75116,75,12 September 2026,,
2908,Concerts,MAIAH MANSER,,PARIS -,75116,75,12 September 2026,,
2909,Concerts,MARIE SARAH,,PARIS -,75116,75,12 September 2026,,
2910,Concerts,"Les 4 Saisons de Vivaldi, Ave Maria et Célèbres Concertos",,PARIS -,75116,75,12 September 2026,,
2911,Concerts,NICK WEST,,PARIS -,75116,75,12 September 2026,,
2912,Concerts,ECCA VANDAL,,PARIS -,75116,75,12 September 2026,,
2913,Concerts,Carbonne,,PARIS -,75116,75,12 September 2026,,
2914,Concerts,Jacob collier,,PARIS -,75116,75,12 September 2026,,
2915,Concerts,Maiah manser,,PARIS -,75116,75,12 September 2026,,
2916,Concerts,Marie sarah,,PARIS -,75116,75,12 September 2026,,
2917,Humour et one (wo)man show,Absolutely hilarious,,PARIS -,75116,75,13 September 2026,,
2918,Concerts,OS GAROTIN,,PARIS -,75116,75,13 September 2026,,
2919,Expositions,Saison expositions printemps - été 2026,,PARIS -,75116,75,13 September 2026,,
2920,Concerts,Os garotin,,PARIS -,75116,75,13 September 2026,,
2921,Humour et one (wo)man show,David castello-lopes,,PARIS -,75116,75,14 September 2026,,
2922,Concerts,ALL THE FEELINGS TOUR,,PARIS -,75116,75,15 September 2026,,
2923,Concerts,FOY VANCE,,PARIS -,75116,75,15 September 2026,,
2924,Concerts,HOLLY HUMBERSTONE,,PARIS -,75116,75,15 September 2026,,
2925,Concerts,MELANIE MARTINEZ,,PARIS -,75116,75,15 September 2026,,
2926,Concerts,SIGH + DEVIL MASTER,,PARIS -,75116,75,15 September 2026,,
2927,Concerts,Foy vance,,PARIS -,75116,75,15 September 2026,,
2928,Concerts,"Metric, broken social scene, and stars",,PARIS -,75116,75,15 September 2026,,
2929,Concerts,"Metric, broken social scene, and stars",,PARIS -,75116,75,15 September 2026,,
2930,Concerts,Holly humberstone,,PARIS -,75116,75,15 September 2026,,
2931,Concerts,Mona Guba,,PARIS -,75116,75,16 September 2026,,
2932,Concerts,ANUV JAIN,,PARIS -,75116,75,16 September 2026,,
2933,Humour et one (wo)man show,Eugie,,PARIS -,75116,75,16 September 2026,,
2934,Concerts,"Les 4 Saisons de Vivaldi, Ave Maria et Célèbres Adagios",,PARIS -,75116,75,16 September 2026,,
2935,Concerts,BODEGA,,PARIS -,75116,75,16 September 2026,,
2936,Concerts,ONLY THE POETS,,PARIS -,75116,75,16 September 2026,,
2937,Concerts,Anuv jain,,PARIS -,75116,75,16 September 2026,,
2938,Concerts,Mona guba,,PARIS -,75116,75,16 September 2026,,
2939,Concerts,TY SEGALL,,PARIS -,75116,75,17 September 2026,,
2940,Concerts,JUDAS PRIEST,,PARIS -,75116,75,17 September 2026,,
2941,Humour et one (wo)man show,Cédric salaun,,PARIS -,75116,75,17 September 2026,,
2942,Concerts,EVANESCENCE,,PARIS -,75116,75,17 September 2026,,
2943,Humour et one (wo)man show,Manon bril,,PARIS -,75116,75,17 September 2026,,
2944,Humour et one (wo)man show,Ana godefroy,,PARIS -,75116,75,17 September 2026,,
2945,Concerts,JULIE ZENATTI,,PARIS -,75116,75,17 September 2026,,
2946,Concerts,JOSEPH SCHIANO DI LOMBO,,PARIS -,75116,75,17 September 2026,,
2947,Concerts,JOSEPH SCHIANO DI LOMBO,,PARIS -,75116,75,17 September 2026,,
2948,Concerts,Evanescence,,PARIS -,75116,75,17 September 2026,,
2949,Concerts,Julie zenatti,,PARIS -,75116,75,17 September 2026,,
2950,Concerts,Guitar night project,,PARIS -,75116,75,17 September 2026,,
2951,Concerts,Ty segall,,PARIS -,75116,75,17 September 2026,,
2952,Concerts,Judas priest,,PARIS -,75116,75,17 September 2026,,
2953,Théatres,Novecento,,PARIS -,75116,75,17 September 2026,,
2954,Bals Danses,bal folk,Thêatre de Verre 12 rue Henri Ribière Paris 19ème,PARIS,75116,75,18 September 2026,,
2955,Brocantes,"vide-greniers rue de la Banque, place de la Bourse et place des Petits Pères",,PARIS -,75116,75,18 September 2026,19 June 2026,
2956,Humour et one (wo)man show,Antek,,PARIS -,75116,75,18 September 2026,,
2957,Humour et one (wo)man show,Charles brunet,,PARIS -,75116,75,18 September 2026,,
2958,Concerts,Concert Gospel Hélios à l'Église Saint Philippe du Roule,,PARIS -,75116,75,18 September 2026,,
2959,Concerts,SIDIKI DIABATE,,PARIS -,75116,75,18 September 2026,,
2960,Concerts,OSAMASON,,PARIS -,75116,75,18 September 2026,,
2961,Théatres,Laponie,,PARIS -,75116,75,18 September 2026,,
2962,Jeux-sports,Hexagone mma winamax - paris 18/09/2026,,PARIS -,75116,75,18 September 2026,,
2963,Jeux-sports,Prestation hexagone mma - paris,,PARIS -,75116,75,18 September 2026,,
2964,Concerts,EINAR SOLBERG,,PARIS -,75116,75,19 September 2026,,
2965,Humour et one (wo)man show,"Marie de brauer "" en spectacle""",,PARIS -,75116,75,19 September 2026,,
2966,Humour et one (wo)man show,Emy,,PARIS -,75116,75,19 September 2026,,
2967,Humour et one (wo)man show,Morgane cadignan,,PARIS -,75116,75,19 September 2026,,
2968,Concerts,Requiem de Mozart / Boléro de Ravel,,PARIS -,75116,75,19 September 2026,,
2969,Soirée,"Nocturnal Bloodlust ""Soirée Dark Romance""",,PARIS -,75116,75,19 September 2026,,
2970,Concerts,NONO LA GRINTA,,PARIS -,75116,75,19 September 2026,,
2971,Concerts,THE PUSSYCAT DOLLS,,PARIS -,75116,75,19 September 2026,,
2972,Concerts,RAWAYANA,,PARIS -,75116,75,19 September 2026,,
2973,Concerts,HIGHWAY + HIGH-SCHOOL MOTHERFUCKERS,,PARIS -,75116,75,19 September 2026,,
2974,Concerts,AEPHANEMER,,PARIS -,75116,75,19 September 2026,,
2975,Spectacles,MASOOD BOOMGAARD,,PARIS -,75116,75,19 September 2026,,
2976,Concerts,Vundabar + Yot Club,,PARIS -,75116,75,19 September 2026,,
2977,Concerts,JEANNE MAS,,PARIS -,75116,75,19 September 2026,,
2978,Concerts,MAMAS GUN,,PARIS -,75116,75,19 September 2026,,
2979,Concerts,NARUTO SYMPHONIC EXPERIENCE,,PARIS -,75116,75,19 September 2026,,
2980,Concerts,NARUTO SHIPPUDEN SYMPHONIC EXPERIENCE,,PARIS -,75116,75,19 September 2026,,
2981,Concerts,Kader japonais,,PARIS -,75116,75,19 September 2026,,
2982,Concerts,Einar solberg,,PARIS -,75116,75,19 September 2026,,
2983,Concerts,Nocturnal bloodlust soirée dark romance,,PARIS -,75116,75,19 September 2026,,
2984,Concerts,Nono la grinta,,PARIS -,75116,75,19 September 2026,,
2985,Concerts,Rawayana,,PARIS -,75116,75,19 September 2026,,
2986,Concerts,The pussycat dolls,,PARIS -,75116,75,19 September 2026,,
2987,Théatres,Les aventures de pinocchio,,PARIS -,75116,75,19 September 2026,,
2988,Concerts,Highway + high-school motherfuckers,,PARIS -,75116,75,19 September 2026,,
2989,Concerts,Aephanemer,,PARIS -,75116,75,19 September 2026,,
2990,Humour et one (wo)man show,Chon ke choun,,PARIS -,75116,75,20 September 2026,,
2991,Concerts,LiSA,,PARIS -,75116,75,20 September 2026,,
2992,Concerts,THE BOOTLEG BEATLES,,PARIS -,75116,75,20 September 2026,,
2993,Concerts,Lisa,,PARIS -,75116,75,20 September 2026,,
2994,Concerts,Lisa,,PARIS -,75116,75,20 September 2026,,
2995,Concerts,Prestation lisa,,PARIS -,75116,75,20 September 2026,,
2996,Concerts,Lisa,,PARIS -,75116,75,20 September 2026,,
2997,Expositions,Révéler le féminin - mode & apparences,,PARIS -,75116,75,20 September 2026,,
2998,Théatres,Jerusalem,,PARIS -,75116,75,20 September 2026,,
2999,Théatres,Guy de maupassant - le horla,,PARIS -,75116,75,20 September 2026,,
3000,Théatres,"Chevaliers, princesse et dragon",,PARIS -,75116,75,20 September 2026,,
3001,Concerts,MEGAN MORONEY,,PARIS -,75116,75,21 September 2026,,
3002,Concerts,HAVOK + BLOOD RED THRONE + XONOR + ERADIKATED,,PARIS -,75116,75,21 September 2026,,
3003,Concerts,Megan moroney,,PARIS -,75116,75,21 September 2026,,
3004,Concerts,Prestation megan moroney,,PARIS -,75116,75,21 September 2026,,
3005,Concerts,Megan moroney,,PARIS -,75116,75,21 September 2026,,
3006,Concerts,THE LANSKIES,,PARIS -,75116,75,22 September 2026,,
3007,Concerts,MANIA THE ABBA TRIBUTE,,PARIS -,75116,75,22 September 2026,,
3008,Concerts,UNDERTALE,,PARIS -,75116,75,22 September 2026,,
3009,Concerts,XANDRIA + Seven Spires + Tulip,,PARIS -,75116,75,22 September 2026,,
3010,Concerts,DEVIN TOWNSEND,,PARIS -,75116,75,22 September 2026,,
3011,Concerts,Mania the abba tribute,,PARIS -,75116,75,22 September 2026,,
3012,Concerts,The lanskies,,PARIS -,75116,75,22 September 2026,,
3013,Concerts,Undertale,,PARIS -,75116,75,22 September 2026,,
3014,Humour et one (wo)man show,Tristan lopin,,PARIS -,75116,75,23 September 2026,,
3015,Concerts,BLACK STONE CHERRY,,PARIS -,75116,75,23 September 2026,,
3016,Humour et one (wo)man show,Tova leigh,,PARIS -,75116,75,23 September 2026,,
3017,Humour et one (wo)man show,Camille tissot,,PARIS -,75116,75,23 September 2026,,
3018,Spectacles,TOVA LEIGH,,PARIS -,75116,75,23 September 2026,,
3019,Concerts,VOXTROT,,PARIS -,75116,75,23 September 2026,,
3020,Concerts,ANGRA,,PARIS -,75116,75,23 September 2026,,
3021,Concerts,UNDERTALE,,PARIS -,75116,75,23 September 2026,,
3022,Concerts,WOLFGANG VOIGT PRESENTS GAS LIVE,,PARIS -,75116,75,23 September 2026,,
3023,Concerts,PALE WAVES,,PARIS -,75116,75,23 September 2026,,
3024,Concerts,LILYISTHATYOU,,PARIS -,75116,75,23 September 2026,,
3025,Concerts,10 YEARS OF 6LACK TOUR,,PARIS -,75116,75,23 September 2026,,
3026,Concerts,Black stone cherry,,PARIS -,75116,75,23 September 2026,,
3027,Concerts,Voxtrot,,PARIS -,75116,75,23 September 2026,,
3028,Concerts,Angra,,PARIS -,75116,75,23 September 2026,,
3029,Théatres,Oh les beaux jours,,PARIS -,75116,75,23 September 2026,,
3030,Concerts,Wolfgang voigt presents gas live,,PARIS -,75116,75,23 September 2026,,
3031,Concerts,CORY HANSON,,PARIS -,75116,75,24 September 2026,,
3032,Concerts,JUSTENIELS,,PARIS -,75116,75,24 September 2026,,
3033,Concerts,LA MAISON TELLIER,,PARIS -,75116,75,24 September 2026,,
3034,Spectacle et comedie musicale,Drag race france live saison 4,,PARIS -,75116,75,24 September 2026,,
3035,Spectacles,DRAG RACE FRANCE LIVE,,PARIS -,75116,75,24 September 2026,,
3036,Humour et one (wo)man show,Ilyes djadel,,PARIS -,75116,75,24 September 2026,,
3037,Concerts,Les 4 Saisons de Vivaldi Intégrale / Petite Musique de Nuit,,PARIS -,75116,75,24 September 2026,,
3038,Concerts,ELLA MAI,,PARIS -,75116,75,24 September 2026,,
3039,Concerts,Justeniels,,PARIS -,75116,75,24 September 2026,,
3040,Concerts,Ella mai,,PARIS -,75116,75,24 September 2026,,
3041,Concerts,Drug Church + Alvilda + Liquid Mike + Immatures,,PARIS 19èME ARRONDISSEMENT -,75019,75,24 September 2026,,
3042,Concerts,Letz Zep en tournée en France et au Grand Rex à Paris le 25 septembre !,,PARIS -,75116,75,25 September 2026,,
3043,Spectacles,DRAG RACE FRANCE LIVE,,PARIS -,75116,75,25 September 2026,,
3044,Classique et opera,Les quatre saisons,,PARIS -,75116,75,25 September 2026,,
3045,Humour et one (wo)man show,Guillaume guisset,,PARIS -,75116,75,25 September 2026,,
3046,Humour et one (wo)man show,Nadim,,PARIS -,75116,75,25 September 2026,,
3047,Concerts,LETZ ZEP,,PARIS -,75116,75,25 September 2026,,
3048,Concerts,"Les 4 Saisons de Vivaldi, Ave Maria et Célèbres Adagios",,PARIS -,75116,75,25 September 2026,,
3049,Concerts,ALEA JACTA EST - 20 YEARS - PARIS,,PARIS -,75116,75,25 September 2026,,
3050,Jeux-sports,ARES 43 Paris - MMA,,PARIS -,75116,75,25 September 2026,,
3051,Concerts,CORONER,,PARIS -,75116,75,25 September 2026,,
3052,Concerts,MULAA JOANS,,PARIS -,75116,75,25 September 2026,,
3053,Concerts,Nirvana uk,,PARIS -,75116,75,25 September 2026,,
3054,Concerts,NIRVANA UK,,PARIS -,75116,75,25 September 2026,,
3055,Concerts,Letz zep,,PARIS -,75116,75,25 September 2026,,
3056,Jeux-sports,Ares 43 paris - mma,,PARIS -,75116,75,25 September 2026,,
3057,Concerts,Coroner,,PARIS -,75116,75,25 September 2026,,
3058,Spectacles,MATTEO LANE,,PARIS -,75116,75,26 September 2026,,
3059,Spectacles,DRAG RACE FRANCE LIVE,,PARIS -,75116,75,26 September 2026,,
3060,Jeux-sports,INTERNATIONAUX DE FRANCE DE GYMNASTIQUE,,PARIS -,75116,75,26 September 2026,,
3061,Concerts,NATHAN FAKE AV Live,,PARIS -,75116,75,26 September 2026,,
3062,Concerts,BATBAT,,PARIS -,75116,75,26 September 2026,,
3063,Concerts,JOLINA LOUISE,,PARIS -,75116,75,26 September 2026,,
3064,Concerts,AJNA,,PARIS -,75116,75,26 September 2026,,
3065,Concerts,"Les 4 Saisons de Vivaldi, Ave Maria, Concerto de Mendelssohn",,PARIS -,75116,75,26 September 2026,,
3066,Concerts,RHIANNON GIDDENS,,PARIS -,75116,75,26 September 2026,,
3067,Concerts,HAKEN,,PARIS -,75116,75,26 September 2026,,
3068,Concerts,CHXRRY,,PARIS -,75116,75,26 September 2026,,
3069,Jeux-sports,Gym paris - internationaux de france,,PARIS -,75116,75,26 September 2026,,
3070,Théatres,Le mariage de figaro,,PARIS -,75116,75,26 September 2026,,
3071,Concerts,Cake,,PARIS -,75116,75,26 September 2026,,
3072,Concerts,Nathan fake av live,,PARIS -,75116,75,26 September 2026,,
3073,Concerts,Jolina louise,,PARIS -,75116,75,26 September 2026,,
3074,Concerts,Ajna,,PARIS -,75116,75,26 September 2026,,
3075,Humour et one (wo)man show,Titoff,,PARIS -,75116,75,27 September 2026,,
3076,Jeux-sports,INTERNATIONAUX DE FRANCE DE GYMNASTIQUE,,PARIS -,75116,75,27 September 2026,,
3077,Spectacles,TITOFF,,PARIS -,75116,75,27 September 2026,,
3078,Concerts,THE LONGEST JOHNS,,PARIS -,75116,75,27 September 2026,,
3079,Concerts,NASH,,PARIS -,75116,75,27 September 2026,,
3080,Concerts,THE AFGHAN WHIGS,,PARIS -,75116,75,27 September 2026,,
3081,Théatres,Plus fort que l'oubli,,PARIS -,75116,75,27 September 2026,,
3082,Concerts,The longest johns,,PARIS -,75116,75,27 September 2026,,
3083,Humour et one (wo)man show,David sun,,PARIS -,75116,75,28 September 2026,,
3084,Concerts,SHADOW OF INTENT + ABORTED + DISEMBODIED TYRANT + SOREPTION,,PARIS -,75116,75,28 September 2026,,
3085,Concerts,1000MODS + FRENZEE + GRIM RHYTHM,,PARIS -,75116,75,28 September 2026,,
3086,Concerts,Shadow of intent + aborted,,PARIS -,75116,75,28 September 2026,,
3087,Concerts,1000mods + grim rhythm,,PARIS -,75116,75,28 September 2026,,
3088,Humour et one (wo)man show,Turbopaolo,,PARIS -,75116,75,29 September 2026,,
3089,Concerts,FEAR FACTORY,,PARIS -,75116,75,29 September 2026,,
3090,Concerts,CA7RIEL &amp; PACO AMOROSO,,PARIS -,75116,75,29 September 2026,,
3091,Concerts,Keziah jones symphonique,,PARIS -,75116,75,29 September 2026,,
3092,Concerts,Fear factory,,PARIS -,75116,75,29 September 2026,,
3093,Concerts,Ca7riel & paco amoroso,,PARIS -,75116,75,29 September 2026,,
3094,Concerts,Ca7riel & paco amoroso,,PARIS -,75116,75,29 September 2026,,
3095,Loisirs et tourisme,Realite virtuelle : la tour eiffel,,PARIS -,75116,75,30 September 2026,,
3096,Loisirs et tourisme,Realite virtuelle : le louvre,,PARIS -,75116,75,30 September 2026,,
3097,Concerts,GOOD KID,,PARIS -,75116,75,30 September 2026,,
3098,Spectacles,DRAG RACE FRANCE LIVE,,PARIS -,75116,75,30 September 2026,,
3099,Loisirs et tourisme,Pantheon - haute saison,,PARIS -,75116,75,30 September 2026,,
3100,Loisirs et tourisme,Arc de triomphe - haute saison,,PARIS -,75116,75,30 September 2026,,
3101,Concerts,"Les 4 Saisons de Vivaldi, Ave Maria et Célèbres Concertos",,PARIS -,75116,75,30 September 2026,,
3102,Concerts,A$AP ROCKY - DON'T BE DUMB WORLD TOUR,,PARIS -,75116,75,30 September 2026,,
3103,Concerts,LOREEN,,PARIS -,75116,75,30 September 2026,,
3104,Concerts,Prestation good kid,,PARIS -,75116,75,30 September 2026,,
3105,Concerts,Good kid,,PARIS -,75116,75,30 September 2026,,
3106,Concerts,A$ap rocky - don't be dumb world tour,,PARIS -,75116,75,30 September 2026,,
3107,Concerts,A$ap rocky - don't be dumb world tour,,PARIS -,75116,75,30 September 2026,,
3108,Concerts,Loreen,,PARIS -,75116,75,30 September 2026,,
3109,Concerts,Amenra,,PARIS -,75116,75,30 September 2026,,
3110,Humour et one (wo)man show,Berengere krief,,PARIS -,75116,75,01 October 2026,,
3111,Danse,Le lac des cygnes - ballet et orchestre,,PARIS -,75116,75,01 October 2026,,
3112,Spectacles,DRAG RACE FRANCE LIVE,,PARIS -,75116,75,01 October 2026,,
3113,Loisirs et tourisme,Et si tu pouvais tout changer,,PARIS -,75116,75,01 October 2026,,
3114,Spectacles,Bérengère Krief,"L'Olympia 28, bd des Capucines 75009 PARIS",PARIS 9èME ARRONDISSEMENT,75009,75,01 October 2026,03 October 2026,
3115,Concerts,THE DEVIL AND THE ALMIGHTY BLUES + SKYJOGGERS,,PARIS -,75116,75,01 October 2026,,
3116,Concerts,MODERN OLI,,PARIS -,75116,75,01 October 2026,,
3117,Concerts,YARD ACT,,PARIS -,75116,75,01 October 2026,,
3118,Concerts,MARIO CANONGE,,PARIS -,75116,75,01 October 2026,,
3119,Concerts,THE MOLOTOVS,,PARIS -,75116,75,01 October 2026,,
3120,Concerts,BEARTOOTH,,PARIS -,75116,75,01 October 2026,,
3121,Concerts,Matt maeson,,PARIS -,75116,75,01 October 2026,,
3122,Concerts,MATT MAESON,,PARIS -,75116,75,01 October 2026,,
3123,Spectacles,BERENGERE KRIEF,,PARIS -,75116,75,01 October 2026,,
3124,Concerts,Synthony,,PARIS -,75116,75,01 October 2026,,
3125,Concerts,Prestation synthony,,PARIS -,75116,75,01 October 2026,,
3126,Concerts,The devil and the almighty blues,,PARIS -,75116,75,01 October 2026,,
3127,Concerts,Modern oli,,PARIS -,75116,75,01 October 2026,,
3128,Concerts,Twitching Tongues + Peace of Mind + Pencey Sloe,,PARIS 19èME ARRONDISSEMENT -,75019,75,01 October 2026,,
3129,Concerts,"Les 4 Saisons de Vivaldi, Ave Maria et Célèbres Adagios",,PARIS -,75116,75,02 October 2026,,
3130,Concerts,M.POKORA,,PARIS -,75116,75,02 October 2026,,
3131,Spectacles,BERENGERE KRIEF,,PARIS -,75116,75,02 October 2026,,
3132,Spectacle et comedie musicale,Shrek le musical,,PARIS -,75116,75,02 October 2026,,
3133,Concerts,NEG' MARRONS,,PARIS -,75116,75,02 October 2026,,
3134,Spectacles,DRAG RACE FRANCE LIVE,,PARIS -,75116,75,02 October 2026,,
3135,Concerts,FLAGRANTS DELIRES + ME GUSTAS TU,,PARIS -,75116,75,02 October 2026,,
3136,Concerts,DJAVAN,,PARIS -,75116,75,02 October 2026,,
3137,Concerts,PARRA FOR CUVA,,PARIS -,75116,75,02 October 2026,,
3138,Concerts,BAD SITUATION,,PARIS -,75116,75,02 October 2026,,
3139,Concerts,THEE SINSEERS,,PARIS -,75116,75,02 October 2026,,
3140,Concerts,DIZZEE RASCAL,,PARIS -,75116,75,02 October 2026,,
3141,Concerts,Neg'marrons,,PARIS -,75116,75,02 October 2026,,
3142,Concerts,M.pokora,,PARIS -,75116,75,02 October 2026,,
3143,Concerts,Flagrants delires + me gustas tu,,PARIS -,75116,75,02 October 2026,,
3144,Concerts,Djavan,,PARIS -,75116,75,02 October 2026,,
3145,Concerts,Parra for cuva,,PARIS -,75116,75,02 October 2026,,
3146,Concerts,Bad situation,,PARIS -,75116,75,02 October 2026,,
3147,Concerts,M.POKORA,,PARIS -,75116,75,03 October 2026,,
3148,Concerts,Donny Bénet au Trabendo,,PARIS -,75116,75,03 October 2026,,
3149,Concerts,STEVEN SPIELBERG - HOMMAGE 80 ANS,,PARIS -,75116,75,03 October 2026,,
3150,Spectacles,BERENGERE KRIEF,,PARIS -,75116,75,03 October 2026,,
3151,Concerts,Taïro,,PARIS -,75116,75,03 October 2026,,
3152,Spectacles,DRAG RACE FRANCE LIVE,,PARIS -,75116,75,03 October 2026,,
3153,Danse,Terre sacree et merveilles d'angkor,,PARIS -,75116,75,03 October 2026,,
3154,Concerts,Requiem de Mozart / Boléro de Ravel,,PARIS -,75116,75,03 October 2026,,
3155,Concerts,UNPROCESSED,,PARIS -,75116,75,03 October 2026,,
3156,Concerts,Death cab for cutie,,PARIS -,75116,75,03 October 2026,,
3157,Concerts,Last train,,PARIS -,75116,75,03 October 2026,,
3158,Concerts,Tairo,,PARIS -,75116,75,03 October 2026,,
3159,Concerts,LAST TRAIN,,PARIS -,75116,75,03 October 2026,,
3160,Concerts,Steven spielberg - hommage 80 ans,,PARIS -,75116,75,03 October 2026,,
3161,Concerts,Unprocessed,,PARIS -,75116,75,03 October 2026,,
3162,Concerts,Donny benet,,PARIS -,75116,75,03 October 2026,,
3163,Concerts,THE SURFRAJETTES,,PARIS -,75116,75,04 October 2026,,
3164,Concerts,ALIZEE,,PARIS -,75116,75,04 October 2026,,
3165,Concerts,ERIC CHRISTIAN,,PARIS -,75116,75,04 October 2026,,
3166,Classique et opera,Eric christian,,PARIS -,75116,75,04 October 2026,,
3167,Concerts,2L,,PARIS -,75116,75,04 October 2026,,
3168,Concerts,LINH,,PARIS -,75116,75,04 October 2026,,
3169,Concerts,EMMA HARNER,,PARIS -,75116,75,04 October 2026,,
3170,Concerts,Alizee,,PARIS -,75116,75,04 October 2026,,
3171,Concerts,Linh,,PARIS -,75116,75,04 October 2026,,
3172,Concerts,Primal fear,,PARIS -,75116,75,04 October 2026,,
3173,Théatres,Une censure politiquement correcte !,,PARIS -,75116,75,04 October 2026,,
3174,Concerts,BAKIAN,,PARIS -,75116,75,05 October 2026,,
3175,Concerts,BEENDO Z + GUEST,,PARIS -,75116,75,05 October 2026,,
3176,Concerts,SAMURAI PIZZA CATS,,PARIS -,75116,75,05 October 2026,,
3177,Concerts,VINCENT PEIRANI,,PARIS -,75116,75,05 October 2026,,
3178,Concerts,BEN ELLIS,,PARIS -,75116,75,05 October 2026,,
3179,Concerts,Bakian,,PARIS -,75116,75,05 October 2026,,
3180,Concerts,Beendo z,,PARIS -,75116,75,05 October 2026,,
3181,Concerts,Beendo z,,PARIS -,75116,75,05 October 2026,,
3182,Concerts,Samurai pizza cats,,PARIS -,75116,75,05 October 2026,,
3183,Concerts,EUROPE,,PARIS -,75116,75,06 October 2026,,
3184,Concerts,JAMES BAKER,,PARIS -,75116,75,06 October 2026,,
3185,Humour et one (wo)man show,Jeremy charbonnel,,PARIS -,75116,75,06 October 2026,,
3186,Concerts,THE AMITY AFFLICTION + SILENT PLANET + VARIALS + ORTHODOX,,PARIS -,75116,75,06 October 2026,,
3187,Concerts,HUMANITY'S LAST BREATH,,PARIS -,75116,75,06 October 2026,,
3188,Concerts,BCUC,,PARIS -,75116,75,06 October 2026,,
3189,Concerts,CHRISSY CHLAPECKA,,PARIS -,75116,75,06 October 2026,,
3190,Concerts,I prevail,,PARIS -,75116,75,06 October 2026,,
3191,Concerts,I PREVAIL,,PARIS -,75116,75,06 October 2026,,
3192,Concerts,Europe,,PARIS -,75116,75,06 October 2026,,
3193,Concerts,James baker,,PARIS -,75116,75,06 October 2026,,
3194,Théatres,Nicolas maury,,PARIS -,75116,75,06 October 2026,,
3195,Concerts,The amity affliction + silent planet,,PARIS -,75116,75,06 October 2026,,
3196,Concerts,Humanity's last breath + vildhjarta +,,PARIS -,75116,75,06 October 2026,,
3197,Concerts,LSD and the Search for God - Paris - 7 Octobre 2026,,PARIS -,75116,75,07 October 2026,,
3198,Concerts,Grégoire Jokic,,PARIS -,75116,75,07 October 2026,,
3199,Humour et one (wo)man show,Michele laroque et kad merad,,PARIS -,75116,75,07 October 2026,,
3200,Danse,Alvin ailey - american dance theater - a,,PARIS -,75116,75,07 October 2026,,
3201,Concerts,Les 4 Saisons de Vivaldi Intégrale / Petite Musique de Nuit,,PARIS -,75116,75,07 October 2026,,
3202,Concerts,ZOUFRIS MARACAS,,PARIS -,75116,75,07 October 2026,,
3203,Spectacles,MICHÈLE LAROQUE ET KAD MERAD,,PARIS -,75116,75,07 October 2026,,
3204,Concerts,KULEEANGEE,,PARIS -,75116,75,07 October 2026,,
3205,Concerts,Zoufris maracas,,PARIS -,75116,75,07 October 2026,,
3206,Concerts,Romsii,,PARIS -,75116,75,07 October 2026,,
3207,Concerts,Joep Beving,,PARIS -,75116,75,08 October 2026,,
3208,Danse,Let's go !,,PARIS -,75116,75,08 October 2026,,
3209,Danse,Alvin ailey - american dance theater - b,,PARIS -,75116,75,08 October 2026,,
3210,Spectacle et comedie musicale,Le fantôme de l’opéra,,PARIS -,75116,75,08 October 2026,,
3211,Spectacle et comedie musicale,Leo briere,,PARIS -,75116,75,08 October 2026,,
3212,Concerts,BILL CALLAHAN,,PARIS -,75116,75,08 October 2026,,
3213,Concerts,JALEN NGONDA,,PARIS -,75116,75,08 October 2026,,
3214,Spectacles,MICHÈLE LAROQUE ET KAD MERAD,,PARIS -,75116,75,08 October 2026,,
3215,Concerts,ED O'BRIEN,,PARIS -,75116,75,08 October 2026,,
3216,Concerts,ZOUFRIS MARACAS,,PARIS -,75116,75,08 October 2026,,
3217,Concerts,YAMANDU COSTA &amp; GUINGA,,PARIS -,75116,75,08 October 2026,,
3218,Concerts,YAMANDU COSTA &amp; GUINGA,,PARIS -,75116,75,08 October 2026,,
3219,Concerts,Jalen ngonda,,PARIS -,75116,75,08 October 2026,,
3220,Concerts,Zoufris maracas,,PARIS -,75116,75,08 October 2026,,
3221,Concerts,Ed o'brien,,PARIS -,75116,75,08 October 2026,,
3222,Concerts,Joep beving,,PARIS -,75116,75,08 October 2026,,
3223,Spectacle et comedie musicale,Inferno - la dernière nuit du disco,,PARIS -,75116,75,09 October 2026,,
3224,Concerts,FAKEAR,,PARIS -,75116,75,09 October 2026,,
3225,Concerts,"Les 4 Saisons de Vivaldi, Ave Maria, Concerto de Mendelssohn",,PARIS -,75116,75,09 October 2026,,
3226,Concerts,APPARAT,,PARIS -,75116,75,09 October 2026,,
3227,Spectacles,MICHÈLE LAROQUE ET KAD MERAD,,PARIS -,75116,75,09 October 2026,,
3228,Concerts,OLAFUR ARNALDS,,PARIS -,75116,75,09 October 2026,,
3229,Concerts,JILL SCOTT,,PARIS -,75116,75,09 October 2026,,
3230,Concerts,GAVIN DEGRAW,,PARIS -,75116,75,09 October 2026,,
3231,Concerts,JORGE DREXLER,,PARIS -,75116,75,09 October 2026,,
3232,Concerts,OLIVER MALCOLM,,PARIS -,75116,75,09 October 2026,,
3233,Concerts,Fakear,,PARIS -,75116,75,09 October 2026,,
3234,Concerts,Olafur arnalds,,PARIS -,75116,75,09 October 2026,,
3235,Concerts,Apparat,,PARIS -,75116,75,09 October 2026,,
3236,Concerts,Spiritbox,,PARIS -,75116,75,09 October 2026,,
3237,Concerts,Jill scott,,PARIS -,75116,75,09 October 2026,,
3238,Concerts,Jill scott,,PARIS -,75116,75,09 October 2026,,
3239,Concerts,Gavin degraw,,PARIS -,75116,75,09 October 2026,,
3240,Concerts,Oliver malcolm,,PARIS -,75116,75,09 October 2026,,
3241,Concerts,MONOLORD + DOPELORD,,PARIS -,75116,75,10 October 2026,,
3242,Concerts,CELKILT + Support,,PARIS -,75116,75,10 October 2026,,
3243,Humour et one (wo)man show,Tony saint laurent,,PARIS -,75116,75,10 October 2026,,
3244,Concerts,OLAFUR ARNALDS,,PARIS -,75116,75,10 October 2026,,
3245,Fêtes locales,LA FÊTE DES VENDANGES DE MONTMARTRE,Quartier du 18ème arrondissement de Paris,PARIS 18èME ARRONDISSEMENT,75018,75,10 October 2026,,
3246,Concerts,LES WRIGGLES,,PARIS -,75116,75,10 October 2026,,
3247,Concerts,Allie Sherlock - For Once I'll Say Out Loud Tour,,PARIS -,75116,75,10 October 2026,,
3248,Spectacles,MICHÈLE LAROQUE ET KAD MERAD,,PARIS -,75116,75,10 October 2026,,
3249,Concerts,Les 4 Saisons de Vivaldi Intégrale / Petite Musique de Nuit de Mo,,PARIS -,75116,75,10 October 2026,,
3250,Concerts,GIBRAN ALCOCER,,PARIS -,75116,75,10 October 2026,,
3251,Concerts,MOLIY,,PARIS -,75116,75,10 October 2026,,
3252,Concerts,Fat freddy's drop,,PARIS -,75116,75,10 October 2026,,
3253,Concerts,Celkilt,,PARIS -,75116,75,10 October 2026,,
3254,Concerts,FAT FREDDY'S DROP,,PARIS -,75116,75,10 October 2026,,
3255,Concerts,Les wriggles,,PARIS -,75116,75,10 October 2026,,
3256,Concerts,Monolord + dopelord,,PARIS -,75116,75,10 October 2026,,
3257,Concerts,Robyn Hitchcock - Paris - 11 octobre 2026,,PARIS -,75116,75,11 October 2026,,
3258,Concerts,DEXYS MIDNIGHT RUNNERS,,PARIS -,75116,75,11 October 2026,,
3259,Spectacles,MESDAMES EN VRAIES seront en tournée dans toute la France et au Grand Rex à Paris le 11 octobre 2026,"1 Bd poissonnière, 75002 Paris",PARIS 2èME ARRONDISSEMENT,75002,75,11 October 2026,,
3260,Spectacles,MESDAMES EN VRAIES!,,PARIS -,75116,75,11 October 2026,,
3261,Concerts,COURTNEY BARNETT,,PARIS -,75116,75,11 October 2026,,
3262,Concerts,THE LEMON TWIGS,,PARIS -,75116,75,11 October 2026,,
3263,Concerts,MARIA DEL MAR BONET,,PARIS -,75116,75,11 October 2026,,
3264,Théatres,Mesdames en vraies!,,PARIS -,75116,75,11 October 2026,,
3265,Théatres,Mesdames en vraies!,,PARIS -,75116,75,11 October 2026,,
3266,Concerts,JOE JACKSON + BAND,,PARIS -,75116,75,12 October 2026,,
3267,Spectacle et comedie musicale,The beatles factory,,PARIS -,75116,75,12 October 2026,,
3268,Concerts,JACK SAVORETTI,,PARIS -,75116,75,12 October 2026,,
3269,Concerts,THE BEATLES FACTORY,,PARIS -,75116,75,12 October 2026,,
3270,Concerts,DJ KRUSH + GUEST,,PARIS -,75116,75,12 October 2026,,
3271,Concerts,Onslaught,,PARIS -,75116,75,12 October 2026,,
3272,Concerts,Joe jackson + band,,PARIS -,75116,75,12 October 2026,,
3273,Concerts,Jack savoretti,,PARIS -,75116,75,12 October 2026,,
3274,Concerts,IL EST VILAINE,,PARIS -,75116,75,13 October 2026,,
3275,Concerts,AMON AMARTH,,PARIS -,75116,75,13 October 2026,,
3276,Concerts,Noor,,PARIS -,75116,75,13 October 2026,,
3277,Concerts,THE BROOKS,,PARIS -,75116,75,13 October 2026,,
3278,Concerts,JON ANDERSON AND THE BAND GEEKS,,PARIS -,75116,75,13 October 2026,,
3279,Concerts,"TENSIDE + AURORAWAVE + SUGAR SPINE - PARIS, PETIT BAIN / 13.10.26",,PARIS -,75116,75,13 October 2026,,
3280,Concerts,Amon amarth,,PARIS -,75116,75,13 October 2026,,
3281,Concerts,Il est vilaine,,PARIS -,75116,75,13 October 2026,,
3282,Concerts,Noor,,PARIS -,75116,75,13 October 2026,,
3283,Concerts,The brooks,,PARIS -,75116,75,13 October 2026,,
3284,Concerts,Jon anderson and the band geeks,,PARIS -,75116,75,13 October 2026,,
3285,Concerts,AUTECHRE,,PARIS -,75116,75,14 October 2026,,
3286,Concerts,LES NEGRESSES VERTES,,PARIS -,75116,75,14 October 2026,,
3287,Danse,Victoria dauberville,,PARIS -,75116,75,14 October 2026,,
3288,Concerts,"Les 4 Saisons de Vivaldi, Ave Maria et Célèbres Adagios",,PARIS -,75116,75,14 October 2026,,
3289,Concerts,GHINZU,,PARIS -,75116,75,14 October 2026,,
3290,Spectacles,MICHÈLE LAROQUE ET KAD MERAD,,PARIS -,75116,75,14 October 2026,,
3291,Concerts,MYRATH,,PARIS -,75116,75,14 October 2026,,
3292,Concerts,Isabelle's Cabaret Orchestra,,PARIS -,75116,75,14 October 2026,,
3293,Concerts,RICARDO MONTANER,,PARIS -,75116,75,14 October 2026,,
3294,Concerts,GOBLYNS,,PARIS -,75116,75,14 October 2026,,
3295,Concerts,SIX60,,PARIS -,75116,75,14 October 2026,,
3296,Concerts,Autechre,,PARIS -,75116,75,14 October 2026,,
3297,Concerts,Les negresses vertes,,PARIS -,75116,75,14 October 2026,,
3298,Concerts,Greg zlap,,PARIS -,75116,75,14 October 2026,,
3299,Concerts,Ghinzu,,PARIS -,75116,75,14 October 2026,,
3300,Concerts,Lyre le temps,,PARIS -,75116,75,14 October 2026,,
3301,Concerts,Myrath,,PARIS -,75116,75,14 October 2026,,
3302,Humour et one (wo)man show,Daniel morin,,PARIS -,75116,75,15 October 2026,,
3303,Spectacles,MICHÈLE LAROQUE ET KAD MERAD,,PARIS -,75116,75,15 October 2026,,
3304,Concerts,LES NEGRESSES VERTES,,PARIS -,75116,75,15 October 2026,,
3305,Concerts,GHINZU,,PARIS -,75116,75,15 October 2026,,
3306,Concerts,TEXTURES,,PARIS -,75116,75,15 October 2026,,
3307,Concerts,AZYMUTH,,PARIS -,75116,75,15 October 2026,,
3308,Concerts,Lara fabian,,PARIS -,75116,75,15 October 2026,,
3309,Théatres,Eric weiss,,PARIS -,75116,75,15 October 2026,,
3310,Concerts,BEHEMOTH &amp; DIMMU BORGIR,,PARIS -,75116,75,16 October 2026,,
3311,Concerts,THE BONES OF J.R. JONES,,PARIS -,75116,75,16 October 2026,,
3312,Concerts,THE NARRATOR,,PARIS -,75116,75,16 October 2026,,
3313,Concerts,LAKE STREET DIVE,,PARIS -,75116,75,16 October 2026,,
3314,Concerts,KÄÄRIJÄ,,PARIS -,75116,75,16 October 2026,,
3315,Concerts,GRADUR,,PARIS -,75116,75,16 October 2026,,
3316,Concerts,AUDREY HORNE + MOTOROWL,,PARIS -,75116,75,16 October 2026,,
3317,Spectacles,MICHÈLE LAROQUE ET KAD MERAD,,PARIS -,75116,75,16 October 2026,,
3318,Concerts,DARREN KIELY,,PARIS -,75116,75,16 October 2026,,
3319,Concerts,BAYOU,,PARIS -,75116,75,16 October 2026,,
3320,Spectacles,WILLIAM PILET,,PARIS -,75116,75,16 October 2026,,
3321,Concerts,FKJ,,PARIS -,75116,75,16 October 2026,,
3322,Concerts,Behemoth & dimmu borgir,,PARIS -,75116,75,16 October 2026,,
3323,Concerts,The narrator,,PARIS -,75116,75,16 October 2026,,
3324,Concerts,Lake street dive,,PARIS -,75116,75,16 October 2026,,
3325,Concerts,Käärijä,,PARIS -,75116,75,16 October 2026,,
3326,Concerts,Audrey horne + motorowl,,PARIS -,75116,75,16 October 2026,,
3327,Théatres,Cendrillon,,PARIS -,75116,75,17 October 2026,29 November 2026,
3328,Concerts,THE BUTTSHAKERS,,PARIS -,75116,75,17 October 2026,,
3329,Concerts,Requiem de Mozart / Boléro de Ravel,,PARIS -,75116,75,17 October 2026,,
3330,Concerts,TEMPLES,,PARIS -,75116,75,17 October 2026,,
3331,Concerts,SAYS'Z,,PARIS -,75116,75,17 October 2026,,
3332,Spectacles,MICHÈLE LAROQUE ET KAD MERAD,,PARIS -,75116,75,17 October 2026,,
3333,Concerts,YOUSSOU NDOUR,,PARIS -,75116,75,17 October 2026,,
3334,Concerts,MIDNIGHT TIL MORNING,,PARIS -,75116,75,17 October 2026,,
3335,Concerts,RUEL,,PARIS -,75116,75,17 October 2026,,
3336,Concerts,KHEMMIS + CELESTIAL SANCTUARY,,PARIS -,75116,75,17 October 2026,,
3337,Concerts,Mosimann,,PARIS -,75116,75,17 October 2026,,
3338,Concerts,Midnight til morning,,PARIS -,75116,75,17 October 2026,,
3339,Concerts,Midnight til morning,,PARIS -,75116,75,17 October 2026,,
3340,Concerts,Prestation midnight til morning,,PARIS -,75116,75,17 October 2026,,
3341,Concerts,Midnight til morning,,PARIS -,75116,75,17 October 2026,,
3342,Concerts,Says'z,,PARIS -,75116,75,17 October 2026,,
3343,Théatres,Cendrillon,,PARIS -,75116,75,17 October 2026,,
3344,Concerts,The buttshakers,,PARIS -,75116,75,17 October 2026,,
3345,Concerts,Lynnsha,,PARIS -,75116,75,17 October 2026,,
3346,Concerts,THE DEVIL WEARS PRADA,,PARIS -,75116,75,18 October 2026,,
3347,Concerts,SLOPE,,PARIS -,75116,75,18 October 2026,,
3348,Concerts,DAVE EAST,,PARIS -,75116,75,18 October 2026,,
3349,Concerts,47TER,,PARIS -,75116,75,18 October 2026,,
3350,Concerts,SLAYYYTER,,PARIS -,75116,75,18 October 2026,,
3351,Concerts,ULRIKA SPACEK,,PARIS -,75116,75,18 October 2026,,
3352,Concerts,JOHN CRAIGIE,,PARIS -,75116,75,18 October 2026,,
3353,Concerts,NATEWANTSTOBATTLE,,PARIS -,75116,75,18 October 2026,,
3354,Concerts,NASH,,PARIS -,75116,75,18 October 2026,,
3355,Expositions,"Tisser, broder, sublimer",,PARIS -,75116,75,18 October 2026,,
3356,Concerts,The devil wears prada,,PARIS -,75116,75,18 October 2026,,
3357,Concerts,Slope,,PARIS -,75116,75,18 October 2026,,
3358,Concerts,47ter,,PARIS -,75116,75,18 October 2026,,
3359,Concerts,Dave east,,PARIS -,75116,75,18 October 2026,,
3360,Concerts,Slayyyter,,PARIS -,75116,75,18 October 2026,,
3361,Concerts,ANASTACIA,,PARIS -,75116,75,19 October 2026,,
3362,Concerts,BIGFLO &amp; OLI,,PARIS -,75116,75,19 October 2026,,
3363,Concerts,ELEINE + REXORIA + LIV SIN,,PARIS -,75116,75,19 October 2026,,
3364,Concerts,47TER,,PARIS -,75116,75,19 October 2026,,
3365,Concerts,MYLES SMITH,,PARIS -,75116,75,19 October 2026,,
3366,Concerts,KITA ALEXANDER,,PARIS -,75116,75,19 October 2026,,
3367,Spectacles,LES MANDRAKES D'OR 2026,,PARIS -,75116,75,19 October 2026,,
3368,Concerts,Anastacia,,PARIS -,75116,75,19 October 2026,,
3369,Concerts,Bigflo & oli,,PARIS -,75116,75,19 October 2026,,
3370,Concerts,Eleine,,PARIS -,75116,75,19 October 2026,,
3371,Concerts,Myles smith,,PARIS -,75116,75,19 October 2026,,
3372,Concerts,Kita alexander,,PARIS -,75116,75,19 October 2026,,
3373,Concerts,LEMAN,,PARIS -,75116,75,20 October 2026,,
3374,Concerts,BIGFLO &amp; OLI,,PARIS -,75116,75,20 October 2026,,
3375,Concerts,47TER,,PARIS -,75116,75,20 October 2026,,
3376,Spectacles,JOSH WOLF,,PARIS -,75116,75,20 October 2026,,
3377,Concerts,GIRLI,,PARIS -,75116,75,20 October 2026,,
3378,Concerts,BORIS + Guest,,PARIS -,75116,75,20 October 2026,,
3379,Concerts,STATIC DRESS,,PARIS -,75116,75,20 October 2026,,
3380,Concerts,Leman,,PARIS -,75116,75,20 October 2026,,
3381,Concerts,CODEFENDANTS + Support,,PARIS 19èME ARRONDISSEMENT -,75019,75,20 October 2026,,
3382,Spectacles,MICHÈLE LAROQUE ET KAD MERAD,,PARIS -,75116,75,21 October 2026,,
3383,Concerts,KHALID,,PARIS -,75116,75,21 October 2026,,
3384,Concerts,DES ROCS,,PARIS -,75116,75,21 October 2026,,
3385,Concerts,ART GARFUNKEL,,PARIS -,75116,75,21 October 2026,,
3386,Concerts,ZED YUN PAVAROTTI,,PARIS -,75116,75,21 October 2026,,
3387,Concerts,THE GUEST LIST,,PARIS -,75116,75,21 October 2026,,
3388,Concerts,2026 LE SSERAFIM TOUR,,PARIS -,75116,75,21 October 2026,,
3389,Expositions,Monnaie de paris,,PARIS -,75116,75,21 October 2026,,
3390,Concerts,Gold,,PARIS -,75116,75,21 October 2026,,
3391,Concerts,Khalid,,PARIS -,75116,75,21 October 2026,,
3392,Concerts,Des rocs,,PARIS -,75116,75,21 October 2026,,
3393,Concerts,Prestation khalid,,PARIS -,75116,75,21 October 2026,,
3394,Concerts,Khalid,,PARIS -,75116,75,21 October 2026,,
3395,Concerts,Angine de poitrine,,PARIS -,75116,75,21 October 2026,,
3396,Concerts,Art garfunkel,,PARIS -,75116,75,21 October 2026,,
3397,Concerts,DEEP PURPLE,,PARIS -,75116,75,22 October 2026,,
3398,Concerts,MERCURY REV,,PARIS -,75116,75,22 October 2026,,
3399,Spectacles,MICHÈLE LAROQUE ET KAD MERAD,,PARIS -,75116,75,22 October 2026,,
3400,Concerts,DOSSEH,,PARIS -,75116,75,22 October 2026,,
3401,Concerts,THE STROKES,,PARIS -,75116,75,22 October 2026,,
3402,Concerts,WALLACE CLEAVER,,PARIS -,75116,75,22 October 2026,,
3403,Concerts,Deep purple,,PARIS -,75116,75,22 October 2026,,
3404,Concerts,Mercury rev,,PARIS -,75116,75,22 October 2026,,
3405,Concerts,Dosseh,,PARIS -,75116,75,22 October 2026,,
3406,Concerts,LA P'TITE FUMÉE,,PARIS -,75116,75,23 October 2026,,
3407,Concerts,"Les 4 Saisons de Vivaldi, Ave Maria et Célèbres Concertos",,PARIS -,75116,75,23 October 2026,,
3408,Spectacles,MICHÈLE LAROQUE ET KAD MERAD,,PARIS -,75116,75,23 October 2026,,
3409,Concerts,BIANCA COSTA,,PARIS -,75116,75,23 October 2026,,
3410,Concerts,KORN,,PARIS -,75116,75,23 October 2026,,
3411,Concerts,Valeria Castro,,PARIS -,75116,75,23 October 2026,,
3412,Concerts,STVW,,PARIS -,75116,75,23 October 2026,,
3413,Concerts,DUB PISTOLS,,PARIS -,75116,75,23 October 2026,,
3414,Concerts,KEROS-N,,PARIS -,75116,75,23 October 2026,,
3415,Concerts,Brandi carlile,,PARIS -,75116,75,23 October 2026,,
3416,Concerts,Prestation brandi carlile,,PARIS -,75116,75,23 October 2026,,
3417,Concerts,Upgrade brandi carlile,,PARIS -,75116,75,23 October 2026,,
3418,Concerts,Brandi carlile,,PARIS -,75116,75,23 October 2026,,
3419,Concerts,La p'tite fumee,,PARIS -,75116,75,23 October 2026,,
3420,Concerts,Bianca costa,,PARIS -,75116,75,23 October 2026,,
3421,Concerts,Korn,,PARIS -,75116,75,23 October 2026,,
3422,Concerts,Korn,,PARIS -,75116,75,23 October 2026,,
3423,Concerts,Stvw,,PARIS -,75116,75,23 October 2026,,
3424,Concerts,TINA ARENA,,PARIS -,75116,75,24 October 2026,,
3425,Concerts,LESTIN,,PARIS -,75116,75,24 October 2026,,
3426,Concerts,Petite Messe Solennelle de Rossini,,PARIS -,75116,75,24 October 2026,,
3427,Spectacles,MICHÈLE LAROQUE ET KAD MERAD,,PARIS -,75116,75,24 October 2026,,
3428,Concerts,BLOOD RED SHOES,,PARIS -,75116,75,24 October 2026,,
3429,Concerts,WALTER TROUT,,PARIS -,75116,75,24 October 2026,,
3430,Concerts,CALVA LOUISE,,PARIS -,75116,75,24 October 2026,,
3431,Concerts,BABYLON EN CINÉ-CONCERT,,PARIS -,75116,75,24 October 2026,,
3432,Concerts,ASAKE,,PARIS -,75116,75,24 October 2026,,
3433,Concerts,Oscar Les Vacances,,PARIS -,75116,75,24 October 2026,,
3434,Concerts,Fills monkey fêtent leurs 20 ans,,PARIS -,75116,75,24 October 2026,,
3435,Concerts,This is michael,,PARIS -,75116,75,24 October 2026,,
3436,Concerts,FILLS MONKEY FÊTENT LEURS 20 ANS,,PARIS -,75116,75,24 October 2026,,
3437,Concerts,Tina arena,,PARIS -,75116,75,24 October 2026,,
3438,Concerts,Blood red shoes,,PARIS -,75116,75,24 October 2026,,
3439,Concerts,Walter trout,,PARIS -,75116,75,24 October 2026,,
3440,Concerts,YAELOKRE,,PARIS -,75116,75,25 October 2026,,
3441,Concerts,DENA MWANA,,PARIS -,75116,75,25 October 2026,,
3442,Concerts,DELORAINE,,PARIS -,75116,75,25 October 2026,,
3443,Concerts,HERVE VILARD,,PARIS -,75116,75,25 October 2026,,
3444,Projection,AZUR ET ASMAR EN CINÉ-CONCERT,,PARIS -,75116,75,25 October 2026,,
3445,Concerts,NASH,,PARIS -,75116,75,25 October 2026,,
3446,Concerts,Dena mwana,,PARIS -,75116,75,25 October 2026,,
3447,Projection,AZUR ET ASMAR EN CINÉ-CONCERT,,PARIS -,75116,75,25 October 2026,,
3448,Projection,AZUR ET ASMAR EN CINÉ-CONCERT,,PARIS -,75116,75,25 October 2026,,
3449,Concerts,Dena mwana,,PARIS -,75116,75,25 October 2026,,
3450,Concerts,Kabyle vibes - boubekeur,,PARIS -,75116,75,25 October 2026,,
3451,Concerts,Deloraine,,PARIS -,75116,75,25 October 2026,,
3452,Concerts,Herve vilard,,PARIS -,75116,75,25 October 2026,,
3453,Concerts,63OG,,PARIS -,75116,75,26 October 2026,,
3454,Concerts,MARKO HIETALA,,PARIS -,75116,75,26 October 2026,,
3455,Concerts,MERYL,,PARIS -,75116,75,26 October 2026,,
3456,Concerts,RYAN ADAMS,,PARIS -,75116,75,26 October 2026,,
3457,Concerts,ORANSSI PAZUZU + MÙR,,PARIS -,75116,75,26 October 2026,,
3458,Concerts,Rammstein Symphonic Experience,,PARIS -,75116,75,26 October 2026,,
3459,Concerts,Meryl,,PARIS -,75116,75,26 October 2026,,
3460,Concerts,63og,,PARIS -,75116,75,26 October 2026,,
3461,Concerts,Marko hietala,,PARIS -,75116,75,26 October 2026,,
3462,Concerts,Ryan adams,,PARIS -,75116,75,26 October 2026,,
3463,Concerts,Ryan adams,,PARIS -,75116,75,26 October 2026,,
3464,Concerts,MERYL,,PARIS -,75116,75,27 October 2026,,
3465,Concerts,THE HU,,PARIS -,75116,75,27 October 2026,,
3466,Concerts,MELANIE C,,PARIS -,75116,75,27 October 2026,,
3467,Concerts,A6EL,,PARIS -,75116,75,27 October 2026,,
3468,Concerts,STEPHEN WILSON JR.,,PARIS -,75116,75,27 October 2026,,
3469,Concerts,LENAÏG,,PARIS -,75116,75,27 October 2026,,
3470,Concerts,THE MESSTHETICS AND James Brandon Lewis,,PARIS -,75116,75,27 October 2026,,
3471,Concerts,The hu,,PARIS -,75116,75,27 October 2026,,
3472,Concerts,Melanie c,,PARIS -,75116,75,27 October 2026,,
3473,Concerts,Prestation the hu,,PARIS -,75116,75,27 October 2026,,
3474,Concerts,Stephen wilson jr.,,PARIS -,75116,75,27 October 2026,,
3475,Concerts,A6el,,PARIS -,75116,75,27 October 2026,,
3476,Spectacles,AHMED SYLLA,,PARIS -,75116,75,28 October 2026,,
3477,Humour et one (wo)man show,Ahmed sylla,,PARIS -,75116,75,28 October 2026,,
3478,Loisirs et tourisme,Fran lebowitz,,PARIS -,75116,75,28 October 2026,,
3479,Spectacles,"Ahmed Sylla, Origami","L'Olympia 28, bd des Capucines 75009 PARIS",PARIS 9èME ARRONDISSEMENT,75009,75,28 October 2026,31 October 2026,
3480,Concerts,Les 4 Saisons de Vivaldi Intégrale / Petite Musique de Nuit,,PARIS -,75116,75,28 October 2026,,
3481,Concerts,EZHEL,,PARIS -,75116,75,28 October 2026,,
3482,Spectacles,Le Filip,,PARIS -,75116,75,28 October 2026,,
3483,Concerts,CARDINALS,,PARIS -,75116,75,28 October 2026,,
3484,Concerts,SCHUR,,PARIS -,75116,75,28 October 2026,,
3485,Concerts,MATT HANSEN,,PARIS -,75116,75,28 October 2026,,
3486,Concerts,DURAN DURAN,,PARIS -,75116,75,28 October 2026,,
3487,Concerts,ELY OAKS,,PARIS -,75116,75,28 October 2026,,
3488,Concerts,Ezhel,,PARIS -,75116,75,28 October 2026,,
3489,Théatres,Le filip,,PARIS -,75116,75,28 October 2026,,
3490,Spectacles,AHMED SYLLA,,PARIS -,75116,75,29 October 2026,,
3491,Humour et one (wo)man show,Pierre-emmanuel barre,,PARIS -,75116,75,29 October 2026,,
3492,Humour et one (wo)man show,Philippe lellouche,,PARIS -,75116,75,29 October 2026,,
3493,Concerts,DABEULL LIVE BAND,,PARIS -,75116,75,29 October 2026,,
3494,Spectacles,PIERRE-EMMANUEL BARRE,,PARIS -,75116,75,29 October 2026,,
3495,Spectacles,PHILIPPE LELLOUCHE,,PARIS -,75116,75,29 October 2026,,
3496,Spectacles,CHAD DANIELS &amp; KELSEY COOK,,PARIS -,75116,75,29 October 2026,,
3497,Concerts,THE WATCH PLAYS GENESIS,,PARIS -,75116,75,29 October 2026,,
3498,Concerts,SHRIZZ N MAZE,,PARIS -,75116,75,29 October 2026,,
3499,Spectacles,AKAASH SINGH,,PARIS -,75116,75,29 October 2026,,
3500,Concerts,VALLEY OF THE SUN,,PARIS -,75116,75,29 October 2026,,
3501,Concerts,"France gall & michel berger, l’hommage",,PARIS -,75116,75,29 October 2026,,
3502,Concerts,Dabeull live band,,PARIS -,75116,75,29 October 2026,,
3503,Spectacles,AHMED SYLLA,,PARIS -,75116,75,30 October 2026,,
3504,Concerts,TOKIO HOTEL,,PARIS -,75116,75,30 October 2026,,
3505,Concerts,JUNGLE,,PARIS -,75116,75,30 October 2026,,
3506,Concerts,GET THE SHOT,,PARIS -,75116,75,30 October 2026,,
3507,Humour et one (wo)man show,D'jal,,PARIS -,75116,75,30 October 2026,,
3508,Concerts,CLAWFINGER,,PARIS -,75116,75,30 October 2026,,
3509,Spectacle et comedie musicale,La cage aux folles,,PARIS -,75116,75,30 October 2026,,
3510,Humour et one (wo)man show,Jeanfi janssens - tombé du ciel,,PARIS -,75116,75,30 October 2026,,
3511,Concerts,SCYLLA &amp; FURAX BARBAROSSA,,PARIS -,75116,75,30 October 2026,,
3512,Spectacles,PIERRE-EMMANUEL BARRE,,PARIS -,75116,75,30 October 2026,,
3513,Concerts,MARCUS GAD,,PARIS -,75116,75,30 October 2026,,
3514,Evènements,Arc de Triomphe relais de la voie sacrée,Arc de Triomphe,PARIS 8èME ARRONDISSEMENT,75008,75,30 October 2026,,
3515,Concerts,Concert Commémoratif des Funérailles de Chopin à la Madeleine,,PARIS -,75116,75,30 October 2026,,
3516,Spectacles,PHILIPPE LELLOUCHE,,PARIS -,75116,75,30 October 2026,,
3517,Spectacles,JEANFI JANSSENS,,PARIS -,75116,75,30 October 2026,,
3518,Spectacles,JASON LADANYE,,PARIS -,75116,75,30 October 2026,,
3519,Concerts,LOUKEMAN,,PARIS -,75116,75,30 October 2026,,
3520,Spectacles,D'JAL,,PARIS -,75116,75,30 October 2026,,
3521,Concerts,Clawfinger,,PARIS -,75116,75,30 October 2026,,
3522,Concerts,Scylla & furax barbarossa,,PARIS -,75116,75,30 October 2026,,
3523,Concerts,Marcus gad,,PARIS -,75116,75,30 October 2026,,
3524,Concerts,Jungle,,PARIS -,75116,75,30 October 2026,,
3525,Concerts,Laura Pausini,"Accor Arena 8, boulevard de Bercy 75012 PARIS",PARIS 12èME ARRONDISSEMENT,75012,75,30 October 2026,14 November 2027,
3526,Spectacles,AHMED SYLLA,,PARIS -,75116,75,31 October 2026,,
3527,Spectacles,D'JAL,,PARIS -,75116,75,31 October 2026,,
3528,Concerts,CAT POWER,,PARIS -,75116,75,31 October 2026,,
3529,Concerts,SIMPLE PLAN,,PARIS -,75116,75,31 October 2026,,
3530,Spectacles,PIERRE-EMMANUEL BARRE,,PARIS -,75116,75,31 October 2026,,
3531,Loisirs et tourisme,Vol en montgolfière - divers lieux,,France -,75000,75,31 October 2026,,
3532,Concerts,SHINEDOWN,,PARIS -,75116,75,31 October 2026,,
3533,Spectacles,JEANFI JANSSENS,,PARIS -,75116,75,31 October 2026,,
3534,Concerts,"Les 4 Saisons de Vivaldi, Ave Maria, Concerto de Mendelssohn",,PARIS -,75116,75,31 October 2026,,
3535,Concerts,TIGERCUB,,PARIS -,75116,75,31 October 2026,,
3536,Concerts,FAT DOG,,PARIS -,75116,75,31 October 2026,,
3537,Concerts,ALLIE X,,PARIS -,75116,75,31 October 2026,,
3538,Concerts,LONG DISTANCE CALLING,,PARIS -,75116,75,31 October 2026,,
3539,Concerts,TIGERCUB,,PARIS -,75116,75,31 October 2026,,
3540,Concerts,Cat power,,PARIS -,75116,75,31 October 2026,,
3541,Concerts,Simple plan,,PARIS -,75116,75,31 October 2026,,
3542,Concerts,Shinedown,,PARIS -,75116,75,31 October 2026,,
3543,Concerts,GUILT TRIP,,PARIS -,75116,75,01 November 2026,,
3544,Concerts,EBONY,,PARIS -,75116,75,01 November 2026,,
3545,Concerts,Ebony,,PARIS -,75116,75,01 November 2026,,
3546,Messes,Procession de la Toussaint,St Germain l’Auxerrois Paris 1er Arrondissement - 75001,PARIS 1ER ARRONDISSEMENT,75001,75,01 November 2026,,
3547,Concerts,THE OBSESSED,,PARIS 19èME ARRONDISSEMENT -,75019,75,01 November 2026,,
3548,Concerts,The World of Hans Zimmer - A New Dimension,"8 boulevard de Bercy, 75012 Paris, France",PARIS,75116,75,02 November 2026,,
3549,Concerts,THE WORLD OF HANS ZIMMER,,PARIS -,75116,75,02 November 2026,,
3550,Concerts,AESTHETIC PERFECTION + PRIEST,,PARIS -,75116,75,02 November 2026,,
3551,Concerts,DAVINA MICHELLE,,PARIS -,75116,75,02 November 2026,,
3552,Concerts,CAMILLE YEMBE,,PARIS -,75116,75,02 November 2026,,
3553,Concerts,GREG MENDEZ,,PARIS -,75116,75,02 November 2026,,
3554,Concerts,Package the world of hans zimmer,,PARIS -,75116,75,02 November 2026,,
3555,Concerts,The world of hans zimmer,,PARIS -,75116,75,02 November 2026,,
3556,Concerts,Aesthetic perfection,,PARIS -,75116,75,02 November 2026,,
3557,Concerts,Davina michelle,,PARIS -,75116,75,02 November 2026,,
3558,Concerts,"The World of Hans Zimmer, A New Dimension est de retour en France du 02 au 10 novembre et sera à Paris le 02 novembre à 20h à l’Accor Arena !",,PARIS 12èME ARRONDISSEMENT -,75012,75,02 November 2026,,
3559,Cinémas,The World of Hans Zimmer,"Accor Arena 8, boulevard de Bercy 75012 PARIS",PARIS 12èME ARRONDISSEMENT,75012,75,02 November 2026,10 November 2026,
3560,Concerts,EAGLES OF DEATH METAL,,PARIS -,75116,75,03 November 2026,,
3561,Humour et one (wo)man show,Ary abittan,,PARIS -,75116,75,03 November 2026,,
3562,Concerts,THE FRAY,,PARIS -,75116,75,03 November 2026,,
3563,Concerts,ARCHSPIRE + CROWN MAGNETAR + THE ZENITH PASSAGE + ANALEPSY,,PARIS -,75116,75,03 November 2026,,
3564,Concerts,EVE,,PARIS -,75116,75,03 November 2026,,
3565,Concerts,PETITE GUEULE,,PARIS -,75116,75,03 November 2026,,
3566,Concerts,Eagles of death metal,,PARIS -,75116,75,03 November 2026,,
3567,Concerts,The fray,,PARIS -,75116,75,03 November 2026,,
3568,Concerts,The fray,,PARIS -,75116,75,03 November 2026,,
3569,Concerts,FELIX RADU,,PARIS -,75116,75,04 November 2026,,
3570,Spectacles,Le Filip,,PARIS -,75116,75,04 November 2026,,
3571,Concerts,RIKAS,,PARIS -,75116,75,04 November 2026,,
3572,Concerts,The hardkiss,,PARIS -,75116,75,04 November 2026,,
3573,Concerts,THE HARDKISS,,PARIS -,75116,75,04 November 2026,,
3574,Concerts,Felix radu,,PARIS -,75116,75,04 November 2026,,
3575,Concerts,EYEHATEGOD + DEAFKIDS,,PARIS 19èME ARRONDISSEMENT -,75019,75,04 November 2026,,
3576,Concerts,BANDIT BANDIT + 1ère partie,,PARIS -,75116,75,05 November 2026,,
3577,Concerts,MENTISSA,,PARIS -,75116,75,05 November 2026,,
3578,Concerts,TALISCO,,PARIS -,75116,75,05 November 2026,,
3579,Concerts,Ghostly Kisses,,PARIS -,75116,75,05 November 2026,,
3580,Concerts,BENJAMIN BIOLAY,,PARIS -,75116,75,05 November 2026,,
3581,Concerts,J.COLE : THE FALL-OFF TOUR,,PARIS -,75116,75,05 November 2026,,
3582,Concerts,GIRLS IN HAWAII,,PARIS -,75116,75,05 November 2026,,
3583,Projection,HARRY POTTER À L'ECOLE DES SORCIERS EN CINE-CONCERT,,PARIS -,75116,75,05 November 2026,,
3584,Concerts,Bandit bandit,,PARIS -,75116,75,05 November 2026,,
3585,Concerts,Balavoine ma bataille,,PARIS -,75116,75,05 November 2026,,
3586,Concerts,Mentissa,,PARIS -,75116,75,05 November 2026,,
3587,Concerts,Benjamin biolay,,PARIS -,75116,75,05 November 2026,,
3588,Concerts,J.cole : the fall-off tour,,PARIS -,75116,75,05 November 2026,,
3589,Concerts,J.cole : the fall-off tour,,PARIS -,75116,75,05 November 2026,,
3590,Concerts,Talisco,,PARIS -,75116,75,05 November 2026,,
3591,Concerts,Girls in hawaii,,PARIS -,75116,75,05 November 2026,,
3592,Cinémas,Harry potter à l'ecole des sorciers,,PARIS -,75116,75,05 November 2026,,
3593,Spectacles,JOHN ACHKAR,,PARIS -,75116,75,06 November 2026,,
3594,Concerts,BENJAMIN BIOLAY,,PARIS -,75116,75,06 November 2026,,
3595,Danse,Vibration,,PARIS -,75116,75,06 November 2026,,
3596,Concerts,DIGITALISM,,PARIS -,75116,75,06 November 2026,,
3597,Concerts,NIALL HORAN,,PARIS -,75116,75,06 November 2026,,
3598,Projection,HARRY POTTER À L'ECOLE DES SORCIERS EN CINE-CONCERT,,PARIS -,75116,75,06 November 2026,,
3599,Concerts,Concert Gospel Hélios à l'Église Saint Philippe du Roule,,PARIS -,75116,75,06 November 2026,,
3600,Concerts,ARLO PARKS,,PARIS -,75116,75,06 November 2026,,
3601,Concerts,DE STAAT,,PARIS -,75116,75,06 November 2026,,
3602,Concerts,AGAINST THE CURRENT,,PARIS -,75116,75,06 November 2026,,
3603,Concerts,Dub inc,,PARIS -,75116,75,06 November 2026,,
3604,Concerts,Daoud,,PARIS -,75116,75,06 November 2026,,
3605,Concerts,DUB INC,,PARIS -,75116,75,06 November 2026,,
3606,Concerts,Arlo parks,,PARIS -,75116,75,06 November 2026,,
3607,Concerts,Digitalism,,PARIS -,75116,75,06 November 2026,,
3608,Concerts,Niall horan,,PARIS -,75116,75,06 November 2026,,
3609,Concerts,LES 3 FROMAGES,,PARIS -,75116,75,07 November 2026,,
3610,Spectacles,JIMMY CARR,,PARIS -,75116,75,07 November 2026,,
3611,Humour et one (wo)man show,Jimmy carr,,PARIS -,75116,75,07 November 2026,,
3612,Concerts,ANY GIVEN DAY,,PARIS -,75116,75,07 November 2026,,
3613,Concerts,Requiem de Verdi,,PARIS -,75116,75,07 November 2026,,
3614,Jeux-sports,ARES NOVEMBRE Paris - MMA,,PARIS -,75116,75,07 November 2026,,
3615,Concerts,ARLO PARKS,,PARIS -,75116,75,07 November 2026,,
3616,Concerts,SETH GUEKO,,PARIS -,75116,75,07 November 2026,,
3617,Projection,HARRY POTTER À L'ECOLE DES SORCIERS EN CINE-CONCERT,,PARIS -,75116,75,07 November 2026,,
3618,Concerts,CHASING ABBEY,,PARIS -,75116,75,07 November 2026,,
3619,Concerts,THE TEMPERANCE MOVEMENT,,PARIS -,75116,75,07 November 2026,,
3620,Jeux-sports,The GothamChess Europe Tour 2026,,PARIS -,75116,75,07 November 2026,,
3621,Concerts,Lujipeka,,PARIS -,75116,75,07 November 2026,,
3622,Concerts,LUJIPEKA,,PARIS -,75116,75,07 November 2026,,
3623,Projection,HARRY POTTER À L'ECOLE DES SORCIERS EN CINE-CONCERT,,PARIS -,75116,75,07 November 2026,,
3624,Concerts,Les 3 fromages,,PARIS -,75116,75,07 November 2026,,
3625,Concerts,Any given day,,PARIS -,75116,75,07 November 2026,,
3626,Jeux-sports,Ares novembre paris - mma,,PARIS -,75116,75,07 November 2026,,
3627,Jeux-sports,Prestation ares mma novembre,,PARIS -,75116,75,07 November 2026,,
3628,Concerts,Seth gueko,,PARIS -,75116,75,07 November 2026,,
3629,Concerts,THE CLOCKWORKS,,PARIS -,75116,75,08 November 2026,,
3630,Concerts,SWING,,PARIS -,75116,75,08 November 2026,,
3631,Concerts,THE EVERMINDS - special guest TSUJI,,PARIS -,75116,75,08 November 2026,,
3632,Concerts,ALCEU VALENÇA,,PARIS -,75116,75,08 November 2026,,
3633,Concerts,THE KID LAROI,,PARIS -,75116,75,08 November 2026,,
3634,Concerts,ARLO PARKS,,PARIS -,75116,75,08 November 2026,,
3635,Projection,HARRY POTTER À L'ECOLE DES SORCIERS EN CINE-CONCERT,,PARIS -,75116,75,08 November 2026,,
3636,Concerts,Heritage goldman 2,,PARIS -,75116,75,08 November 2026,,
3637,Projection,HARRY POTTER À L'ECOLE DES SORCIERS EN CINE-CONCERT,,PARIS -,75116,75,08 November 2026,,
3638,Concerts,Swing,,PARIS -,75116,75,08 November 2026,,
3639,Concerts,Alceu valença,,PARIS -,75116,75,08 November 2026,,
3640,Concerts,The kid laroi,,PARIS -,75116,75,08 November 2026,,
3641,Concerts,Legendary rock voices,,PARIS -,75116,75,08 November 2026,,
3642,Concerts,BEAST IN BLACK,,PARIS -,75116,75,09 November 2026,,
3643,Concerts,FUTURE PALACE,,PARIS -,75116,75,09 November 2026,,
3644,Danse,"Barbara, du bout des lèvres",,PARIS -,75116,75,09 November 2026,,
3645,Concerts,CAT POWER,,PARIS -,75116,75,09 November 2026,,
3646,Concerts,SHANNON,,PARIS -,75116,75,09 November 2026,,
3647,Concerts,DESPISED ICON + CARNIFEX + SUFFOCATION,,PARIS -,75116,75,09 November 2026,,
3648,Concerts,Beast in black,,PARIS -,75116,75,09 November 2026,,
3649,Concerts,Future palace,,PARIS -,75116,75,09 November 2026,,
3650,Concerts,Shannon,,PARIS -,75116,75,09 November 2026,,
3651,Concerts,"Les 4 Saisons de Vivaldi, Ave Maria et Célèbres Adagios",,PARIS -,75116,75,10 November 2026,,
3652,Concerts,ALLT,,PARIS -,75116,75,10 November 2026,,
3653,Concerts,FINK,,PARIS -,75116,75,10 November 2026,,
3654,Concerts,MASTER BOOT RECORD + FULCI,,PARIS -,75116,75,10 November 2026,,
3655,Concerts,ZINÉE,,PARIS -,75116,75,10 November 2026,,
3656,Concerts,ADRIEN SOLEIMAN PRESENTE BELLEJAZZCLUB,,PARIS -,75116,75,10 November 2026,,
3657,Concerts,DOC GYNECO,,PARIS -,75116,75,10 November 2026,,
3658,Concerts,THIBAUT,,PARIS -,75116,75,10 November 2026,,
3659,Concerts,JESSIE WARE,,PARIS -,75116,75,10 November 2026,,
3660,Concerts,AMISTAT,,PARIS -,75116,75,10 November 2026,,
3661,Concerts,TOVE LO,,PARIS -,75116,75,10 November 2026,,
3662,Concerts,SOFY,,PARIS -,75116,75,10 November 2026,,
3663,Concerts,MANON LISA,,PARIS -,75116,75,10 November 2026,,
3664,Concerts,STEVE COLEMAN AND FIVE ELEMENTS,,PARIS -,75116,75,10 November 2026,,
3665,Concerts,La rvfleuze,,PARIS -,75116,75,10 November 2026,,
3666,Concerts,Allt,,PARIS -,75116,75,10 November 2026,,
3667,Concerts,Fink,,PARIS -,75116,75,10 November 2026,,
3668,Concerts,Master boot record + fulci,,PARIS -,75116,75,10 November 2026,,
3669,Concerts,Zinée,,PARIS -,75116,75,10 November 2026,,
3670,Concerts,La mome piaf - anne carrere,,PARIS -,75116,75,10 November 2026,,
3671,Concerts,Thibaut,,PARIS -,75116,75,10 November 2026,,
3672,Concerts,MILANO,,PARIS -,75116,75,11 November 2026,,
3673,Concerts,SPIKE AND THE GIMME GIMMES,,PARIS -,75116,75,11 November 2026,,
3674,Concerts,BELINDA DAVIDS,,PARIS -,75116,75,11 November 2026,,
3675,Concerts,FFF,,PARIS -,75116,75,11 November 2026,,
3676,Spectacle et comedie musicale,Les misérables,,PARIS -,75116,75,11 November 2026,,
3677,Spectacles,Le Filip,,PARIS -,75116,75,11 November 2026,,
3678,Concerts,LEVARA,,PARIS -,75116,75,11 November 2026,,
3679,Concerts,JACK &amp; JACK,,PARIS -,75116,75,11 November 2026,,
3680,Concerts,ARTEMAS,,PARIS -,75116,75,11 November 2026,,
3681,Concerts,Belinda davids-tribute whitney houston,,PARIS -,75116,75,11 November 2026,,
3682,Concerts,Milano,,PARIS -,75116,75,11 November 2026,,
3683,Concerts,Milano,,PARIS -,75116,75,11 November 2026,,
3684,Concerts,Fff,,PARIS -,75116,75,11 November 2026,,
3685,Salons,Salon marjolaine,,PARIS -,75116,75,11 November 2026,,
3686,Concerts,Ella lewis,,PARIS -,75116,75,11 November 2026,,
3687,Concerts,JEANJASS,,PARIS -,75116,75,12 November 2026,,
3688,Humour et one (wo)man show,Je n'aime pas le classique,,PARIS -,75116,75,12 November 2026,,
3689,Concerts,THE 5 ROSIES - TRIBUTE TO AC/DC,,PARIS -,75116,75,12 November 2026,,
3690,Concerts,Myla,,PARIS -,75116,75,12 November 2026,,
3691,Concerts,ANNEKE VAN GIERSBERGEN &amp; BAND,,PARIS -,75116,75,12 November 2026,,
3692,Concerts,ARTEMAS,,PARIS -,75116,75,12 November 2026,,
3693,Concerts,HAUTE &amp; FREDDY,,PARIS -,75116,75,12 November 2026,,
3694,Concerts,Fianso,,PARIS -,75116,75,12 November 2026,,
3695,Concerts,FIANSO,,PARIS -,75116,75,12 November 2026,,
3696,Concerts,Jeanjass,,PARIS -,75116,75,12 November 2026,,
3697,Concerts,The 5 rosies – tribute to ac/dc,,PARIS -,75116,75,12 November 2026,,
3698,Cinémas,J.j annaud cine-concert symphonique,,PARIS -,75116,75,12 November 2026,,
3699,Concerts,Myla,,PARIS -,75116,75,12 November 2026,,
3700,Concerts,Anneke van giersbergen & band,,PARIS -,75116,75,12 November 2026,,
3701,Concerts,Artemas,,PARIS -,75116,75,12 November 2026,,
3702,Concerts,Prestation artemas,,PARIS -,75116,75,12 November 2026,,
3703,Concerts,JOSEPH KAMEL,,PARIS -,75116,75,13 November 2026,,
3704,Concerts,THE WITCHER III,,PARIS -,75116,75,13 November 2026,,
3705,Concerts,Les 4 Saisons de Vivaldi Intégrale / Petite Musique de Nuit,,PARIS -,75116,75,13 November 2026,,
3706,Concerts,FREYA SKYE,,PARIS -,75116,75,13 November 2026,,
3707,Concerts,MOON WALKER,,PARIS -,75116,75,13 November 2026,,
3708,Concerts,OMAH LAY,,PARIS -,75116,75,13 November 2026,,
3709,Concerts,Joseph kamel,,PARIS -,75116,75,13 November 2026,,
3710,Concerts,The witcher iii,,PARIS -,75116,75,13 November 2026,,
3711,Théatres,Comme s'il en pleuvait,,PARIS -,75116,75,13 November 2026,,
3712,Concerts,Moon walker,,PARIS -,75116,75,13 November 2026,,
3713,Spectacles,THE JEFF PANACLOC COMPANY,,PARIS -,75116,75,14 November 2026,,
3714,Concerts,MARLON MAGNEE,,PARIS -,75116,75,14 November 2026,,
3715,Concerts,DEELEE S,,PARIS -,75116,75,14 November 2026,,
3716,Humour et one (wo)man show,The jeff panacloc company,,PARIS -,75116,75,14 November 2026,,
3717,Danse,Move me once more,,PARIS -,75116,75,14 November 2026,,
3718,Humour et one (wo)man show,Rosa bursztein,,PARIS -,75116,75,14 November 2026,,
3719,Concerts,ZAHO,,PARIS -,75116,75,14 November 2026,,
3720,Concerts,STRANGELOVE - THE DEPECHE MODE EXPERIENCE,"252, rue du Faubourg Saint Honoré",PARIS 8èME ARRONDISSEMENT,75008,75,14 November 2026,,
3721,Concerts,Requiem de Mozart / Boléro de Ravel,,PARIS -,75116,75,14 November 2026,,
3722,Concerts,JOOLSY,,PARIS -,75116,75,14 November 2026,,
3723,Concerts,PRESIDENT,,PARIS -,75116,75,14 November 2026,,
3724,Concerts,Deelee s,,PARIS -,75116,75,14 November 2026,,
3725,Concerts,Ensemble !!!,,PARIS -,75116,75,14 November 2026,,
3726,Concerts,Marlon magnee,,PARIS -,75116,75,14 November 2026,,
3727,Concerts,Zaho,,PARIS -,75116,75,14 November 2026,,
3728,Concerts,Strangelove,,PARIS -,75116,75,14 November 2026,,
3729,Concerts,THE VINTAGE CARAVAN,,PARIS 19èME ARRONDISSEMENT -,75019,75,14 November 2026,,
3730,Concerts,WESTLIFE,,PARIS -,75116,75,15 November 2026,,
3731,Spectacles,THE JEFF PANACLOC COMPANY,,PARIS -,75116,75,15 November 2026,,
3732,Humour et one (wo)man show,Le cas pucine,,PARIS -,75116,75,15 November 2026,,
3733,Spectacles,LE CAS PUCINE,,PARIS -,75116,75,15 November 2026,,
3734,Concerts,YANNICK NOAH,,PARIS -,75116,75,15 November 2026,,
3735,Concerts,CHINCHILLA,,PARIS -,75116,75,15 November 2026,,
3736,Concerts,ICE SEALED EYES,,PARIS -,75116,75,15 November 2026,,
3737,Concerts,LP,,PARIS -,75116,75,15 November 2026,,
3738,Concerts,NASH,,PARIS -,75116,75,15 November 2026,,
3739,Concerts,Kery james,,PARIS -,75116,75,15 November 2026,,
3740,Concerts,KERY JAMES,,PARIS -,75116,75,15 November 2026,,
3741,Concerts,Westlife,,PARIS -,75116,75,15 November 2026,,
3742,Concerts,Westlife,,PARIS -,75116,75,15 November 2026,,
3743,Concerts,Yannick noah,,PARIS -,75116,75,15 November 2026,,
3744,Concerts,Chinchilla,,PARIS -,75116,75,15 November 2026,,
3745,Concerts,BLOC PARTY + INTERPOL,,PARIS -,75116,75,16 November 2026,,
3746,Loisirs et tourisme,Pucks - session de shuffleboard,,PARIS -,75116,75,16 November 2026,,
3747,Concerts,URIAH HEEP,,PARIS -,75116,75,16 November 2026,,
3748,Concerts,HOLLYSIZ,,PARIS -,75116,75,16 November 2026,,
3749,Concerts,LE MAROC A L'OLYMPIA 2ème EDITION,,PARIS -,75116,75,16 November 2026,,
3750,Concerts,Scala 30,,PARIS -,75116,75,16 November 2026,,
3751,Concerts,Bloc party + interpol,,PARIS -,75116,75,16 November 2026,,
3752,Concerts,Uriah heep,,PARIS -,75116,75,16 November 2026,,
3753,Concerts,HELENA,,PARIS -,75116,75,17 November 2026,,
3754,Classique et opera,Monroe,,PARIS -,75116,75,17 November 2026,,
3755,Concerts,VANESSA PARADIS,,PARIS -,75116,75,17 November 2026,,
3756,Concerts,SYD MATTERS,,PARIS -,75116,75,17 November 2026,,
3757,Concerts,GLORYHAMMER + MAJESTICA + ARION,,PARIS -,75116,75,17 November 2026,,
3758,Humour et one (wo)man show,Luca ravenna,,PARIS -,75116,75,17 November 2026,,
3759,Concerts,BILAL HASSANI,,PARIS -,75116,75,17 November 2026,,
3760,Concerts,THE MELTDOWN,,PARIS -,75116,75,17 November 2026,,
3761,Spectacles,LUCA RAVENNA,,PARIS -,75116,75,17 November 2026,,
3762,Concerts,CURRENTS + ERRA,,PARIS -,75116,75,17 November 2026,,
3763,Concerts,HOLLYSIZ,,PARIS -,75116,75,17 November 2026,,
3764,Concerts,ZINADELPHIA,,PARIS -,75116,75,17 November 2026,,
3765,Concerts,GOOD CHARLOTTE,,PARIS -,75116,75,17 November 2026,,
3766,Concerts,Vanessa paradis,,PARIS -,75116,75,17 November 2026,,
3767,Concerts,Gala solidarité sida,,PARIS -,75116,75,17 November 2026,,
3768,Concerts,MONROE,,PARIS -,75116,75,17 November 2026,,
3769,Concerts,Syd matters,,PARIS -,75116,75,17 November 2026,,
3770,Concerts,Gloryhammer + majestica + arion,,PARIS -,75116,75,17 November 2026,,
3771,Concerts,Helena,,PARIS -,75116,75,17 November 2026,,
3772,Concerts,Zimmer90,,PARIS -,75116,75,17 November 2026,,
3773,Concerts,The wallflowers,,PARIS -,75116,75,17 November 2026,,
3774,Concerts,The meltdown,,PARIS -,75116,75,17 November 2026,,
3775,Concerts,Bilal hassani,,PARIS -,75116,75,17 November 2026,,
3776,Classique et opera,Monroe,,PARIS -,75116,75,18 November 2026,,
3777,Humour et one (wo)man show,Malik bentalha,,PARIS -,75116,75,18 November 2026,,
3778,Concerts,MIKI,,PARIS -,75116,75,18 November 2026,,
3779,Spectacles,Le Filip,,PARIS -,75116,75,18 November 2026,,
3780,Concerts,KID FRANCESCOLI,,PARIS -,75116,75,18 November 2026,,
3781,Concerts,LOUIS MATUTE,,PARIS -,75116,75,18 November 2026,,
3782,Concerts,HOWLIN' JAWS,,PARIS -,75116,75,18 November 2026,,
3783,Concerts,FOLIE'S,,PARIS -,75116,75,18 November 2026,,
3784,Concerts,HOLLYSIZ,,PARIS -,75116,75,18 November 2026,,
3785,Concerts,BRYSON TILLER PRESENTS THE NEO TRAPSOUL TOUR,,PARIS -,75116,75,18 November 2026,,
3786,Concerts,MONROE,,PARIS -,75116,75,18 November 2026,,
3787,Concerts,Miki,,PARIS -,75116,75,18 November 2026,,
3788,Concerts,Kid francescoli,,PARIS -,75116,75,18 November 2026,,
3789,Concerts,Louis matute,,PARIS -,75116,75,18 November 2026,,
3790,Concerts,Howlin' jaws,,PARIS -,75116,75,18 November 2026,,
3791,Concerts,DEATH VALLEY GIRLS,,PARIS -,75116,75,19 November 2026,,
3792,Concerts,CHRISTOPHE MAE,,PARIS -,75116,75,19 November 2026,,
3793,Concerts,DANYL,,PARIS -,75116,75,19 November 2026,,
3794,Concerts,WILT,,PARIS -,75116,75,19 November 2026,,
3795,Concerts,JOYCE MORENO,,PARIS -,75116,75,19 November 2026,,
3796,Concerts,Christophe mae,,PARIS -,75116,75,19 November 2026,,
3797,Concerts,Danyl,,PARIS -,75116,75,19 November 2026,,
3798,Concerts,Claudio Capéo,Zénith de Paris - La Villette Parking Porte de la Villette 75019 PARIS,PARIS 19èME ARRONDISSEMENT,75019,75,19 November 2026,06 February 2027,
3799,Concerts,ZEBRAHEAD,,PARIS -,75116,75,20 November 2026,,
3800,Concerts,EMMA,,PARIS -,75116,75,20 November 2026,,
3801,Concerts,CHRISTOPHE MAE,,PARIS -,75116,75,20 November 2026,,
3802,Concerts,TAGADA JONES,,PARIS -,75116,75,20 November 2026,,
3803,Humour et one (wo)man show,Samuel bambi dans machine,,PARIS -,75116,75,20 November 2026,,
3804,Concerts,"Les 4 Saisons de Vivaldi, Ave Maria et Célèbres Concertos",,PARIS -,75116,75,20 November 2026,,
3805,Concerts,KNEECAP,,PARIS -,75116,75,20 November 2026,,
3806,Concerts,BLUE,,PARIS -,75116,75,20 November 2026,,
3807,Concerts,A2H,,PARIS -,75116,75,20 November 2026,,
3808,Concerts,MAELLE,,PARIS -,75116,75,20 November 2026,,
3809,Concerts,MARTIN LUKE BROWN,,PARIS -,75116,75,20 November 2026,,
3810,Concerts,Prestation emma,,PARIS -,75116,75,20 November 2026,,
3811,Concerts,Emma,,PARIS -,75116,75,20 November 2026,,
3812,Concerts,Zebrahead,,PARIS -,75116,75,20 November 2026,,
3813,Concerts,Tagada jones,,PARIS -,75116,75,20 November 2026,,
3814,Concerts,Kneecap,,PARIS -,75116,75,20 November 2026,,
3815,Concerts,"Giedré, maxi best-of",,PARIS -,75116,75,20 November 2026,,
3816,Concerts,Blue,,PARIS -,75116,75,20 November 2026,,
3817,Concerts,Prestation blue,,PARIS -,75116,75,20 November 2026,,
3818,Concerts,Blue,,PARIS -,75116,75,20 November 2026,,
3819,Concerts,A2h,,PARIS -,75116,75,20 November 2026,,
3820,Concerts,TOKIO HOTEL,,PARIS -,75116,75,21 November 2026,,
3821,Spectacle et comedie musicale,Daniel balavoine 40 ans deja,,PARIS -,75116,75,21 November 2026,,
3822,Concerts,GWENDAL MARIMOUTOU - UNE VIE PAR JOUR,,PARIS -,75116,75,21 November 2026,,
3823,Concerts,HORSKH,,PARIS -,75116,75,21 November 2026,,
3824,Concerts,MARILLION,,PARIS -,75116,75,21 November 2026,,
3825,Concerts,MOISE MBIYE,,PARIS -,75116,75,21 November 2026,,
3826,Concerts,GALLOWSTREET,,PARIS -,75116,75,21 November 2026,,
3827,Concerts,MUNA,,PARIS -,75116,75,21 November 2026,,
3828,Concerts,CHICO CHICO,,PARIS -,75116,75,21 November 2026,,
3829,Concerts,Biga*ranx,,PARIS -,75116,75,21 November 2026,,
3830,Concerts,BIGA*RANX,,PARIS -,75116,75,21 November 2026,,
3831,Concerts,Sergent garcia,,PARIS -,75116,75,21 November 2026,,
3832,Concerts,Horskh,,PARIS -,75116,75,21 November 2026,,
3833,Concerts,Marillion,,PARIS -,75116,75,21 November 2026,,
3834,Concerts,Muna,,PARIS -,75116,75,21 November 2026,,
3835,Concerts,Bleachers,,PARIS -,75116,75,21 November 2026,,
3836,Concerts,BILLY COBHAM,,PARIS -,75116,75,22 November 2026,,
3837,Concerts,ACCEPT 50th Anniversary Tour 2026,,PARIS -,75116,75,22 November 2026,,
3838,Concerts,HATSUNE MIKU,,PARIS -,75116,75,22 November 2026,,
3839,Concerts,KODALINE,,PARIS -,75116,75,22 November 2026,,
3840,Concerts,NASH,,PARIS -,75116,75,22 November 2026,,
3841,Concerts,Loudblast,,PARIS -,75116,75,22 November 2026,,
3842,Concerts,Billy cobham,,PARIS -,75116,75,22 November 2026,,
3843,Concerts,Hatsune miku,,PARIS -,75116,75,22 November 2026,,
3844,Concerts,Accept 50th anniversary tour 2026,,PARIS -,75116,75,22 November 2026,,
3845,Concerts,Nubiyan twist,,PARIS -,75116,75,22 November 2026,,
3846,Concerts,Kodaline,,PARIS -,75116,75,22 November 2026,,
3847,Concerts,NEJ,,PARIS -,75116,75,23 November 2026,,
3848,Concerts,FERDI,,PARIS -,75116,75,23 November 2026,,
3849,Concerts,Nej,,PARIS -,75116,75,23 November 2026,,
3850,Concerts,Ferdi,,PARIS -,75116,75,23 November 2026,,
3851,Concerts,La promesse brel autrement,,PARIS -,75116,75,23 November 2026,,
3852,Concerts,Nass el ghiwane,,PARIS -,75116,75,23 November 2026,,
3853,Concerts,SUPERBUS,,PARIS -,75116,75,24 November 2026,,
3854,Concerts,PICHE,,PARIS -,75116,75,24 November 2026,,
3855,Danse,Les quatre saisons - ballet,,PARIS -,75116,75,24 November 2026,,
3856,Danse,Summerland,,PARIS -,75116,75,24 November 2026,,
3857,Concerts,Les 4 Saisons de Vivaldi Intégrale / Petite Musique de Nuit,,PARIS -,75116,75,24 November 2026,,
3858,Concerts,DOMINUM,,PARIS -,75116,75,24 November 2026,,
3859,Concerts,THE PRETTY RECKLESS,,PARIS -,75116,75,24 November 2026,,
3860,Concerts,SOEN,,PARIS -,75116,75,24 November 2026,,
3861,Concerts,WESGHOST,,PARIS -,75116,75,24 November 2026,,
3862,Concerts,THOMAS KAHN,,PARIS -,75116,75,24 November 2026,,
3863,Concerts,Superbus,,PARIS -,75116,75,24 November 2026,,
3864,Concerts,Piche,,PARIS -,75116,75,24 November 2026,,
3865,Concerts,Dominum,,PARIS -,75116,75,24 November 2026,,
3866,Concerts,The pretty reckless,,PARIS -,75116,75,24 November 2026,,
3867,Concerts,The pretty reckless,,PARIS -,75116,75,24 November 2026,,
3868,Concerts,Prestation the pretty reckless,,PARIS -,75116,75,24 November 2026,,
3869,Concerts,SINCLAIR,,PARIS -,75116,75,25 November 2026,,
3870,Concerts,FATOUMATA DIAWARA,,PARIS -,75116,75,25 November 2026,,
3871,Danse,Casse-noisette,,PARIS -,75116,75,25 November 2026,,
3872,Concerts,P.R2B,,PARIS -,75116,75,25 November 2026,,
3873,Spectacles,Le Filip,,PARIS -,75116,75,25 November 2026,,
3874,Concerts,JUSTE SHANI,,PARIS -,75116,75,25 November 2026,,
3875,Concerts,PLACEBO,,PARIS -,75116,75,25 November 2026,,
3876,Concerts,JOEY MATA &amp; HASHEEM,,PARIS -,75116,75,25 November 2026,,
3877,Concerts,CASSIA,,PARIS -,75116,75,25 November 2026,,
3878,Concerts,KODALINE,,PARIS -,75116,75,25 November 2026,,
3879,Concerts,TRIXIE WHITLEY,,PARIS -,75116,75,25 November 2026,,
3880,Concerts,TETE,,PARIS -,75116,75,25 November 2026,,
3881,Concerts,Sinclair,,PARIS -,75116,75,25 November 2026,,
3882,Concerts,Fatoumata diawara,,PARIS -,75116,75,25 November 2026,,
3883,Concerts,P.r2b,,PARIS -,75116,75,25 November 2026,,
3884,Concerts,Juste shani,,PARIS -,75116,75,25 November 2026,,
3885,Concerts,Placebo,,PARIS -,75116,75,25 November 2026,,
3886,Concerts,Joey mata & hasheem,,PARIS -,75116,75,25 November 2026,,
3887,Concerts,Kodaline,,PARIS -,75116,75,25 November 2026,,
3888,Concerts,Package kodaline,,PARIS -,75116,75,25 November 2026,,
3889,Concerts,Cassia,,PARIS -,75116,75,25 November 2026,,
3890,Concerts,Trixie whitley,,PARIS -,75116,75,25 November 2026,,
3891,Concerts,Package placebo,,PARIS -,75116,75,25 November 2026,,
3892,Spectacles,THOMAS WIESEL,,PARIS -,75116,75,26 November 2026,,
3893,Humour et one (wo)man show,Thomas wiesel,,PARIS -,75116,75,26 November 2026,,
3894,Concerts,EVE LA MARKA,,PARIS -,75116,75,26 November 2026,,
3895,Danse,A4,,PARIS -,75116,75,26 November 2026,,
3896,Spectacle et comedie musicale,Black legends,,PARIS -,75116,75,26 November 2026,,
3897,Concerts,LIV DEL ESTAL,,PARIS -,75116,75,26 November 2026,,
3898,Concerts,MAMMOTH,,PARIS -,75116,75,26 November 2026,,
3899,Concerts,THE MUSIC OF QUEEN - Live,,PARIS -,75116,75,26 November 2026,,
3900,Concerts,THE POGUES,,PARIS -,75116,75,26 November 2026,,
3901,Concerts,MT JONES,,PARIS -,75116,75,26 November 2026,,
3902,Concerts,Eve lamarka,,PARIS -,75116,75,26 November 2026,,
3903,Concerts,Mammoth,,PARIS -,75116,75,26 November 2026,,
3904,Concerts,The music of queen,,PARIS -,75116,75,26 November 2026,,
3905,Concerts,Liv del estal,,PARIS -,75116,75,26 November 2026,,
3906,Cirques,Cirque du soleil - ovo,,PARIS -,75116,75,26 November 2026,,
3907,Concerts,Whities en concert,,PARIS -,75116,75,26 November 2026,,
3908,Concerts,LILLY WOOD AND THE PRICK,,PARIS -,75116,75,27 November 2026,,
3909,Humour et one (wo)man show,Mo gilligan,,PARIS -,75116,75,27 November 2026,,
3910,Humour et one (wo)man show,Veronic dicaire,,PARIS -,75116,75,27 November 2026,,
3911,Concerts,MAKALA,,PARIS -,75116,75,27 November 2026,,
3912,Spectacles,VERONIC DICAIRE,,PARIS -,75116,75,27 November 2026,,
3913,Concerts,Requiem de Mozart / Boléro de Ravel,,PARIS -,75116,75,27 November 2026,,
3914,Concerts,CIELBLEU,,PARIS -,75116,75,27 November 2026,,
3915,Concerts,PARIS PALOMA,,PARIS -,75116,75,27 November 2026,,
3916,Concerts,VERONICA FUSARO,,PARIS -,75116,75,27 November 2026,,
3917,Spectacles,MO GILLIGAN,,PARIS -,75116,75,27 November 2026,,
3918,Concerts,Lilly wood and the prick,,PARIS -,75116,75,27 November 2026,,
3919,Concerts,Makala,,PARIS -,75116,75,27 November 2026,,
3920,Concerts,Cielbleu,,PARIS -,75116,75,27 November 2026,,
3921,Concerts,SPIDER ZED,,PARIS -,75116,75,28 November 2026,,
3922,Concerts,LILLY WOOD AND THE PRICK,,PARIS -,75116,75,28 November 2026,,
3923,Concerts,NOUS ETIONS UNE ARMEE,,PARIS -,75116,75,28 November 2026,,
3924,Spectacles,VERONIC DICAIRE,,PARIS -,75116,75,28 November 2026,,
3925,Concerts,KWOON,,PARIS -,75116,75,28 November 2026,,
3926,Concerts,SACE6,,PARIS -,75116,75,28 November 2026,,
3927,Concerts,KID KAPICHI,,PARIS -,75116,75,28 November 2026,,
3928,Concerts,"Les 4 Saisons de Vivaldi, Ave Maria, Concerto de Mendelssohn",,PARIS -,75116,75,28 November 2026,,
3929,Concerts,BENNY SINGS,,PARIS -,75116,75,28 November 2026,,
3930,Concerts,LEAP,,PARIS -,75116,75,28 November 2026,,
3931,Spectacles,ODYSSEE par les Etoiles du Cirque de Pékin,,PARIS -,75116,75,28 November 2026,,
3932,Spectacles,ODYSSEE par les Etoiles du Cirque de Pékin,,PARIS -,75116,75,28 November 2026,,
3933,Concerts,The world of queen,,PARIS -,75116,75,28 November 2026,,
3934,Concerts,Peet,,PARIS -,75116,75,28 November 2026,,
3935,Concerts,Mpl,,PARIS -,75116,75,28 November 2026,,
3936,Concerts,PEET,,PARIS -,75116,75,28 November 2026,,
3937,Concerts,MPL,,PARIS -,75116,75,28 November 2026,,
3938,Concerts,Nous etions une armee,,PARIS -,75116,75,28 November 2026,,
3939,Concerts,Spider zed,,PARIS -,75116,75,28 November 2026,,
3940,Concerts,Sace6,,PARIS -,75116,75,28 November 2026,,
3941,Concerts,Kid kapichi,,PARIS -,75116,75,28 November 2026,,
3942,Concerts,HEALTH + VOWWS + DOODSESKADER,,PARIS -,75116,75,29 November 2026,,
3943,Spectacles,VERONIC DICAIRE,,PARIS -,75116,75,29 November 2026,,
3944,Concerts,BETH HART,,PARIS -,75116,75,29 November 2026,,
3945,Concerts,HERMANOS GUTIERREZ,,PARIS -,75116,75,29 November 2026,,
3946,Concerts,SALMO,,PARIS -,75116,75,29 November 2026,,
3947,Spectacles,ODYSSEE par les Etoiles du Cirque de Pékin,,PARIS -,75116,75,29 November 2026,,
3948,Spectacles,ODYSSEE par les Etoiles du Cirque de Pékin,,PARIS -,75116,75,29 November 2026,,
3949,Spectacles,ODYSSEE par les Etoiles du Cirque de Pékin,,PARIS -,75116,75,29 November 2026,,
3950,Concerts,VOILA,,PARIS -,75116,75,29 November 2026,,
3951,Concerts,Beth hart,,PARIS -,75116,75,29 November 2026,,
3952,Concerts,Hermanos gutierrez,,PARIS -,75116,75,29 November 2026,,
3953,Concerts,Salmo,,PARIS -,75116,75,29 November 2026,,
3954,Concerts,JULIEN LIEB,,PARIS -,75116,75,30 November 2026,,
3955,Concerts,CHASSOL,,PARIS -,75116,75,30 November 2026,,
3956,Concerts,JULIA WOLF,,PARIS -,75116,75,30 November 2026,,
3957,Concerts,SEVENDUST,,PARIS -,75116,75,30 November 2026,,
3958,Concerts,EDIS,,PARIS -,75116,75,30 November 2026,,
3959,Concerts,Julien lieb,,PARIS -,75116,75,30 November 2026,,
3960,Théatres,Un soir avec yves jamait,,PARIS -,75116,75,30 November 2026,,
3961,Concerts,Chassol,,PARIS -,75116,75,30 November 2026,,
3962,Concerts,Black sabbitch,,PARIS -,75116,75,30 November 2026,,
3963,Concerts,Julia wolf,,PARIS -,75116,75,30 November 2026,,
3964,Concerts,BLACK SABBITCH,,PARIS 19èME ARRONDISSEMENT -,75019,75,30 November 2026,,
3965,Spectacles,NORA HAMZAWI,,PARIS -,75116,75,01 December 2026,,
3966,Concerts,ZELIE,,PARIS -,75116,75,01 December 2026,,
3967,Humour et one (wo)man show,Nora hamzawi,,PARIS -,75116,75,01 December 2026,,
3968,Concerts,NeS,,PARIS -,75116,75,01 December 2026,,
3969,Concerts,JOYCE JONATHAN,,PARIS -,75116,75,01 December 2026,,
3970,Concerts,PAPA ROACH,,PARIS -,75116,75,01 December 2026,,
3971,Concerts,NUIT INCOLORE,,PARIS -,75116,75,01 December 2026,,
3972,Concerts,Zelie,,PARIS -,75116,75,01 December 2026,,
3973,Concerts,Nes,,PARIS -,75116,75,01 December 2026,,
3974,Concerts,Joyce jonathan,,PARIS -,75116,75,01 December 2026,,
3975,Concerts,Papa roach,,PARIS -,75116,75,01 December 2026,,
3976,Spectacles,NORA HAMZAWI,,PARIS -,75116,75,02 December 2026,,
3977,Concerts,ESTL,,PARIS -,75116,75,02 December 2026,,
3978,Concerts,SELF DECEPTION + ANKOR,,PARIS -,75116,75,02 December 2026,,
3979,Concerts,ELMIENE,,PARIS -,75116,75,02 December 2026,,
3980,Concerts,NeS,,PARIS -,75116,75,02 December 2026,,
3981,Spectacles,Le Filip,,PARIS -,75116,75,02 December 2026,,
3982,Concerts,ANDEOL,,PARIS -,75116,75,02 December 2026,,
3983,Concerts,TORI KELLY,,PARIS -,75116,75,02 December 2026,,
3984,Spectacles,ODYSSEE par les Etoiles du Cirque de Pékin,,PARIS -,75116,75,02 December 2026,,
3985,Concerts,Mauvaise bouche,,PARIS -,75116,75,02 December 2026,,
3986,Concerts,Elmiene,,PARIS -,75116,75,02 December 2026,,
3987,Cinémas,Dragons 2 en cine-concert,,PARIS -,75116,75,02 December 2026,,
3988,Concerts,CHANGELINE,,PARIS -,75116,75,03 December 2026,,
3989,Humour et one (wo)man show,Thomas vdb,,PARIS -,75116,75,03 December 2026,,
3990,Spectacle et comedie musicale,Les fo plafonds,,PARIS -,75116,75,03 December 2026,,
3991,Danse,Murmuration,,PARIS -,75116,75,03 December 2026,,
3992,Concerts,KEREN ANN,,PARIS -,75116,75,03 December 2026,,
3993,Concerts,AXEL BAUER,,PARIS -,75116,75,03 December 2026,,
3994,Spectacles,THOMAS VDB,,PARIS -,75116,75,03 December 2026,,
3995,Concerts,BRYAN ADAMS,,PARIS -,75116,75,03 December 2026,,
3996,Spectacles,NORA HAMZAWI,,PARIS -,75116,75,03 December 2026,,
3997,Concerts,GURRIERS,,PARIS -,75116,75,03 December 2026,,
3998,Concerts,THE KEHLANI WORLD TOUR: EU &amp; UK,,PARIS -,75116,75,03 December 2026,,
3999,Concerts,Changeline,,PARIS -,75116,75,03 December 2026,,
4000,Concerts,Keren ann,,PARIS -,75116,75,03 December 2026,,
4001,Concerts,Axel bauer,,PARIS -,75116,75,03 December 2026,,
4002,Concerts,Bryan adams,,PARIS -,75116,75,03 December 2026,,
4003,Concerts,ISHA &amp; LIMSA D'AULNAY,,PARIS -,75116,75,04 December 2026,,
4004,Concerts,MARGUERITE,,PARIS -,75116,75,04 December 2026,,
4005,Spectacles,THOMAS VDB,,PARIS -,75116,75,04 December 2026,,
4006,Humour et one (wo)man show,Florian lex,,PARIS -,75116,75,04 December 2026,,
4007,Concerts,BONBON VODOU,,PARIS -,75116,75,04 December 2026,,
4008,Concerts,ELUVEITIE + PAIN + WOLFHEART,,PARIS -,75116,75,04 December 2026,,
4009,Concerts,EIFFEL,,PARIS -,75116,75,04 December 2026,,
4010,Concerts,"Les 4 Saisons de Vivaldi, Ave Maria et Célèbres Concertos",,PARIS -,75116,75,04 December 2026,,
4011,Concerts,DARAN,,PARIS -,75116,75,04 December 2026,,
4012,Concerts,Portugal. the man,,PARIS -,75116,75,04 December 2026,,
4013,Concerts,Isha & limsa d'aulnay,,PARIS -,75116,75,04 December 2026,,
4014,Concerts,PORTUGAL. THE MAN,,PARIS -,75116,75,04 December 2026,,
4015,Concerts,Marguerite,,PARIS -,75116,75,04 December 2026,,
4016,Concerts,Bonbon vodou,,PARIS -,75116,75,04 December 2026,,
4017,Concerts,Eluveitie + pain + wolfheart,,PARIS -,75116,75,04 December 2026,,
4018,Concerts,Edgar,,PARIS -,75116,75,04 December 2026,,
4019,Concerts,Eiffel,,PARIS -,75116,75,04 December 2026,,
4020,Concerts,"Mental Cruelty, Ov Sulfur // @Glazart (Paris exclu FR) - 04.12.26",,PARIS 19èME ARRONDISSEMENT -,75019,75,04 December 2026,,
4021,Concerts,Broken Back,,PARIS -,75116,75,05 December 2026,,
4022,Concerts,TRIGGERFINGER,,PARIS -,75116,75,05 December 2026,,
4023,Concerts,SKIP THE USE,,PARIS -,75116,75,05 December 2026,,
4024,Concerts,MARGUERITE,,PARIS -,75116,75,05 December 2026,,
4025,Humour et one (wo)man show,Les normales se font des films,,PARIS -,75116,75,05 December 2026,,
4026,Danse,Noces de sang,,PARIS -,75116,75,05 December 2026,,
4027,Spectacles,THOMAS VDB,,PARIS -,75116,75,05 December 2026,,
4028,Humour et one (wo)man show,La folle soiree de giroud et stotz,,PARIS -,75116,75,05 December 2026,,
4029,Concerts,"Les 4 Saisons de Vivaldi, Ave Maria et Célèbres Adagios",,PARIS -,75116,75,05 December 2026,,
4030,Concerts,PORTUGAL. THE MAN,,PARIS -,75116,75,05 December 2026,,
4031,Concerts,SO LA LUNE,,PARIS -,75116,75,05 December 2026,,
4032,Concerts,JeanneTo - Trabendo,,PARIS -,75116,75,05 December 2026,,
4033,Spectacles,ODYSSEE par les Etoiles du Cirque de Pékin,,PARIS -,75116,75,05 December 2026,,
4034,Spectacles,ODYSSEE par les Etoiles du Cirque de Pékin,,PARIS -,75116,75,05 December 2026,,
4035,Spectacles,ODYSSEE par les Etoiles du Cirque de Pékin,,PARIS -,75116,75,05 December 2026,,
4036,Concerts,Les Légendes Arabes,,PARIS -,75116,75,05 December 2026,,
4037,Concerts,Skip the use,,PARIS -,75116,75,05 December 2026,,
4038,Concerts,Skip the use,,PARIS -,75116,75,05 December 2026,,
4039,Concerts,Broken back,,PARIS -,75116,75,05 December 2026,,
4040,Théatres,Les odyssées de jules verne,,PARIS -,75116,75,05 December 2026,,
4041,Concerts,So la lune,,PARIS -,75116,75,05 December 2026,,
4042,Cinémas,"Maman, j'ai rate l'avion !",,PARIS -,75116,75,05 December 2026,,
4043,Concerts,BREL ! LE SPECTACLE interprété par OLIVIER LAURENT,,PARIS -,75116,75,06 December 2026,,
4044,Concerts,SHAÂRGHOT,,PARIS -,75116,75,06 December 2026,,
4045,Concerts,NASH,,PARIS -,75116,75,06 December 2026,,
4046,Spectacles,ODYSSEE par les Etoiles du Cirque de Pékin,,PARIS -,75116,75,06 December 2026,,
4047,Spectacles,ODYSSEE par les Etoiles du Cirque de Pékin,,PARIS -,75116,75,06 December 2026,,
4048,Spectacles,ODYSSEE par les Etoiles du Cirque de Pékin,,PARIS -,75116,75,06 December 2026,,
4049,Concerts,Brel ! le spectacle,,PARIS -,75116,75,06 December 2026,,
4050,Concerts,Eric serra live,,PARIS -,75116,75,06 December 2026,,
4051,Concerts,ERIC SERRA LIVE,,PARIS -,75116,75,06 December 2026,,
4052,Concerts,Resident evil 30th anniversary concerts,,PARIS -,75116,75,06 December 2026,,
4053,Concerts,Shaârghot,,PARIS -,75116,75,06 December 2026,,
4054,Concerts,The Dire Straits Experience le lundi 7 décembre à Paris !,"211 Av. Jean Jaurès, 75019 Paris",PARIS,75116,75,07 December 2026,,
4055,Concerts,THE DIRE STRAITS EXPERIENCE,,PARIS -,75116,75,07 December 2026,,
4056,Spectacles,VINCENT DELERM,,PARIS -,75116,75,07 December 2026,,
4057,Concerts,NOAH KAHAN,,PARIS -,75116,75,07 December 2026,,
4058,Concerts,The dire straits experience,,PARIS -,75116,75,07 December 2026,,
4059,Salons,Salon saveurs des plaisirs gourmands,,PARIS -,75116,75,07 December 2026,,
4060,Concerts,Vincent delerm,,PARIS -,75116,75,07 December 2026,,
4061,Concerts,Noah kahan,,PARIS -,75116,75,07 December 2026,,
4062,Concerts,STACEY KENT,,PARIS -,75116,75,08 December 2026,,
4063,Concerts,Les 4 Saisons de Vivaldi Intégrale / Petite Musique de Nuit,,PARIS -,75116,75,08 December 2026,,
4064,Concerts,DAYSEEKER,,PARIS -,75116,75,08 December 2026,,
4065,Concerts,PIERRE DE MAERE,,PARIS -,75116,75,08 December 2026,,
4066,Concerts,Stacey kent,,PARIS -,75116,75,08 December 2026,,
4067,Concerts,Dayseeker,,PARIS -,75116,75,08 December 2026,,
4068,Concerts,Pierre de maere,,PARIS -,75116,75,08 December 2026,,
4069,Concerts,PIERRE DE MAERE,,PARIS -,75116,75,09 December 2026,,
4070,Concerts,GOTTS STREET PARK,,PARIS -,75116,75,09 December 2026,,
4071,Spectacles,ODYSSEE par les Etoiles du Cirque de Pékin,,PARIS -,75116,75,09 December 2026,,
4072,Concerts,LÉMOFIL,,PARIS -,75116,75,09 December 2026,,
4073,Concerts,Orelsan,,PARIS -,75116,75,09 December 2026,,
4074,Concerts,ORELSAN,,PARIS -,75116,75,09 December 2026,,
4075,Concerts,The sheepdogs,,PARIS -,75116,75,09 December 2026,,
4076,Concerts,ORELSAN,,PARIS -,75116,75,10 December 2026,,
4077,Concerts,JEANNE CHERHAL,,PARIS -,75116,75,10 December 2026,,
4078,Humour et one (wo)man show,Marine leonardi,,PARIS -,75116,75,10 December 2026,,
4079,Spectacles,THOMAS VDB,,PARIS -,75116,75,10 December 2026,,
4080,Concerts,JWLES,,PARIS -,75116,75,10 December 2026,,
4081,Concerts,PERCUJAM,,PARIS -,75116,75,10 December 2026,,
4082,Concerts,DARVAZA + MERRIMACK + HELLERUIN + DETRESSE,,PARIS -,75116,75,10 December 2026,,
4083,Concerts,DAVID WALTERS,,PARIS -,75116,75,10 December 2026,,
4084,Spectacles,MARINE LEONARDI,,PARIS -,75116,75,10 December 2026,,
4085,Concerts,Jeanne cherhal,,PARIS -,75116,75,10 December 2026,,
4086,Concerts,Jwles,,PARIS -,75116,75,10 December 2026,,
4087,Concerts,Percujam,,PARIS -,75116,75,10 December 2026,,
4088,Concerts,Darvaza + merrimack +,,PARIS -,75116,75,10 December 2026,,
4089,Spectacles,Marine Leonardi,"L'Olympia 28, bd des Capucines 75009 PARIS",PARIS 9èME ARRONDISSEMENT,75009,75,10 December 2026,13 December 2026,
4090,Spectacles,MARINE LEONARDI,,PARIS -,75116,75,11 December 2026,,
4091,Concerts,ORELSAN,,PARIS -,75116,75,11 December 2026,,
4092,Spectacles,THOMAS VDB,,PARIS -,75116,75,11 December 2026,,
4093,Concerts,JAVA MCANUFF,,PARIS -,75116,75,11 December 2026,,
4094,Concerts,Messie de Haendel,,PARIS -,75116,75,11 December 2026,,
4095,Concerts,TAHITI 80,,PARIS -,75116,75,11 December 2026,,
4096,Concerts,DAVID WALTERS,,PARIS -,75116,75,11 December 2026,,
4097,Théatres,Une seconde avant noël - le musical,,PARIS -,75116,75,11 December 2026,,
4098,Concerts,Java mcanuff,,PARIS -,75116,75,11 December 2026,,
4099,Spectacles,MARINE LEONARDI,,PARIS -,75116,75,12 December 2026,,
4100,Concerts,ORELSAN,,PARIS -,75116,75,12 December 2026,,
4101,Spectacles,NINO ARIAL,,PARIS -,75116,75,12 December 2026,,
4102,Concerts,Sniper,,PARIS -,75116,75,12 December 2026,,
4103,Concerts,SHENG,,PARIS -,75116,75,12 December 2026,,
4104,Humour et one (wo)man show,Nino arial,,PARIS -,75116,75,12 December 2026,,
4105,Spectacles,THOMAS VDB,,PARIS -,75116,75,12 December 2026,,
4106,Concerts,In My Head - A Film Music Tribute To David Lynch,,PARIS -,75116,75,12 December 2026,,
4107,Concerts,"Les 4 Saisons de Vivaldi, Ave Maria et Célèbres Adagios",,PARIS -,75116,75,12 December 2026,,
4108,Concerts,ALEX HENRY FOSTER,,PARIS -,75116,75,12 December 2026,,
4109,Spectacles,ODYSSEE par les Etoiles du Cirque de Pékin,,PARIS -,75116,75,12 December 2026,,
4110,Spectacles,ODYSSEE par les Etoiles du Cirque de Pékin,,PARIS -,75116,75,12 December 2026,,
4111,Spectacles,ODYSSEE par les Etoiles du Cirque de Pékin,,PARIS -,75116,75,12 December 2026,,
4112,Concerts,Disney en concert - suivez vos reves,,PARIS -,75116,75,12 December 2026,,
4113,Concerts,Sheng,,PARIS -,75116,75,12 December 2026,,
4114,Concerts,Sniper,,PARIS -,75116,75,12 December 2026,,
4115,Concerts,In my head - a tribute to david lynch,,PARIS -,75116,75,12 December 2026,,
4116,Spectacles,MARINE LEONARDI,,PARIS -,75116,75,13 December 2026,,
4117,Humour et one (wo)man show,Karine dubernet,,PARIS -,75116,75,13 December 2026,,
4118,Concerts,Sniper,,PARIS -,75116,75,13 December 2026,,
4119,Concerts,SALVATORE ADAMO,,PARIS -,75116,75,13 December 2026,,
4120,Spectacles,ROLE'N PLAY,,PARIS -,75116,75,13 December 2026,,
4121,Concerts,NASH,,PARIS -,75116,75,13 December 2026,,
4122,Concerts,MAUSTETYTÖT,,PARIS -,75116,75,13 December 2026,,
4123,Spectacles,ODYSSEE par les Etoiles du Cirque de Pékin,,PARIS -,75116,75,13 December 2026,,
4124,Spectacles,ODYSSEE par les Etoiles du Cirque de Pékin,,PARIS -,75116,75,13 December 2026,,
4125,Spectacles,ODYSSEE par les Etoiles du Cirque de Pékin,,PARIS -,75116,75,13 December 2026,,
4126,Concerts,Salvatore adamo,,PARIS -,75116,75,13 December 2026,,
4127,Concerts,Remi - totomobile en fete,,PARIS -,75116,75,13 December 2026,,
4128,Concerts,GREENLEAF,,PARIS -,75116,75,14 December 2026,,
4129,Concerts,ORELSAN,,PARIS -,75116,75,14 December 2026,,
4130,Concerts,SAM SAUVAGE,,PARIS -,75116,75,14 December 2026,,
4131,Concerts,GREEN LUNG,,PARIS -,75116,75,14 December 2026,,
4132,Spectacles,Philippe-Audrey LARRUE-ST-JACQUES,,PARIS -,75116,75,14 December 2026,,
4133,Concerts,YOUV DEE,,PARIS -,75116,75,14 December 2026,,
4134,Concerts,Sam sauvage,,PARIS -,75116,75,14 December 2026,,
4135,Concerts,ORELSAN,,PARIS -,75116,75,15 December 2026,,
4136,Concerts,SAM SAUVAGE,,PARIS -,75116,75,15 December 2026,,
4137,Concerts,"Les 4 Saisons de Vivaldi, Ave Maria et Célèbres Concertos",,PARIS -,75116,75,15 December 2026,,
4138,Spectacles,SERGIO CORTÈS,,PARIS -,75116,75,15 December 2026,,
4139,Concerts,BARBARA CARLOTTI,,PARIS -,75116,75,15 December 2026,,
4140,Concerts,Ladaniva,,PARIS -,75116,75,15 December 2026,,
4141,Concerts,BEN MAZUE,,PARIS -,75116,75,15 December 2026,,
4142,Concerts,Sergio cortès,,PARIS -,75116,75,15 December 2026,,
4143,Concerts,Barbara carlotti,,PARIS -,75116,75,15 December 2026,,
4144,Concerts,Ladaniva,,PARIS -,75116,75,15 December 2026,,
4145,Concerts,ORELSAN,,PARIS -,75116,75,16 December 2026,,
4146,Concerts,ADELE ET ROBIN,,PARIS -,75116,75,16 December 2026,,
4147,Concerts,FLORENT MARCHET,,PARIS -,75116,75,16 December 2026,,
4148,Concerts,BEN MAZUE,,PARIS -,75116,75,16 December 2026,,
4149,Spectacles,MARC ROUGÉ,,PARIS -,75116,75,16 December 2026,,
4150,Spectacles,ODYSSEE par les Etoiles du Cirque de Pékin,,PARIS -,75116,75,16 December 2026,,
4151,Concerts,Meimuna - 10 ans d'éclosions,,PARIS -,75116,75,16 December 2026,,
4152,Concerts,Kalika,,PARIS -,75116,75,16 December 2026,,
4153,Concerts,KALIKA,,PARIS -,75116,75,16 December 2026,,
4154,Concerts,Adele et robin,,PARIS -,75116,75,16 December 2026,,
4155,Concerts,Veronique sanson,,PARIS -,75116,75,16 December 2026,,
4156,Concerts,Florent marchet,,PARIS -,75116,75,16 December 2026,,
4157,Concerts,LIO,,PARIS -,75116,75,17 December 2026,,
4158,Concerts,COVERTRAMP SYMPHONY,,PARIS -,75116,75,17 December 2026,,
4159,Spectacles,THOMAS VDB,,PARIS -,75116,75,17 December 2026,,
4160,Concerts,RENAN LUCE,,PARIS -,75116,75,17 December 2026,,
4161,Concerts,JOE YORKE + 1ère partie,,PARIS -,75116,75,17 December 2026,,
4162,Concerts,Lio,,PARIS -,75116,75,17 December 2026,,
4163,Concerts,Covertramp symphony,,PARIS -,75116,75,17 December 2026,,
4164,Concerts,Renan luce,,PARIS -,75116,75,17 December 2026,,
4165,Concerts,ORELSAN,,PARIS -,75116,75,18 December 2026,,
4166,Loisirs et tourisme,Bomb squad - paris,,PARIS -,75116,75,18 December 2026,,
4167,Spectacles,THOMAS VDB,,PARIS -,75116,75,18 December 2026,,
4168,Concerts,Les 4 Saisons de Vivaldi Intégrale / Petite Musique de Nuit,,PARIS -,75116,75,18 December 2026,,
4169,Concerts,DAKEEZ,,PARIS -,75116,75,18 December 2026,,
4170,Concerts,Grand Concert de Chants Traditionnels de Noël,,PARIS -,75116,75,18 December 2026,,
4171,Concerts,JOE YORKE + 1ère partie,,PARIS -,75116,75,18 December 2026,,
4172,Concerts,SOWETO GOSPEL CHOIR,,PARIS -,75116,75,18 December 2026,,
4173,Concerts,K-pop forever !,,PARIS -,75116,75,18 December 2026,,
4174,Concerts,ORELSAN,,PARIS -,75116,75,19 December 2026,,
4175,Concerts,DJ BENS,,PARIS -,75116,75,19 December 2026,,
4176,Concerts,DANAKIL,,PARIS -,75116,75,19 December 2026,,
4177,Spectacles,THOMAS VDB,,PARIS -,75116,75,19 December 2026,,
4178,Concerts,Concerto pour une Nuit de Noël de Corelli / Ave Maria de Caccini,,PARIS -,75116,75,19 December 2026,,
4179,Spectacles,ODYSSEE par les Etoiles du Cirque de Pékin,,PARIS -,75116,75,19 December 2026,,
4180,Spectacles,ODYSSEE par les Etoiles du Cirque de Pékin,,PARIS -,75116,75,19 December 2026,,
4181,Concerts,SOWETO GOSPEL CHOIR,,PARIS -,75116,75,19 December 2026,,
4182,Concerts,Danakil,,PARIS -,75116,75,19 December 2026,,
4183,Concerts,Dj bens,,PARIS -,75116,75,19 December 2026,,
4184,Concerts,ORELSAN,,PARIS -,75116,75,20 December 2026,,
4185,Concerts,Grand Concert de Chants Traditionnels de Noël,,PARIS -,75116,75,20 December 2026,,
4186,Spectacles,ODYSSEE par les Etoiles du Cirque de Pékin,,PARIS -,75116,75,20 December 2026,,
4187,Concerts,SOWETO GOSPEL CHOIR,,PARIS -,75116,75,20 December 2026,,
4188,Théatres,Bernard werber,,PARIS -,75116,75,20 December 2026,,
4189,Spectacles,BERNARD WERBER,,PARIS -,75116,75,20 December 2026,,
4190,Expositions,Robert capa - photographe de guerre,,PARIS -,75116,75,20 December 2026,,
4191,Concerts,Grand Concert de Chants Traditionnels de Noël,,PARIS -,75116,75,21 December 2026,,
4192,Humour et one (wo)man show,Valerie lemercier,,PARIS -,75116,75,22 December 2026,,
4193,Spectacles,valérie lemercier,,PARIS -,75116,75,22 December 2026,,
4194,Concerts,ORELSAN,,PARIS -,75116,75,22 December 2026,,
4195,Concerts,Grand Concert de Chants Traditionnels de Noël,,PARIS -,75116,75,22 December 2026,,
4196,Spectacles,ODYSSEE par les Etoiles du Cirque de Pékin,,PARIS -,75116,75,22 December 2026,,
4197,Danse,Casse-noisette - ballet et orchestre,,PARIS -,75116,75,23 December 2026,,
4198,Spectacles,valérie lemercier,,PARIS -,75116,75,23 December 2026,,
4199,Danse,Casse noisette,,PARIS -,75116,75,23 December 2026,,
4200,Concerts,ORELSAN,,PARIS -,75116,75,23 December 2026,,
4201,Concerts,Grand Concert de Chants Traditionnels de Noël,,PARIS -,75116,75,23 December 2026,,
4202,Spectacles,ODYSSEE par les Etoiles du Cirque de Pékin,,PARIS -,75116,75,23 December 2026,,
4203,Spectacles,ODYSSEE par les Etoiles du Cirque de Pékin,,PARIS -,75116,75,23 December 2026,,
4204,Spectacles,ODYSSEE par les Etoiles du Cirque de Pékin,,PARIS -,75116,75,24 December 2026,,
4205,Spectacles,ODYSSEE par les Etoiles du Cirque de Pékin,,PARIS -,75116,75,24 December 2026,,
4206,Concerts,Concert Gospel Hélios à l'Église Saint Philippe du Roule,,PARIS -,75116,75,25 December 2026,,
4207,Spectacles,ODYSSEE par les Etoiles du Cirque de Pékin,,PARIS -,75116,75,25 December 2026,,
4208,Spectacles,valérie lemercier,,PARIS -,75116,75,26 December 2026,,
4209,Concerts,ORELSAN,,PARIS -,75116,75,26 December 2026,,
4210,Concerts,Grand Concert de Chants Traditionnels de Noël,,PARIS -,75116,75,26 December 2026,,
4211,Spectacles,ODYSSEE par les Etoiles du Cirque de Pékin,,PARIS -,75116,75,26 December 2026,,
4212,Spectacles,ODYSSEE par les Etoiles du Cirque de Pékin,,PARIS -,75116,75,26 December 2026,,
4213,Spectacles,valérie lemercier,,PARIS -,75116,75,27 December 2026,,
4214,Concerts,ORELSAN,,PARIS -,75116,75,27 December 2026,,
4215,Concerts,Concerto pour une Nuit de Noël de Corelli / Ave Maria de Caccini,,PARIS -,75116,75,27 December 2026,,
4216,Spectacles,ODYSSEE par les Etoiles du Cirque de Pékin,,PARIS -,75116,75,27 December 2026,,
4217,Spectacle et comedie musicale,Le petit prince,,PARIS -,75116,75,28 December 2026,,
4218,Concerts,ORELSAN,,PARIS -,75116,75,28 December 2026,,
4219,Concerts,"Requiem de Fauré, 3ème de Beethoven",,PARIS -,75116,75,28 December 2026,,
4220,Spectacles,valérie lemercier,,PARIS -,75116,75,29 December 2026,,
4221,Humour et one (wo)man show,Laurent gerra,,PARIS -,75116,75,29 December 2026,,
4222,Concerts,Requiem de Mozart / Boléro de Ravel,,PARIS -,75116,75,29 December 2026,,
4223,Spectacles,ODYSSEE par les Etoiles du Cirque de Pékin,,PARIS -,75116,75,29 December 2026,,
4224,Spectacles,valérie lemercier,,PARIS -,75116,75,30 December 2026,,
4225,Concerts,Boléro de Ravel / Casse Noisette / Le Lac des Cygnes,,PARIS -,75116,75,30 December 2026,,
4226,Spectacles,ODYSSEE par les Etoiles du Cirque de Pékin,,PARIS -,75116,75,30 December 2026,,
4227,Spectacles,ODYSSEE par les Etoiles du Cirque de Pékin,,PARIS -,75116,75,30 December 2026,,
4228,Loisirs et tourisme,Virtual room - paris,,PARIS -,75116,75,31 December 2026,,
4229,Loisirs et tourisme,Paris decouverte,,PARIS -,75116,75,31 December 2026,,
4230,Loisirs et tourisme,Batman escape - paris,,PARIS -,75116,75,31 December 2026,,
4231,Loisirs et tourisme,Le bureau des légendes,,PARIS -,75116,75,31 December 2026,,
4232,Spectacle et comedie musicale,Dîner spectacle opéra,,PARIS -,75116,75,31 December 2026,,
4233,Loisirs et tourisme,Paris street art - butte aux cailles,,PARIS -,75116,75,31 December 2026,,
4234,Loisirs et tourisme,Les coulisses du stade de france,,PARIS -,75116,75,31 December 2026,,
4235,Loisirs et tourisme,Les coulisses du stade roland-garros,,PARIS -,75116,75,31 December 2026,,
4236,Loisirs et tourisme,Les mystères du père-lachaise,,PARIS -,75116,75,31 December 2026,,
4237,Loisirs et tourisme,Coulisses des ateliers des gobelins,,PARIS -,75116,75,31 December 2026,,
4238,Loisirs et tourisme,Les francs-maçons,,PARIS -,75116,75,31 December 2026,,
4239,Loisirs et tourisme,Visites enquêtes à paris,,PARIS -,75116,75,31 December 2026,,
4240,Loisirs et tourisme,"Paris, entre crimes & mystères",,PARIS -,75116,75,31 December 2026,,
4241,Loisirs et tourisme,Visites enquêtes à paris,,PARIS -,75116,75,31 December 2026,,
4242,Spectacle et comedie musicale,Aura invalides,,PARIS -,75116,75,31 December 2026,,
4243,Loisirs et tourisme,Mazarin & les gardiens du secret,,PARIS -,75116,75,31 December 2026,,
4244,Spectacles,valérie lemercier,,PARIS -,75116,75,31 December 2026,,
4245,Loisirs et tourisme,Escape hunt - paris,,PARIS -,75116,75,31 December 2026,,
4246,Loisirs et tourisme,Croisière guidée sur la seine,,PARIS -,75116,75,31 December 2026,,
4247,Loisirs et tourisme,Paris canal - sur la seine & st-martin,,PARIS -,75116,75,31 December 2026,,
4248,Loisirs et tourisme,Paris canal - croisière happy seine,,PARIS -,75116,75,31 December 2026,,
4249,Parc,Aquaboulevard de paris - basse saison,,PARIS -,75116,75,31 December 2026,,
4250,Parc,Aquarium de paris - pass annuel,,PARIS -,75116,75,31 December 2026,,
4251,Loisirs et tourisme,Dans les coulisses de clairefontaine,,PARIS -,75116,75,31 December 2026,,
4252,Concerts,Les 4 Saisons de Vivaldi Intégrale / Petite Musique de Nuit,,PARIS -,75116,75,31 December 2026,,
4253,Concerts,Boléro de Ravel / 9ème de Beethoven,,PARIS -,75116,75,31 December 2026,,
4254,Spectacles,ODYSSEE par les Etoiles du Cirque de Pékin,,PARIS -,75116,75,31 December 2026,,
4255,Spectacles,ODYSSEE par les Etoiles du Cirque de Pékin,,PARIS -,75116,75,31 December 2026,,
4256,Expositions,Grevin - billet non date 2025/2026,,PARIS -,75116,75,31 December 2026,,
4257,Expositions,Musée de la porcelaine de limoges,,PARIS -,75116,75,31 December 2026,,
4258,Expositions,Choco-story - ateliers : tout chocolat,,PARIS -,75116,75,31 December 2026,,
4259,Expositions,Choco-story - visite libre,,PARIS -,75116,75,31 December 2026,,
4260,Expositions,Choco-story - visite + chocolat chaud,,PARIS -,75116,75,31 December 2026,,
4261,Expositions,Visite exposition,,PARIS -,75116,75,31 December 2026,,
4262,Expositions,Paradox museum paris,,PARIS -,75116,75,31 December 2026,,
4263,Concerts,Concert Gospel Hélios à l'Église Saint Philippe du Roule,,PARIS -,75116,75,01 January 2027,,
4264,Spectacles,ODYSSEE par les Etoiles du Cirque de Pékin,,PARIS -,75116,75,01 January 2027,,
4265,Spectacles,valérie lemercier,,PARIS -,75116,75,02 January 2027,,
4266,Concerts,Concert du Nouvel An - Les Valses de Johann Strauss,,PARIS -,75116,75,02 January 2027,,
4267,Spectacles,ODYSSEE par les Etoiles du Cirque de Pékin,,PARIS -,75116,75,02 January 2027,,
4268,Spectacles,ODYSSEE par les Etoiles du Cirque de Pékin,,PARIS -,75116,75,02 January 2027,,
4269,Spectacles,valérie lemercier,,PARIS -,75116,75,03 January 2027,,
4270,Spectacles,ODYSSEE par les Etoiles du Cirque de Pékin,,PARIS -,75116,75,03 January 2027,,
4271,Spectacles,ODYSSEE par les Etoiles du Cirque de Pékin,,PARIS -,75116,75,03 January 2027,,
4272,Spectacles,valérie lemercier,,PARIS -,75116,75,05 January 2027,,
4273,Humour et one (wo)man show,Elie semoun,,PARIS -,75116,75,05 January 2027,,
4274,Spectacles,ELIE SEMOUN,,PARIS -,75116,75,05 January 2027,,
4275,Spectacles,valérie lemercier,,PARIS -,75116,75,06 January 2027,,
4276,Concerts,FLORENT PAGNY,,PARIS -,75116,75,06 January 2027,,
4277,Spectacles,ELIE SEMOUN,,PARIS -,75116,75,06 January 2027,,
4278,Concerts,Florent pagny,,PARIS -,75116,75,06 January 2027,,
4279,Concerts,FLORENT PAGNY,,PARIS -,75116,75,07 January 2027,,
4280,Spectacles,THOMAS VDB,,PARIS -,75116,75,07 January 2027,,
4281,Spectacles,ERIC FRATICELLI,,PARIS -,75116,75,07 January 2027,,
4282,Spectacles,DAMIEN GILLARD,,PARIS -,75116,75,07 January 2027,,
4283,Théatres,Vole ! - eva rami,,PARIS -,75116,75,07 January 2027,,
4284,Spectacle et comedie musicale,Xavier constantine,,PARIS -,75116,75,08 January 2027,,
4285,Spectacle et comedie musicale,Charlie haid,,PARIS -,75116,75,08 January 2027,,
4286,Humour et one (wo)man show,Arnaud tsamere,,PARIS -,75116,75,08 January 2027,,
4287,Spectacles,CHARLIE HAID,,PARIS -,75116,75,08 January 2027,,
4288,Concerts,SO FLOYD FROM POMPEII TO PULSE,"1, Boulevard Poissonnière",PARIS 2èME ARRONDISSEMENT,75002,75,08 January 2027,,
4289,Spectacles,ARNAUD TSAMERE,,PARIS -,75116,75,08 January 2027,,
4290,Concerts,ONCE UPON A TIME: BOWIE,,PARIS -,75116,75,08 January 2027,,
4291,Concerts,SO FLOYD,,PARIS -,75116,75,08 January 2027,,
4292,Spectacles,THOMAS VDB,,PARIS -,75116,75,08 January 2027,,
4293,Spectacles,ODYSSEE par les Etoiles du Cirque de Pékin,,PARIS -,75116,75,08 January 2027,,
4294,Théatres,T'es toi ! - eva rami,,PARIS -,75116,75,08 January 2027,,
4295,Théatres,Veronique gallo,,PARIS -,75116,75,08 January 2027,,
4296,Concerts,Once upon a time: bowie,,PARIS -,75116,75,08 January 2027,,
4297,Concerts,So floyd – the pink floyd show,,PARIS -,75116,75,08 January 2027,,
4298,Jeux-sports,Hexagone mma winamax - paris 2027,,PARIS -,75116,75,08 January 2027,,
4299,Jeux-sports,Prestation hexagone mma - paris,,PARIS -,75116,75,08 January 2027,,
4300,Concerts,LOST IN KYIV - PARIS - 9 JANVIER 2027,,PARIS -,75116,75,09 January 2027,,
4301,Danse,Le lac des cygnes,,PARIS -,75116,75,09 January 2027,,
4302,Spectacles,LE LAC DES CYGNES,,PARIS -,75116,75,09 January 2027,,
4303,Spectacles,ARNAUD TSAMERE,,PARIS -,75116,75,09 January 2027,,
4304,Concerts,THE MUSICAL STORY OF ELVIS,,PARIS -,75116,75,09 January 2027,,
4305,Spectacles,THOMAS VDB,,PARIS -,75116,75,09 January 2027,,
4306,Spectacles,ODYSSEE par les Etoiles du Cirque de Pékin,,PARIS -,75116,75,09 January 2027,,
4307,Spectacles,ODYSSEE par les Etoiles du Cirque de Pékin,,PARIS -,75116,75,09 January 2027,,
4308,Spectacles,ODYSSEE par les Etoiles du Cirque de Pékin,,PARIS -,75116,75,09 January 2027,,
4309,Théatres,Va aimer ! - eva rami,,PARIS -,75116,75,09 January 2027,,
4310,Spectacles,LE LAC DES CYGNES,,PARIS -,75116,75,09 January 2027,,
4311,Concerts,Rabah asma yennayer 2977,,PARIS -,75116,75,09 January 2027,,
4312,Concerts,The musical story of elvis,,PARIS -,75116,75,09 January 2027,,
4313,Concerts,The Musical Story of Elvis revient en France du 02 au 17 janvier 2027 et à l’Olympia à Paris le 09 janvier à 20h !,,PARIS 9èME ARRONDISSEMENT -,75009,75,09 January 2027,,
4314,Spectacles,FLORIAN LEX dans IMPARFAITS,,PARIS -,75116,75,10 January 2027,,
4315,Humour et one (wo)man show,Florian lex dans imparfaits,,PARIS -,75116,75,10 January 2027,,
4316,Spectacles,LE LAC DES CYGNES,,PARIS -,75116,75,10 January 2027,,
4317,Spectacles,ODYSSEE par les Etoiles du Cirque de Pékin,,PARIS -,75116,75,10 January 2027,,
4318,Spectacles,ODYSSEE par les Etoiles du Cirque de Pékin,,PARIS -,75116,75,10 January 2027,,
4319,Humour et one (wo)man show,Fabrice éboué,,PARIS -,75116,75,12 January 2027,,
4320,Spectacles,FABRICE ÉBOUÉ,,PARIS -,75116,75,12 January 2027,,
4321,Concerts,NOTHING BUT THIEVES,,PARIS -,75116,75,12 January 2027,,
4322,Spectacles,FABRICE ÉBOUÉ,,PARIS -,75116,75,13 January 2027,,
4323,Spectacles,Philippe-Audrey LARRUE-ST-JACQUES,,PARIS -,75116,75,13 January 2027,,
4324,Spectacle et comedie musicale,Messmer - 13hz,,PARIS -,75116,75,14 January 2027,,
4325,Spectacles,FABRICE ÉBOUÉ,,PARIS -,75116,75,14 January 2027,,
4326,Spectacles,MESSMER,,PARIS -,75116,75,14 January 2027,,
4327,Spectacles,THOMAS VDB,,PARIS -,75116,75,14 January 2027,,
4328,Concerts,GENERATION CELINE,,PARIS -,75116,75,15 January 2027,,
4329,Spectacles,FABRICE ÉBOUÉ,,PARIS -,75116,75,15 January 2027,,
4330,Concerts,Génération Céline Le Meilleur des Tributes 4 voix pour une légende,211 avenue Jean Jaurès,PARIS 19èME ARRONDISSEMENT,75019,75,15 January 2027,,
4331,Spectacles,MESSMER,,PARIS -,75116,75,15 January 2027,,
4332,Spectacles,THOMAS VDB,,PARIS -,75116,75,15 January 2027,,
4333,Concerts,Generation celine,,PARIS -,75116,75,15 January 2027,,
4334,Concerts,Dinaa,,PARIS -,75116,75,15 January 2027,,
4335,Humour et one (wo)man show,Gil alma,,PARIS -,75116,75,16 January 2027,,
4336,Spectacles,FABRICE ÉBOUÉ,,PARIS -,75116,75,16 January 2027,,
4337,Spectacles,MESSMER,,PARIS -,75116,75,16 January 2027,,
4338,Spectacles,THOMAS VDB,,PARIS -,75116,75,16 January 2027,,
4339,Concerts,PACT,,PARIS -,75116,75,16 January 2027,,
4340,Concerts,IMMINENCE,,PARIS -,75116,75,16 January 2027,,
4341,Spectacles,MESSMER,,PARIS -,75116,75,16 January 2027,,
4342,Spectacles,MESSMER,,PARIS -,75116,75,17 January 2027,,
4343,Concerts,"GAROU ""SOLO""",,PARIS -,75116,75,17 January 2027,,
4344,Concerts,"Garou ""solo""",,PARIS -,75116,75,17 January 2027,,
4345,Concerts,U.D.O,,PARIS -,75116,75,19 January 2027,,
4346,Spectacles,GUIHOME,,PARIS -,75116,75,19 January 2027,,
4347,Humour et one (wo)man show,Guihome vous detend,,PARIS -,75116,75,19 January 2027,,
4348,Classique et opera,Levi.sct,,PARIS -,75116,75,19 January 2027,,
4349,Concerts,LEVI.SCT,,PARIS -,75116,75,19 January 2027,,
4350,Spectacles,GUIHOME,,PARIS -,75116,75,20 January 2027,,
4351,Concerts,TIA GORDON,,PARIS -,75116,75,20 January 2027,,
4352,Concerts,PUNCH BROTHERS,,PARIS -,75116,75,20 January 2027,,
4353,Spectacles,Philippe-Audrey LARRUE-ST-JACQUES,,PARIS -,75116,75,20 January 2027,,
4354,Concerts,GILLA BAND,,PARIS -,75116,75,20 January 2027,,
4355,Expositions,Pinault collection,,PARIS -,75116,75,20 January 2027,,
4356,Concerts,7 WEEKS + GUEST,,PARIS -,75116,75,22 January 2027,,
4357,Concerts,WAGE WAR,,PARIS -,75116,75,22 January 2027,,
4358,Concerts,Robot rock alive - daft punk tribute,,PARIS -,75116,75,22 January 2027,,
4359,Concerts,CLAUDIO CAPEO,,PARIS -,75116,75,23 January 2027,,
4360,Spectacle et comedie musicale,Shen yun 2027,,PARIS -,75116,75,23 January 2027,,
4361,Humour et one (wo)man show,Amandine lourdel,,PARIS -,75116,75,23 January 2027,,
4362,Spectacles,Mask Singer,"Les Folies Bergère 32, rue Richer 75009 PARIS",PARIS 9èME ARRONDISSEMENT,75009,75,23 January 2027,07 March 2027,
4363,Spectacles,AMANDINE LOURDEL,,PARIS -,75116,75,23 January 2027,,
4364,Concerts,FOREVER,,PARIS -,75116,75,23 January 2027,,
4365,Concerts,FOREVER,,PARIS -,75116,75,23 January 2027,,
4366,Concerts,Claudio capeo,,PARIS -,75116,75,23 January 2027,,
4367,Concerts,Ennio morricone et nino rota,,PARIS -,75116,75,23 January 2027,,
4368,Concerts,Forever,,PARIS -,75116,75,23 January 2027,,
4369,Théatres,LE BOURGEOIS GENTILHOMME,,PARIS -,75116,75,24 January 2027,,
4370,Concerts,METAPHOR : REFANTAZIO,,PARIS -,75116,75,24 January 2027,,
4371,Concerts,SPITE + EMMURE + DISTANT + MAULED,,PARIS -,75116,75,24 January 2027,,
4372,Théatres,Le bourgeois gentilhomme,,PARIS -,75116,75,24 January 2027,,
4373,Concerts,Metaphor : refantazio,,PARIS -,75116,75,24 January 2027,,
4374,Expositions,Musée national picasso - paris,,PARIS -,75116,75,25 January 2027,,
4375,Concerts,ORDEN OGAN + ENSIFERUM + ANGUS McSIX,,PARIS -,75116,75,26 January 2027,,
4376,Concerts,ONE NIGHT OF QUEEN,,PARIS -,75116,75,26 January 2027,,
4377,Concerts,ONE NIGHT OF QUEEN WEMBLEY 86,"211, avenue Jean Jaures",PARIS 19èME ARRONDISSEMENT,75019,75,26 January 2027,,
4378,Concerts,Orden ogan,,PARIS -,75116,75,26 January 2027,,
4379,Concerts,One night of queen,,PARIS -,75116,75,26 January 2027,,
4380,Expositions,Musée des arts décoratifs,,PARIS -,75116,75,26 January 2027,,
4381,Concerts,MARIZA,,PARIS -,75116,75,27 January 2027,,
4382,Concerts,EDITORS,,PARIS -,75116,75,27 January 2027,,
4383,Concerts,JEAN-FRANCOIS PAUZÉ,,PARIS -,75116,75,28 January 2027,,
4384,Humour et one (wo)man show,Philippe caveriviere,,PARIS -,75116,75,28 January 2027,,
4385,Danse,Don quichotte pietragalla derouault,,PARIS -,75116,75,28 January 2027,,
4386,Concerts,JIMMY SAX,,PARIS -,75116,75,28 January 2027,,
4387,Concerts,MARIZA,,PARIS -,75116,75,28 January 2027,,
4388,Concerts,Jean-francois pauzé,,PARIS -,75116,75,28 January 2027,,
4389,Concerts,Jimmy sax - toi et moi,,PARIS -,75116,75,28 January 2027,,
4390,Concerts,GAUVAIN SERS,,PARIS -,75116,75,29 January 2027,,
4391,Humour et one (wo)man show,Michele laroque et kad merad,,PARIS -,75116,75,29 January 2027,,
4392,Concerts,JIMMY SAX,,PARIS -,75116,75,29 January 2027,,
4393,Concerts,LAURENT VOULZY EN CONCERT,,PARIS -,75116,75,29 January 2027,,
4394,Concerts,Gauvain sers,,PARIS -,75116,75,29 January 2027,,
4395,Concerts,SAEZ - LES MAUDITS,,PARIS -,75116,75,30 January 2027,,
4396,Concerts,KRAV BOCA + POESIE ZERO,,PARIS -,75116,75,30 January 2027,,
4397,Concerts,MICHEL JONASZ &amp; JEAN-YVES D'ANGELO PIANO VOIX,,PARIS -,75116,75,30 January 2027,,
4398,Concerts,RESOLVE,,PARIS -,75116,75,30 January 2027,,
4399,Concerts,TWO DOOR CINEMA CLUB,,PARIS -,75116,75,30 January 2027,,
4400,Concerts,Acid Arab,,PARIS -,75116,75,30 January 2027,,
4401,Concerts,Michel jonasz,,PARIS -,75116,75,30 January 2027,,
4402,Concerts,The depeche mode experience,,PARIS -,75116,75,30 January 2027,,
4403,Concerts,Saez - les maudits,,PARIS -,75116,75,30 January 2027,,
4404,Spectacle et comedie musicale,Chantal goya,,PARIS -,75116,75,31 January 2027,,
4405,Concerts,MICHEL JONASZ &amp; JEAN-YVES D'ANGELO PIANO VOIX,,PARIS -,75116,75,31 January 2027,,
4406,Concerts,CAMILLE,,PARIS -,75116,75,01 February 2027,,
4407,Concerts,Camille,,PARIS -,75116,75,01 February 2027,,
4408,Concerts,CAMILLE,,PARIS -,75116,75,02 February 2027,,
4409,Concerts,aespa,,PARIS -,75116,75,02 February 2027,,
4410,Concerts,CATCH YOUR BREATH,,PARIS -,75116,75,02 February 2027,,
4411,Humour et one (wo)man show,Redouane bougheraba,,PARIS -,75116,75,03 February 2027,,
4412,Spectacle et comedie musicale,Pasion de buena vista,,PARIS -,75116,75,03 February 2027,,
4413,Concerts,WHITECHAPEL,,PARIS -,75116,75,03 February 2027,,
4414,Spectacles,REDOUANE BOUGHERABA,,PARIS -,75116,75,03 February 2027,,
4415,Spectacles,PASION DE BUENA VISTA,,PARIS -,75116,75,03 February 2027,,
4416,Concerts,Whitechapel,,PARIS -,75116,75,03 February 2027,,
4417,Spectacles,REDOUANE BOUGHERABA,,PARIS -,75116,75,04 February 2027,,
4418,Concerts,ZAOUI,,PARIS -,75116,75,04 February 2027,,
4419,Concerts,LES MUSIQUES DE JOHN WILLIAMS ET HANS ZIMMER,,PARIS -,75116,75,04 February 2027,,
4420,Concerts,ADELE CASTILLON,,PARIS -,75116,75,04 February 2027,,
4421,Concerts,Les musiques de j.williams et h.zimmer,,PARIS -,75116,75,04 February 2027,,
4422,Concerts,ADELE CASTILLON,,PARIS -,75116,75,05 February 2027,,
4423,Spectacles,REDOUANE BOUGHERABA,,PARIS -,75116,75,05 February 2027,,
4424,Spectacles,CRISTINA MARIANI,,PARIS -,75116,75,05 February 2027,,
4425,Concerts,Anime symphony,,PARIS -,75116,75,05 February 2027,,
4426,Concerts,Adele castillon,,PARIS -,75116,75,05 February 2027,,
4427,"Randonnées, Trail ou Running",Issy Urban Trail,,PARIS -,75116,75,06 February 2027,,
4428,Spectacles,REDOUANE BOUGHERABA,,PARIS -,75116,75,06 February 2027,,
4429,Concerts,LEWIS OFMAN,,PARIS -,75116,75,06 February 2027,,
4430,Concerts,DAGNY,,PARIS -,75116,75,06 February 2027,,
4431,Concerts,The music of square enix,,PARIS -,75116,75,06 February 2027,,
4432,Concerts,Prestation the music of square enix,,PARIS -,75116,75,06 February 2027,,
4433,Carnavals,Carnaval de Paris,De la place Gambetta jusqu'à la place de la République passant par Ménilmontant,PARIS,75116,75,09 February 2027,,
4434,Concerts,FEU! CHATTERTON,,PARIS -,75116,75,09 February 2027,,
4435,Concerts,CHARLOTTE WESSELS,,PARIS -,75116,75,09 February 2027,,
4436,Concerts,Charlotte wessels,,PARIS -,75116,75,09 February 2027,,
4437,Concerts,JEANJASS,,PARIS -,75116,75,10 February 2027,,
4438,Concerts,FIVE FINGER DEATH PUNCH,,PARIS -,75116,75,10 February 2027,,
4439,Concerts,JEANJASS,,PARIS -,75116,75,11 February 2027,,
4440,Humour et one (wo)man show,Liliane blanco-binette,,PARIS -,75116,75,11 February 2027,,
4441,Spectacle et comedie musicale,Holiday on ice - cinema of dreams,,PARIS -,75116,75,11 February 2027,,
4442,Salons,Salon Au Cœur de l’Invisible 2,6 rue Jean Oestreicher,PARIS 17èME ARRONDISSEMENT,75017,75,11 February 2027,14 February 2027,
4443,Concerts,JOAN AS POLICE WOMAN - PARIS - 12/02/2027,,PARIS -,75116,75,12 February 2027,,
4444,Concerts,AMORPHIS,,PARIS -,75116,75,12 February 2027,,
4445,Concerts,SiM,,PARIS -,75116,75,13 February 2027,,
4446,Concerts,SHRED FEST - OBSCURA + PESTILENCE + CRYPTIC SHIFT + THUS + DVRK,,PARIS -,75116,75,14 February 2027,,
4447,Concerts,Gilbert montagne,,PARIS -,75116,75,14 February 2027,,
4448,Concerts,ONE VISION OF QUEEN 2027,,PARIS -,75116,75,15 February 2027,,
4449,Concerts,THEORY OF A DEADMAN,,PARIS -,75116,75,15 February 2027,,
4450,Concerts,ELECTRIC CALLBOY,,PARIS -,75116,75,15 February 2027,,
4451,Concerts,One vision of queen 2027,,PARIS -,75116,75,15 February 2027,,
4452,Spectacles,CLEMENT VIKTOROVITCH,,PARIS -,75116,75,16 February 2027,,
4453,Concerts,Escape The Internet II,,PARIS -,75116,75,16 February 2027,,
4454,Concerts,ZED YUN PAVAROTTI,,PARIS -,75116,75,17 February 2027,,
4455,Concerts,CHRISTOPHE MAE,,PARIS -,75116,75,17 February 2027,,
4456,Concerts,DOMINGUINHO,,PARIS -,75116,75,17 February 2027,,
4457,Concerts,MADE IN PARIS,,PARIS -,75116,75,18 February 2027,,
4458,Concerts,Rfm party 80,,PARIS -,75116,75,18 February 2027,,
4459,Concerts,OUTLANDER IN CONCERT,,PARIS -,75116,75,19 February 2027,,
4460,Spectacles,Luc Langevin - L'illusionniste,,PARIS -,75116,75,19 February 2027,,
4461,Concerts,ANDRE RIEU,,PARIS -,75116,75,19 February 2027,,
4462,Expositions,Musée rodin,,PARIS -,75116,75,19 February 2027,,
4463,Expositions,Musée d'orsay,,PARIS -,75116,75,19 February 2027,,
4464,Concerts,L5 on stage,,PARIS -,75116,75,19 February 2027,,
4465,Concerts,Package l5 on stage,,PARIS -,75116,75,19 February 2027,,
4466,Cinémas,Outlander in concert,,PARIS -,75116,75,19 February 2027,,
4467,Concerts,REVNOIR,,PARIS -,75116,75,20 February 2027,,
4468,Spectacles,ALDEBERT,,PARIS -,75116,75,20 February 2027,,
4469,Spectacles,Luc Langevin - L'illusionniste,,PARIS -,75116,75,20 February 2027,,
4470,Concerts,Aldebert,,PARIS -,75116,75,20 February 2027,,
4471,Concerts,Worlds apart,,PARIS -,75116,75,20 February 2027,,
4472,"Randonnées, Trail ou Running",Course de la Saint Valentin,Parc des Buttes Chaumont Paris 19eme,PARIS 19èME ARRONDISSEMENT,75019,75,20 February 2027,,
4473,Concerts,GAËTAN ROUSSEL,,PARIS -,75116,75,25 February 2027,,
4474,Concerts,THE REYTONS,,PARIS -,75116,75,25 February 2027,,
4475,Spectacles,JARRY,,PARIS -,75116,75,26 February 2027,,
4476,Humour et one (wo)man show,Jarry,,PARIS -,75116,75,26 February 2027,,
4477,Spectacle et comedie musicale,Celtic legends,,PARIS -,75116,75,26 February 2027,,
4478,Humour et one (wo)man show,Verino,,PARIS -,75116,75,26 February 2027,,
4479,Spectacles,CELTIC LEGENDS,,PARIS -,75116,75,26 February 2027,,
4480,Spectacles,VERINO,,PARIS -,75116,75,26 February 2027,,
4481,Spectacle et comedie musicale,The rise,,PARIS -,75116,75,27 February 2027,,
4482,Spectacles,CELTIC LEGENDS,,PARIS -,75116,75,27 February 2027,,
4483,Spectacles,VERINO,,PARIS -,75116,75,27 February 2027,,
4484,Concerts,THE HALO EFFECT + LACUNA COIL + OMNIUM GATHERUM,,PARIS -,75116,75,27 February 2027,,
4485,Concerts,JULIA JACKLIN,,PARIS -,75116,75,27 February 2027,,
4486,Spectacles,VERINO,,PARIS -,75116,75,27 February 2027,,
4487,Spectacles,CELTIC LEGENDS,,PARIS -,75116,75,27 February 2027,,
4488,Spectacles,CELTIC LEGENDS,,PARIS -,75116,75,28 February 2027,,
4489,Spectacles,CELTIC LEGENDS,,PARIS -,75116,75,28 February 2027,,
4490,Concerts,AMBLE,,PARIS -,75116,75,04 March 2027,,
4491,Concerts,BERNARD LAVILLIERS,,PARIS -,75116,75,04 March 2027,,
4492,Concerts,Bernard lavilliers,,PARIS -,75116,75,04 March 2027,,
4493,Concerts,TSS - Paris,,PARIS -,75116,75,05 March 2027,,
4494,Humour et one (wo)man show,Marine leonardi,,PARIS -,75116,75,05 March 2027,,
4495,Spectacles,MARINE LEONARDI,,PARIS -,75116,75,05 March 2027,,
4496,Concerts,BERNARD LAVILLIERS,,PARIS -,75116,75,05 March 2027,,
4497,Théatres,La chair est triste hélas,,PARIS -,75116,75,05 March 2027,,
4498,Concerts,THE U2 EXPERIENCE,,PARIS -,75116,75,06 March 2027,,
4499,Concerts,DRACONIAN + SATURNUS + ANN MY GUARD,,PARIS -,75116,75,06 March 2027,,
4500,Concerts,EIVOR,,PARIS -,75116,75,06 March 2027,,
4501,Spectacles,MARINE LEONARDI,,PARIS -,75116,75,06 March 2027,,
4502,Concerts,The u2 experience,,PARIS -,75116,75,06 March 2027,,
4503,Concerts,Loa mercury,,PARIS -,75116,75,06 March 2027,,
4504,Concerts,Draconian + saturnus + ann my guard,,PARIS -,75116,75,06 March 2027,,
4505,Spectacle et comedie musicale,Flashdance - the musical,,PARIS -,75116,75,07 March 2027,,
4506,Spectacles,FLASHDANCE,,PARIS -,75116,75,07 March 2027,,
4507,Concerts,MARINE,,PARIS -,75116,75,07 March 2027,,
4508,Concerts,PEDRO ABRUNHOSA,,PARIS -,75116,75,07 March 2027,,
4509,Concerts,ABBA GOLD THE CONCERT SHOW,,PARIS -,75116,75,09 March 2027,,
4510,Concerts,NOE PRESZOW,,PARIS -,75116,75,09 March 2027,,
4511,Concerts,Abba gold the concert show,,PARIS -,75116,75,09 March 2027,,
4512,Concerts,LANCELOT,,PARIS -,75116,75,10 March 2027,,
4513,Concerts,Lancelot,,PARIS -,75116,75,10 March 2027,,
4514,Spectacles,BOLLYWOOD MASALA,,PARIS -,75116,75,11 March 2027,,
4515,Concerts,Blanco White,,PARIS -,75116,75,12 March 2027,,
4516,Concerts,GRAND CORPS MALADE,,PARIS -,75116,75,12 March 2027,,
4517,Concerts,JULIEN LIEB,,PARIS -,75116,75,12 March 2027,,
4518,Spectacles,BOLLYWOOD MASALA,,PARIS -,75116,75,12 March 2027,,
4519,Concerts,Flora fishbach,,PARIS -,75116,75,12 March 2027,,
4520,Concerts,FLORA FISHBACH,,PARIS -,75116,75,12 March 2027,,
4521,Concerts,Grand corps malade,,PARIS -,75116,75,12 March 2027,,
4522,Concerts,GRAND CORPS MALADE,,PARIS -,75116,75,13 March 2027,,
4523,Concerts,THE DEAD DAISIES,,PARIS -,75116,75,13 March 2027,,
4524,Concerts,Eliades Ochoa,,PARIS -,75116,75,13 March 2027,,
4525,Concerts,CARPENTER BRUT,,PARIS -,75116,75,13 March 2027,,
4526,Concerts,ASSASSIN,,PARIS -,75116,75,13 March 2027,,
4527,Concerts,JULIEN LIEB,,PARIS -,75116,75,13 March 2027,,
4528,Spectacles,BOLLYWOOD MASALA,,PARIS -,75116,75,13 March 2027,,
4529,Spectacles,BOLLYWOOD MASALA,,PARIS -,75116,75,13 March 2027,,
4530,Concerts,The dead daisies,,PARIS -,75116,75,13 March 2027,,
4531,Concerts,Eliades ochoa,,PARIS -,75116,75,13 March 2027,,
4532,Concerts,Carpenter brut,,PARIS -,75116,75,13 March 2027,,
4533,Concerts,Assassin,,PARIS -,75116,75,13 March 2027,,
4534,Concerts,ASSASSIN - LA CIGALE - 13 MARS 2027,120 Boulevard Marguerite de Rochechouart,PARIS 18èME ARRONDISSEMENT,75018,75,13 March 2027,,
4535,Spectacles,BOLLYWOOD MASALA,,PARIS -,75116,75,14 March 2027,,
4536,Concerts,LA LEGENDE DE KORRA,,PARIS -,75116,75,14 March 2027,,
4537,Spectacles,BOLLYWOOD MASALA,,PARIS -,75116,75,14 March 2027,,
4538,Concerts,AYRON JONES,,PARIS -,75116,75,16 March 2027,,
4539,Concerts,CARMINHO,,PARIS -,75116,75,16 March 2027,,
4540,Concerts,Kmfdm + i ya toyah,,PARIS -,75116,75,17 March 2027,,
4541,Concerts,KMFDM + I YA TOYAH,,PARIS -,75116,75,17 March 2027,,
4542,Concerts,HATIK,,PARIS -,75116,75,18 March 2027,,
4543,Concerts,ASFAR SHAMSI,,PARIS -,75116,75,18 March 2027,,
4544,Concerts,SAULE,,PARIS -,75116,75,18 March 2027,,
4545,Concerts,Hatik,,PARIS -,75116,75,18 March 2027,,
4546,Concerts,Asfar shamsi,,PARIS -,75116,75,18 March 2027,,
4547,Concerts,THEA,,PARIS -,75116,75,19 March 2027,,
4548,Concerts,MATHIEU DES LONGCHAMPS,,PARIS -,75116,75,19 March 2027,,
4549,Concerts,ELEPHANZ,,PARIS -,75116,75,19 March 2027,,
4550,Concerts,DELUXE,,PARIS -,75116,75,19 March 2027,,
4551,Concerts,Thea,,PARIS -,75116,75,19 March 2027,,
4552,Concerts,Mathieu des longchamps,,PARIS -,75116,75,19 March 2027,,
4553,Concerts,LUIZA,,PARIS -,75116,75,20 March 2027,,
4554,Concerts,YUSTON XIII,,PARIS -,75116,75,20 March 2027,,
4555,Concerts,Rise Of The Northstar,,PARIS -,75116,75,20 March 2027,,
4556,Concerts,DELUXE,,PARIS -,75116,75,20 March 2027,,
4557,Concerts,EDWARD AUX MAINS D'ARGENT EN CINÉ-CONCERT,,PARIS -,75116,75,20 March 2027,,
4558,Concerts,CHATON,,PARIS -,75116,75,20 March 2027,,
4559,Concerts,Yuston xiii,,PARIS -,75116,75,20 March 2027,,
4560,Concerts,Luiza,,PARIS -,75116,75,20 March 2027,,
4561,Concerts,Rise of the northstar,,PARIS -,75116,75,20 March 2027,,
4562,Concerts,Colours in the street,,PARIS -,75116,75,20 March 2027,,
4563,Concerts,MAGIC SYSTEM,,PARIS -,75116,75,21 March 2027,,
4564,Concerts,YAEL NAIM,,PARIS -,75116,75,23 March 2027,,
4565,Concerts,JULIETTE,,PARIS -,75116,75,23 March 2027,,
4566,Concerts,Yael naim,,PARIS -,75116,75,23 March 2027,,
4567,Concerts,LEGENDE BALAVOINE,,PARIS -,75116,75,24 March 2027,,
4568,Concerts,Legende balavoine,,PARIS -,75116,75,24 March 2027,,
4569,Concerts,KEBLACK,,PARIS -,75116,75,25 March 2027,,
4570,Concerts,ST GRAAL,,PARIS -,75116,75,26 March 2027,,
4571,Concerts,St graal,,PARIS -,75116,75,26 March 2027,,
4572,Concerts,FRENCH 79,,PARIS -,75116,75,27 March 2027,,
4573,Concerts,ELGRANDETOTO,,PARIS -,75116,75,27 March 2027,,
4574,Concerts,HEROE,,PARIS -,75116,75,27 March 2027,,
4575,Concerts,Tash sultana,,PARIS -,75116,75,29 March 2027,,
4576,Concerts,TASH SULTANA,,PARIS -,75116,75,29 March 2027,,
4577,Concerts,BERTRAND BELIN,,PARIS -,75116,75,30 March 2027,,
4578,Expositions,Musée de l'orangerie,,PARIS -,75116,75,30 March 2027,,
4579,Concerts,Bertrand belin,,PARIS -,75116,75,30 March 2027,,
4580,Concerts,BERTRAND BELIN,,PARIS -,75116,75,31 March 2027,,
4581,Loisirs et tourisme,Croisière promenade 2026 - 2027,,PARIS -,75116,75,31 March 2027,,
4582,Loisirs et tourisme,Batobus,,PARIS -,75116,75,31 March 2027,,
4583,Loisirs et tourisme,Enquêtes a bord - batobus,,PARIS -,75116,75,31 March 2027,,
4584,Loisirs et tourisme,Croisière promenade - bateaux mouches,,PARIS -,75116,75,31 March 2027,,
4585,Loisirs et tourisme,Big bus paris - discover 24 heures,,France -,75000,75,31 March 2027,,
4586,Loisirs et tourisme,Big bus paris- essential 24h + croisière,,France -,75000,75,31 March 2027,,
4587,Loisirs et tourisme,Big bus paris - hop on hop off 48 heures,,France -,75000,75,31 March 2027,,
4588,Loisirs et tourisme,Big bus paris - explore 48h + croisière,,France -,75000,75,31 March 2027,,
4589,Concerts,Il Est Vilaine,,PARIS -,75116,75,01 April 2027,,
4590,Concerts,LOREENA MCKENNITT,,PARIS -,75116,75,02 April 2027,,
4591,Concerts,JAHNERATION,,PARIS -,75116,75,02 April 2027,,
4592,Concerts,LOREENA MCKENNITT,,PARIS -,75116,75,03 April 2027,,
4593,Concerts,LES GOGUETTES,,PARIS -,75116,75,06 April 2027,,
4594,Humour et one (wo)man show,Doully,,PARIS -,75116,75,08 April 2027,,
4595,Spectacles,DOULLY,,PARIS -,75116,75,08 April 2027,,
4596,Concerts,VIANNEY,,PARIS -,75116,75,08 April 2027,,
4597,Concerts,GRACIE ABRAMS : The Look at My Life Tour,,PARIS -,75116,75,08 April 2027,,
4598,Spectacles,DOULLY,,PARIS -,75116,75,09 April 2027,,
4599,Concerts,VIANNEY,,PARIS -,75116,75,09 April 2027,,
4600,Concerts,GRACIE ABRAMS : The Look at My Life Tour,,PARIS -,75116,75,09 April 2027,,
4601,Spectacles,DOULLY,,PARIS -,75116,75,10 April 2027,,
4602,Concerts,VIANNEY,,PARIS -,75116,75,10 April 2027,,
4603,Concerts,GRACIE ABRAMS : The Look at My Life Tour,,PARIS -,75116,75,12 April 2027,,
4604,Humour et one (wo)man show,Paul de saint sernin,,PARIS -,75116,75,13 April 2027,,
4605,Spectacles,PAUL DE SAINT SERNIN,,PARIS -,75116,75,13 April 2027,,
4606,Spectacles,DOULLY,,PARIS -,75116,75,15 April 2027,,
4607,Concerts,JOHN WILLIAMS - ODYSSÉES SYMPHONIQUES,,PARIS -,75116,75,16 April 2027,,
4608,Spectacles,DOULLY,,PARIS -,75116,75,16 April 2027,,
4609,Concerts,John williams - la celebration hommage,,PARIS -,75116,75,16 April 2027,,
4610,Classique et opera,Sofiane pamart,,PARIS -,75116,75,17 April 2027,,
4611,Concerts,HANS ZIMMER - ODYSSÉES SYMPHONIQUES,,PARIS -,75116,75,17 April 2027,,
4612,Spectacles,DOULLY,,PARIS -,75116,75,17 April 2027,,
4613,Concerts,KEMMLER,,PARIS -,75116,75,17 April 2027,,
4614,Concerts,TINDERSTICKS,,PARIS -,75116,75,18 April 2027,,
4615,Concerts,JUSTE SHANI,,PARIS -,75116,75,21 April 2027,,
4616,Spectacles,DOULLY,,PARIS -,75116,75,22 April 2027,,
4617,Concerts,ZELIE,,PARIS -,75116,75,22 April 2027,,
4618,Concerts,Zelie,,PARIS -,75116,75,22 April 2027,,
4619,Spectacles,DOULLY,,PARIS -,75116,75,23 April 2027,,
4620,Concerts,JOHNNY JANE,,PARIS -,75116,75,23 April 2027,,
4621,Concerts,NOVELISTS,,PARIS -,75116,75,23 April 2027,,
4622,Concerts,ZELIE,,PARIS -,75116,75,23 April 2027,,
4623,Concerts,La Yegros,,PARIS -,75116,75,23 April 2027,,
4624,Concerts,Johnny jane,,PARIS -,75116,75,23 April 2027,,
4625,Concerts,Novelists,,PARIS -,75116,75,23 April 2027,,
4626,Spectacles,DOULLY,,PARIS -,75116,75,24 April 2027,,
4627,Concerts,ISAAC DELUSION,,PARIS -,75116,75,24 April 2027,,
4628,Concerts,ZELIE,,PARIS -,75116,75,24 April 2027,,
4629,Concerts,Isaac delusion,,PARIS -,75116,75,24 April 2027,,
4630,Concerts,FAUDEL,,PARIS -,75116,75,26 April 2027,,
4631,Concerts,THIRTY SECONDS TO MARS,,PARIS -,75116,75,26 April 2027,,
4632,Concerts,Faudel,,PARIS -,75116,75,26 April 2027,,
4633,Humour et one (wo)man show,Dany boon,,PARIS -,75116,75,27 April 2027,,
4634,Spectacles,DANY BOON,,PARIS -,75116,75,27 April 2027,,
4635,Spectacles,DANY BOON,,PARIS -,75116,75,28 April 2027,,
4636,Spectacles,DANY BOON,,PARIS -,75116,75,29 April 2027,,
4637,Concerts,TIF,,PARIS -,75116,75,29 April 2027,,
4638,Concerts,Mélissa Laveaux,,PARIS -,75116,75,29 April 2027,,
4639,Concerts,ESTHER ABRAMI,,PARIS -,75116,75,29 April 2027,,
4640,Spectacles,MATHIEU MADENIAN,,PARIS -,75116,75,30 April 2027,,
4641,Feux d'artifice,FEU D'ARTIFICE DU 1ER MAI,Pelouse de Reuilly 75012 Paris,PARIS 12èME ARRONDISSEMENT,75012,75,01 May 2027,,
4642,Concerts,RUMOURS OF FLEETWOOD MAC,,PARIS -,75116,75,02 May 2027,,
4643,Humour et one (wo)man show,Rodrigue,,PARIS -,75116,75,07 May 2027,,
4644,Concerts,RODRIGUE,,PARIS -,75116,75,07 May 2027,,
4645,Concerts,LA MANO 1.9,,PARIS -,75116,75,07 May 2027,,
4646,Spectacles,JOSE CRUZ,,PARIS -,75116,75,08 May 2027,,
4647,Théatres,Jose cruz,,PARIS -,75116,75,08 May 2027,,
4648,Concerts,GILDAA,,PARIS -,75116,75,13 May 2027,,
4649,Concerts,MEUTE,,PARIS -,75116,75,15 May 2027,,
4650,Humour et one (wo)man show,Melanie akkari,,PARIS -,75116,75,18 May 2027,,
4651,Concerts,YES,,PARIS -,75116,75,20 May 2027,,
4652,Concerts,BENABAR,,PARIS -,75116,75,20 May 2027,,
4653,Concerts,Yes,,PARIS -,75116,75,20 May 2027,,
4654,Concerts,Benabar,,PARIS -,75116,75,20 May 2027,,
4655,Concerts,HUBERT FELIX THIEFAINE,,PARIS -,75116,75,21 May 2027,,
4656,Concerts,LISA PARIENTE,,PARIS -,75116,75,21 May 2027,,
4657,Concerts,Hubert felix thiefaine,,PARIS -,75116,75,21 May 2027,,
4658,Spectacles,MORGAN JAY,,PARIS -,75116,75,22 May 2027,,
4659,Concerts,MARGUERITE,,PARIS -,75116,75,28 May 2027,,
4660,Concerts,SUZANE,,PARIS -,75116,75,29 May 2027,,
4661,Concerts,PRINCESS' LOVER,,PARIS -,75116,75,29 May 2027,,
4662,Concerts,Suzane,,PARIS -,75116,75,29 May 2027,,
4663,Concerts,TAYC,,PARIS -,75116,75,01 June 2027,,
4664,Concerts,TAYC,,PARIS -,75116,75,02 June 2027,,
4665,Concerts,TAYC,,PARIS -,75116,75,03 June 2027,,
4666,Concerts,200 voix pour goldman,,PARIS -,75116,75,05 June 2027,,
4667,Concerts,JOHN VINCENT III,,PARIS -,75116,75,08 June 2027,,
4668,Concerts,John vincent iii,,PARIS -,75116,75,08 June 2027,,
4669,Concerts,MEDINE,,PARIS -,75116,75,11 June 2027,,
4670,Concerts,"Les annees 80, la tournee",,PARIS -,75116,75,12 June 2027,,
4671,Danse,Bonne nouvelle,,PARIS -,75116,75,13 June 2027,,
4672,Concerts,FUN RADIO IBIZA EXPERIENCE,,PARIS -,75116,75,24 June 2027,,
4673,Concerts,Toujours vivant - 500 choristes,,PARIS -,75116,75,27 June 2027,,
4674,Concerts,MARI FROES,,PARIS -,75116,75,18 September 2027,,
4675,Spectacle et comedie musicale,Retour vers le futur,,PARIS -,75116,75,23 September 2027,,
4676,Concerts,I gotta feeling - saison 3,,PARIS -,75116,75,24 September 2027,,
4677,Humour et one (wo)man show,Pablo mira,,PARIS -,75116,75,30 September 2027,,
4678,Concerts,JULIEN CLERC,,PARIS -,75116,75,09 October 2027,,
4679,Concerts,Julien clerc,,PARIS -,75116,75,09 October 2027,,
4680,Concerts,MOSIMANN,,PARIS -,75116,75,16 October 2027,,
4681,Concerts,Mosimann,,PARIS -,75116,75,16 October 2027,,
4682,Humour et one (wo)man show,Mathieu stepson,,PARIS -,75116,75,24 October 2027,,
4683,Spectacles,MATHIEU STEPSON,,PARIS -,75116,75,24 October 2027,,
4684,Concerts,BLAIZ FAYAH,,PARIS -,75116,75,06 November 2027,,
4685,Théatres,JULIEN ROSSIER EST COLUCHE !,,PARIS 15èME ARRONDISSEMENT -,75015,75,08 November 2027,09 November 2027,
4686,Concerts,Laura pausini,,PARIS -,75116,75,14 November 2027,,
4687,Concerts,LAURA PAUSINI,,PARIS -,75116,75,14 November 2027,,
4688,Concerts,HOSHI,,PARIS -,75116,75,18 November 2027,,
4689,Concerts,Hoshi,,PARIS -,75116,75,18 November 2027,,
4690,Spectacle et comedie musicale,"Mousquetaire, une creation du puy du fou",,PARIS -,75116,75,19 November 2027,,
4691,Danse,Pietragalla barbara,,PARIS -,75116,75,22 November 2027,,
4692,Concerts,GAUVAIN SERS,,PARIS -,75116,75,26 November 2027,,
4693,Concerts,AMEL BENT,,PARIS -,75116,75,26 November 2027,,
4694,Concerts,Gauvain sers,,PARIS -,75116,75,26 November 2027,,
4695,Concerts,AMEL BENT,,PARIS -,75116,75,27 November 2027,,
4696,Concerts,AMEL BENT,,PARIS -,75116,75,28 November 2027,,
4697,Spectacle et comedie musicale,Romeo & juliette,,PARIS -,75116,75,03 December 2027,,
4698,Concerts,PATRICK FIORI,,PARIS -,75116,75,09 December 2027,,
4699,Concerts,CHRISTOPHE WILLEM 2027,,PARIS -,75116,75,09 December 2027,,
4700,Concerts,Patrick fiori,,PARIS -,75116,75,09 December 2027,,
4701,Concerts,GAEL FAYE,,PARIS -,75116,75,10 December 2027,,
4702,Loisirs et tourisme,Billet jumele:pantheon+basilique stdenis,,PARIS -,75116,75,31 December 2027,,
4703,Loisirs et tourisme,Chapelle expiatoire,,PARIS -,75116,75,31 December 2027,,
4704,Loisirs et tourisme,Déjeuner du lundi au samedi - bus toqué,,PARIS -,75116,75,31 December 2027,,
4705,Loisirs et tourisme,Déjeuner dimanche - bus toqué,,PARIS -,75116,75,31 December 2027,,
4706,Loisirs et tourisme,Diner paris by night - bus toqué,,PARIS -,75116,75,31 December 2027,,
4707,Loisirs et tourisme,Necropole royale,,PARIS -,75116,75,31 December 2027,,
4708,Loisirs et tourisme,Necropole royale + fabrique de la fleche,,PARIS -,75116,75,31 December 2027,,
4709,Loisirs et tourisme,Balade grand paris,,PARIS -,75116,75,31 December 2027,,
4710,Loisirs et tourisme,Balade guidée,,PARIS -,75116,75,31 December 2027,,
4711,Loisirs et tourisme,Balade insolite,,PARIS -,75116,75,31 December 2027,,
4712,Loisirs et tourisme,Balade rive gauche,,PARIS -,75116,75,31 December 2027,,
4713,Loisirs et tourisme,Balade vip,,PARIS -,75116,75,31 December 2027,,
4714,Loisirs et tourisme,Ballon generali de paris,,PARIS -,75116,75,31 December 2027,,
4715,Parc,Pass jardin liberte - non date 2026,,PARIS -,75116,75,31 December 2027,,
4716,Concerts,FAVE,,PARIS -,75116,75,06 January 2028,,
4717,Concerts,Favé,,PARIS -,75116,75,06 January 2028,,
4718,Concerts,GOLDMEN - CONCERT BEST OF GOLDMAN,,PARIS -,75116,75,14 January 2028,,
4719,Concerts,Goldmen - concert best of goldman,,PARIS -,75116,75,14 January 2028,,
4720,Concerts,ERA,,PARIS -,75116,75,04 March 2028,,
4721,Concerts,Era,,PARIS -,75116,75,04 March 2028,,
4722,Spectacles,PIAF! LE SPECTACLE,,PARIS -,75116,75,26 March 2028,,
4723,Concerts,MANIF TEST,,PARIS -,75116,75,01 January 2030,,
4724,Concerts,TEST SITE ASSIS,,PARIS -,75116,75,01 January 2040,,
4725,Expositions,La plus grande exposition de fleurs,Paris - 75000,PARIS,75116,75,31 December 2095,,
